"BehaviorSpace results (NetLogo 7.0.3)","Table version 2.0"
"C:\Users\user\AppData\Local\Temp\deference_bandit_exp0\experiment_0_bandit_base.nlogox"
"experiment-0-bandit-main-final"
"08/01/2026 08:59:56:478 +0200"
"min-pxcor","max-pxcor","min-pycor","max-pycor"
"-16","16","-16","16"
"[run number]","run-seed","world-mode","peer-sharing?","[step]","actual-seed","hidden-world","ticks","expert-total-pulls","total-lay-pulls","expert-truth-mass-at-25","expert-recommendation-score-at-25","expert-informative-observations-at-25","mean-lay-truth-mass-at-25","mean-lay-recommendation-score-at-25","mean-lay-informative-observations-at-25","mean-lay-archive-size-at-25","mean-lay-posterior-truth-mass","cumulative-lay-correct-choice-rate","mean-lay-cumulative-regret","mean-lay-realized-payoff","mean-lay-b-pulls","mean-lay-informative-observations","final-window-wrong-choice-rate","finite-horizon-error-persistence-rate","run-finite-horizon-persistent-error?","expert-posterior-truth-mass","expert-recommendation-accuracy","expert-thompson-correct-rate","expert-cumulative-regret","expert-b-pull-rate","lay-a-reward-rate","lay-b-reward-rate","expert-a-reward-rate","expert-b-reward-rate","mean-peer-messages-received","mean-unique-evidence-count","duplicate-message-count","maximum-belief-identity-error","maximum-regret-identity-error","network-structure-valid?","message-accounting-valid?","evidence-provenance-valid?"
"1","310001","B-good","true","500","310001","B-good","500","125","5000","0.8814994686598715","1","62","0.6476607262459142","0.75","45.6","75","0.9999992043505692","0.9144","2.140000000000001","0.5384","457.2","1369.6","0","0","false","0.8814994686598715","1","0.496","3.1499999999999977","0.496","0.5163551401869159","0.5404636920384952","0.5079365079365079","0.5806451612903226","998","1498","0","6.039613253960852E-14","1.0658141036401503E-14","true","true","true"
"2","310002","B-good","true","500","310002","B-good","500","125","5000","0.9612361174447144","1","78","0.9211563292584991","1","54.3","75","0.9999999953293808","0.9082","2.294999999999998","0.544","454.1","1360.3","0","0","false","0.9612361174447144","1","0.624","2.3500000000000005","0.624","0.49019607843137253","0.5494384496806871","0.574468085106383","0.6025641025641025","998","1498","0","8.526512829121202E-14","2.5757174171303632E-14","true","true","true"
"3","310003","B-good","true","500","310003","B-good","500","125","5000","0.9783898101507787","1","97","0.5825660810712302","0.5","34.5","75","0.9999962071720068","0.8702","3.244999999999996","0.5404","435.1","1303.3","0","0","false","0.9783898101507787","1","0.776","1.4000000000000012","0.776","0.4915254237288136","0.5476901861641003","0.4642857142857143","0.5979381443298969","998","1498","0","7.105427357601002E-14","2.6645352591003757E-14","true","true","true"
"4","310004","B-good","true","500","310004","B-good","500","125","5000","0.9934177025814358","1","113","0.5437501068052406","0.55","43.2","75","0.9999999998645628","0.9486","1.2850000000000008","0.547","474.3","1420.9","0","0","false","0.9934177025814358","1","0.904","0.6000000000000005","0.904","0.44357976653696496","0.5526038372338182","0.6666666666666666","0.6106194690265486","998","1498","0","9.947598300641403E-14","1.3322676295501878E-15","true","true","true"
"7","310007","B-good","true","500","310007","B-good","500","125","5000","0.4009900990099009","0","74","0.7496356756409674","1","45.9","75","0.9999999999996293","0.9446","1.3849999999999993","0.5554","472.3","1414.9","0","0","false","0.4009900990099009","0","0.592","2.55","0.592","0.4729241877256318","0.5602371374126615","0.49019607843137253","0.4864864864864865","998","1498","0","9.947598300641403E-14","8.881784197001252E-15","true","true","true"
"8","310008","B-good","true","500","310008","B-good","500","125","5000","0.6905480615036318","1","84","0.6351245486146222","0.8","34.5","75","0.9999999998332886","0.9502","1.245000000000001","0.5478","475.1","1423.3","0","0","false","0.6905480615036318","1","0.672","2.0500000000000016","0.672","0.5060240963855421","0.5499894758998106","0.5609756097560976","0.5238095238095238","998","1498","0","8.526512829121202E-14","8.881784197001252E-16","true","true","true"
"5","310005","B-good","true","500","310005","B-good","500","125","5000","0.9680589764391282","1","107","0.5764553474133962","0.6","34.8","75","0.9999999998945583","0.9354","1.614999999999999","0.5576","467.7","1401.1","0","0","false","0.9680589764391282","1","0.856","0.9000000000000008","0.856","0.4582043343653251","0.5644644002565747","0.4444444444444444","0.5794392523364486","998","1498","0","1.2079226507921703E-13","2.042810365310288E-14","true","true","true"
"6","310006","B-good","true","500","310006","B-good","500","125","5000","0.7317174011812813","1","91","0.6371513635952938","0.85","40.2","75","0.999999999996418","0.9658","0.8550000000000006","0.5506","482.9","1446.7","0","0","false","0.7317174011812813","1","0.728","1.7000000000000015","0.728","0.4502923976608187","0.5541519983433423","0.5","0.5274725274725275","998","1498","0","8.526512829121202E-14","0","true","true","true"
"9","310009","B-good","true","500","310009","B-good","500","125","5000","0.2682825988187187","0","45","0.6970122813970782","0.75","47.1","75","0.9999999999990903","0.9496","1.2599999999999998","0.5498","474.8","1422.4","0","0","false","0.2682825988187187","0","0.36","3.9999999999999947","0.36","0.4642857142857143","0.5543386689132266","0.4875","0.4444444444444444","998","1498","0","8.526512829121202E-14","1.0658141036401503E-14","true","true","true"
"10","310010","B-good","true","500","310010","B-good","500","125","5000","0.5","0.5","68","0.788096178446692","0.9","48.3","75","0.9999999999976039","0.9716","0.7100000000000004","0.5536","485.8","1455.4","0","0","false","0.5","0.5","0.544","2.8499999999999988","0.544","0.49295774647887325","0.5553725813091808","0.45614035087719296","0.5","998","1498","0","9.947598300641403E-14","3.552713678800501E-15","true","true","true"
"11","310011","B-good","true","500","310011","B-good","500","125","5000","0.8588821376227943","1","71","0.6436016818261211","0.6","43.8","75","0.999999999999998","0.962","0.9500000000000011","0.5594","481","1441","0","0","false","0.8588821376227943","1","0.568","2.6999999999999993","0.568","0.4842105263157895","0.5623700623700624","0.42592592592592593","0.5633802816901409","998","1498","0","9.237055564881302E-14","3.1086244689504383E-15","true","true","true"
"12","310012","B-good","true","500","310012","B-good","500","125","5000","0.2682825988187187","0","39","0.809555289752498","1","39.9","75","0.9999999320224633","0.944","1.4","0.5434","472","1414","0","0","false","0.2682825988187187","0","0.312","4.299999999999994","0.312","0.5071428571428571","0.5455508474576272","0.4186046511627907","0.4358974358974359","998","1498","0","8.526512829121202E-14","1.2434497875801753E-14","true","true","true"
"13","310013","B-good","true","500","310013","B-good","500","125","5000","0.9009100727155935","1","81","0.5955938894413964","0.7","39.3","75","0.9999999999721197","0.9528","1.180000000000001","0.5518","476.4","1427.2","0","0","false","0.9009100727155935","1","0.648","2.200000000000001","0.648","0.5084745762711864","0.5539462636439967","0.5","0.5679012345679012","998","1498","0","8.526512829121202E-14","8.881784197001252E-16","true","true","true"
"14","310014","B-good","true","500","310014","B-good","500","125","5000","0.9880470865159074","1","106","0.4535489957914298","0.45","37.2","75","0.9999993438782224","0.8426","3.935000000000001","0.5396","421.3","1261.9","0","0","false","0.9880470865159074","1","0.848","0.9500000000000008","0.848","0.5031766200762389","0.5464039876572514","0.631578947368421","0.6037735849056604","998","1498","0","9.947598300641403E-14","3.019806626980426E-14","true","true","true"
"15","310015","B-good","true","500","310015","B-good","500","125","5000","0.9880470865159074","1","108","0.9127787464356849","1","51.9","75","0.9999999999992595","0.9766","0.5850000000000005","0.5576","488.3","1462.9","0","0","false","0.9880470865159074","1","0.864","0.8500000000000008","0.864","0.5811965811965812","0.557034609870981","0.47058823529411764","0.6018518518518519","998","1498","0","1.0658141036401503E-13","0","true","true","true"
"16","310016","B-good","true","500","310016","B-good","500","125","5000","0.9431811237123936","1","86","0.5542626367468589","0.6","40.2","75","0.9999999203064694","0.9482","1.2950000000000004","0.5524","474.1","1420.3","0","0","false","0.9431811237123936","1","0.688","1.9500000000000017","0.688","0.5096525096525096","0.5547352879139422","0.6410256410256411","0.5813953488372093","998","1498","0","9.947598300641403E-14","5.329070518200751E-15","true","true","true"
"18","310018","B-good","true","500","310018","B-good","500","125","5000","0.832766961303352","1","84","0.7094890458750699","0.8","43.8","75","0.999999999212613","0.9116","2.210000000000003","0.5526","455.8","1365.4","0","0","false","0.832766961303352","1","0.672","2.0500000000000016","0.672","0.48642533936651583","0.5590171127687582","0.4634146341463415","0.5476190476190477","998","1498","0","9.237055564881302E-14","1.5987211554602254E-14","true","true","true"
"19","310019","B-good","true","500","310019","B-good","500","125","5000","0.9783898101507787","1","113","0.8229594829755053","1","53.1","75","0.9999999999997119","0.974","0.6500000000000005","0.5542","487","1459","0","0","false","0.9783898101507787","1","0.904","0.6000000000000005","0.904","0.5538461538461539","0.5542094455852156","0.75","0.584070796460177","998","1498","0","8.526512829121202E-14","0","true","true","true"
"17","310017","B-good","true","500","310017","B-good","500","125","5000","0.3094519384963682","0","30","0.5789978260630059","0.7","55.2","75","0.9999999999676437","0.9698","0.7550000000000007","0.5522","484.9","1452.7","0","0","false","0.3094519384963682","0","0.24","4.749999999999992","0.24","0.5231788079470199","0.5531037327283976","0.5052631578947369","0.43333333333333335","998","1498","0","8.526512829121202E-14","1.2434497875801753E-14","true","true","true"
"20","310020","B-good","true","500","310020","B-good","500","125","5000","0.23076011223611606","0","32","0.6680925134895686","0.75","49.5","75","0.9999999956999494","0.9392","1.5200000000000007","0.5444","469.6","1406.8","0","0","false","0.23076011223611606","0","0.256","4.649999999999992","0.256","0.5361842105263158","0.544931856899489","0.5161290322580645","0.40625","998","1498","0","7.815970093361102E-14","1.1546319456101628E-14","true","true","true"
"21","310021","B-good","true","500","310021","B-good","500","125","5000","0.11850053134012864","0","30","0.8604637691452529","1","48","75","0.9999999999999953","0.977","0.5750000000000005","0.556","488.5","1463.5","0","0","false","0.11850053134012864","0","0.24","4.749999999999992","0.24","0.4782608695652174","0.5578300921187308","0.4842105263157895","0.3333333333333333","998","1498","0","8.526512829121202E-14","1.2434497875801753E-14","true","true","true"
"23","310023","B-good","true","500","310023","B-good","500","125","5000","0.353883495145631","0","87","0.6148533740364713","0.55","40.2","75","0.9999996339822618","0.9174","2.064999999999999","0.5404","458.7","1374.1","0","0","false","0.353883495145631","0","0.696","1.9000000000000017","0.696","0.5351089588377724","0.540876389797253","0.5","0.4827586206896552","998","1498","0","6.394884621840902E-14","1.865174681370263E-14","true","true","true"
"22","310022","B-good","true","500","310022","B-good","500","125","5000","0.9946080309222399","1","116","0.621934624128902","0.6","41.4","75","0.9999999564665559","0.9144","2.1399999999999997","0.5464","457.2","1369.6","0","0","false","0.9946080309222399","1","0.928","0.4500000000000004","0.928","0.49065420560747663","0.5516185476815398","0.3333333333333333","0.6120689655172413","998","1498","0","7.105427357601002E-14","1.0658141036401503E-14","true","true","true"
"24","310024","B-good","true","500","310024","B-good","500","125","5000","0.9680589764391282","1","85","0.7108892911004168","0.8","46.8","75","0.9999999999981183","0.9636","0.9100000000000004","0.553","481.8","1443.4","0","0","false","0.9680589764391282","1","0.68","2.0000000000000018","0.68","0.5164835164835165","0.5543794105437941","0.55","0.6","998","1498","0","9.237055564881302E-14","4.440892098500626E-15","true","true","true"
"25","310025","B-good","true","500","310025","B-good","500","125","5000","0.9980162717648575","1","103","0.6663278059172436","0.7","48.3","75","0.999995556605158","0.909","2.275000000000003","0.545","454.5","1361.5","0","0","false","0.9980162717648575","1","0.824","1.100000000000001","0.824","0.5142857142857142","0.5480748074807481","0.4090909090909091","0.6504854368932039","998","1498","0","8.526512829121202E-14","2.8421709430404007E-14","true","true","true"
"26","310026","B-good","true","500","310026","B-good","500","125","5000","0.9991100672591223","1","99","0.5470247698972699","0.55","39.6","75","0.999999408058831","0.9346","1.635000000000001","0.5478","467.3","1399.9","0","0","false","0.9991100672591223","1","0.792","1.3000000000000012","0.792","0.5382262996941896","0.5484699336614595","0.5","0.6767676767676768","998","1498","0","8.526512829121202E-14","3.552713678800501E-15","true","true","true"
"27","310027","B-good","true","500","310027","B-good","500","125","5000","0.3094519384963682","0","40","0.7457513228198622","0.8","48.9","75","0.9999999999999687","0.9568","1.0800000000000003","0.5562","478.4","1433.2","0","0","false","0.3094519384963682","0","0.32","4.249999999999994","0.32","0.47685185185185186","0.5597826086956522","0.43529411764705883","0.45","998","1498","0","8.526512829121202E-14","9.769962616701378E-15","true","true","true"
"28","310028","B-good","true","500","310028","B-good","500","125","5000","0.5","0.5","80","0.51868429861926","0.5","37.8","75","0.9999999997256198","0.9006","2.484999999999997","0.5404","450.3","1348.9","0","0","false","0.5","0.5","0.64","2.250000000000001","0.64","0.49295774647887325","0.5456362425049966","0.5333333333333333","0.5","998","1498","0","6.394884621840902E-14","2.042810365310288E-14","true","true","true"
"29","310029","B-good","true","500","310029","B-good","500","125","5000","0.832766961303352","1","90","0.5722191484637869","0.65","47.1","75","0.999999999999692","0.954","1.1500000000000008","0.5506","477","1429","0","0","false","0.832766961303352","1","0.72","1.7500000000000016","0.72","0.4652173913043478","0.5547169811320755","0.6857142857142857","0.5444444444444444","998","1498","0","7.815970093361102E-14","8.881784197001252E-16","true","true","true"
"30","310030","B-good","true","500","310030","B-good","500","125","5000","0.44999999999999996","0","49","0.733910265372773","0.75","46.8","75","0.9999999999990388","0.9514","1.2150000000000005","0.555","475.7","1425.1","0","0","false","0.44999999999999996","0","0.392","3.7999999999999954","0.392","0.51440329218107","0.5570737859995796","0.40789473684210525","0.4897959183673469","998","1498","0","9.947598300641403E-14","7.993605777301127E-15","true","true","true"
"31","310031","B-good","true","500","310031","B-good","500","125","5000","0.55","1","37","0.5495271345559108","0.5","36.6","75","0.9999997752160207","0.849","3.774999999999995","0.536","424.5","1271.5","0","0","false","0.55","1","0.296","4.399999999999993","0.296","0.495364238410596","0.5432273262661955","0.5113636363636364","0.5135135135135135","998","1498","0","6.394884621840902E-14","2.398081733190338E-14","true","true","true"
"32","310032","B-good","true","500","310032","B-good","500","125","5000","0.9934177025814358","1","111","0.5822730366974674","0.6","35.4","75","0.9999978862227421","0.8446","3.8850000000000007","0.5406","422.3","1264.9","0","0","false","0.9934177025814358","1","0.888","0.7000000000000006","0.888","0.4877734877734878","0.5503196779540611","0.5","0.6126126126126126","998","1498","0","9.237055564881302E-14","1.9539925233402755E-14","true","true","true"
"33","310033","B-good","true","500","310033","B-good","500","125","5000","0.9530265597482369","1","101","0.8782274260942549","1","52.2","75","0.9999999999999283","0.983","0.4250000000000004","0.5572","491.5","1472.5","0","0","false","0.9530265597482369","1","0.808","1.200000000000001","0.808","0.3764705882352941","0.5603255340793489","0.7083333333333334","0.5742574257425742","998","1498","0","9.237055564881302E-14","0","true","true","true"
"35","310035","B-good","true","500","310035","B-good","500","125","5000","0.832766961303352","1","78","0.3646350663329553","0.1","34.8","75","0.9999999999862064","0.943","1.425000000000001","0.5496","471.5","1412.5","0","0","false","0.832766961303352","1","0.624","2.3500000000000005","0.624","0.48771929824561405","0.5533404029692471","0.44680851063829785","0.5512820512820513","998","1498","0","8.526512829121202E-14","5.329070518200751E-15","true","true","true"
"34","310034","B-good","true","500","310034","B-good","500","125","5000","0.9783898101507787","1","111","0.8716493137866449","0.9","54.6","75","0.9999999973743197","0.9734","0.6650000000000003","0.5486","486.7","1458.1","0","0","false","0.9783898101507787","1","0.888","0.7000000000000006","0.888","0.5864661654135338","0.547565235257859","0.5","0.5855855855855856","998","1498","0","7.815970093361102E-14","3.552713678800501E-15","true","true","true"
"36","310036","B-good","true","500","310036","B-good","500","125","5000","0.353883495145631","0","37","0.7593574969882224","0.75","46.8","75","0.9999999999844009","0.9456","1.36","0.5458","472.8","1416.4","0","0","false","0.353883495145631","0","0.296","4.399999999999993","0.296","0.48161764705882354","0.549492385786802","0.5227272727272727","0.4594594594594595","998","1498","0","7.105427357601002E-14","1.0658141036401503E-14","true","true","true"
"37","310037","B-good","true","500","310037","B-good","500","125","5000","0.5","0.5","56","0.39902583119252616","0.35","30.6","75","0.9999999999991582","0.922","1.9500000000000004","0.5568","461","1381","0","0","false","0.5","0.5","0.448","3.4499999999999966","0.448","0.5076923076923077","0.5609544468546638","0.5652173913043478","0.5","998","1498","0","9.237055564881302E-14","6.661338147750939E-15","true","true","true"
"38","310038","B-good","true","500","310038","B-good","500","125","5000","0.8029278364278081","1","53","0.7352270607451844","0.8","48.3","75","0.999999999978446","0.9614","0.9650000000000007","0.5442","480.7","1440.1","0","0","false","0.8029278364278081","1","0.424","3.599999999999996","0.424","0.5077720207253886","0.5456625754108592","0.4444444444444444","0.5660377358490566","998","1498","0","7.105427357601002E-14","7.105427357601002E-15","true","true","true"
"39","310039","B-good","true","500","310039","B-good","500","125","5000","0.9174389747697416","1","84","0.7214169893620075","0.8","46.5","75","0.999999999999822","0.9626","0.9350000000000008","0.558","481.3","1441.9","0","0","false","0.9174389747697416","1","0.672","2.0500000000000016","0.672","0.5080213903743316","0.5599418242260544","0.5121951219512195","0.5714285714285714","998","1498","0","9.237055564881302E-14","0","true","true","true"
"40","310040","B-good","true","500","310040","B-good","500","125","5000","0.06857938137677946","0","37","0.782742552146112","0.9","45.9","75","0.9999999993438813","0.9682","0.7950000000000006","0.5502","484.1","1450.3","0","0","false","0.06857938137677946","0","0.296","4.399999999999993","0.296","0.5345911949685535","0.5507126626730015","0.45454545454545453","0.32432432432432434","998","1498","0","8.526512829121202E-14","1.0658141036401503E-14","true","true","true"
"41","310041","B-good","true","500","310041","B-good","500","125","5000","0.6905480615036318","1","82","0.6137861193387926","0.7","35.7","75","0.9999999999186656","0.931","1.7249999999999992","0.5436","465.5","1394.5","0","0","false","0.6905480615036318","1","0.656","2.1500000000000012","0.656","0.4927536231884058","0.5473684210526316","0.4186046511627907","0.524390243902439","998","1498","0","6.039613253960852E-14","2.220446049250313E-14","true","true","true"
"42","310042","B-good","true","500","310042","B-good","500","125","5000","0.6905480615036318","1","70","0.7204483722586402","0.95","43.2","75","0.9999999911561985","0.9658","0.8550000000000008","0.5404","482.9","1446.7","0","0","false","0.6905480615036318","1","0.56","2.749999999999999","0.56","0.43859649122807015","0.5440049699730793","0.5636363636363636","0.5285714285714286","998","1498","0","7.105427357601002E-14","3.552713678800501E-15","true","true","true"
"43","310043","B-good","true","500","310043","B-good","500","125","5000","0.9737137791228572","1","116","0.8269453377194255","1","45.9","75","0.9999999999938097","0.9572","1.0700000000000007","0.55","478.6","1433.8","0","0","false","0.9737137791228572","1","0.928","0.4500000000000004","0.928","0.5","0.5522356874216464","0.4444444444444444","0.5775862068965517","998","1498","0","8.526512829121202E-14","0","true","true","true"
"44","310044","B-good","true","500","310044","B-good","500","125","5000","0.3094519384963682","0","36","0.7647252684753104","1","48.6","75","0.9999999999910832","0.9746","0.6350000000000006","0.549","487.3","1459.9","0","0","false","0.3094519384963682","0","0.288","4.449999999999993","0.288","0.4330708661417323","0.5520213420890622","0.4157303370786517","0.4444444444444444","998","1498","0","8.526512829121202E-14","1.0658141036401503E-14","true","true","true"
"45","310045","B-good","true","500","310045","B-good","500","125","5000","0.9314206186232206","1","71","0.4876876617090485","0.5","35.1","75","0.9999999341227956","0.9424","1.4400000000000006","0.551","471.2","1411.6","0","0","false","0.9314206186232206","1","0.568","2.6999999999999993","0.568","0.5","0.5541171477079796","0.5370370370370371","0.5915492957746479","998","1498","0","9.237055564881302E-14","5.329070518200751E-15","true","true","true"
"46","310046","B-good","true","500","310046","B-good","500","125","5000","0.9737137791228572","1","82","0.5831850433314638","0.8","43.2","75","0.9999999999521167","0.847","3.824999999999995","0.5534","423.5","1268.5","0","0","false","0.9737137791228572","1","0.656","2.1500000000000012","0.656","0.5032679738562091","0.5624557260920897","0.3953488372093023","0.6097560975609756","998","1498","0","1.0658141036401503E-13","1.9539925233402755E-14","true","true","true"
"47","310047","B-good","true","500","310047","B-good","500","125","5000","0.9854295854981023","1","111","0.7226561900899038","0.8","40.2","75","0.9999999980355456","0.9234","1.9149999999999985","0.547","461.7","1383.1","0","0","false","0.9854295854981023","1","0.888","0.7000000000000006","0.888","0.48825065274151436","0.5518735109378384","0.35714285714285715","0.5945945945945946","998","1498","0","9.947598300641403E-14","1.1546319456101628E-14","true","true","true"
"48","310048","B-good","true","500","310048","B-good","500","125","5000","0.353883495145631","0","31","0.6158572918751687","0.6","38.7","75","0.9999980218797715","0.8854","2.864999999999996","0.5392","442.7","1326.1","0.002","0","false","0.353883495145631","0","0.248","4.699999999999992","0.248","0.4851657940663176","0.5461938107070251","0.46808510638297873","0.45161290322580644","998","1498","0","6.394884621840902E-14","1.5987211554602254E-14","true","true","true"
"49","310049","B-good","true","500","310049","B-good","500","125","5000","0.5990099009900991","1","64","0.4845052834823281","0.4","32.7","75","0.9999992655999129","0.8856","2.8599999999999968","0.5512","442.8","1326.4","0","0","false","0.5990099009900991","1","0.512","3.049999999999998","0.512","0.5314685314685315","0.5537488708220416","0.39344262295081966","0.515625","998","1498","0","7.815970093361102E-14","2.220446049250313E-14","true","true","true"
"50","310050","B-good","true","500","310050","B-good","500","125","5000","0.55","1","69","0.6380107654224705","0.8","43.8","75","0.9999999257966445","0.9156","2.11","0.5426","457.8","1371.4","0","0","false","0.55","1","0.552","2.799999999999999","0.552","0.5308056872037915","0.5436871996505024","0.48214285714285715","0.5072463768115942","998","1498","0","8.526512829121202E-14","1.7763568394002505E-14","true","true","true"
"51","310051","B-good","true","500","310051","B-good","500","125","5000","0.9994040845868052","1","109","0.7116937794143452","0.8","47.1","75","0.9999999992056072","0.9548","1.1300000000000008","0.5468","477.4","1430.2","0","0","false","0.9994040845868052","1","0.872","0.8000000000000007","0.872","0.504424778761062","0.5488060326770005","0.375","0.6697247706422018","998","1498","0","6.394884621840902E-14","1.7763568394002505E-15","true","true","true"
"52","310052","B-good","true","500","310052","B-good","500","125","5000","0.4009900990099009","0","44","0.64906310482629","0.8","40.8","75","0.9998939494244992","0.8044","4.890000000000019","0.5424","402.2","1204.6","0","0","false","0.4009900990099009","0","0.352","4.0499999999999945","0.352","0.5071574642126789","0.5509696668324217","0.49382716049382713","0.4772727272727273","998","1498","0","9.237055564881302E-14","9.947598300641403E-14","true","true","true"
"53","310053","B-good","true","500","310053","B-good","500","125","5000","0.3094519384963682","0","40","0.8351910575557483","0.8","54.9","75","0.9999999993899445","0.9662","0.8450000000000001","0.5452","483.1","1447.3","0","0","false","0.3094519384963682","0","0.32","4.249999999999994","0.32","0.5325443786982249","0.5456427240736907","0.5411764705882353","0.45","998","1498","0","7.105427357601002E-14","9.769962616701378E-15","true","true","true"
"54","310054","B-good","true","500","310054","B-good","500","125","5000","0.9955840597339484","1","103","0.4761088251975732","0.4","39.6","75","0.999999979751343","0.901","2.474999999999999","0.5402","450.5","1349.5","0","0","false","0.9955840597339484","1","0.824","1.100000000000001","0.824","0.49292929292929294","0.5453940066592675","0.5454545454545454","0.6310679611650486","998","1498","0","6.394884621840902E-14","1.2434497875801753E-14","true","true","true"
"55","310055","B-good","true","500","310055","B-good","500","125","5000","0.646116504854369","1","59","0.9100650852345538","1","55.2","75","0.9999999999981523","0.9824","0.4400000000000005","0.5496","491.2","1471.6","0","0","false","0.646116504854369","1","0.472","3.299999999999997","0.472","0.48863636363636365","0.5506921824104235","0.4393939393939394","0.5254237288135594","998","1498","0","7.815970093361102E-14","5.773159728050814E-15","true","true","true"
"56","310056","B-good","true","500","310056","B-good","500","125","5000","0.8588821376227943","1","75","0.7443885996941064","0.85","47.4","75","0.9999999999827205","0.9548","1.130000000000001","0.5472","477.4","1430.2","0","0","false","0.8588821376227943","1","0.6","2.5","0.6","0.47345132743362833","0.5506912442396313","0.44","0.56","998","1498","0","7.815970093361102E-14","2.220446049250313E-15","true","true","true"
"57","310057","B-good","true","500","310057","B-good","500","125","5000","0.167233038696648","0","46","0.8252051063135646","0.95","55.8","75","0.999999999999089","0.9746","0.6350000000000006","0.5582","487.3","1459.9","0","0","false","0.167233038696648","0","0.368","3.949999999999995","0.368","0.5984251968503937","0.5571516519597783","0.6075949367088608","0.41304347826086957","998","1498","0","9.237055564881302E-14","8.881784197001252E-15","true","true","true"
"58","310058","B-good","true","500","310058","B-good","500","125","5000","0.2682825988187187","0","75","0.6550140633870465","0.6","45","75","0.9999998171995415","0.9122","2.194999999999999","0.5436","456.1","1366.3","0","0","false","0.2682825988187187","0","0.6","2.5","0.6","0.5261958997722096","0.5452751589563692","0.62","0.4666666666666667","998","1498","0","9.237055564881302E-14","1.2434497875801753E-14","true","true","true"
"59","310059","B-good","true","500","310059","B-good","500","125","5000","0.4009900990099009","0","38","0.37855086580700165","0.2","33.9","75","0.9999999960544305","0.8466","3.834999999999995","0.5424","423.3","1267.9","0","0","false","0.4009900990099009","0","0.304","4.349999999999993","0.304","0.49022164276401564","0.5518544767304512","0.4367816091954023","0.47368421052631576","998","1498","0","6.394884621840902E-14","1.3322676295501878E-14","true","true","true"
"60","310060","B-good","true","500","310060","B-good","500","125","5000","0.44999999999999996","0","59","0.7287746200045254","1","45.6","75","0.9999999804552797","0.9154","2.1149999999999984","0.5494","457.7","1371.1","0","0","false","0.44999999999999996","0","0.472","3.299999999999997","0.472","0.5035460992907801","0.553637753987328","0.5303030303030303","0.4915254237288136","998","1498","0","8.526512829121202E-14","1.5987211554602254E-14","true","true","true"
"61","310061","B-good","true","500","310061","B-good","500","125","5000","0.8814994686598715","1","94","0.6479563324040257","0.65","44.7","75","0.9999999640953879","0.892","2.699999999999997","0.5428","446","1336","0","0","false","0.8814994686598715","1","0.752","1.5500000000000014","0.752","0.49444444444444446","0.5486547085201794","0.5161290322580645","0.5531914893617021","998","1498","0","7.815970093361102E-14","1.7763568394002505E-14","true","true","true"
"62","310062","B-good","true","500","310062","B-good","500","125","5000","0.9530265597482369","1","101","0.5062947802661186","0.5","34.2","75","0.9999999999818133","0.912","2.1999999999999997","0.549","456","1366","0","0","false","0.9530265597482369","1","0.808","1.200000000000001","0.808","0.49772727272727274","0.5539473684210526","0.7083333333333334","0.5742574257425742","998","1498","0","7.815970093361102E-14","1.4210854715202004E-14","true","true","true"
"63","310063","B-good","true","500","310063","B-good","500","125","5000","0.9174389747697416","1","90","0.7825135361502676","1","42.6","75","0.999998918814506","0.971","0.7250000000000006","0.54","485.5","1454.5","0","0","false","0.9174389747697416","1","0.72","1.7500000000000016","0.72","0.46206896551724136","0.5423274974253347","0.5142857142857142","0.5666666666666667","998","1498","0","8.526512829121202E-14","0","true","true","true"
"64","310064","B-good","true","500","310064","B-good","500","125","5000","0.353883495145631","0","71","0.5499911468280008","0.55","31.5","75","0.9999999997470177","0.92","1.9999999999999987","0.5516","460","1378","0","0","false","0.353883495145631","0","0.568","2.6999999999999993","0.568","0.4925","0.5567391304347826","0.5555555555555556","0.4788732394366197","998","1498","0","7.815970093361102E-14","1.4210854715202004E-14","true","true","true"
"65","310065","B-good","true","500","310065","B-good","500","125","5000","0.8814994686598715","1","84","0.5588417973793528","0.6","42.6","75","0.9999999998132727","0.9418","1.455","0.5434","470.9","1410.7","0","0","false","0.8814994686598715","1","0.672","2.0500000000000016","0.672","0.4879725085910653","0.5468252282862603","0.43902439024390244","0.5595238095238095","998","1498","0","6.394884621840902E-14","8.881784197001252E-15","true","true","true"
"66","310066","B-good","true","500","310066","B-good","500","125","5000","0.8029278364278081","1","79","0.490778110020028","0.55","34.5","75","0.9999999999998759","0.9358","1.6050000000000015","0.56","467.9","1401.7","0","0","false","0.8029278364278081","1","0.632","2.3000000000000007","0.632","0.5420560747663551","0.561231032271853","0.5652173913043478","0.5443037974683544","998","1498","0","9.237055564881302E-14","1.3322676295501878E-15","true","true","true"
"67","310067","B-good","true","500","310067","B-good","500","125","5000","0.167233038696648","0","46","0.5915024352312608","0.6","43.8","75","0.9999999977861623","0.9464","1.34","0.5454","473.2","1417.6","0","0","false","0.167233038696648","0","0.368","3.949999999999995","0.368","0.5","0.547971259509721","0.43037974683544306","0.41304347826086957","998","1498","0","8.526512829121202E-14","8.881784197001252E-15","true","true","true"
"68","310068","B-good","true","500","310068","B-good","500","125","5000","0.9680589764391282","1","99","0.5025202394602827","0.45","36.9","75","0.9999999926551741","0.955","1.125000000000001","0.5466","477.5","1430.5","0","0","false","0.9680589764391282","1","0.792","1.3000000000000012","0.792","0.5066666666666667","0.5484816753926701","0.6538461538461539","0.5858585858585859","998","1498","0","7.815970093361102E-14","1.7763568394002505E-15","true","true","true"
"69","310069","B-good","true","500","310069","B-good","500","125","5000","0.5990099009900991","1","64","0.38267257710694774","0.4","30.9","75","0.9999998016365289","0.8676","3.3099999999999965","0.532","433.8","1299.4","0","0","false","0.5990099009900991","1","0.512","3.049999999999998","0.512","0.47583081570996977","0.5405716920239741","0.4262295081967213","0.515625","998","1498","0","5.6843418860808015E-14","1.509903313490213E-14","true","true","true"
"70","310070","B-good","true","500","310070","B-good","500","125","5000","0.9955840597339484","1","107","0.7510154472581223","0.8","45.3","75","0.9999999999991092","0.9578","1.0550000000000002","0.5454","478.9","1434.7","0","0","false","0.9955840597339484","1","0.856","0.9000000000000008","0.856","0.4312796208530806","0.550428064314053","0.3333333333333333","0.6261682242990654","998","1498","0","7.105427357601002E-14","7.993605777301127E-15","true","true","true"
"71","310071","B-good","true","500","310071","B-good","500","125","5000","0.167233038696648","0","46","0.7742646543913987","0.9","49.5","75","0.9999998018685845","0.9268","1.8299999999999976","0.54","463.4","1388.2","0","0","false","0.167233038696648","0","0.368","3.949999999999995","0.368","0.505464480874317","0.5427276650841606","0.5316455696202531","0.41304347826086957","998","1498","0","7.105427357601002E-14","2.5757174171303632E-14","true","true","true"
"72","310072","B-good","true","500","310072","B-good","500","125","5000","0.7692398877638839","1","70","0.818550240106449","1","46.8","75","0.9999999997760606","0.9544","1.1400000000000003","0.5494","477.2","1429.6","0","0","false","0.7692398877638839","1","0.56","2.749999999999999","0.56","0.5","0.5517602682313495","0.45454545454545453","0.5428571428571428","998","1498","0","9.237055564881302E-14","3.552713678800501E-15","true","true","true"
"73","310073","B-good","true","500","310073","B-good","500","125","5000","0.9991100672591223","1","117","0.4415905034823779","0.5","36.3","75","0.9999945690545367","0.8146","4.635000000000007","0.543","407.3","1219.9","0","0","false","0.9991100672591223","1","0.936","0.40000000000000036","0.936","0.540453074433657","0.5435796710041738","0.625","0.6495726495726496","998","1498","0","5.3290705182007514E-14","7.283063041541027E-14","true","true","true"
"75","310075","B-good","true","500","310075","B-good","500","125","5000","0.9009100727155935","1","85","0.8445998189468439","1","53.1","75","0.9999998814417358","0.972","0.7000000000000005","0.543","486","1456","0","0","false","0.9009100727155935","1","0.68","2.0000000000000018","0.68","0.5285714285714286","0.5434156378600823","0.575","0.5647058823529412","998","1498","0","7.105427357601002E-14","0","true","true","true"
"74","310074","B-good","true","500","310074","B-good","500","125","5000","0.999919849371754","1","115","0.55288956582461","0.6","41.4","75","0.9999925569539204","0.8824","2.9399999999999955","0.5296","441.2","1321.6","0","0","false","0.999919849371754","1","0.92","0.5000000000000004","0.92","0.4642857142857143","0.5383046237533998","0.6","0.7043478260869566","998","1498","0","7.105427357601002E-14","2.4868995751603507E-14","true","true","true"
"76","310076","B-good","true","500","310076","B-good","500","125","5000","0.9009100727155935","1","87","0.4763132661001226","0.6","35.7","75","0.9999986697831107","0.8698","3.2549999999999963","0.5408","434.9","1302.7","0","0","false","0.9009100727155935","1","0.696","1.9000000000000017","0.696","0.5284178187403994","0.542653483559439","0.5789473684210527","0.5632183908045977","998","1498","0","5.3290705182007514E-14","2.5757174171303632E-14","true","true","true"
"77","310077","B-good","true","500","310077","B-good","500","125","5000","0.5","0.5","54","0.8260875382403539","0.9","49.2","75","0.9999999999961208","0.977","0.5750000000000005","0.5514","488.5","1463.5","0","0","false","0.5","0.5","0.432","3.5499999999999963","0.432","0.45217391304347826","0.5537359263050153","0.4647887323943662","0.5","998","1498","0","8.526512829121202E-14","7.105427357601002E-15","true","true","true"
"79","310079","B-good","true","500","310079","B-good","500","125","5000","0.5","0.5","52","0.5257822926963565","0.6","39","75","0.9999999998785436","0.9234","1.9149999999999998","0.5426","461.7","1383.1","0","0","false","0.5","0.5","0.416","3.649999999999996","0.416","0.46736292428198434","0.5488412388997185","0.589041095890411","0.5","998","1498","0","7.815970093361102E-14","8.881784197001252E-15","true","true","true"
"78","310078","B-good","true","500","310078","B-good","500","125","5000","0.999821159956061","1","111","0.4613049623666664","0.35","36.3","75","0.9991787443843949","0.8154","4.615000000000007","0.5404","407.7","1221.1","0","0","false","0.999821159956061","1","0.888","0.7000000000000006","0.888","0.4875406283856988","0.5523669364728967","0.5","0.6936936936936937","998","1498","0","9.237055564881302E-14","4.085620730620576E-14","true","true","true"
"80","310080","B-good","true","500","310080","B-good","500","125","5000","0.9009100727155935","1","101","0.7695433232612002","0.9","45.3","75","0.9999999999978346","0.943","1.4249999999999998","0.5568","471.5","1412.5","0","0","false","0.9009100727155935","1","0.808","1.200000000000001","0.808","0.47368421052631576","0.5618239660657476","0.5416666666666666","0.5544554455445545","998","1498","0","1.0658141036401503E-13","8.881784197001252E-15","true","true","true"
"81","310081","B-good","true","500","310081","B-good","500","125","5000","0.2682825988187187","0","51","0.6647929105571388","0.8","41.1","75","0.9999999999986281","0.9504","1.2400000000000007","0.5582","475.2","1423.6","0","0","false","0.2682825988187187","0","0.408","3.6999999999999957","0.408","0.5282258064516129","0.5597643097643098","0.5135135135135135","0.45098039215686275","998","1498","0","9.237055564881302E-14","7.549516567451064E-15","true","true","true"
"82","310082","B-good","true","500","310082","B-good","500","125","5000","0.4009900990099009","0","58","0.6329825641702171","0.65","40.5","75","0.9999996423238728","0.858","3.5500000000000043","0.5366","429","1285","0","0","false","0.4009900990099009","0","0.464","3.349999999999997","0.464","0.5028169014084507","0.5421911421911422","0.417910447761194","0.4827586206896552","998","1498","0","6.039613253960852E-14","5.5067062021407764E-14","true","true","true"
"83","310083","B-good","true","500","310083","B-good","500","125","5000","0.3094519384963682","0","54","0.4943466062060141","0.6","42.9","75","0.9999980426705566","0.783","5.425000000000002","0.531","391.5","1172.5","0","0","false","0.3094519384963682","0","0.432","3.5499999999999963","0.432","0.49953917050691243","0.5397190293742018","0.49295774647887325","0.46296296296296297","998","1498","0","4.618527782440651E-14","2.5757174171303632E-14","true","true","true"
"84","310084","B-good","true","500","310084","B-good","500","125","5000","0.4009900990099009","0","56","0.58290278370314","0.75","36.6","75","0.9999999998903555","0.908","2.299999999999998","0.5398","454","1360","0","0","false","0.4009900990099009","0","0.448","3.4499999999999966","0.448","0.4717391304347826","0.5466960352422907","0.4782608695652174","0.48214285714285715","998","1498","0","6.039613253960852E-14","1.7763568394002505E-14","true","true","true"
"85","310085","B-good","true","500","310085","B-good","500","125","5000","0.8588821376227943","1","71","0.5200195823118311","0.5","35.4","75","0.9999999935089564","0.9302","1.7450000000000003","0.548","465.1","1393.3","0","0","false","0.8588821376227943","1","0.568","2.6999999999999993","0.568","0.49283667621776506","0.5521393248763706","0.48148148148148145","0.5633802816901409","998","1498","0","8.526512829121202E-14","7.105427357601002E-15","true","true","true"
"86","310086","B-good","true","500","310086","B-good","500","125","5000","0.832766961303352","1","98","0.866544575496223","0.95","54","75","0.9999999999573885","0.97","0.7500000000000007","0.548","485","1453","0","0","false","0.832766961303352","1","0.784","1.3500000000000012","0.784","0.49333333333333335","0.5496907216494845","0.4444444444444444","0.5408163265306123","998","1498","0","9.237055564881302E-14","0","true","true","true"
"87","310087","B-good","true","500","310087","B-good","500","125","5000","0.9174389747697416","1","112","0.3801648877685686","0.3","30.3","75","0.9999999962711096","0.7826","5.435000000000002","0.5438","391.3","1171.9","0","0","false","0.9174389747697416","1","0.896","0.6500000000000006","0.896","0.5068997240110396","0.5540506005622284","0.5384615384615384","0.5535714285714286","998","1498","0","7.815970093361102E-14","2.1316282072803006E-14","true","true","true"
"88","310088","B-good","true","500","310088","B-good","500","125","5000","0.9970395529930917","1","109","0.5552614984557559","0.55","42.6","75","0.9540203034299936","0.6696","8.260000000000053","0.5306","334.8","1002.6","0.188","0.2","false","0.9970395529930917","1","0.872","0.8000000000000007","0.872","0.5193704600484261","0.5361409796893668","0.5","0.6330275229357798","998","1498","0","5.6843418860808015E-14","1.4566126083082054E-13","true","true","true"
"89","310089","B-good","true","500","310089","B-good","500","125","5000","0.9174389747697416","1","92","0.8020202445091762","0.85","51.9","75","0.9998279968287849","0.8612","3.4699999999999975","0.5278","430.6","1289.8","0","0","false","0.9174389747697416","1","0.736","1.6500000000000015","0.736","0.484149855907781","0.534835113794705","0.36363636363636365","0.5652173913043478","998","1498","0","5.6843418860808015E-14","2.1316282072803006E-14","true","true","true"
"90","310090","B-good","true","500","310090","B-good","500","125","5000","0.7692398877638839","1","98","0.8434529203472086","1","54.9","75","0.999999999999255","0.9702","0.7450000000000007","0.56","485.1","1453.3","0","0","false","0.7692398877638839","1","0.784","1.3500000000000012","0.784","0.5302013422818792","0.5609152752009895","0.5555555555555556","0.5306122448979592","998","1498","0","9.237055564881302E-14","0","true","true","true"
"91","310091","B-good","true","500","310091","B-good","500","125","5000","0.55","1","71","0.5571466328381933","0.6","37.2","75","0.9999999999995195","0.9596","1.010000000000001","0.5614","479.8","1437.4","0","0","false","0.55","1","0.568","2.6999999999999993","0.568","0.5346534653465347","0.5625260525218841","0.48148148148148145","0.5070422535211268","998","1498","0","1.0658141036401503E-13","3.1086244689504383E-15","true","true","true"
"92","310092","B-good","true","500","310092","B-good","500","125","5000","0.353883495145631","0","73","0.6685624607308153","0.7","42","75","0.9999999998046125","0.9058","2.354999999999997","0.5472","452.9","1356.7","0","0","false","0.353883495145631","0","0.584","2.5999999999999996","0.584","0.5095541401273885","0.5511150364318834","0.4807692307692308","0.4794520547945205","998","1498","0","7.815970093361102E-14","2.398081733190338E-14","true","true","true"
"93","310093","B-good","true","500","310093","B-good","500","125","5000","0.6905480615036318","1","76","0.7104465533860881","0.9","50.1","75","0.9999999605009136","0.962","0.9500000000000007","0.5438","481","1441","0","0","false","0.6905480615036318","1","0.608","2.45","0.608","0.4631578947368421","0.5469854469854469","0.5306122448979592","0.5263157894736842","998","1498","0","9.237055564881302E-14","1.7763568394002505E-15","true","true","true"
"94","310094","B-good","true","500","310094","B-good","500","125","5000","0.2682825988187187","0","55","0.7146104511435711","0.8","51","75","0.9999999996784739","0.949","1.2750000000000004","0.5436","474.5","1421.5","0","0","false","0.2682825988187187","0","0.44","3.4999999999999964","0.44","0.44313725490196076","0.5489989462592202","0.5714285714285714","0.45454545454545453","998","1498","0","7.815970093361102E-14","6.661338147750939E-15","true","true","true"
"95","310095","B-good","true","500","310095","B-good","500","125","5000","0.832766961303352","1","80","0.5264433543965167","0.55","34.8","75","0.9999999999974698","0.9294","1.7650000000000001","0.5482","464.7","1392.1","0","0","false","0.832766961303352","1","0.64","2.250000000000001","0.64","0.44192634560906513","0.5562728642134711","0.4888888888888889","0.55","998","1498","0","8.526512829121202E-14","1.0658141036401503E-14","true","true","true"
"96","310096","B-good","true","500","310096","B-good","500","125","5000","0.7317174011812813","1","71","0.6449611114379428","0.7","42","75","0.9999999955003533","0.8746","3.134999999999999","0.547","437.3","1309.9","0","0","false","0.7317174011812813","1","0.568","2.6999999999999993","0.568","0.5055821371610846","0.552938486165104","0.4444444444444444","0.5352112676056338","998","1498","0","7.815970093361102E-14","1.509903313490213E-14","true","true","true"
"97","310097","B-good","true","500","310097","B-good","500","125","5000","0.9783898101507787","1","105","0.8495908695995116","0.95","49.5","75","0.9999999432937342","0.9588","1.0300000000000005","0.5478","479.4","1436.2","0","0","false","0.9783898101507787","1","0.84","1.0000000000000009","0.84","0.49029126213592233","0.5502711722987067","0.5","0.5904761904761905","998","1498","0","9.237055564881302E-14","2.6645352591003757E-15","true","true","true"
"99","310099","B-good","true","500","310099","B-good","500","125","5000","0.9901990435157576","1","95","0.7095104586022571","0.95","40.8","75","0.9999999999924976","0.9522","1.1950000000000003","0.5544","476.1","1426.3","0","0","false","0.9901990435157576","1","0.76","1.5000000000000013","0.76","0.502092050209205","0.5570258349086327","0.36666666666666664","0.6210526315789474","998","1498","0","9.237055564881302E-14","4.440892098500626E-15","true","true","true"
"98","310098","B-good","true","500","310098","B-good","500","125","5000","0.9431811237123936","1","90","0.9309545217908614","1","53.7","75","0.9999999998877641","0.972","0.7000000000000007","0.5488","486","1456","0","0","false","0.9431811237123936","1","0.72","1.7500000000000016","0.72","0.4857142857142857","0.5506172839506173","0.42857142857142855","0.5777777777777777","998","1498","0","8.526512829121202E-14","0","true","true","true"
"100","310100","B-good","true","500","310100","B-good","500","125","5000","0.9431811237123936","1","92","0.595836854103619","0.7","39.9","75","0.9999999999817956","0.897","2.574999999999997","0.5528","448.5","1343.5","0","0","false","0.9431811237123936","1","0.736","1.6500000000000015","0.736","0.5145631067961165","0.557190635451505","0.5757575757575758","0.5760869565217391","998","1498","0","8.526512829121202E-14","2.5757174171303632E-14","true","true","true"
"101","310101","B-good","true","500","310101","B-good","500","125","5000","0.9314206186232206","1","89","0.5637102768701999","0.45","33","75","0.9999999993565686","0.9302","1.7449999999999997","0.5508","465.1","1393.3","0","0","false","0.9314206186232206","1","0.712","1.8000000000000016","0.712","0.4785100286532951","0.556224467856375","0.5833333333333334","0.5730337078651685","998","1498","0","1.0658141036401503E-13","1.3322676295501878E-14","true","true","true"
"102","310102","B-good","true","500","310102","B-good","500","125","5000","0.9431811237123936","1","82","0.7057405554278725","0.9","44.7","75","0.9999999991828246","0.9504","1.2400000000000007","0.5536","475.2","1423.6","0","0","false","0.9431811237123936","1","0.656","2.1500000000000012","0.656","0.4637096774193548","0.5582912457912458","0.4186046511627907","0.5853658536585366","998","1498","0","9.237055564881302E-14","3.552713678800501E-15","true","true","true"
"103","310103","B-good","true","500","310103","B-good","500","125","5000","0.6905480615036318","1","86","0.7268065643818739","0.8","44.7","75","0.9999999972756779","0.9556","1.1100000000000005","0.5514","477.8","1431.4","0","0","false","0.6905480615036318","1","0.688","1.9500000000000017","0.688","0.527027027027027","0.5525324403516115","0.4358974358974359","0.5232558139534884","998","1498","0","9.237055564881302E-14","3.9968028886505635E-15","true","true","true"
"104","310104","B-good","true","500","310104","B-good","500","125","5000","0.9980162717648575","1","123","0.8844656988884705","1","56.7","75","0.9999999999992373","0.9836","0.4100000000000003","0.5482","491.8","1473.4","0","0","false","0.9980162717648575","1","0.984","0.10000000000000009","0.984","0.4024390243902439","0.5506303375355835","1","0.6260162601626016","998","1498","0","6.394884621840902E-14","0","true","true","true"
"105","310105","B-good","true","500","310105","B-good","500","125","5000","0.9854295854981023","1","105","0.8553813189857215","1","50.4","75","0.9999999999627786","0.98","0.5000000000000003","0.5494","490","1468","0","0","false","0.9854295854981023","1","0.84","1.0000000000000009","0.84","0.48","0.5508163265306123","0.6","0.6","998","1498","0","9.237055564881302E-14","0","true","true","true"
"106","310106","B-good","true","500","310106","B-good","500","125","5000","0.6905480615036318","1","50","0.7769613411781144","1","47.7","75","0.9999999999999962","0.9668","0.8300000000000007","0.5624","483.4","1448.2","0","0","false","0.6905480615036318","1","0.4","3.7499999999999956","0.4","0.4397590361445783","0.5666115018618122","0.4666666666666667","0.54","998","1498","0","9.947598300641403E-14","7.993605777301127E-15","true","true","true"
"107","310107","B-good","true","500","310107","B-good","500","125","5000","0.5990099009900991","1","78","0.4745168866446363","0.5","34.2","75","0.999981625236104","0.9124","2.1899999999999995","0.5326","456.2","1366.6","0","0","false","0.5990099009900991","1","0.624","2.3500000000000005","0.624","0.4908675799086758","0.5366067514248137","0.5319148936170213","0.5128205128205128","998","1498","0","4.618527782440651E-14","1.7763568394002505E-14","true","true","true"
"108","310108","B-good","true","500","310108","B-good","500","125","5000","0.9975765116109027","1","112","0.6494974921989675","0.8","42.9","75","0.999973286010811","0.952","1.2000000000000006","0.541","476","1426","0","0","false","0.9975765116109027","1","0.896","0.6500000000000006","0.896","0.5208333333333334","0.542016806722689","0.46153846153846156","0.6339285714285714","998","1498","0","7.105427357601002E-14","6.217248937900877E-15","true","true","true"
"109","310109","B-good","true","500","310109","B-good","500","125","5000","0.8588821376227943","1","95","0.7033893805798699","0.85","44.4","75","0.9999999999999488","0.9372","1.569999999999999","0.556","468.6","1403.8","0","0","false","0.8588821376227943","1","0.76","1.5000000000000013","0.76","0.5286624203821656","0.5578318395219803","0.43333333333333335","0.5473684210526316","998","1498","0","9.237055564881302E-14","2.042810365310288E-14","true","true","true"
"110","310110","B-good","true","500","310110","B-good","500","125","5000","0.9955840597339484","1","99","0.6954277503267522","0.9","37.5","75","0.999428146263668","0.8218","4.455","0.5402","410.9","1230.7","0.004","0","false","0.9955840597339484","1","0.792","1.3000000000000012","0.792","0.5050505050505051","0.5478218544658068","0.38461538461538464","0.6363636363636364","998","1498","0","7.105427357601002E-14","2.3092638912203256E-14","true","true","true"
"111","310111","B-good","true","500","310111","B-good","500","125","5000","0.9530265597482369","1","73","0.5409846557031627","0.6","31.5","75","0.9999999999776572","0.9416","1.4600000000000004","0.5518","470.8","1410.4","0","0","false","0.9530265597482369","1","0.584","2.5999999999999996","0.584","0.4726027397260274","0.5567119796091758","0.5384615384615384","0.6027397260273972","998","1498","0","9.947598300641403E-14","5.329070518200751E-15","true","true","true"
"112","310112","B-good","true","500","310112","B-good","500","125","5000","0.599009900990099","1","66","0.5003914487938003","0.4","38.4","75","0.9999999993556765","0.8992","2.519999999999998","0.5446","449.6","1346.8","0","0","false","0.599009900990099","1","0.528","2.9499999999999984","0.528","0.5119047619047619","0.5482651245551602","0.4576271186440678","0.5151515151515151","998","1498","0","6.394884621840902E-14","1.9539925233402755E-14","true","true","true"
"113","310113","B-good","true","500","310113","B-good","500","125","5000","0.8588821376227943","1","63","0.5510167858626992","0.45","41.4","75","0.9999986578699573","0.9286","1.7849999999999997","0.5408","464.3","1390.9","0","0","false","0.8588821376227943","1","0.504","3.099999999999998","0.504","0.4565826330532213","0.5472754684471247","0.43548387096774194","0.5714285714285714","998","1498","0","7.815970093361102E-14","5.329070518200751E-15","true","true","true"
"114","310114","B-good","true","500","310114","B-good","500","125","5000","0.9530265597482369","1","99","0.5795448926052738","0.55","45","75","0.9999999537315022","0.9012","2.4699999999999966","0.537","450.6","1349.8","0","0","false","0.9530265597482369","1","0.792","1.3000000000000012","0.792","0.48785425101214575","0.5423879272081669","0.4230769230769231","0.5757575757575758","998","1498","0","6.394884621840902E-14","2.4868995751603507E-14","true","true","true"
"115","310115","B-good","true","500","310115","B-good","500","125","5000","0.2682825988187187","0","85","0.6986132597187014","0.65","41.1","75","0.9999999999417645","0.9518","1.2050000000000005","0.5448","475.9","1425.7","0","0","false","0.2682825988187187","0","0.68","2.0000000000000018","0.68","0.5020746887966805","0.5469636478251734","0.375","0.47058823529411764","998","1498","0","7.815970093361102E-14","3.552713678800501E-15","true","true","true"
"116","310116","B-good","true","500","310116","B-good","500","125","5000","0.9314206186232206","1","101","0.33900458344285445","0","30","75","0.9999997663612497","0.8574","3.5649999999999964","0.5256","428.7","1284.1","0","0","false","0.9314206186232206","1","0.808","1.200000000000001","0.808","0.43478260869565216","0.5407044553300676","0.5833333333333334","0.5643564356435643","998","1498","0","5.6843418860808015E-14","1.4210854715202004E-14","true","true","true"
"117","310117","B-good","true","500","310117","B-good","500","125","5000","0.9822491904206395","1","110","0.5716343016151564","0.5","39.6","75","0.9999999995524289","0.9034","2.4149999999999974","0.5558","451.7","1353.1","0","0","false","0.9822491904206395","1","0.88","0.7500000000000007","0.88","0.5175983436853002","0.5598848793446978","0.6666666666666666","0.5909090909090909","998","1498","0","1.0658141036401503E-13","2.1316282072803006E-14","true","true","true"
"118","310118","B-good","true","500","310118","B-good","500","125","5000","0.2682825988187187","0","35","0.8132509536301826","1","53.7","75","0.9999999999987093","0.9684","0.7900000000000007","0.5566","484.2","1450.6","0","0","false","0.2682825988187187","0","0.28","4.499999999999993","0.28","0.5253164556962026","0.5576208178438662","0.4666666666666667","0.42857142857142855","998","1498","0","8.526512829121202E-14","1.0658141036401503E-14","true","true","true"
"119","310119","B-good","true","500","310119","B-good","500","125","5000","0.44999999999999996","0","65","0.4704873594155531","0.35","35.4","75","0.9999073598294956","0.815","4.6249999999999964","0.5284","407.5","1220.5","0","0","false","0.44999999999999996","0","0.52","2.9999999999999982","0.52","0.4983783783783784","0.5352147239263804","0.5333333333333333","0.49230769230769234","998","1498","0","4.263256414560601E-14","2.3092638912203256E-14","true","true","true"
"120","310120","B-good","true","500","310120","B-good","500","125","5000","0.44999999999999996","0","49","0.7823350457273597","0.9","48.3","75","0.9999999999987594","0.9622","0.9450000000000001","0.5504","481.1","1441.3","0","0","false","0.44999999999999996","0","0.392","3.7999999999999954","0.392","0.4656084656084656","0.5537310330492621","0.5","0.4897959183673469","998","1498","0","7.815970093361102E-14","7.993605777301127E-15","true","true","true"
"121","310121","B-good","true","500","310121","B-good","500","125","5000","0.353883495145631","0","45","0.5638588193866889","0.65","39.9","75","0.9999999998610922","0.9272","1.8200000000000003","0.5424","463.6","1388.8","0","0","false","0.353883495145631","0","0.36","3.9999999999999947","0.36","0.5137362637362637","0.5446505608283002","0.6125","0.4666666666666667","998","1498","0","4.973799150320701E-14","8.881784197001252E-15","true","true","true"
"122","310122","B-good","true","500","310122","B-good","500","125","5000","0.8814994686598715","1","78","0.8372903267036922","0.9","54.6","75","0.9999999999370894","0.9846","0.38500000000000034","0.549","492.3","1474.9","0","0","false","0.8814994686598715","1","0.624","2.3500000000000005","0.624","0.45454545454545453","0.5504773512086126","0.425531914893617","0.5641025641025641","998","1498","0","9.237055564881302E-14","1.7763568394002505E-15","true","true","true"
"123","310123","B-good","true","500","310123","B-good","500","125","5000","0.9970395529930917","1","111","0.5618922091597346","0.5","45","75","0.9964434370854127","0.7694","5.765000000000017","0.5236","384.7","1152.1","0.01","0","false","0.9970395529930917","1","0.888","0.7000000000000006","0.888","0.48742411101474414","0.5344424226670133","0.5","0.6306306306306306","998","1498","0","4.973799150320701E-14","8.171241461241152E-14","true","true","true"
"124","310124","B-good","true","500","310124","B-good","500","125","5000","0.3094519384963682","0","74","0.5127711377787509","0.45","41.1","75","0.9999999999994265","0.895","2.6249999999999982","0.5548","447.5","1340.5","0","0","false","0.3094519384963682","0","0.592","2.55","0.592","0.5466666666666666","0.5557541899441341","0.5294117647058824","0.47297297297297297","998","1498","0","7.105427357601002E-14","2.220446049250313E-14","true","true","true"
"125","310125","B-good","true","500","310125","B-good","500","125","5000","0.9174389747697416","1","92","0.9049873631314179","1","53.4","75","0.9999996594732268","0.9136","2.159999999999997","0.5404","456.8","1368.4","0","0","false","0.9174389747697416","1","0.736","1.6500000000000015","0.736","0.5115740740740741","0.5431260945709282","0.48484848484848486","0.5652173913043478","998","1498","0","9.237055564881302E-14","2.5757174171303632E-14","true","true","true"
"126","310126","B-good","true","500","310126","B-good","500","125","5000","0.9783898101507787","1","87","0.7666321554874925","0.8","48.6","75","0.9999999999465554","0.9712","0.7200000000000006","0.557","485.6","1454.8","0","0","false","0.9783898101507787","1","0.696","1.9000000000000017","0.696","0.5347222222222222","0.557660626029654","0.631578947368421","0.6091954022988506","998","1498","0","9.947598300641403E-14","0","true","true","true"
"127","310127","B-good","true","500","310127","B-good","500","125","5000","0.9955840597339484","1","115","0.7406252774966275","1","50.4","75","0.9999999801719929","0.9642","0.8950000000000005","0.5486","482.1","1444.3","0","0","false","0.9955840597339484","1","0.92","0.5000000000000004","0.92","0.5307262569832403","0.5492636382493259","0.2","0.6173913043478261","998","1498","0","8.526512829121202E-14","3.552713678800501E-15","true","true","true"
"128","310128","B-good","true","500","310128","B-good","500","125","5000","0.4009900990099009","0","40","0.4535560988718519","0.4","33.9","75","0.9999990527496239","0.8822","2.945000000000001","0.542","441.1","1321.3","0","0","false","0.4009900990099009","0","0.32","4.249999999999994","0.32","0.4906621392190153","0.5488551348900476","0.5647058823529412","0.475","998","1498","0","8.526512829121202E-14","2.042810365310288E-14","true","true","true"
"129","310129","B-good","true","500","310129","B-good","500","125","5000","0.9174389747697416","1","106","0.5551947387955065","0.7","36","75","0.9999999772630153","0.9092","2.2699999999999987","0.5432","454.6","1361.8","0","0","false","0.9174389747697416","1","0.848","0.9500000000000008","0.848","0.47577092511013214","0.5499340079190497","0.3684210526315789","0.5566037735849056","998","1498","0","9.947598300641403E-14","1.4210854715202004E-14","true","true","true"
"130","310130","B-good","true","500","310130","B-good","500","125","5000","0.9901990435157576","1","95","0.7352574329486501","0.8","48.9","75","0.9999999999998987","0.9748","0.6300000000000006","0.5572","487.4","1460.2","0","0","false","0.9901990435157576","1","0.76","1.5000000000000013","0.76","0.5396825396825397","0.5576528518670496","0.3333333333333333","0.6210526315789474","998","1498","0","8.526512829121202E-14","0","true","true","true"
"132","310132","B-good","true","500","310132","B-good","500","125","5000","0.8029278364278081","1","103","0.5584849539196858","0.55","43.8","75","0.9999999999904116","0.9464","1.3400000000000003","0.5508","473.2","1417.6","0","0","false","0.8029278364278081","1","0.824","1.100000000000001","0.824","0.47388059701492535","0.555156382079459","0.45454545454545453","0.5339805825242718","998","1498","0","7.815970093361102E-14","3.9968028886505635E-15","true","true","true"
"131","310131","B-good","true","500","310131","B-good","500","125","5000","0.9314206186232206","1","99","0.39604419400222923","0.45","35.7","75","0.9999999997243914","0.9","2.4999999999999987","0.55","450","1348","0","0","false","0.9314206186232206","1","0.792","1.3000000000000012","0.792","0.524","0.5528888888888889","0.46153846153846156","0.5656565656565656","998","1498","0","8.526512829121202E-14","2.042810365310288E-14","true","true","true"
"133","310133","B-good","true","500","310133","B-good","500","125","5000","0.8814994686598715","1","94","0.654620348133229","0.65","45","75","0.9999999999400639","0.9092","2.269999999999998","0.5556","454.6","1361.8","0","0","false","0.8814994686598715","1","0.752","1.5500000000000014","0.752","0.5066079295154186","0.5604927408710955","0.6129032258064516","0.5531914893617021","998","1498","0","9.237055564881302E-14","1.9539925233402755E-14","true","true","true"
"134","310134","B-good","true","500","310134","B-good","500","125","5000","0.9946080309222399","1","94","0.7741799203990685","0.95","43.8","75","0.994107361970529","0.8486","3.785000000000008","0.5416","424.3","1270.9","0.006","0","false","0.9946080309222399","1","0.752","1.5500000000000014","0.752","0.5165125495376486","0.5460758897006834","0.3225806451612903","0.6382978723404256","998","1498","0","8.526512829121202E-14","3.375077994860476E-14","true","true","true"
"135","310135","B-good","true","500","310135","B-good","500","125","5000","0.4009900990099009","0","38","0.8600343802866977","1","49.2","75","0.9999999869591611","0.9618","0.9550000000000007","0.5488","480.9","1440.7","0","0","false","0.4009900990099009","0","0.304","4.349999999999993","0.304","0.5392670157068062","0.5491786234144312","0.5747126436781609","0.47368421052631576","998","1498","0","7.105427357601002E-14","1.0658141036401503E-14","true","true","true"
"136","310136","B-good","true","500","310136","B-good","500","125","5000","0.9431811237123936","1","96","0.5191183449586667","0.6","36.3","75","0.9998912315782491","0.8314","4.2149999999999945","0.5324","415.7","1245.1","0","0","false","0.9431811237123936","1","0.768","1.4500000000000013","0.768","0.49110320284697506","0.5407745970651913","0.5172413793103449","0.5729166666666666","998","1498","0","5.6843418860808015E-14","2.4868995751603507E-14","true","true","true"
"138","310138","B-good","true","500","310138","B-good","500","125","5000","0.9822491904206395","1","86","0.537039047975387","0.5","38.7","75","0.9999941174970735","0.8448","3.8800000000000052","0.5466","422.4","1265.2","0","0","false","0.9822491904206395","1","0.688","1.9500000000000017","0.688","0.4832474226804124","0.5582386363636364","0.4358974358974359","0.6162790697674418","998","1498","0","1.1368683772161603E-13","5.1514348342607263E-14","true","true","true"
"137","310137","B-good","true","500","310137","B-good","500","125","5000","0.4009900990099009","0","44","0.5903972189925056","0.5","42","75","0.9999999998651775","0.919","2.024999999999998","0.5504","459.5","1376.5","0","0","false","0.4009900990099009","0","0.352","4.0499999999999945","0.352","0.5185185185185185","0.5532100108813928","0.5308641975308642","0.4772727272727273","998","1498","0","8.526512829121202E-14","2.6645352591003757E-14","true","true","true"
"139","310139","B-good","true","500","310139","B-good","500","125","5000","0.832766961303352","1","66","0.6984237462742253","0.8","47.4","75","0.9999999988000777","0.9596","1.0100000000000005","0.542","479.8","1437.4","0","0","false","0.832766961303352","1","0.528","2.9499999999999984","0.528","0.4801980198019802","0.5446019174656107","0.5084745762711864","0.5606060606060606","998","1498","0","6.394884621840902E-14","6.217248937900877E-15","true","true","true"
"140","310140","B-good","true","500","310140","B-good","500","125","5000","0.5","0.5","60","0.6555368288218888","0.85","37.8","75","0.9999999999998179","0.9438","1.4050000000000007","0.5602","471.9","1413.7","0","0","false","0.5","0.5","0.48","3.2499999999999973","0.48","0.5231316725978647","0.562407289680017","0.47692307692307695","0.5","998","1498","0","9.947598300641403E-14","5.329070518200751E-15","true","true","true"
"141","310141","B-good","true","500","310141","B-good","500","125","5000","0.353883495145631","0","63","0.6177685333422489","0.7","48.3","75","0.9999999981908939","0.8524","3.690000000000006","0.5496","426.2","1276.6","0","0","false","0.353883495145631","0","0.504","3.099999999999998","0.504","0.5121951219512195","0.5560769591740967","0.5161290322580645","0.47619047619047616","998","1498","0","9.947598300641403E-14","3.019806626980426E-14","true","true","true"
"142","310142","B-good","true","500","310142","B-good","500","125","5000","0.9946080309222399","1","108","0.7526935932973234","0.9","41.1","75","0.9999999999961059","0.962","0.9500000000000007","0.5544","481","1441","0","0","false","0.9946080309222399","1","0.864","0.8500000000000008","0.864","0.46842105263157896","0.5577962577962577","0.5294117647058824","0.6203703703703703","998","1498","0","9.237055564881302E-14","8.881784197001252E-16","true","true","true"
"144","310144","B-good","true","500","310144","B-good","500","125","5000","0.3094519384963682","0","80","0.5647773837941605","0.6","40.8","75","0.9999999999671735","0.9442","1.3950000000000002","0.5602","472.1","1414.3","0","0","false","0.3094519384963682","0","0.64","2.250000000000001","0.64","0.5017921146953405","0.5636517686930735","0.4222222222222222","0.475","998","1498","0","1.1368683772161603E-13","6.661338147750939E-15","true","true","true"
"143","310143","B-good","true","500","310143","B-good","500","125","5000","0.9174389747697416","1","90","0.5014943480953133","0.6","37.2","75","0.9768913297179346","0.8126","4.685000000000011","0.5322","406.3","1216.9","0.026","0","false","0.9174389747697416","1","0.72","1.7500000000000016","0.72","0.5026680896478122","0.539010583312823","0.4857142857142857","0.5666666666666667","998","1498","0","5.3290705182007514E-14","7.993605777301127E-14","true","true","true"
"146","310146","B-good","true","500","310146","B-good","500","125","5000","0.44999999999999996","0","61","0.585186736166076","0.6","45.3","75","0.9999999992012686","0.969","0.7750000000000008","0.546","484.5","1451.5","0","0","false","0.44999999999999996","0","0.488","3.1999999999999975","0.488","0.5032258064516129","0.5473684210526316","0.53125","0.4918032786885246","998","1498","0","8.526512829121202E-14","5.329070518200751E-15","true","true","true"
"145","310145","B-good","true","500","310145","B-good","500","125","5000","0.832766961303352","1","76","0.6741075959879311","0.7","50.7","75","0.9999999999999967","0.9636","0.9100000000000005","0.5644","481.8","1443.4","0","0","false","0.832766961303352","1","0.608","2.45","0.608","0.5769230769230769","0.5639269406392694","0.5510204081632653","0.5526315789473685","998","1498","0","1.0658141036401503E-13","2.6645352591003757E-15","true","true","true"
"147","310147","B-good","true","500","310147","B-good","500","125","5000","0.9955840597339484","1","117","0.7752867058086544","0.9","46.8","75","0.9999999999995343","0.965","0.8750000000000007","0.553","482.5","1445.5","0","0","false","0.9955840597339484","1","0.936","0.40000000000000036","0.936","0.5142857142857142","0.5544041450777202","0.875","0.6153846153846154","998","1498","0","7.815970093361102E-14","0","true","true","true"
"148","310148","B-good","true","500","310148","B-good","500","125","5000","0.9009100727155935","1","91","0.7908052625947358","1","45.3","75","0.9999999955709391","0.9688","0.7800000000000006","0.548","484.4","1451.2","0","0","false","0.9009100727155935","1","0.728","1.7000000000000015","0.728","0.42948717948717946","0.5518166804293972","0.4411764705882353","0.5604395604395604","998","1498","0","8.526512829121202E-14","0","true","true","true"
"149","310149","B-good","true","500","310149","B-good","500","125","5000","0.9880470865159074","1","100","0.46182231377065486","0.45","36.3","75","0.9999999982441226","0.8838","2.9049999999999967","0.5532","441.9","1323.7","0","0","false","0.9880470865159074","1","0.8","1.250000000000001","0.8","0.49225473321858865","0.5612129441050011","0.56","0.61","998","1498","0","9.237055564881302E-14","2.1316282072803006E-14","true","true","true"
"150","310150","B-good","true","500","310150","B-good","500","125","5000","0.9880470865159074","1","90","0.718616530115489","0.8","46.5","75","0.9999999944855296","0.8624","3.4400000000000026","0.5412","431.2","1291.6","0","0","false","0.9880470865159074","1","0.72","1.7500000000000016","0.72","0.502906976744186","0.5473098330241187","0.6571428571428571","0.6222222222222222","998","1498","0","7.815970093361102E-14","2.6645352591003757E-14","true","true","true"
"151","310151","B-good","true","500","310151","B-good","500","125","5000","0.6905480615036318","1","32","0.8200852759082853","1","45.3","75","0.9999999999696968","0.9716","0.7100000000000006","0.5464","485.8","1455.4","0","0","false","0.6905480615036318","1","0.256","4.649999999999992","0.256","0.4859154929577465","0.5481679703581721","0.5053763440860215","0.5625","998","1498","0","7.105427357601002E-14","1.1546319456101628E-14","true","true","true"
"152","310152","B-good","true","500","310152","B-good","500","125","5000","0.44999999999999996","0","51","0.5446573595654938","0.5","43.5","75","0.9999999940469463","0.8816","2.9599999999999973","0.532","440.8","1320.4","0","0","false","0.44999999999999996","0","0.408","3.6999999999999957","0.408","0.46790540540540543","0.5406079854809437","0.5135135135135135","0.49019607843137253","998","1498","0","4.973799150320701E-14","1.687538997430238E-14","true","true","true"
"153","310153","B-good","true","500","310153","B-good","500","125","5000","0.832766961303352","1","66","0.826726447155471","0.85","51.9","75","0.9999999998796865","0.9726","0.6850000000000007","0.5412","486.3","1456.9","0","0","false","0.832766961303352","1","0.528","2.9499999999999984","0.528","0.5109489051094891","0.5420522311330455","0.5932203389830508","0.5606060606060606","998","1498","0","5.3290705182007514E-14","4.440892098500626E-15","true","true","true"
"154","310154","B-good","true","500","310154","B-good","500","125","5000","0.9822491904206395","1","90","0.7502444924593122","1","48.9","75","0.9999934340871031","0.9038","2.405000000000005","0.542","451.9","1353.7","0.002","0","false","0.9822491904206395","1","0.72","1.7500000000000016","0.72","0.5051975051975052","0.5459172383270635","0.4","0.6111111111111112","998","1498","0","7.815970093361102E-14","3.197442310920451E-14","true","true","true"
"155","310155","B-good","true","500","310155","B-good","500","125","5000","0.7692398877638839","1","78","0.8964592263228773","1","53.1","75","0.9999999999852667","0.9558","1.1050000000000006","0.5508","477.9","1431.7","0","0","false","0.7692398877638839","1","0.624","2.3500000000000005","0.624","0.5113122171945701","0.5526260724000837","0.6170212765957447","0.5384615384615384","998","1498","0","8.526512829121202E-14","1.7763568394002505E-15","true","true","true"
"156","310156","B-good","true","500","310156","B-good","500","125","5000","0.8814994686598715","1","86","0.7236491968319805","0.7","54","75","0.9999999999995929","0.9746","0.6350000000000006","0.5564","487.3","1459.9","0","0","false","0.8814994686598715","1","0.688","1.9500000000000017","0.688","0.48031496062992124","0.5583829263287503","0.5128205128205128","0.5581395348837209","998","1498","0","1.0658141036401503E-13","0","true","true","true"
"157","310157","B-good","true","500","310157","B-good","500","125","5000","0.832766961303352","1","86","0.6379974009068475","0.75","34.5","75","0.9999999926232539","0.9314","1.7149999999999999","0.5414","465.7","1395.1","0","0","false","0.832766961303352","1","0.688","1.9500000000000017","0.688","0.4868804664723032","0.5454155035430535","0.38461538461538464","0.5465116279069767","998","1498","0","6.039613253960852E-14","7.993605777301127E-15","true","true","true"
"158","310158","B-good","true","500","310158","B-good","500","125","5000","0.9919667203630474","1","88","0.6205822862790882","0.75","41.7","75","0.9999999882652784","0.8942","2.6449999999999987","0.5412","447.1","1339.3","0","0","false","0.9919667203630474","1","0.704","1.8500000000000016","0.704","0.500945179584121","0.5459628718407515","0.5675675675675675","0.6363636363636364","998","1498","0","6.394884621840902E-14","1.9539925233402755E-14","true","true","true"
"159","310159","B-good","true","500","310159","B-good","500","125","5000","0.353883495145631","0","47","0.8497301863887368","1","55.8","75","0.9999999999215057","0.9806","0.48500000000000043","0.5518","490.3","1468.9","0","0","false","0.353883495145631","0","0.376","3.899999999999995","0.376","0.5051546391752577","0.5527228227615746","0.41025641025641024","0.46808510638297873","998","1498","0","8.526512829121202E-14","8.43769498715119E-15","true","true","true"
"160","310160","B-good","true","500","310160","B-good","500","125","5000","0.9975765116109027","1","112","0.5005523508546899","0.55","39.6","75","0.999999995967983","0.9392","1.5200000000000002","0.5462","469.6","1406.8","0","0","false","0.9975765116109027","1","0.896","0.6500000000000006","0.896","0.506578947368421","0.5487649063032368","0.38461538461538464","0.6339285714285714","998","1498","0","8.526512829121202E-14","4.440892098500626E-15","true","true","true"
"162","310162","B-good","true","500","310162","B-good","500","125","5000","0.1970721635721919","0","37","0.5517274292685339","0.55","49.8","75","0.9999999998923481","0.9204","1.9899999999999984","0.553","460.2","1378.6","0","0","false","0.1970721635721919","0","0.296","4.399999999999993","0.296","0.4899497487437186","0.5584528465884399","0.4090909090909091","0.40540540540540543","998","1498","0","8.526512829121202E-14","1.1546319456101628E-14","true","true","true"
"161","310161","B-good","true","500","310161","B-good","500","125","5000","0.5","0.5","52","0.792852912950996","0.9","45","75","0.9999999813165997","0.9442","1.3949999999999996","0.5452","472.1","1414.3","0","0","false","0.5","0.5","0.416","3.649999999999996","0.416","0.5340501792114696","0.5458589281931794","0.4657534246575342","0.5","998","1498","0","7.815970093361102E-14","8.881784197001252E-15","true","true","true"
"163","310163","B-good","true","500","310163","B-good","500","125","5000","0.9822491904206395","1","94","0.8219598094641622","1","48","75","0.999999523410921","0.9532","1.1700000000000004","0.5442","476.6","1427.8","0","0","false","0.9822491904206395","1","0.752","1.5500000000000014","0.752","0.49145299145299143","0.5467897608057071","0.5161290322580645","0.6063829787234043","998","1498","0","8.526512829121202E-14","3.552713678800501E-15","true","true","true"
"164","310164","B-good","true","500","310164","B-good","500","125","5000","0.2682825988187187","0","25","0.6822267460016336","0.75","45.6","75","0.9999999997634849","0.9618","0.9550000000000007","0.5512","480.9","1440.7","0","0","false","0.2682825988187187","0","0.2","4.999999999999991","0.2","0.5026178010471204","0.5531295487627366","0.44","0.4","998","1498","0","7.815970093361102E-14","1.3322676295501878E-14","true","true","true"
"166","310166","B-good","true","500","310166","B-good","500","125","5000","0.2682825988187187","0","57","0.7110928689289759","0.8","48.9","75","0.9999999804548295","0.9634","0.9150000000000007","0.5528","481.7","1443.1","0","0","false","0.2682825988187187","0","0.456","3.399999999999997","0.456","0.4808743169398907","0.5555324891011003","0.5","0.45614035087719296","998","1498","0","9.237055564881302E-14","6.217248937900877E-15","true","true","true"
"165","310165","B-good","true","500","310165","B-good","500","125","5000","0.353883495145631","0","59","0.4144095545878116","0.1","33.6","75","0.9999999999357438","0.9058","2.3549999999999995","0.5472","452.9","1356.7","0","0","false","0.353883495145631","0","0.472","3.299999999999997","0.472","0.4861995753715499","0.5535438286597483","0.5606060606060606","0.4745762711864407","998","1498","0","7.105427357601002E-14","1.5987211554602254E-14","true","true","true"
"167","310167","B-good","true","500","310167","B-good","500","125","5000","0.44999999999999996","0","61","0.49711680111427226","0.5","30","75","0.9999999999979499","0.8326","4.184999999999994","0.5482","416.3","1246.9","0","0","false","0.44999999999999996","0","0.488","3.1999999999999975","0.488","0.4970131421744325","0.5584914724957963","0.5","0.4918032786885246","998","1498","0","7.105427357601002E-14","2.6645352591003757E-14","true","true","true"
"168","310168","B-good","true","500","310168","B-good","500","125","5000","0.9431811237123936","1","86","0.6129403875294664","0.65","43.2","75","0.9999999600524333","0.9216","1.959999999999998","0.5446","460.8","1380.4","0","0","false","0.9431811237123936","1","0.688","1.9500000000000017","0.688","0.5637755102040817","0.54296875","0.38461538461538464","0.5813953488372093","998","1498","0","7.105427357601002E-14","1.9539925233402755E-14","true","true","true"
"169","310169","B-good","true","500","310169","B-good","500","125","5000","0.2682825988187187","0","43","0.8304907482056281","1","54.6","75","0.9999999999834882","0.9696","0.7600000000000007","0.5536","484.8","1452.4","0","0","false","0.2682825988187187","0","0.344","4.099999999999994","0.344","0.48026315789473684","0.5558993399339934","0.524390243902439","0.4418604651162791","998","1498","0","1.0658141036401503E-13","8.881784197001252E-15","true","true","true"
"170","310170","B-good","true","500","310170","B-good","500","125","5000","0.646116504854369","1","75","0.4644752486065025","0.3","37.8","75","0.9999998222365674","0.8586","3.5349999999999966","0.5408","429.3","1285.9","0","0","false","0.646116504854369","1","0.6","2.5","0.6","0.49222065063649223","0.5488003726997438","0.54","0.52","998","1498","0","7.815970093361102E-14","2.220446049250313E-14","true","true","true"
"171","310171","B-good","true","500","310171","B-good","500","125","5000","0.8029278364278081","1","85","0.7381807885935561","0.9","46.8","75","0.9999999206191955","0.9318","1.7049999999999987","0.544","465.9","1395.7","0","0","false","0.8029278364278081","1","0.68","2.0000000000000018","0.68","0.4574780058651026","0.5503326894183301","0.475","0.5411764705882353","998","1498","0","7.105427357601002E-14","2.4868995751603507E-14","true","true","true"
"172","310172","B-good","true","500","310172","B-good","500","125","5000","0.9822491904206395","1","72","0.7387087159963653","0.9","44.7","75","0.9999999984981484","0.9724","0.6900000000000006","0.5438","486.2","1456.6","0","0","false","0.9822491904206395","1","0.576","2.6499999999999995","0.576","0.42028985507246375","0.5473056355409297","0.5094339622641509","0.6388888888888888","998","1498","0","9.237055564881302E-14","2.6645352591003757E-15","true","true","true"
"173","310173","B-good","true","500","310173","B-good","500","125","5000","0.9009100727155935","1","83","0.7864489122831604","0.9","51.3","75","0.9999998814489575","0.9698","0.7550000000000006","0.5492","484.9","1452.7","0","0","false","0.9009100727155935","1","0.664","2.1000000000000014","0.664","0.5165562913907285","0.5502165394926789","0.5","0.5662650602409639","998","1498","0","9.947598300641403E-14","4.440892098500626E-16","true","true","true"
"174","310174","B-good","true","500","310174","B-good","500","125","5000","0.5","0.5","102","0.8372652431451904","1","43.8","75","0.9999999999935459","0.9604","0.9900000000000005","0.5674","480.2","1438.6","0","0","false","0.5","0.5","0.816","1.150000000000001","0.816","0.5707070707070707","0.5672636401499376","0.5652173913043478","0.5","998","1498","0","1.1368683772161603E-13","2.6645352591003757E-15","true","true","true"
"175","310175","B-good","true","500","310175","B-good","500","125","5000","0.832766961303352","1","72","0.4841692183063304","0.5","42.3","75","0.9999999995302089","0.883","2.925","0.5534","441.5","1322.5","0","0","false","0.832766961303352","1","0.576","2.6499999999999995","0.576","0.5247863247863248","0.5571913929784824","0.4716981132075472","0.5555555555555556","998","1498","0","9.237055564881302E-14","2.042810365310288E-14","true","true","true"
"176","310176","B-good","true","500","310176","B-good","500","125","5000","0.3094519384963682","0","44","0.5435354013527987","0.6","46.2","75","0.9999999998934742","0.9304","1.7399999999999984","0.5516","465.2","1393.6","0","0","false","0.3094519384963682","0","0.352","4.0499999999999945","0.352","0.5172413793103449","0.554170249355116","0.4444444444444444","0.45454545454545453","998","1498","0","7.815970093361102E-14","1.687538997430238E-14","true","true","true"
"177","310177","B-good","true","500","310177","B-good","500","125","5000","0.6905480615036318","1","72","0.7600322905563546","1","54.6","75","0.9999999999637927","0.9344","1.6400000000000001","0.5582","467.2","1399.6","0","0","false","0.6905480615036318","1","0.576","2.6499999999999995","0.576","0.5609756097560976","0.5580051369863014","0.39622641509433965","0.5277777777777778","998","1498","0","9.947598300641403E-14","7.993605777301127E-15","true","true","true"
"178","310178","B-good","true","500","310178","B-good","500","125","5000","0.5","0.5","60","0.7024959617372722","0.8","42","75","0.9999970315022813","0.8962","2.5950000000000006","0.5464","448.1","1342.3","0","0","false","0.5","0.5","0.48","3.2499999999999973","0.48","0.5375722543352601","0.547422450345905","0.5230769230769231","0.5","998","1498","0","7.815970093361102E-14","1.0658141036401503E-14","true","true","true"
"179","310179","B-good","true","500","310179","B-good","500","125","5000","0.9680589764391282","1","111","0.5471163515272773","0.5","40.2","75","0.9999999975788976","0.948","1.300000000000001","0.5476","474","1420","0","0","false","0.9680589764391282","1","0.888","0.7000000000000006","0.888","0.5269230769230769","0.5487341772151899","0.7142857142857143","0.5765765765765766","998","1498","0","7.815970093361102E-14","8.881784197001252E-16","true","true","true"
"180","310180","B-good","true","500","310180","B-good","500","125","5000","0.9431811237123936","1","94","0.6746180162551987","0.8","45.3","75","0.9999999834753298","0.949","1.2750000000000001","0.5512","474.5","1421.5","0","0","false","0.9431811237123936","1","0.752","1.5500000000000014","0.752","0.5254901960784314","0.552581664910432","0.5483870967741935","0.574468085106383","998","1498","0","9.237055564881302E-14","4.440892098500626E-15","true","true","true"
"181","310181","B-good","true","500","310181","B-good","500","125","5000","0.5990099009900991","1","60","0.693906572963862","0.75","46.2","75","0.998789178826869","0.8162","4.595000000000004","0.526","408.1","1222.3","0.006","0","false","0.5990099009900991","1","0.48","3.2499999999999973","0.48","0.49510337323177367","0.5329576084293065","0.6","0.5166666666666667","998","1498","0","4.973799150320701E-14","2.3092638912203256E-14","true","true","true"
"182","310182","B-good","true","500","310182","B-good","500","125","5000","0.9822491904206395","1","104","0.6569293560493006","0.7","46.8","75","0.9999999578487438","0.9074","2.314999999999997","0.542","453.7","1359.1","0","0","false","0.9822491904206395","1","0.832","1.050000000000001","0.832","0.4816414686825054","0.548159576812872","0.5238095238095238","0.5961538461538461","998","1498","0","7.815970093361102E-14","2.4868995751603507E-14","true","true","true"
"183","310183","B-good","true","500","310183","B-good","500","125","5000","0.8814994686598715","1","86","0.7770026104696321","0.9","49.2","75","0.9999999998703452","0.9498","1.2550000000000003","0.55","474.9","1422.7","0","0","false","0.8814994686598715","1","0.688","1.9500000000000017","0.688","0.47410358565737054","0.5540113708149084","0.5128205128205128","0.5581395348837209","998","1498","0","8.526512829121202E-14","7.993605777301127E-15","true","true","true"
"184","310184","B-good","true","500","310184","B-good","500","125","5000","0.7317174011812813","1","85","0.6271187624768986","0.7","40.2","75","0.9999999999999994","0.9628","0.9300000000000008","0.57","481.4","1442.2","0","0","false","0.7317174011812813","1","0.68","2.0000000000000018","0.68","0.5376344086021505","0.5712505193186539","0.475","0.5294117647058824","998","1498","0","1.1368683772161603E-13","0","true","true","true"
"185","310185","B-good","true","500","310185","B-good","500","125","5000","0.23076011223611606","0","50","0.6638156885944815","0.7","43.2","75","0.9999999971404776","0.923","1.9249999999999994","0.5466","461.5","1382.5","0","0","false","0.23076011223611606","0","0.4","3.7499999999999956","0.4","0.4857142857142857","0.5516793066088841","0.44","0.44","998","1498","0","9.237055564881302E-14","8.881784197001252E-15","true","true","true"
"186","310186","B-good","true","500","310186","B-good","500","125","5000","0.5990099009900991","1","64","0.7368610094355484","1","45","75","0.9999999997538733","0.9468","1.3300000000000005","0.5538","473.4","1418.2","0","0","false","0.5990099009900991","1","0.512","3.049999999999998","0.512","0.49624060150375937","0.5570342205323194","0.4426229508196721","0.515625","998","1498","0","8.526512829121202E-14","8.881784197001252E-15","true","true","true"
"187","310187","B-good","true","500","310187","B-good","500","125","5000","0.9680589764391282","1","71","0.7498818944632396","0.85","45.3","75","0.9999999999998993","0.9668","0.8300000000000007","0.5548","483.4","1448.2","0","0","false","0.9680589764391282","1","0.568","2.6999999999999993","0.568","0.5180722891566265","0.5560612329333885","0.46296296296296297","0.6197183098591549","998","1498","0","9.237055564881302E-14","3.1086244689504383E-15","true","true","true"
"188","310188","B-good","true","500","310188","B-good","500","125","5000","0.3094519384963682","0","38","0.749898366355667","0.95","44.4","75","0.9999992770095767","0.9094","2.2649999999999992","0.5396","454.7","1362.1","0","0","false","0.3094519384963682","0","0.304","4.349999999999993","0.304","0.5099337748344371","0.5425555311194193","0.5172413793103449","0.4473684210526316","998","1498","0","6.394884621840902E-14","1.0658141036401503E-14","true","true","true"
"189","310189","B-good","true","500","310189","B-good","500","125","5000","0.9612361174447144","1","88","0.48070269907731394","0.4","46.2","75","0.9998790613740628","0.8072","4.820000000000013","0.5388","403.6","1208.8","0.002","0","false","0.9612361174447144","1","0.704","1.8500000000000016","0.704","0.5155601659751037","0.5443508424182358","0.6486486486486487","0.5909090909090909","998","1498","0","8.526512829121202E-14","7.815970093361102E-14","true","true","true"
"191","310191","B-good","true","500","310191","B-good","500","125","5000","0.8814994686598715","1","92","0.811625369041265","1","48.9","75","0.9999999735694114","0.9734","0.6650000000000006","0.5504","486.7","1458.1","0","0","false","0.8814994686598715","1","0.736","1.6500000000000015","0.736","0.518796992481203","0.5512636120813643","0.696969696969697","0.5543478260869565","998","1498","0","1.0658141036401503E-13","0","true","true","true"
"190","310190","B-good","true","500","310190","B-good","500","125","5000","0.832766961303352","1","60","0.7461787242257067","0.8","43.5","75","0.9999999789489774","0.9636","0.9100000000000007","0.5392","481.8","1443.4","0","0","false","0.832766961303352","1","0.48","3.2499999999999973","0.48","0.4945054945054945","0.5408883354088834","0.5538461538461539","0.5666666666666667","998","1498","0","5.6843418860808015E-14","5.329070518200751E-15","true","true","true"
"192","310192","B-good","true","500","310192","B-good","500","125","5000","0.9783898101507787","1","95","0.6544386750136211","0.75","39.9","75","0.9999999025970296","0.953","1.1750000000000005","0.5408","476.5","1427.5","0","0","false","0.9783898101507787","1","0.76","1.5000000000000013","0.76","0.46808510638297873","0.544386149003148","0.6","0.6","998","1498","0","7.105427357601002E-14","4.440892098500626E-15","true","true","true"
"193","310193","B-good","true","500","310193","B-good","500","125","5000","0.3094519384963682","0","42","0.8867521297766828","0.9","54.3","75","0.9999999980777783","0.92","1.999999999999999","0.5548","460","1378","0","0","false","0.3094519384963682","0","0.336","4.149999999999994","0.336","0.51","0.558695652173913","0.5060240963855421","0.4523809523809524","998","1498","0","9.947598300641403E-14","1.3322676295501878E-14","true","true","true"
"194","310194","B-good","true","500","310194","B-good","500","125","5000","0.353883495145631","0","37","0.8147431013165292","0.85","50.4","75","0.9999999999754792","0.9572","1.07","0.5468","478.6","1433.8","0","0","false","0.353883495145631","0","0.296","4.399999999999993","0.296","0.49065420560747663","0.5493104889260343","0.48863636363636365","0.4594594594594595","998","1498","0","8.526512829121202E-14","1.0658141036401503E-14","true","true","true"
"195","310195","B-good","true","500","310195","B-good","500","125","5000","0.9822491904206395","1","96","0.5579848960746843","0.5","34.5","75","0.9997605491315212","0.7584","6.040000000000019","0.5324","379.2","1135.6","0.01","0","false","0.9822491904206395","1","0.768","1.4500000000000013","0.768","0.5049668874172185","0.5411392405063291","0.5517241379310345","0.6041666666666666","998","1498","0","6.039613253960852E-14","8.526512829121202E-14","true","true","true"
"196","310196","B-good","true","500","310196","B-good","500","125","5000","0.9530265597482369","1","71","0.41859435875887535","0.35","33","75","0.9832499789431595","0.8518","3.7050000000000116","0.537","425.9","1275.7","0.01","0","false","0.9530265597482369","1","0.568","2.6999999999999993","0.568","0.4966261808367072","0.5440244188776708","0.46296296296296297","0.6056338028169014","998","1498","0","8.526512829121202E-14","1.1013412404281553E-13","true","true","true"
"197","310197","B-good","true","500","310197","B-good","500","125","5000","0.8029278364278081","1","87","0.752691801838727","0.7","52.8","75","0.999999999990222","0.9608","0.9800000000000008","0.5498","480.4","1439.2","0","0","false","0.8029278364278081","1","0.696","1.9000000000000017","0.696","0.5","0.5518318068276437","0.39473684210526316","0.5402298850574713","998","1498","0","7.815970093361102E-14","0","true","true","true"
"198","310198","B-good","true","500","310198","B-good","500","125","5000","0.9009100727155935","1","97","0.7294982904238754","0.7","49.5","75","0.9999404082878283","0.9352","1.6199999999999988","0.5492","467.6","1400.8","0","0","false","0.9009100727155935","1","0.776","1.4000000000000012","0.776","0.5030864197530864","0.5523952095808383","0.39285714285714285","0.5567010309278351","998","1498","0","9.947598300641403E-14","2.398081733190338E-14","true","true","true"
"199","310199","B-good","true","500","310199","B-good","500","125","5000","0.2682825988187187","0","37","0.7608330511206163","0.8","55.5","75","0.9999401245080071","0.8888","2.780000000000008","0.5568","444.4","1331.2","0","0","false","0.2682825988187187","0","0.296","4.399999999999993","0.296","0.5251798561151079","0.5607560756075608","0.5","0.43243243243243246","998","1498","0","1.2789769243681803E-13","7.993605777301127E-14","true","true","true"
"200","310200","B-good","true","500","310200","B-good","500","125","5000","0.1411178623772057","0","31","0.5220348055650066","0.45","43.8","75","0.9999999999971075","0.96","1.000000000000001","0.5586","480","1438","0","0","false","0.1411178623772057","0","0.248","4.699999999999992","0.248","0.505","0.5608333333333333","0.5638297872340425","0.3548387096774194","998","1498","0","9.947598300641403E-14","1.2434497875801753E-14","true","true","true"
"201","310201","B-good","true","500","310201","B-good","500","125","5000","0.55","1","73","0.5373484219933672","0.5","33.3","75","0.902159157423012","0.7502","6.245000000000022","0.5444","375.1","1123.7","0.114","0.1","false","0.55","1","0.584","2.5999999999999996","0.584","0.5292233787029623","0.5494534790722474","0.5769230769230769","0.5068493150684932","998","1498","0","9.947598300641403E-14","1.8118839761882555E-13","true","true","true"
"202","310202","B-good","true","500","310202","B-good","500","125","5000","0.09908992728440649","0","23","0.7389126865776698","1","40.8","75","0.999999805805469","0.9208","1.979999999999998","0.5402","460.4","1379.2","0","0","false","0.09908992728440649","0","0.184","5.099999999999991","0.184","0.5050505050505051","0.5432232841007819","0.5392156862745098","0.2608695652173913","998","1498","0","7.815970093361102E-14","1.4210854715202004E-14","true","true","true"
"203","310203","B-good","true","500","310203","B-good","500","125","5000","0.23076011223611606","0","32","0.6299400682436385","0.7","46.2","75","0.9999999930209578","0.8382","4.044999999999998","0.5376","419.1","1255.3","0","0","false","0.23076011223611606","0","0.256","4.649999999999992","0.256","0.49814585908529047","0.5452159389167264","0.5053763440860215","0.40625","998","1498","0","5.6843418860808015E-14","2.1316282072803006E-14","true","true","true"
"204","310204","B-good","true","500","310204","B-good","500","125","5000","0.9530265597482369","1","91","0.712979724519979","0.8","49.8","75","0.9999996017134805","0.9558","1.1050000000000006","0.5398","477.9","1431.7","0","0","false","0.9530265597482369","1","0.728","1.7000000000000015","0.728","0.502262443438914","0.5415358861686546","0.5","0.5824175824175825","998","1498","0","7.105427357601002E-14","2.6645352591003757E-15","true","true","true"
"205","310205","B-good","true","500","310205","B-good","500","125","5000","0.8814994686598715","1","98","0.7027194052648683","0.8","44.1","75","0.9999932952540627","0.9284","1.7899999999999985","0.539","464.2","1390.6","0","0","false","0.8814994686598715","1","0.784","1.3500000000000012","0.784","0.5251396648044693","0.540068935803533","0.5185185185185185","0.5510204081632653","998","1498","0","7.815970093361102E-14","1.9539925233402755E-14","true","true","true"
"206","310206","B-good","true","500","310206","B-good","500","125","5000","0.9680589764391282","1","103","0.8165612646666874","1","55.5","75","0.9999999349366624","0.965","0.8750000000000003","0.5478","482.5","1445.5","0","0","false","0.9680589764391282","1","0.824","1.100000000000001","0.824","0.4857142857142857","0.5500518134715026","0.45454545454545453","0.5825242718446602","998","1498","0","8.526512829121202E-14","3.552713678800501E-15","true","true","true"
"207","310207","B-good","true","500","310207","B-good","500","125","5000","0.9314206186232206","1","93","0.8500331633603485","1","53.1","75","0.9999931966171365","0.9628","0.9300000000000004","0.5376","481.4","1442.2","0","0","false","0.9314206186232206","1","0.744","1.6000000000000014","0.744","0.5376344086021505","0.5375986705442459","0.625","0.5698924731182796","998","1498","0","6.039613253960852E-14","3.1086244689504383E-15","true","true","true"
"208","310208","B-good","true","500","310208","B-good","500","125","5000","0.8588821376227943","1","75","0.3368053582156368","0.2","30.3","75","0.9997565300403888","0.8548","3.6300000000000003","0.5322","427.4","1280.2","0","0","false","0.8588821376227943","1","0.6","2.5","0.6","0.48484848484848486","0.5402433317735142","0.5","0.56","998","1498","0","6.394884621840902E-14","1.0658141036401503E-14","true","true","true"
"209","310209","B-good","true","500","310209","B-good","500","125","5000","0.3094519384963682","0","64","0.6375840178824167","0.65","44.1","75","0.9999903750445821","0.89","2.750000000000004","0.5462","445","1333","0","0","false","0.3094519384963682","0","0.512","3.049999999999998","0.512","0.4818181818181818","0.5541573033707865","0.4426229508196721","0.46875","998","1498","0","9.237055564881302E-14","1.5987211554602254E-14","true","true","true"
"210","310210","B-good","true","500","310210","B-good","500","125","5000","0.7692398877638839","1","86","0.5915446586397307","0.7","43.8","75","0.9999999983896384","0.8702","3.2449999999999983","0.531","435.1","1303.3","0","0","false","0.7692398877638839","1","0.688","1.9500000000000017","0.688","0.44838212634822805","0.543323373937026","0.5128205128205128","0.5348837209302325","998","1498","0","5.6843418860808015E-14","2.3092638912203256E-14","true","true","true"
"211","310211","B-good","true","500","310211","B-good","500","125","5000","0.8588821376227943","1","89","0.7250020052812935","0.9","41.4","75","0.9999990884843202","0.9638","0.9050000000000009","0.5378","481.9","1443.7","0","0","false","0.8588821376227943","1","0.712","1.8000000000000016","0.712","0.44751381215469616","0.5411911184893131","0.5","0.550561797752809","998","1498","0","8.526512829121202E-14","0","true","true","true"
"212","310212","B-good","true","500","310212","B-good","500","125","5000","0.8588821376227943","1","81","0.7516114563042369","0.7","52.8","75","0.9999997042228419","0.8936","2.6599999999999993","0.5404","446.8","1338.4","0","0","false","0.8588821376227943","1","0.648","2.200000000000001","0.648","0.5225563909774437","0.5425246195165622","0.5","0.5555555555555556","998","1498","0","7.105427357601002E-14","2.4868995751603507E-14","true","true","true"
"213","310213","B-good","true","500","310213","B-good","500","125","5000","0.9612361174447144","1","116","0.5611749112920154","0.4","42","75","0.9999882533865471","0.831","4.225000000000006","0.525","415.5","1244.5","0","0","false","0.9612361174447144","1","0.928","0.4500000000000004","0.928","0.463905325443787","0.537424789410349","0.5555555555555556","0.5689655172413793","998","1498","0","5.3290705182007514E-14","6.572520305780927E-14","true","true","true"
"214","310214","B-good","true","500","310214","B-good","500","125","5000","0.9934177025814358","1","115","0.5435065741083974","0.4","37.2","75","0.9499856218509926","0.8546","3.635000000000008","0.5326","427.3","1279.9","0.066","0.1","false","0.9934177025814358","1","0.92","0.5000000000000004","0.92","0.48418156808803303","0.5408378188626258","0.6","0.6086956521739131","998","1498","0","6.394884621840902E-14","8.526512829121202E-14","true","true","true"
"215","310215","B-good","true","500","310215","B-good","500","125","5000","0.832766961303352","1","90","0.5357395637277614","0.55","45.9","75","0.9999999999874378","0.9438","1.4050000000000007","0.5476","471.9","1413.7","0","0","false","0.832766961303352","1","0.72","1.7500000000000016","0.72","0.5088967971530249","0.5499046408137317","0.4","0.5444444444444444","998","1498","0","7.105427357601002E-14","4.884981308350689E-15","true","true","true"
"216","310216","B-good","true","500","310216","B-good","500","125","5000","0.3094519384963682","0","46","0.7638990299077717","0.9","54","75","0.9999999997255798","0.9694","0.7650000000000008","0.555","484.7","1452.1","0","0","false","0.3094519384963682","0","0.368","3.949999999999995","0.368","0.5686274509803921","0.5545698370125851","0.5569620253164557","0.45652173913043476","998","1498","0","1.0658141036401503E-13","8.881784197001252E-15","true","true","true"
"217","310217","B-good","true","500","310217","B-good","500","125","5000","0.8588821376227943","1","77","0.6680014034183183","0.7","50.7","75","0.9999999995715949","0.9662","0.8450000000000009","0.5454","483.1","1447.3","0","0","false","0.8588821376227943","1","0.616","2.4000000000000004","0.616","0.591715976331361","0.5437797557441524","0.5","0.5584415584415584","998","1498","0","6.039613253960852E-14","1.7763568394002505E-15","true","true","true"
"218","310218","B-good","true","500","310218","B-good","500","125","5000","0.3094519384963682","0","50","0.4570481145759243","0.4","34.5","75","0.9999999951075678","0.8946","2.634999999999999","0.541","447.3","1339.9","0","0","false","0.3094519384963682","0","0.4","3.7499999999999956","0.4","0.5161290322580645","0.5439302481556003","0.4666666666666667","0.46","998","1498","0","5.3290705182007514E-14","1.1546319456101628E-14","true","true","true"
"219","310219","B-good","true","500","310219","B-good","500","125","5000","0.8588821376227943","1","63","0.6900588613963969","0.8","42","75","0.999999999999635","0.914","2.1499999999999986","0.5548","457","1369","0","0","false","0.8588821376227943","1","0.504","3.099999999999998","0.504","0.5162790697674419","0.5584245076586434","0.43548387096774194","0.5714285714285714","998","1498","0","8.526512829121202E-14","1.5987211554602254E-14","true","true","true"
"220","310220","B-good","true","500","310220","B-good","500","125","5000","0.5","0.5","46","0.6517661459889005","0.8","45.3","75","0.9999999992116354","0.9008","2.480000000000001","0.5504","450.4","1349.2","0","0","false","0.5","0.5","0.368","3.949999999999995","0.368","0.5161290322580645","0.5541740674955595","0.5189873417721519","0.5","998","1498","0","7.815970093361102E-14","1.1546319456101628E-14","true","true","true"
"221","310221","B-good","true","500","310221","B-good","500","125","5000","0.2682825988187187","0","47","0.4841822393941289","0.4","38.7","75","0.999999999873286","0.8606","3.484999999999995","0.5444","430.3","1288.9","0","0","false","0.2682825988187187","0","0.376","3.899999999999995","0.376","0.5222381635581061","0.5479897745758773","0.4358974358974359","0.44680851063829785","998","1498","0","6.039613253960852E-14","2.4868995751603507E-14","true","true","true"
"222","310222","B-good","true","500","310222","B-good","500","125","5000","0.8029278364278081","1","85","0.8143609162368755","0.95","53.7","75","0.9999999927905773","0.959","1.025","0.5478","479.5","1436.5","0","0","false","0.8029278364278081","1","0.68","2.0000000000000018","0.68","0.5170731707317073","0.5491136600625651","0.6","0.5411764705882353","998","1498","0","9.947598300641403E-14","6.217248937900877E-15","true","true","true"
"223","310223","B-good","true","500","310223","B-good","500","125","5000","0.5990099009900991","1","86","0.5853924256102083","0.8","36.6","75","0.9999999999920087","0.9104","2.2399999999999993","0.5506","455.2","1363.6","0","0","false","0.5990099009900991","1","0.688","1.9500000000000017","0.688","0.49107142857142855","0.5564586994727593","0.38461538461538464","0.5116279069767442","998","1498","0","8.526512829121202E-14","2.3092638912203256E-14","true","true","true"
"224","310224","B-good","true","500","310224","B-good","500","125","5000","0.5","0.5","50","0.5143441457639362","0.55","35.7","75","0.9999999799800076","0.898","2.5499999999999985","0.5408","449","1345","0","0","false","0.5","0.5","0.4","3.7499999999999956","0.4","0.5235294117647059","0.542761692650334","0.49333333333333335","0.5","998","1498","0","7.105427357601002E-14","2.3092638912203256E-14","true","true","true"
"225","310225","B-good","true","500","310225","B-good","500","125","5000","0.167233038696648","0","20","0.806327122854932","0.9","57.6","75","0.9999999798253422","0.9292","1.769999999999999","0.5418","464.6","1391.8","0","0","false","0.167233038696648","0","0.16","5.24999999999999","0.16","0.4915254237288136","0.5456306500215239","0.4666666666666667","0.3","998","1498","0","7.815970093361102E-14","1.5987211554602254E-14","true","true","true"
"226","310226","B-good","true","500","310226","B-good","500","125","5000","0.23076011223611606","0","58","0.7050046094393547","0.7","45.9","75","0.9999999991236038","0.9068","2.329999999999997","0.5524","453.4","1358.2","0","0","false","0.23076011223611606","0","0.464","3.349999999999997","0.464","0.5128755364806867","0.5564622849580944","0.5522388059701493","0.4482758620689655","998","1498","0","8.526512829121202E-14","2.4868995751603507E-14","true","true","true"
"227","310227","B-good","true","500","310227","B-good","500","125","5000","0.6905480615036318","1","90","0.6247276159414451","0.7","46.2","75","0.9999670836786334","0.7876","5.310000000000006","0.532","393.8","1179.4","0","0","false","0.6905480615036318","1","0.72","1.7500000000000016","0.72","0.4915254237288136","0.542915185373286","0.42857142857142855","0.5222222222222223","998","1498","0","5.6843418860808015E-14","7.638334409421077E-14","true","true","true"
"228","310228","B-good","true","500","310228","B-good","500","125","5000","0.08256102523025849","0","46","0.6240282977943297","0.65","50.4","75","0.9999999999605308","0.922","1.9499999999999982","0.5566","461","1381","0","0","false","0.08256102523025849","0","0.368","3.949999999999995","0.368","0.4948717948717949","0.561822125813449","0.5822784810126582","0.3695652173913043","998","1498","0","1.2079226507921703E-13","1.3322676295501878E-14","true","true","true"
"229","310229","B-good","true","500","310229","B-good","500","125","5000","0.3094519384963682","0","38","0.8154526182108273","0.9","49.2","75","0.999999999996861","0.934","1.6499999999999992","0.5448","467","1399","0","0","false","0.3094519384963682","0","0.304","4.349999999999993","0.304","0.44242424242424244","0.55203426124197","0.4482758620689655","0.4473684210526316","998","1498","0","7.105427357601002E-14","1.0658141036401503E-14","true","true","true"
"230","310230","B-good","true","500","310230","B-good","500","125","5000","0.9174389747697416","1","80","0.5028001436436906","0.55","46.8","75","0.999999955340038","0.9092","2.269999999999999","0.5484","454.6","1361.8","0","0","false","0.9174389747697416","1","0.64","2.250000000000001","0.64","0.5","0.5532336119665641","0.35555555555555557","0.575","998","1498","0","8.526512829121202E-14","8.881784197001252E-15","true","true","true"
"231","310231","B-good","true","500","310231","B-good","500","125","5000","0.8029278364278081","1","83","0.7474528680415724","0.85","45.3","75","0.9999999707522044","0.9436","1.41","0.5498","471.8","1413.4","0","0","false","0.8029278364278081","1","0.664","2.1000000000000014","0.664","0.49645390070921985","0.552988554472234","0.40476190476190477","0.5421686746987951","998","1498","0","1.1368683772161603E-13","1.2434497875801753E-14","true","true","true"
"232","310232","B-good","true","500","310232","B-good","500","125","5000","0.9174389747697416","1","92","0.6782408536001684","0.8","45.6","75","0.9999486527038997","0.9366","1.5850000000000004","0.5292","468.3","1402.9","0.004","0","false","0.9174389747697416","1","0.736","1.6500000000000015","0.736","0.5299684542586751","0.5291479820627802","0.5757575757575758","0.5652173913043478","998","1498","0","4.618527782440651E-14","3.9968028886505635E-15","true","true","true"
"233","310233","B-good","true","500","310233","B-good","500","125","5000","0.9612361174447144","1","104","0.6411780457360561","0.7","42.9","75","0.9999999999282421","0.9656","0.8600000000000009","0.5574","482.8","1446.4","0","0","false","0.9612361174447144","1","0.832","1.050000000000001","0.832","0.5290697674418605","0.5584092792046396","0.6190476190476191","0.5769230769230769","998","1498","0","9.947598300641403E-14","0","true","true","true"
"234","310234","B-good","true","500","310234","B-good","500","125","5000","0.7692398877638839","1","72","0.6429429750488916","0.6","37.8","75","0.9999998872256619","0.8808","2.979999999999995","0.546","440.4","1319.2","0","0","false","0.7692398877638839","1","0.576","2.6499999999999995","0.576","0.5285234899328859","0.5483651226158038","0.41509433962264153","0.5416666666666666","998","1498","0","9.237055564881302E-14","2.3092638912203256E-14","true","true","true"
"235","310235","B-good","true","500","310235","B-good","500","125","5000","0.7692398877638839","1","84","0.7370635389529246","1","47.1","75","0.9999999999940223","0.9646","0.8850000000000009","0.5552","482.3","1444.9","0","0","false","0.7692398877638839","1","0.672","2.0500000000000016","0.672","0.5649717514124294","0.5548413850300643","0.43902439024390244","0.5357142857142857","998","1498","0","8.526512829121202E-14","0","true","true","true"
"236","310236","B-good","true","500","310236","B-good","500","125","5000","0.9174389747697416","1","68","0.8342626163302771","0.95","49.5","75","0.9999999999182201","0.9334","1.6649999999999991","0.5496","466.7","1398.1","0","0","false","0.9174389747697416","1","0.544","2.8499999999999988","0.544","0.4954954954954955","0.5534604671094921","0.5087719298245614","0.5882352941176471","998","1498","0","9.237055564881302E-14","1.1546319456101628E-14","true","true","true"
"237","310237","B-good","true","500","310237","B-good","500","125","5000","0.11850053134012864","0","40","0.6815559729679536","0.8","43.2","75","0.9999999923788506","0.952","1.200000000000001","0.5448","476","1426","0","0","false","0.11850053134012864","0","0.32","4.249999999999994","0.32","0.4625","0.5489495798319328","0.43529411764705883","0.375","998","1498","0","8.526512829121202E-14","9.769962616701378E-15","true","true","true"
"238","310238","B-good","true","500","310238","B-good","500","125","5000","0.2682825988187187","0","35","0.7315006819735415","0.85","39.6","75","0.9999999994471656","0.9234","1.9149999999999998","0.5484","461.7","1383.1","0","0","false","0.2682825988187187","0","0.28","4.499999999999993","0.28","0.4960835509138381","0.5527398743773013","0.5","0.42857142857142855","998","1498","0","8.526512829121202E-14","1.0658141036401503E-14","true","true","true"
"239","310239","B-good","true","500","310239","B-good","500","125","5000","0.9737137791228572","1","104","0.5362448886573504","0.55","39.9","75","0.9999998274294704","0.9034","2.414999999999999","0.5372","451.7","1353.1","0","0","false","0.9737137791228572","1","0.832","1.050000000000001","0.832","0.47619047619047616","0.5437237104272747","0.47619047619047616","0.5865384615384616","998","1498","0","6.394884621840902E-14","1.865174681370263E-14","true","true","true"
"240","310240","B-good","true","500","310240","B-good","500","125","5000","0.7317174011812813","1","83","0.893715204707191","1","49.8","75","0.9999999999992264","0.9768","0.5800000000000006","0.557","488.4","1463.2","0","0","false","0.7317174011812813","1","0.664","2.1000000000000014","0.664","0.5689655172413793","0.5567158067158067","0.5238095238095238","0.5301204819277109","998","1498","0","8.526512829121202E-14","4.440892098500626E-16","true","true","true"
"241","310241","B-good","true","500","310241","B-good","500","125","5000","0.9946080309222399","1","112","0.6174457724883348","0.65","42","75","0.9999999999834219","0.9394","1.515","0.5454","469.7","1407.1","0","0","false","0.9946080309222399","1","0.896","0.6500000000000006","0.896","0.5379537953795379","0.5458803491590377","0.3076923076923077","0.6160714285714286","998","1498","0","5.6843418860808015E-14","9.769962616701378E-15","true","true","true"
"242","310242","B-good","true","500","310242","B-good","500","125","5000","0.9530265597482369","1","73","0.6293636778398214","0.7","45","75","0.9982204094615674","0.8822","2.944999999999996","0.5384","441.1","1321.3","0.012","0","false","0.9530265597482369","1","0.584","2.5999999999999996","0.584","0.5161290322580645","0.5413738381319428","0.5961538461538461","0.6027397260273972","998","1498","0","8.526512829121202E-14","2.3092638912203256E-14","true","true","true"
"243","310243","B-good","true","500","310243","B-good","500","125","5000","0.9314206186232206","1","115","0.44490523615919936","0.3","41.4","75","0.9998376347125022","0.8854","2.8649999999999984","0.5376","442.7","1326.1","0","0","false","0.9314206186232206","1","0.92","0.5000000000000004","0.92","0.5043630017452007","0.5419019652134628","0.4","0.5565217391304348","998","1498","0","6.039613253960852E-14","1.0658141036401503E-14","true","true","true"
"244","310244","B-good","true","500","310244","B-good","500","125","5000","0.1411178623772057","0","27","0.5381875259567649","0.6","33.9","75","0.9999967485423398","0.9108","2.2299999999999986","0.531","455.4","1364.2","0","0","false","0.1411178623772057","0","0.216","4.8999999999999915","0.216","0.47085201793721976","0.5368906455862977","0.5408163265306123","0.3333333333333333","998","1498","0","6.394884621840902E-14","2.3092638912203256E-14","true","true","true"
"245","310245","B-good","true","500","310245","B-good","500","125","5000","0.646116504854369","1","83","0.8241450378885504","0.9","49.8","75","0.9999999999976886","0.9694","0.7650000000000007","0.5502","484.7","1452.1","0","0","false","0.646116504854369","1","0.664","2.1000000000000014","0.664","0.49019607843137253","0.5520940788116361","0.47619047619047616","0.5180722891566265","998","1498","0","7.815970093361102E-14","4.440892098500626E-16","true","true","true"
"247","310247","B-good","true","500","310247","B-good","500","125","5000","0.167233038696648","0","54","0.5452620938763569","0.5","41.7","75","0.9999999995841083","0.9198","2.005","0.5424","459.9","1377.7","0","0","false","0.167233038696648","0","0.432","3.5499999999999963","0.432","0.5411471321695761","0.5425092411393782","0.6056338028169014","0.42592592592592593","998","1498","0","4.618527782440651E-14","7.993605777301127E-15","true","true","true"
"246","310246","B-good","true","500","310246","B-good","500","125","5000","0.9680589764391282","1","107","0.6151550401111704","0.7","34.8","75","0.9999999999782722","0.919","2.0249999999999995","0.552","459.5","1376.5","0","0","false","0.9680589764391282","1","0.856","0.9000000000000008","0.856","0.5061728395061729","0.5560391730141458","0.6111111111111112","0.5794392523364486","998","1498","0","7.815970093361102E-14","1.509903313490213E-14","true","true","true"
"248","310248","B-good","true","500","310248","B-good","500","125","5000","0.44999999999999996","0","53","0.6000083063315386","0.7","35.7","75","0.9999999893084149","0.93","1.7499999999999996","0.544","465","1393","0","0","false","0.44999999999999996","0","0.424","3.599999999999996","0.424","0.4828571428571429","0.5486021505376344","0.4722222222222222","0.49056603773584906","998","1498","0","6.394884621840902E-14","1.0658141036401503E-14","true","true","true"
"249","310249","B-good","true","500","310249","B-good","500","125","5000","0.4009900990099009","0","46","0.5767311167044525","0.6","32.4","75","0.9999989031108478","0.8952","2.6199999999999983","0.5374","447.6","1340.8","0","0","false","0.4009900990099009","0","0.368","3.949999999999995","0.368","0.4961832061068702","0.542225201072386","0.45569620253164556","0.4782608695652174","998","1498","0","7.815970093361102E-14","1.2434497875801753E-14","true","true","true"
"250","310250","B-good","true","500","310250","B-good","500","125","5000","0.5990099009900991","1","74","0.48392563920146614","0.35","29.7","75","0.9999999998027661","0.8614","3.4649999999999954","0.5458","430.7","1290.1","0","0","false","0.5990099009900991","1","0.592","2.55","0.592","0.48484848484848486","0.5556071511492918","0.5098039215686274","0.5135135135135135","998","1498","0","9.237055564881302E-14","2.042810365310288E-14","true","true","true"
"251","310251","B-good","true","500","310251","B-good","500","125","5000","0.832766961303352","1","94","0.6565778868132846","0.6","43.2","75","0.9999999717606081","0.963","0.9250000000000009","0.5456","481.5","1442.5","0","0","false","0.832766961303352","1","0.752","1.5500000000000014","0.752","0.5135135135135135","0.5468328141225337","0.6129032258064516","0.5425531914893617","998","1498","0","7.815970093361102E-14","0","true","true","true"
"252","310252","B-good","true","500","310252","B-good","500","125","5000","0.7692398877638839","1","92","0.8147453971794276","1","46.5","75","0.9999999997118568","0.9734","0.6650000000000006","0.5498","486.7","1458.1","0","0","false","0.7692398877638839","1","0.736","1.6500000000000015","0.736","0.47368421052631576","0.5518800082186152","0.696969696969697","0.532608695652174","998","1498","0","7.815970093361102E-14","0","true","true","true"
"253","310253","B-good","true","500","310253","B-good","500","125","5000","0.9174389747697416","1","94","0.6158198152275871","0.7","42.3","75","0.999999988295713","0.9058","2.3549999999999973","0.5444","452.9","1356.7","0","0","false","0.9174389747697416","1","0.752","1.5500000000000014","0.752","0.5498938428874734","0.5438286597482888","0.4838709677419355","0.5638297872340425","998","1498","0","7.815970093361102E-14","2.220446049250313E-14","true","true","true"
"255","310255","B-good","true","500","310255","B-good","500","125","5000","0.5","0.5","54","0.601226121112333","0.65","41.4","75","0.9999999976833012","0.903","2.424999999999998","0.5396","451.5","1352.5","0","0","false","0.5","0.5","0.432","3.5499999999999963","0.432","0.5154639175257731","0.5421926910299003","0.49295774647887325","0.5","998","1498","0","7.105427357601002E-14","1.865174681370263E-14","true","true","true"
"254","310254","B-good","true","500","310254","B-good","500","125","5000","0.9530265597482369","1","81","0.6455228272162387","0.8","38.1","75","0.9999999978153824","0.9526","1.1850000000000012","0.5436","476.3","1426.9","0","0","false","0.9530265597482369","1","0.648","2.200000000000001","0.648","0.45147679324894513","0.5481839176989293","0.4090909090909091","0.5925925925925926","998","1498","0","7.815970093361102E-14","8.881784197001252E-16","true","true","true"
"256","310256","B-good","true","500","310256","B-good","500","125","5000","0.9783898101507787","1","105","0.6066919846336722","0.55","39.3","75","0.9999999453146003","0.9264","1.8399999999999999","0.546","463.2","1387.6","0","0","false","0.9783898101507787","1","0.84","1.0000000000000009","0.84","0.5190217391304348","0.5481433506044905","0.55","0.5904761904761905","998","1498","0","8.526512829121202E-14","8.881784197001252E-15","true","true","true"
"257","310257","B-good","true","500","310257","B-good","500","125","5000","0.832766961303352","1","90","0.7878348914983259","1","46.5","75","0.9999999970381444","0.972","0.7000000000000005","0.5438","486","1456","0","0","false","0.832766961303352","1","0.72","1.7500000000000016","0.72","0.42142857142857143","0.5473251028806584","0.5428571428571428","0.5444444444444444","998","1498","0","7.815970093361102E-14","0","true","true","true"
"259","310259","B-good","true","500","310259","B-good","500","125","5000","0.7317174011812813","1","55","0.6178232549548792","0.5","50.1","75","0.9999999978985381","0.93","1.75","0.5396","465","1393","0","0","false","0.7317174011812813","1","0.44","3.4999999999999964","0.44","0.44571428571428573","0.5466666666666666","0.4","0.5454545454545454","998","1498","0","7.105427357601002E-14","7.105427357601002E-15","true","true","true"
"258","310258","B-good","true","500","310258","B-good","500","125","5000","0.832766961303352","1","112","0.4171962261978502","0.3","37.8","75","0.9999999707518583","0.7878","5.304999999999999","0.544","393.9","1179.7","0","0","false","0.832766961303352","1","0.896","0.6500000000000006","0.896","0.5146088595664468","0.5519167301345519","0.5384615384615384","0.5357142857142857","998","1498","0","9.237055564881302E-14","2.3092638912203256E-14","true","true","true"
"260","310260","B-good","true","500","310260","B-good","500","125","5000","0.353883495145631","0","73","0.6432265382232958","0.7","38.7","75","0.9999998122691443","0.9448","1.380000000000001","0.5496","472.4","1415.2","0","0","false","0.353883495145631","0","0.584","2.5999999999999996","0.584","0.4927536231884058","0.5529212531752752","0.4423076923076923","0.4794520547945205","998","1498","0","9.237055564881302E-14","3.552713678800501E-15","true","true","true"
"261","310261","B-good","true","500","310261","B-good","500","125","5000","0.55","1","63","0.4616027716166358","0.6","35.4","75","0.99999999999848","0.8906","2.7349999999999977","0.5524","445.3","1333.9","0","0","false","0.55","1","0.504","3.099999999999998","0.504","0.5173674588665448","0.5567033460588368","0.5645161290322581","0.5079365079365079","998","1498","0","7.815970093361102E-14","1.865174681370263E-14","true","true","true"
"262","310262","B-good","true","500","310262","B-good","500","125","5000","0.9737137791228572","1","90","0.6503708429403664","0.7","42.9","75","0.999999999406503","0.9472","1.3200000000000007","0.5436","473.6","1418.8","0","0","false","0.9737137791228572","1","0.72","1.7500000000000016","0.72","0.4810606060606061","0.5470861486486487","0.4","0.6","998","1498","0","6.394884621840902E-14","2.220446049250313E-15","true","true","true"
"263","310263","B-good","true","500","310263","B-good","500","125","5000","0.646116504854369","1","91","0.34988690181553567","0.25","24.6","75","0.9935904274131386","0.7738","5.655000000000003","0.5254","386.9","1158.7","0.018","0","false","0.646116504854369","1","0.728","1.7000000000000015","0.728","0.502210433244916","0.5321788575859395","0.5294117647058824","0.5164835164835165","998","1498","0","5.3290705182007514E-14","8.526512829121202E-14","true","true","true"
"264","310264","B-good","true","500","310264","B-good","500","125","5000","0.8588821376227943","1","73","0.7797323050393276","0.9","43.5","75","0.9999999999970498","0.8626","3.434999999999996","0.551","431.3","1291.9","0","0","false","0.8588821376227943","1","0.584","2.5999999999999996","0.584","0.48034934497816595","0.5622536517505217","0.5","0.5616438356164384","998","1498","0","1.0658141036401503E-13","2.3092638912203256E-14","true","true","true"
"265","310265","B-good","true","500","310265","B-good","500","125","5000","0.9854295854981023","1","117","0.600351907171053","0.5","44.7","75","0.9999975495344507","0.9046","2.3849999999999976","0.5446","452.3","1354.9","0","0","false","0.9854295854981023","1","0.936","0.40000000000000036","0.936","0.49266247379454925","0.550077382268406","0.375","0.5897435897435898","998","1498","0","7.815970093361102E-14","1.9539925233402755E-14","true","true","true"
"267","310267","B-good","true","500","310267","B-good","500","125","5000","0.832766961303352","1","98","0.6468662657387654","0.6","45.9","75","0.999999999993571","0.9456","1.359999999999999","0.5518","472.8","1416.4","0","0","false","0.832766961303352","1","0.784","1.3500000000000012","0.784","0.4742647058823529","0.5562605752961083","0.5185185185185185","0.5408163265306123","998","1498","0","8.526512829121202E-14","1.687538997430238E-14","true","true","true"
"266","310266","B-good","true","500","310266","B-good","500","125","5000","0.3094519384963682","0","58","0.7292791762496174","1","45.6","75","0.9999999999875296","0.9094","2.264999999999997","0.5482","454.7","1362.1","0","0","false","0.3094519384963682","0","0.464","3.349999999999997","0.464","0.48344370860927155","0.5546514185177039","0.4925373134328358","0.46551724137931033","998","1498","0","7.815970093361102E-14","2.1316282072803006E-14","true","true","true"
"268","310268","B-good","true","500","310268","B-good","500","125","5000","0.5990099009900991","1","66","0.6602975538920398","0.75","39.3","75","0.9999271646273009","0.8906","2.7350000000000008","0.5398","445.3","1333.9","0","0","false","0.5990099009900991","1","0.528","2.9499999999999984","0.528","0.5137111517367459","0.5430047159218504","0.5084745762711864","0.5151515151515151","998","1498","0","7.815970093361102E-14","2.1316282072803006E-14","true","true","true"
"269","310269","B-good","true","500","310269","B-good","500","125","5000","0.9854295854981023","1","99","0.5799306781032136","0.65","38.4","75","0.9999999999851525","0.8904","2.739999999999997","0.5462","445.2","1333.6","0","0","false","0.9854295854981023","1","0.792","1.3000000000000012","0.792","0.5091240875912408","0.550763701707098","0.5384615384615384","0.6060606060606061","998","1498","0","6.394884621840902E-14","2.4868995751603507E-14","true","true","true"
"271","310271","B-good","true","500","310271","B-good","500","125","5000","0.2682825988187187","0","51","0.38372327370042314","0.3","29.7","75","0.9999994924783582","0.808","4.7999999999999945","0.5394","404","1210","0","0","false","0.2682825988187187","0","0.408","3.6999999999999957","0.408","0.49375","0.5502475247524753","0.47297297297297297","0.45098039215686275","998","1498","0","7.815970093361102E-14","2.220446049250313E-14","true","true","true"
"270","310270","B-good","true","500","310270","B-good","500","125","5000","0.4009900990099009","0","36","0.8612945727535409","0.9","51.9","75","0.999997587116775","0.968","0.8000000000000007","0.5344","484","1450","0","0","false","0.4009900990099009","0","0.288","4.449999999999993","0.288","0.53125","0.5345041322314049","0.5168539325842697","0.4722222222222222","998","1498","0","7.105427357601002E-14","1.0658141036401503E-14","true","true","true"
"272","310272","B-good","true","500","310272","B-good","500","125","5000","0.5990099009900991","1","78","0.60982007172332","0.7","37.5","75","0.9999999996123654","0.9072","2.3199999999999976","0.5448","453.6","1358.8","0","0","false","0.5990099009900991","1","0.624","2.3500000000000005","0.624","0.5043103448275862","0.548941798941799","0.48936170212765956","0.5128205128205128","998","1498","0","7.105427357601002E-14","1.7763568394002505E-14","true","true","true"
"273","310273","B-good","true","500","310273","B-good","500","125","5000","0.832766961303352","1","76","0.7445822478937514","0.9","48.9","75","0.9999999463563671","0.9166","2.084999999999998","0.5464","458.3","1372.9","0","0","false","0.832766961303352","1","0.608","2.45","0.608","0.5299760191846523","0.5478943923194414","0.40816326530612246","0.5526315789473685","998","1498","0","8.526512829121202E-14","1.1546319456101628E-14","true","true","true"
"274","310274","B-good","true","500","310274","B-good","500","125","5000","0.9680589764391282","1","91","0.6366329828725636","0.8","39","75","0.9999999966589161","0.9092","2.2699999999999987","0.5472","454.6","1361.8","0","0","false","0.9680589764391282","1","0.728","1.7000000000000015","0.728","0.5176211453744494","0.5501539815222173","0.6176470588235294","0.5934065934065934","998","1498","0","8.526512829121202E-14","1.3322676295501878E-14","true","true","true"
"275","310275","B-good","true","500","310275","B-good","500","125","5000","0.353883495145631","0","71","0.45285808878476386","0.45","34.8","75","0.9999999999999887","0.9216","1.9600000000000004","0.5582","460.8","1380.4","0","0","false","0.353883495145631","0","0.568","2.6999999999999993","0.568","0.5229591836734694","0.5611979166666666","0.46296296296296297","0.4788732394366197","998","1498","0","8.526512829121202E-14","5.329070518200751E-15","true","true","true"
"276","310276","B-good","true","500","310276","B-good","500","125","5000","0.55","1","65","0.7775506702251139","0.95","49.2","75","0.9999999998407224","0.978","0.5500000000000005","0.5554","489","1465","0","0","false","0.55","1","0.52","2.9999999999999982","0.52","0.5272727272727272","0.5560327198364008","0.5833333333333334","0.5076923076923077","998","1498","0","9.237055564881302E-14","4.440892098500626E-15","true","true","true"
"277","310277","B-good","true","500","310277","B-good","500","125","5000","0.3094519384963682","0","48","0.5088494951243618","0.45","37.5","75","0.9999999999900361","0.9066","2.334999999999998","0.5506","453.3","1357.9","0","0","false","0.3094519384963682","0","0.384","3.849999999999995","0.384","0.48394004282655245","0.557467460842709","0.45454545454545453","0.4583333333333333","998","1498","0","9.237055564881302E-14","1.865174681370263E-14","true","true","true"
"278","310278","B-good","true","500","310278","B-good","500","125","5000","0.1970721635721919","0","39","0.3884497132420824","0.2","30.9","75","0.9999999960108873","0.9158","2.1049999999999986","0.5466","457.9","1371.7","0","0","false","0.1970721635721919","0","0.312","4.299999999999994","0.312","0.503562945368171","0.5505568901506879","0.5465116279069767","0.41025641025641024","998","1498","0","8.526512829121202E-14","1.3322676295501878E-14","true","true","true"
"279","310279","B-good","true","500","310279","B-good","500","125","5000","0.9783898101507787","1","91","0.6188188372533444","0.65","39.9","75","0.9999999994324391","0.8934","2.664999999999997","0.5448","446.7","1338.1","0","0","false","0.9783898101507787","1","0.728","1.7000000000000015","0.728","0.49343339587242024","0.5509290351466308","0.35294117647058826","0.6043956043956044","998","1498","0","8.526512829121202E-14","2.220446049250313E-14","true","true","true"
"280","310280","B-good","true","500","310280","B-good","500","125","5000","0.5","0.5","68","0.5974067895917187","0.7","45.6","75","0.9999979339236955","0.8614","3.4649999999999976","0.5392","430.7","1290.1","0","0","false","0.5","0.5","0.544","2.8499999999999988","0.544","0.48773448773448774","0.5474808451358254","0.47368421052631576","0.5","998","1498","0","7.815970093361102E-14","2.5757174171303632E-14","true","true","true"
"281","310281","B-good","true","500","310281","B-good","500","125","5000","0.2682825988187187","0","77","0.6956249218699776","0.9","46.5","75","0.9999999950908872","0.9688","0.7800000000000008","0.5578","484.4","1451.2","0","0","false","0.2682825988187187","0","0.616","2.4000000000000004","0.616","0.5576923076923077","0.5578034682080925","0.3958333333333333","0.4675324675324675","998","1498","0","9.947598300641403E-14","1.7763568394002505E-15","true","true","true"
"283","310283","B-good","true","500","310283","B-good","500","125","5000","0.8588821376227943","1","97","0.6025164672268829","0.6","47.4","75","0.9999999994575373","0.9614","0.965000000000001","0.5406","480.7","1440.1","0","0","false","0.8588821376227943","1","0.776","1.4000000000000012","0.776","0.44559585492227977","0.5444143956729769","0.5714285714285714","0.5463917525773195","998","1498","0","5.3290705182007514E-14","0","true","true","true"
"282","310282","B-good","true","500","310282","B-good","500","125","5000","0.646116504854369","1","61","0.6599956579324829","0.75","47.7","75","0.9999999985713615","0.953","1.1750000000000005","0.5406","476.5","1427.5","0","0","false","0.646116504854369","1","0.488","3.1999999999999975","0.488","0.49361702127659574","0.5429171038824764","0.46875","0.5245901639344263","998","1498","0","7.105427357601002E-14","5.329070518200751E-15","true","true","true"
"284","310284","B-good","true","500","310284","B-good","500","125","5000","0.6905480615036318","1","64","0.5263110192499412","0.45","36.3","75","0.9999731894882125","0.8868","2.8299999999999974","0.5472","443.4","1328.2","0","0","false","0.6905480615036318","1","0.512","3.049999999999998","0.512","0.4876325088339223","0.5548037889039242","0.45901639344262296","0.53125","998","1498","0","1.0658141036401503E-13","2.3092638912203256E-14","true","true","true"
"285","310285","B-good","true","500","310285","B-good","500","125","5000","0.1970721635721919","0","51","0.7684026926042576","0.9","40.2","75","0.9999999996717909","0.9656","0.8600000000000009","0.5476","482.8","1446.4","0","0","false","0.1970721635721919","0","0.408","3.6999999999999957","0.408","0.5058139534883721","0.5490886495443248","0.36486486486486486","0.43137254901960786","998","1498","0","7.105427357601002E-14","7.549516567451064E-15","true","true","true"
"287","310287","B-good","true","500","310287","B-good","500","125","5000","0.9783898101507787","1","113","0.5716315422560799","0.65","43.8","75","0.9999124365602483","0.927","1.8250000000000004","0.5318","463.5","1388.5","0.002","0","false","0.9783898101507787","1","0.904","0.6000000000000005","0.904","0.4931506849315068","0.5348435814455232","0.5833333333333334","0.584070796460177","998","1498","0","5.3290705182007514E-14","4.440892098500626E-15","true","true","true"
"286","310286","B-good","true","500","310286","B-good","500","125","5000","0.9963840547280801","1","110","0.737537903964048","0.8","49.5","75","0.9999999999912601","0.9658","0.8550000000000008","0.5534","482.9","1446.7","0","0","false","0.9963840547280801","1","0.88","0.7500000000000007","0.88","0.5263157894736842","0.5543590805549803","0.6","0.6272727272727273","998","1498","0","8.526512829121202E-14","0","true","true","true"
"288","310288","B-good","true","500","310288","B-good","500","125","5000","0.5","0.5","64","0.6392170522828493","0.6","39","75","0.9997563513800707","0.854","3.650000000000007","0.539","427","1279","0.018","0","false","0.5","0.5","0.512","3.049999999999998","0.512","0.4904109589041096","0.5473067915690867","0.47540983606557374","0.5","998","1498","0","9.947598300641403E-14","7.815970093361102E-14","true","true","true"
"289","310289","B-good","true","500","310289","B-good","500","125","5000","0.646116504854369","1","83","0.8362548722430985","1","61.2","75","0.9999999989359194","0.9874","0.3150000000000002","0.5554","493.7","1479.1","0","0","false","0.646116504854369","1","0.664","2.1000000000000014","0.664","0.5238095238095238","0.5558031193032206","0.5476190476190477","0.5180722891566265","998","1498","0","1.2079226507921703E-13","4.440892098500626E-16","true","true","true"
"290","310290","B-good","true","500","310290","B-good","500","125","5000","0.646116504854369","1","73","0.4775012450693765","0.5","37.2","75","0.9999999999782233","0.9276","1.81","0.549","463.8","1389.4","0","0","false","0.646116504854369","1","0.584","2.5999999999999996","0.584","0.4889502762430939","0.553686934023286","0.46153846153846156","0.5205479452054794","998","1498","0","7.105427357601002E-14","5.773159728050814E-15","true","true","true"
"291","310291","B-good","true","500","310291","B-good","500","125","5000","0.44999999999999996","0","51","0.7599894809945608","0.9","39.6","75","0.9999880045664347","0.9566","1.0850000000000009","0.5448","478.3","1432.9","0","0","false","0.44999999999999996","0","0.408","3.6999999999999957","0.408","0.5391705069124424","0.5450554045578089","0.5675675675675675","0.49019607843137253","998","1498","0","9.947598300641403E-14","7.549516567451064E-15","true","true","true"
"292","310292","B-good","true","500","310292","B-good","500","125","5000","0.832766961303352","1","92","0.7457768477152078","0.75","47.4","75","0.9999999991932373","0.9732","0.6700000000000006","0.5468","486.6","1457.8","0","0","false","0.832766961303352","1","0.736","1.6500000000000015","0.736","0.5074626865671642","0.5478832716810522","0.45454545454545453","0.5434782608695652","998","1498","0","8.526512829121202E-14","0","true","true","true"
"293","310293","B-good","true","500","310293","B-good","500","125","5000","0.353883495145631","0","49","0.700815643344056","0.7","49.5","75","0.9999999999955131","0.9582","1.0450000000000008","0.5594","479.1","1435.3","0","0","false","0.353883495145631","0","0.392","3.7999999999999954","0.392","0.5598086124401914","0.559382174911292","0.5526315789473685","0.46938775510204084","998","1498","0","1.0658141036401503E-13","7.993605777301127E-15","true","true","true"
"294","310294","B-good","true","500","310294","B-good","500","125","5000","0.9934177025814358","1","107","0.5696707899592145","0.7","43.8","75","0.9999999995457103","0.9422","1.4449999999999998","0.5536","471.1","1411.3","0","0","false","0.9934177025814358","1","0.856","0.9000000000000008","0.856","0.5397923875432526","0.5544470388452558","0.5","0.616822429906542","998","1498","0","9.947598300641403E-14","7.549516567451064E-15","true","true","true"
"295","310295","B-good","true","500","310295","B-good","500","125","5000","0.7692398877638839","1","86","0.7776728176093753","0.9","51.3","75","0.9999999999789797","0.9662","0.8450000000000006","0.5442","483.1","1447.3","0","0","false","0.7692398877638839","1","0.688","1.9500000000000017","0.688","0.46153846153846156","0.5470916994411095","0.46153846153846156","0.5348837209302325","998","1498","0","7.105427357601002E-14","1.7763568394002505E-15","true","true","true"
"296","310296","B-good","true","500","310296","B-good","500","125","5000","0.9975765116109027","1","94","0.7035474985247491","0.8","48.3","75","0.9997561167487936","0.8136","4.66000000000002","0.5394","406.8","1218.4","0.004","0","false","0.9975765116109027","1","0.752","1.5500000000000014","0.752","0.5429184549356223","0.5385939036381514","0.4838709677419355","0.6595744680851063","998","1498","0","4.973799150320701E-14","9.592326932761353E-14","true","true","true"
"297","310297","B-good","true","500","310297","B-good","500","125","5000","0.353883495145631","0","39","0.702927765367873","0.8","38.4","75","0.9999999999846108","0.9612","0.9700000000000009","0.5508","480.6","1439.8","0","0","false","0.353883495145631","0","0.312","4.299999999999994","0.312","0.5154639175257731","0.5522263836870579","0.5348837209302325","0.46153846153846156","998","1498","0","7.815970093361102E-14","1.0658141036401503E-14","true","true","true"
"298","310298","B-good","true","500","310298","B-good","500","125","5000","0.646116504854369","1","67","0.7348088364107517","1","40.2","75","0.9999999999998381","0.9654","0.8650000000000008","0.5542","482.7","1446.1","0","0","false","0.646116504854369","1","0.536","2.8999999999999986","0.536","0.45664739884393063","0.5576962916925626","0.4827586206896552","0.5223880597014925","998","1498","0","9.237055564881302E-14","3.9968028886505635E-15","true","true","true"
"299","310299","B-good","true","500","310299","B-good","500","125","5000","0.1970721635721919","0","35","0.6195387210225143","0.7","47.7","75","0.9999999998458196","0.9202","1.994999999999998","0.553","460.1","1378.3","0","0","false","0.1970721635721919","0","0.28","4.499999999999993","0.28","0.5162907268170426","0.5561834383829602","0.5666666666666667","0.4","998","1498","0","9.947598300641403E-14","1.7763568394002505E-14","true","true","true"
"301","310301","B-good","true","500","310301","B-good","500","125","5000","0.8588821376227943","1","99","0.6398373947638247","0.8","40.2","75","0.9999333527115963","0.927","1.8249999999999993","0.5418","463.5","1388.5","0","0","false","0.8588821376227943","1","0.792","1.3000000000000012","0.792","0.5068493150684932","0.5445523193096009","0.46153846153846156","0.5454545454545454","998","1498","0","8.526512829121202E-14","2.220446049250313E-14","true","true","true"
"300","310300","B-good","true","500","310300","B-good","500","125","5000","0.8588821376227943","1","75","0.47271132591410686","0.45","38.4","75","0.9999999999660162","0.9426","1.435000000000001","0.548","471.3","1411.9","0","0","false","0.8588821376227943","1","0.6","2.5","0.6","0.5121951219512195","0.5501803522172714","0.48","0.56","998","1498","0","7.105427357601002E-14","2.220446049250313E-15","true","true","true"
"302","310302","B-good","true","500","310302","B-good","500","125","5000","0.8029278364278081","1","83","0.6172577390508673","0.8","41.7","75","0.9999999997602105","0.9466","1.3350000000000002","0.5466","473.3","1417.9","0","0","false","0.8029278364278081","1","0.664","2.1000000000000014","0.664","0.44569288389513106","0.5522924149587999","0.5238095238095238","0.5421686746987951","998","1498","0","7.815970093361102E-14","6.217248937900877E-15","true","true","true"
"303","310303","B-good","true","500","310303","B-good","500","125","5000","0.9822491904206395","1","94","0.666214246182152","0.65","45","75","0.99999998937454","0.95","1.2499999999999996","0.551","475","1423","0","0","false","0.9822491904206395","1","0.752","1.5500000000000014","0.752","0.496","0.5538947368421052","0.5161290322580645","0.6063829787234043","998","1498","0","9.237055564881302E-14","1.4210854715202004E-14","true","true","true"
"304","310304","B-good","true","500","310304","B-good","500","125","5000","0.9919667203630474","1","86","0.7969513512203059","1","46.5","75","0.9999999761915846","0.9534","1.1650000000000005","0.5516","476.7","1428.1","0","0","false","0.9919667203630474","1","0.688","1.9500000000000017","0.688","0.5064377682403434","0.5538074260541221","0.38461538461538464","0.6395348837209303","998","1498","0","9.947598300641403E-14","3.1086244689504383E-15","true","true","true"
"305","310305","B-good","true","500","310305","B-good","500","125","5000","0.9880470865159074","1","104","0.8045878580740476","0.95","48.9","75","0.9999992784519437","0.9494","1.2650000000000001","0.5452","474.7","1422.1","0","0","false","0.9880470865159074","1","0.832","1.050000000000001","0.832","0.5019762845849802","0.5475036865388666","0.38095238095238093","0.6057692307692307","998","1498","0","7.105427357601002E-14","8.881784197001252E-15","true","true","true"
"306","310306","B-good","true","500","310306","B-good","500","125","5000","0.3094519384963682","0","50","0.5972994752172196","0.75","38.7","75","0.999999996793651","0.9576","1.060000000000001","0.553","478.8","1434.4","0","0","false","0.3094519384963682","0","0.4","3.7499999999999956","0.4","0.4811320754716981","0.5561821219715957","0.49333333333333335","0.46","998","1498","0","1.0658141036401503E-13","7.993605777301127E-15","true","true","true"
"307","310307","B-good","true","500","310307","B-good","500","125","5000","0.3094519384963682","0","56","0.4855520812870666","0.3","35.7","75","0.9999946454716193","0.9008","2.479999999999998","0.5414","450.4","1349.2","0","0","false","0.3094519384963682","0","0.448","3.4499999999999966","0.448","0.532258064516129","0.5424067495559503","0.5217391304347826","0.4642857142857143","998","1498","0","8.526512829121202E-14","1.5987211554602254E-14","true","true","true"
"308","310308","B-good","true","500","310308","B-good","500","125","5000","0.9737137791228572","1","96","0.6251221609506172","0.6","41.4","75","0.9999971860503274","0.8482","3.7950000000000044","0.5426","424.1","1270.3","0","0","false","0.9737137791228572","1","0.768","1.4500000000000013","0.768","0.5046113306982872","0.5493987267153974","0.4827586206896552","0.59375","998","1498","0","9.237055564881302E-14","5.861977570020827E-14","true","true","true"
"309","310309","B-good","true","500","310309","B-good","500","125","5000","0.9996010028164327","1","115","0.7812361433182076","0.95","50.7","75","0.9999999999886813","0.9606","0.9850000000000005","0.5526","480.3","1438.9","0","0","false","0.9996010028164327","1","0.92","0.5000000000000004","0.92","0.5482233502538071","0.5527795128044972","0.6","0.6695652173913044","998","1498","0","7.815970093361102E-14","4.440892098500626E-15","true","true","true"
"310","310310","B-good","true","500","310310","B-good","500","125","5000","0.7692398877638839","1","60","0.7801064223446359","0.95","44.7","75","0.9999999940786315","0.9464","1.3399999999999999","0.5488","473.2","1417.6","0","0","false","0.7692398877638839","1","0.48","3.2499999999999973","0.48","0.4664179104477612","0.5534657650042265","0.4461538461538462","0.55","998","1498","0","8.526512829121202E-14","9.769962616701378E-15","true","true","true"
"311","310311","B-good","true","500","310311","B-good","500","125","5000","0.5","0.5","66","0.6754060301056057","0.65","39.6","75","0.9999363931917088","0.8648","3.3800000000000034","0.5322","432.4","1295.2","0","0","false","0.5","0.5","0.528","2.9499999999999984","0.528","0.4822485207100592","0.540009250693802","0.4576271186440678","0.5","998","1498","0","6.394884621840902E-14","1.4210854715202004E-14","true","true","true"
"312","310312","B-good","true","500","310312","B-good","500","125","5000","0.7692398877638839","1","76","0.6217939607753913","0.75","45.6","75","0.9999997179892304","0.8956","2.610000000000002","0.542","447.8","1341.4","0","0","false","0.7692398877638839","1","0.608","2.45","0.608","0.5363984674329502","0.5426529700759267","0.5510204081632653","0.5394736842105263","998","1498","0","7.815970093361102E-14","1.2434497875801753E-14","true","true","true"
"314","310314","B-good","true","500","310314","B-good","500","125","5000","0.9783898101507787","1","95","0.6338767005032647","0.85","36.6","75","0.9999999992087478","0.9032","2.4199999999999986","0.547","451.6","1352.8","0","0","false","0.9783898101507787","1","0.76","1.5000000000000013","0.76","0.49586776859504134","0.5524800708591674","0.4666666666666667","0.6","998","1498","0","9.237055564881302E-14","1.4210854715202004E-14","true","true","true"
"313","310313","B-good","true","500","310313","B-good","500","125","5000","0.7692398877638839","1","86","0.6471751997523174","0.75","45","75","0.9999999996851099","0.9556","1.1100000000000008","0.5474","477.8","1431.4","0","0","false","0.7692398877638839","1","0.688","1.9500000000000017","0.688","0.4369369369369369","0.5525324403516115","0.5641025641025641","0.5348837209302325","998","1498","0","9.947598300641403E-14","2.220446049250313E-15","true","true","true"
"315","310315","B-good","true","500","310315","B-good","500","125","5000","0.7317174011812813","1","81","0.6975490525221482","0.75","40.2","75","0.9999999999503926","0.957","1.0750000000000008","0.5444","478.5","1433.5","0","0","false","0.7317174011812813","1","0.648","2.200000000000001","0.648","0.4790697674418605","0.5473354231974922","0.5454545454545454","0.5308641975308642","998","1498","0","7.815970093361102E-14","8.881784197001252E-16","true","true","true"
"316","310316","B-good","true","500","310316","B-good","500","125","5000","0.9946080309222399","1","90","0.2871902774176939","0.15","32.4","75","0.9999999979150512","0.8748","3.1299999999999977","0.541","437.4","1310.2","0","0","false","0.9946080309222399","1","0.72","1.7500000000000016","0.72","0.4936102236421725","0.547782350251486","0.5714285714285714","0.6444444444444445","998","1498","0","7.815970093361102E-14","1.865174681370263E-14","true","true","true"
"317","310317","B-good","true","500","310317","B-good","500","125","5000","0.9854295854981023","1","73","0.6098094265003999","0.55","42.6","75","0.9999403285274016","0.9094","2.264999999999999","0.5346","454.7","1362.1","0","0","false","0.9854295854981023","1","0.584","2.5999999999999996","0.584","0.44150110375275936","0.5438750824719595","0.5384615384615384","0.6438356164383562","998","1498","0","8.526512829121202E-14","2.4868995751603507E-14","true","true","true"
"318","310318","B-good","true","500","310318","B-good","500","125","5000","0.646116504854369","1","53","0.3615512838878568","0.4","26.4","75","0.9076446090435445","0.7644","5.890000000000013","0.528","382.2","1144.6","0.08","0.1","false","0.646116504854369","1","0.424","3.599999999999996","0.424","0.50169779286927","0.5361067503924647","0.5277777777777778","0.5283018867924528","998","1498","0","6.394884621840902E-14","1.5987211554602254E-13","true","true","true"
"319","310319","B-good","true","500","310319","B-good","500","125","5000","0.55","1","53","0.3220549765003011","0.2","25.5","75","0.999927095538508","0.8074","4.814999999999999","0.5308","403.7","1209.1","0","0","false","0.55","1","0.424","3.599999999999996","0.424","0.48078920041536866","0.5427297498142185","0.4861111111111111","0.5094339622641509","998","1498","0","5.6843418860808015E-14","2.4868995751603507E-14","true","true","true"
"320","310320","B-good","true","500","310320","B-good","500","125","5000","0.2682825988187187","0","27","0.640477746819349","0.8","40.2","75","0.9999998010168263","0.9016","2.459999999999998","0.5444","450.8","1350.4","0","0","false","0.2682825988187187","0","0.216","4.8999999999999915","0.216","0.5060975609756098","0.5485803016858918","0.5612244897959183","0.4074074074074074","998","1498","0","9.237055564881302E-14","1.865174681370263E-14","true","true","true"
"321","310321","B-good","true","500","310321","B-good","500","125","5000","0.3094519384963682","0","62","0.5990502475501402","0.65","35.4","75","0.9999999992131474","0.9616","0.9600000000000009","0.5492","480.8","1440.4","0","0","false","0.3094519384963682","0","0.496","3.1499999999999977","0.496","0.4635416666666667","0.5526206322795341","0.49206349206349204","0.46774193548387094","998","1498","0","7.815970093361102E-14","5.329070518200751E-15","true","true","true"
"322","310322","B-good","true","500","310322","B-good","500","125","5000","0.8588821376227943","1","85","0.7558430690441701","0.75","48.6","75","0.9999999821969207","0.8874","2.814999999999997","0.5474","443.7","1329.1","0","0","false","0.8588821376227943","1","0.68","2.0000000000000018","0.68","0.5275310834813499","0.5499211178724364","0.6","0.5529411764705883","998","1498","0","7.815970093361102E-14","1.9539925233402755E-14","true","true","true"
"323","310323","B-good","true","500","310323","B-good","500","125","5000","0.5","0.5","58","0.740905146856881","0.7","47.4","75","0.9999999991543221","0.9086","2.2849999999999997","0.544","454.3","1360.9","0","0","false","0.5","0.5","0.464","3.349999999999997","0.464","0.5010940919037199","0.548316090688972","0.5970149253731343","0.5","998","1498","0","6.039613253960852E-14","1.509903313490213E-14","true","true","true"
"324","310324","B-good","true","500","310324","B-good","500","125","5000","0.9880470865159074","1","96","0.49674105686850983","0.5","43.2","75","0.9999999999917218","0.9356","1.6100000000000008","0.5496","467.8","1401.4","0","0","false","0.9880470865159074","1","0.768","1.4500000000000013","0.768","0.5031055900621118","0.5528003420265071","0.5517241379310345","0.6145833333333334","998","1498","0","7.815970093361102E-14","2.6645352591003757E-15","true","true","true"
"326","310326","B-good","true","500","310326","B-good","500","125","5000","0.9314206186232206","1","77","0.5540097681630075","0.5","42.6","75","0.9999999999375753","0.9288","1.7799999999999994","0.5518","464.4","1391.2","0","0","false","0.9314206186232206","1","0.616","2.4000000000000004","0.616","0.5112359550561798","0.5549095607235142","0.5416666666666666","0.5844155844155844","998","1498","0","9.237055564881302E-14","1.4210854715202004E-14","true","true","true"
"325","310325","B-good","true","500","310325","B-good","500","125","5000","0.9174389747697416","1","90","0.5004578344340836","0.5","30","75","0.9994281533574281","0.8536","3.660000000000008","0.5418","426.8","1278.4","0.018","0","false","0.9174389747697416","1","0.72","1.7500000000000016","0.72","0.49863387978142076","0.549203373945642","0.5428571428571428","0.5666666666666667","998","1498","0","7.815970093361102E-14","7.283063041541027E-14","true","true","true"
"327","310327","B-good","true","500","310327","B-good","500","125","5000","0.8029278364278081","1","57","0.44641518032543315","0.6","33.3","75","0.9999999973604332","0.9192","2.0199999999999996","0.5492","459.6","1376.8","0","0","false","0.8029278364278081","1","0.456","3.399999999999997","0.456","0.5247524752475248","0.5513489991296779","0.5735294117647058","0.5614035087719298","998","1498","0","8.526512829121202E-14","1.0658141036401503E-14","true","true","true"
"328","310328","B-good","true","500","310328","B-good","500","125","5000","0.9174389747697416","1","66","0.6079997954708277","0.8","51.6","75","0.9999999999009053","0.931","1.7249999999999992","0.5484","465.5","1394.5","0","0","false","0.9174389747697416","1","0.528","2.9499999999999984","0.528","0.4753623188405797","0.5538131041890441","0.4915254237288136","0.5909090909090909","998","1498","0","9.947598300641403E-14","1.0658141036401503E-14","true","true","true"
"329","310329","B-good","true","500","310329","B-good","500","125","5000","0.44999999999999996","0","59","0.7766701779681147","0.9","46.2","75","0.9999999999999967","0.9628","0.9300000000000008","0.5604","481.4","1442.2","0","0","false","0.44999999999999996","0","0.472","3.299999999999997","0.472","0.510752688172043","0.5623182384711258","0.3939393939393939","0.4915254237288136","998","1498","0","8.526512829121202E-14","5.773159728050814E-15","true","true","true"
"330","310330","B-good","true","500","310330","B-good","500","125","5000","0.23076011223611606","0","50","0.5281717401181282","0.6","37.2","75","0.9999999999995612","0.9308","1.73","0.5528","465.4","1394.2","0","0","false","0.23076011223611606","0","0.4","3.7499999999999956","0.4","0.5","0.5567253975075204","0.56","0.44","998","1498","0","8.526512829121202E-14","7.993605777301127E-15","true","true","true"
"331","310331","B-good","true","500","310331","B-good","500","125","5000","0.9174389747697416","1","74","0.8762098358769563","1","52.2","75","0.9999999985094805","0.9772","0.5700000000000005","0.5486","488.6","1463.8","0","0","false","0.9174389747697416","1","0.592","2.55","0.592","0.49122807017543857","0.5499386000818666","0.6078431372549019","0.581081081081081","998","1498","0","9.947598300641403E-14","2.6645352591003757E-15","true","true","true"
"332","310332","B-good","true","500","310332","B-good","500","125","5000","0.4009900990099009","0","48","0.3165135812665031","0.1","28.2","75","0.9999949654989102","0.8346","4.135","0.532","417.3","1249.9","0","0","false","0.4009900990099009","0","0.384","3.849999999999995","0.384","0.49818621523579204","0.5387011742151929","0.4935064935064935","0.4791666666666667","998","1498","0","6.394884621840902E-14","2.3092638912203256E-14","true","true","true"
"333","310333","B-good","true","500","310333","B-good","500","125","5000","0.1970721635721919","0","35","0.542684380702575","0.6","39.3","75","0.9999999999999873","0.9504","1.2400000000000007","0.5686","475.2","1423.6","0","0","false","0.1970721635721919","0","0.28","4.499999999999993","0.28","0.532258064516129","0.570496632996633","0.5111111111111111","0.4","998","1498","0","1.1368683772161603E-13","1.0658141036401503E-14","true","true","true"
"334","310334","B-good","true","500","310334","B-good","500","125","5000","0.3094519384963682","0","38","0.5446522693081678","0.5","40.8","75","0.999999999535305","0.9214","1.9649999999999987","0.5492","460.7","1380.1","0","0","false","0.3094519384963682","0","0.304","4.349999999999993","0.304","0.539440203562341","0.5500325591491209","0.45977011494252873","0.4473684210526316","998","1498","0","7.815970093361102E-14","1.4210854715202004E-14","true","true","true"
"335","310335","B-good","true","500","310335","B-good","500","125","5000","0.08256102523025849","0","30","0.5800026651047434","0.7","36.6","75","0.9999997215242395","0.9364","1.5900000000000007","0.5364","468.2","1402.6","0","0","false","0.08256102523025849","0","0.24","4.749999999999992","0.24","0.48742138364779874","0.5397266125587356","0.4421052631578947","0.3","998","1498","0","7.815970093361102E-14","1.2434497875801753E-14","true","true","true"
"336","310336","B-good","true","500","310336","B-good","500","125","5000","0.1970721635721919","0","49","0.7335844880097453","0.85","49.8","75","0.9999999999900784","0.964","0.9000000000000006","0.5498","482","1444","0","0","false","0.1970721635721919","0","0.392","3.7999999999999954","0.392","0.5388888888888889","0.5502074688796681","0.5263157894736842","0.42857142857142855","998","1498","0","7.105427357601002E-14","7.993605777301127E-15","true","true","true"
"337","310337","B-good","true","500","310337","B-good","500","125","5000","0.9431811237123936","1","92","0.25175853925999214","0","29.1","75","0.999999989290297","0.7776","5.5600000000000005","0.5526","388.8","1164.4","0","0","false","0.9431811237123936","1","0.736","1.6500000000000015","0.736","0.5197841726618705","0.5619855967078189","0.5454545454545454","0.5760869565217391","998","1498","0","8.526512829121202E-14","3.019806626980426E-14","true","true","true"
"338","310338","B-good","true","500","310338","B-good","500","125","5000","0.4009900990099009","0","50","0.5178417275201374","0.3","40.2","75","0.9999999999996632","0.945","1.375000000000001","0.555","472.5","1415.5","0","0","false","0.4009900990099009","0","0.4","3.7499999999999956","0.4","0.45454545454545453","0.5608465608465608","0.49333333333333335","0.48","998","1498","0","9.237055564881302E-14","7.993605777301127E-15","true","true","true"
"339","310339","B-good","true","500","310339","B-good","500","125","5000","0.3094519384963682","0","56","0.6204699118624749","0.65","50.4","75","0.9436062921165739","0.732","6.700000000000034","0.5392","366","1096","0.056","0","false","0.3094519384963682","0","0.448","3.4499999999999966","0.448","0.5067164179104477","0.5510928961748633","0.5072463768115942","0.4642857142857143","998","1498","0","1.1368683772161603E-13","1.4921397450962104E-13","true","true","true"
"340","310340","B-good","true","500","310340","B-good","500","125","5000","0.1970721635721919","0","41","0.5899161194789252","0.6","44.4","75","0.9999998940995896","0.8696","3.259999999999996","0.5404","434.8","1302.4","0","0","false","0.1970721635721919","0","0.328","4.199999999999994","0.328","0.5122699386503068","0.5446182152713891","0.5476190476190477","0.4146341463414634","998","1498","0","7.105427357601002E-14","1.9539925233402755E-14","true","true","true"
"341","310341","B-good","true","500","310341","B-good","500","125","5000","0.353883495145631","0","61","0.6099380352053324","0.75","45","75","0.9351466657286233","0.8896","2.760000000000011","0.5326","444.8","1332.6","0.032","0","false","0.353883495145631","0","0.488","3.1999999999999975","0.488","0.5163043478260869","0.5346223021582733","0.53125","0.47540983606557374","998","1498","0","6.039613253960852E-14","8.526512829121202E-14","true","true","true"
"342","310342","B-good","true","500","310342","B-good","500","125","5000","0.9963840547280801","1","112","0.6411168570200394","0.75","47.7","75","0.9999999999999355","0.9458","1.355","0.561","472.9","1416.7","0","0","false","0.9963840547280801","1","0.896","0.6500000000000006","0.896","0.5055350553505535","0.5641784732501586","0.5384615384615384","0.625","998","1498","0","9.947598300641403E-14","1.2434497875801753E-14","true","true","true"
"343","310343","B-good","true","500","310343","B-good","500","125","5000","0.353883495145631","0","45","0.5803074311388733","0.55","36.3","75","0.9999999162136051","0.873","3.1749999999999994","0.5394","436.5","1307.5","0","0","false","0.353883495145631","0","0.36","3.9999999999999947","0.36","0.5338582677165354","0.5402061855670103","0.5","0.4666666666666667","998","1498","0","6.039613253960852E-14","1.9539925233402755E-14","true","true","true"
"344","310344","B-good","true","500","310344","B-good","500","125","5000","0.2682825988187187","0","49","0.5378438563600615","0.65","38.7","75","0.9690539267625358","0.8198","4.50500000000001","0.5348","409.9","1227.9","0.072","0.1","false","0.2682825988187187","0","0.392","3.7999999999999954","0.392","0.4894561598224195","0.5447670163454501","0.5","0.4489795918367347","998","1498","0","7.815970093361102E-14","1.0302869668521453E-13","true","true","true"
"345","310345","B-good","true","500","310345","B-good","500","125","5000","0.9970395529930917","1","103","0.5731637374886973","0.65","45","75","0.9999999998761895","0.9292","1.7700000000000002","0.5478","464.6","1391.8","0","0","false","0.9970395529930917","1","0.824","1.100000000000001","0.824","0.4717514124293785","0.553594489883771","0.36363636363636365","0.6407766990291263","998","1498","0","9.237055564881302E-14","8.881784197001252E-15","true","true","true"
"346","310346","B-good","true","500","310346","B-good","500","125","5000","0.6905480615036318","1","68","0.7324818120487696","0.9","41.1","75","0.999999999034826","0.944","1.4000000000000004","0.5458","472","1414","0","0","false","0.6905480615036318","1","0.544","2.8499999999999988","0.544","0.4928571428571429","0.5489406779661017","0.5263157894736842","0.5294117647058824","998","1498","0","7.105427357601002E-14","4.440892098500626E-15","true","true","true"
"347","310347","B-good","true","500","310347","B-good","500","125","5000","0.4009900990099009","0","64","0.733522171477122","0.8","45","75","0.9999999999995399","0.9652","0.8700000000000007","0.5508","482.6","1445.8","0","0","false","0.4009900990099009","0","0.512","3.049999999999998","0.512","0.4942528735632184","0.5528387898881061","0.4426229508196721","0.484375","998","1498","0","7.815970093361102E-14","4.440892098500626E-15","true","true","true"
"348","310348","B-good","true","500","310348","B-good","500","125","5000","0.9174389747697416","1","74","0.6931911340806058","0.8","44.7","75","0.9999999999999994","0.9544","1.1400000000000001","0.5646","477.2","1429.6","0","0","false","0.9174389747697416","1","0.592","2.55","0.592","0.5789473684210527","0.5639145012573344","0.5490196078431373","0.581081081081081","998","1498","0","8.526512829121202E-14","7.105427357601002E-15","true","true","true"
"349","310349","B-good","true","500","310349","B-good","500","125","5000","0.646116504854369","1","71","0.5686917355570802","0.7","38.1","75","0.9999997577667932","0.9254","1.8649999999999998","0.5376","462.7","1386.1","0","0","false","0.646116504854369","1","0.568","2.6999999999999993","0.568","0.4879356568364611","0.5416036308623298","0.48148148148148145","0.5211267605633803","998","1498","0","5.6843418860808015E-14","1.0658141036401503E-14","true","true","true"
"350","310350","B-good","true","500","310350","B-good","500","125","5000","0.599009900990099","1","46","0.5746584019220268","0.7","36.3","75","0.9999999999815268","0.8746","3.1349999999999962","0.5572","437.3","1309.9","0","0","false","0.599009900990099","1","0.368","3.949999999999995","0.368","0.507177033492823","0.5643722844729019","0.4936708860759494","0.5217391304347826","998","1498","0","9.237055564881302E-14","2.4868995751603507E-14","true","true","true"
"351","310351","B-good","true","500","310351","B-good","500","125","5000","0.55","1","53","0.725790056084849","0.95","47.1","75","0.999999970743177","0.944","1.4000000000000004","0.5436","472","1414","0","0","false","0.55","1","0.424","3.599999999999996","0.424","0.46785714285714286","0.548093220338983","0.4722222222222222","0.5094339622641509","998","1498","0","8.526512829121202E-14","7.105427357601002E-15","true","true","true"
"352","310352","B-good","true","500","310352","B-good","500","125","5000","0.9431811237123936","1","112","0.5902617632729492","0.7","41.1","75","0.9999999966658365","0.9218","1.9549999999999994","0.5452","460.9","1380.7","0","0","false","0.9431811237123936","1","0.896","0.6500000000000006","0.896","0.47570332480818417","0.5510956823605988","0.6923076923076923","0.5625","998","1498","0","9.237055564881302E-14","1.5987211554602254E-14","true","true","true"
"353","310353","B-good","true","500","310353","B-good","500","125","5000","0.8588821376227943","1","87","0.6895594550602349","0.9","41.1","75","0.9999999999904217","0.9654","0.8650000000000008","0.5532","482.7","1446.1","0","0","false","0.8588821376227943","1","0.696","1.9000000000000017","0.696","0.5433526011560693","0.5535529314273876","0.4473684210526316","0.5517241379310345","998","1498","0","7.105427357601002E-14","0","true","true","true"
"354","310354","B-good","true","500","310354","B-good","500","125","5000","0.44999999999999996","0","87","0.6150508483576368","0.65","42.6","75","0.9999998808946442","0.9352","1.6199999999999992","0.5498","467.6","1400.8","0","0","false","0.44999999999999996","0","0.696","1.9000000000000017","0.696","0.5617283950617284","0.5489734816082121","0.6578947368421053","0.4942528735632184","998","1498","0","8.526512829121202E-14","1.5987211554602254E-14","true","true","true"
"355","310355","B-good","true","500","310355","B-good","500","125","5000","0.353883495145631","0","47","0.7598530915206488","0.8","45","75","0.9997575838974446","0.8632","3.4200000000000115","0.5404","431.6","1292.8","0.004","0","false","0.353883495145631","0","0.376","3.899999999999995","0.376","0.5014619883040936","0.5465708989805376","0.4230769230769231","0.46808510638297873","998","1498","0","7.815970093361102E-14","1.2079226507921703E-13","true","true","true"
"356","310356","B-good","true","500","310356","B-good","500","125","5000","0.9612361174447144","1","114","0.9275321436929396","1","60.6","75","0.9999999999982467","0.9858","0.3550000000000003","0.5572","492.9","1476.7","0","0","false","0.9612361174447144","1","0.912","0.5500000000000005","0.912","0.4647887323943662","0.5585311422195172","0.6363636363636364","0.5701754385964912","998","1498","0","1.2079226507921703E-13","0","true","true","true"
"357","310357","B-good","true","500","310357","B-good","500","125","5000","0.23076011223611606","0","36","0.46364487496150425","0.4","33.9","75","0.9999897960302586","0.8532","3.6699999999999973","0.5328","426.6","1277.8","0","0","false","0.23076011223611606","0","0.288","4.449999999999993","0.288","0.48092643051771117","0.5417252695733709","0.5168539325842697","0.4166666666666667","998","1498","0","7.105427357601002E-14","2.3092638912203256E-14","true","true","true"
"358","310358","B-good","true","500","310358","B-good","500","125","5000","0.9901990435157576","1","101","0.5413354698218226","0.55","43.5","75","0.9999999999757103","0.8966","2.5849999999999964","0.5414","448.3","1342.9","0","0","false","0.9901990435157576","1","0.808","1.200000000000001","0.808","0.46421663442940037","0.5503011376310506","0.4583333333333333","0.6138613861386139","998","1498","0","6.394884621840902E-14","2.4868995751603507E-14","true","true","true"
"359","310359","B-good","true","500","310359","B-good","500","125","5000","0.646116504854369","1","87","0.6786704239167317","0.8","42.6","75","0.9999999994273736","0.9478","1.305000000000001","0.542","473.9","1419.7","0","0","false","0.646116504854369","1","0.696","1.9000000000000017","0.696","0.4827586206896552","0.5452627136526693","0.47368421052631576","0.5172413793103449","998","1498","0","6.394884621840902E-14","1.7763568394002505E-15","true","true","true"
"360","310360","B-good","true","500","310360","B-good","500","125","5000","0.2682825988187187","0","51","0.5115273171059906","0.55","34.5","75","0.9999999541480943","0.8436","3.910000000000005","0.5324","421.8","1263.4","0","0","false","0.2682825988187187","0","0.408","3.6999999999999957","0.408","0.4948849104859335","0.5393551446183025","0.4594594594594595","0.45098039215686275","998","1498","0","4.263256414560601E-14","5.861977570020827E-14","true","true","true"
"361","310361","B-good","true","500","310361","B-good","500","125","5000","0.5990099009900991","1","60","0.4198018171752856","0.35","34.8","75","0.9427396266658328","0.7384","6.540000000000023","0.5368","369.2","1105.8","0.09","0.1","false","0.5990099009900991","1","0.48","3.2499999999999973","0.48","0.4984709480122324","0.5503791982665223","0.49230769230769234","0.5166666666666667","998","1498","0","9.237055564881302E-14","1.3500311979441904E-13","true","true","true"
"362","310362","B-good","true","500","310362","B-good","500","125","5000","0.9009100727155935","1","71","0.7455078350911417","0.9","56.7","75","0.9978354432491157","0.8662","3.345000000000013","0.543","433.1","1297.3","0.022","0","false","0.9009100727155935","1","0.568","2.6999999999999993","0.568","0.5411061285500748","0.5432925421380743","0.48148148148148145","0.5774647887323944","998","1498","0","7.105427357601002E-14","1.2079226507921703E-13","true","true","true"
"363","310363","B-good","true","500","310363","B-good","500","125","5000","0.9612361174447144","1","76","0.6725002221921528","0.7","45","75","0.9999999999826932","0.9148","2.129999999999997","0.5462","457.4","1370.2","0","0","false","0.9612361174447144","1","0.608","2.45","0.608","0.45305164319248825","0.5548753825972891","0.46938775510204084","0.6052631578947368","998","1498","0","8.526512829121202E-14","2.4868995751603507E-14","true","true","true"
"364","310364","B-good","true","500","310364","B-good","500","125","5000","0.9980162717648575","1","119","0.6403935426877372","0.7","40.2","75","0.9999999999934021","0.9422","1.4450000000000007","0.5484","471.1","1411.3","0","0","false","0.9980162717648575","1","0.952","0.30000000000000027","0.952","0.47058823529411764","0.5531734239015071","0.5","0.6302521008403361","998","1498","0","8.526512829121202E-14","7.105427357601002E-15","true","true","true"
"366","310366","B-good","true","500","310366","B-good","500","125","5000","0.9174389747697416","1","86","0.7538712020795668","0.9","45.6","75","0.9999999993282817","0.9342","1.644999999999999","0.543","467.1","1399.3","0","0","false","0.9174389747697416","1","0.688","1.9500000000000017","0.688","0.47720364741641336","0.547634339541854","0.5384615384615384","0.5697674418604651","998","1498","0","7.105427357601002E-14","1.3322676295501878E-14","true","true","true"
"365","310365","B-good","true","500","310365","B-good","500","125","5000","0.4009900990099009","0","66","0.7613255488146446","0.85","54","75","0.9999999984927811","0.956","1.1000000000000003","0.5468","478","1432","0","0","false","0.4009900990099009","0","0.528","2.9499999999999984","0.528","0.5045454545454545","0.548744769874477","0.5932203389830508","0.48484848484848486","998","1498","0","7.815970093361102E-14","4.884981308350689E-15","true","true","true"
"367","310367","B-good","true","500","310367","B-good","500","125","5000","0.8814994686598715","1","84","0.6069290475218179","0.7","42.6","75","0.9999998992084398","0.833","4.174999999999997","0.536","416.5","1247.5","0","0","false","0.8814994686598715","1","0.672","2.0500000000000016","0.672","0.4754491017964072","0.548139255702281","0.4634146341463415","0.5595238095238095","998","1498","0","7.815970093361102E-14","2.3092638912203256E-14","true","true","true"
"368","310368","B-good","true","500","310368","B-good","500","125","5000","0.9431811237123936","1","70","0.6516718412394471","0.7","45","75","0.9999999492917923","0.9266","1.8349999999999986","0.5368","463.3","1387.9","0","0","false","0.9431811237123936","1","0.56","2.749999999999999","0.56","0.5122615803814714","0.5387437945175912","0.6","0.6","998","1498","0","6.039613253960852E-14","2.1316282072803006E-14","true","true","true"
"370","310370","B-good","true","500","310370","B-good","500","125","5000","0.9612361174447144","1","88","0.8120383552066267","0.95","56.1","75","0.9999999998611366","0.9616","0.9600000000000009","0.5438","480.8","1440.4","0","0","false","0.9612361174447144","1","0.704","1.8500000000000016","0.704","0.5260416666666666","0.5445091514143094","0.7297297297297297","0.5909090909090909","998","1498","0","6.039613253960852E-14","1.3322676295501878E-15","true","true","true"
"369","310369","B-good","true","500","310369","B-good","500","125","5000","0.6905480615036318","1","62","0.6038417833615366","0.55","38.7","75","0.9999999996728643","0.9146","2.134999999999998","0.5442","457.3","1369.9","0","0","false","0.6905480615036318","1","0.496","3.1499999999999977","0.496","0.4847775175644028","0.5497485239448939","0.49206349206349204","0.532258064516129","998","1498","0","7.105427357601002E-14","2.042810365310288E-14","true","true","true"
"371","310371","B-good","true","500","310371","B-good","500","125","5000","0.9946080309222399","1","108","0.4866361008563028","0.5","35.7","75","0.9999960494083145","0.8874","2.8149999999999977","0.5366","443.7","1329.1","0","0","false","0.9946080309222399","1","0.864","0.8500000000000008","0.864","0.49023090586145646","0.5424836601307189","0.5882352941176471","0.6203703703703703","998","1498","0","7.105427357601002E-14","2.3092638912203256E-14","true","true","true"
"372","310372","B-good","true","500","310372","B-good","500","125","5000","0.9737137791228572","1","86","0.6061801354156147","0.65","33.3","75","0.9999999709055254","0.9216","1.9599999999999997","0.5464","460.8","1380.4","0","0","false","0.9737137791228572","1","0.688","1.9500000000000017","0.688","0.49489795918367346","0.55078125","0.46153846153846156","0.6046511627906976","998","1498","0","7.815970093361102E-14","9.769962616701378E-15","true","true","true"
"374","310374","B-good","true","500","310374","B-good","500","125","5000","0.353883495145631","0","55","0.4768113623524262","0.4","32.7","75","0.9999999993180324","0.9092","2.2699999999999987","0.547","454.6","1361.8","0","0","false","0.353883495145631","0","0.44","3.4999999999999964","0.44","0.4845814977973568","0.5532336119665641","0.6","0.4727272727272727","998","1498","0","8.526512829121202E-14","1.0658141036401503E-14","true","true","true"
"375","310375","B-good","true","500","310375","B-good","500","125","5000","0.6905480615036318","1","76","0.5101761278451553","0.4","41.4","75","0.9999999954646347","0.8836","2.9099999999999984","0.5454","441.8","1323.4","0","0","false","0.6905480615036318","1","0.608","2.45","0.608","0.5274914089347079","0.5477591670439113","0.46938775510204084","0.5263157894736842","998","1498","0","6.394884621840902E-14","2.398081733190338E-14","true","true","true"
"373","310373","B-good","true","500","310373","B-good","500","125","5000","0.23076011223611606","0","32","0.4415305981124642","0.3","34.2","75","0.9999999448379434","0.814","4.650000000000002","0.5408","407","1219","0","0","false","0.23076011223611606","0","0.256","4.649999999999992","0.256","0.4978494623655914","0.5506142506142506","0.5053763440860215","0.40625","998","1498","0","7.105427357601002E-14","2.6645352591003757E-14","true","true","true"
"376","310376","B-good","true","500","310376","B-good","500","125","5000","0.6905480615036318","1","88","0.6170790834993826","0.65","45.9","75","0.9999997181476772","0.8736","3.1599999999999975","0.5446","436.8","1308.4","0","0","false","0.6905480615036318","1","0.704","1.8500000000000016","0.704","0.5379746835443038","0.545558608058608","0.4594594594594595","0.5227272727272727","998","1498","0","6.039613253960852E-14","2.3092638912203256E-14","true","true","true"
"377","310377","B-good","true","500","310377","B-good","500","125","5000","0.4009900990099009","0","60","0.7058602883193925","0.75","50.1","75","0.9999999999673003","0.9534","1.1650000000000003","0.551","476.7","1428.1","0","0","false","0.4009900990099009","0","0.48","3.2499999999999973","0.48","0.5107296137339056","0.552968323893434","0.6","0.48333333333333334","998","1498","0","8.526512829121202E-14","8.881784197001252E-15","true","true","true"
"378","310378","B-good","true","500","310378","B-good","500","125","5000","0.8588821376227943","1","101","0.8675583044840721","1","55.5","75","0.9999999867088027","0.9792","0.5200000000000005","0.5498","489.6","1466.8","0","0","false","0.8588821376227943","1","0.808","1.200000000000001","0.808","0.4807692307692308","0.5512663398692811","0.6666666666666666","0.5445544554455446","998","1498","0","9.237055564881302E-14","0","true","true","true"
"379","310379","B-good","true","500","310379","B-good","500","125","5000","0.5","0.5","48","0.5892265556151693","0.6","45.3","75","0.9999999867556069","0.9506","1.2350000000000005","0.5482","475.3","1423.9","0","0","false","0.5","0.5","0.384","3.849999999999995","0.384","0.5060728744939271","0.5503892278560909","0.4935064935064935","0.5","998","1498","0","8.526512829121202E-14","7.993605777301127E-15","true","true","true"
"381","310381","B-good","true","500","310381","B-good","500","125","5000","0.8814994686598715","1","92","0.6825949715243087","0.9","45.3","75","0.9999999870179582","0.9438","1.4049999999999998","0.5494","471.9","1413.7","0","0","false","0.8814994686598715","1","0.736","1.6500000000000015","0.736","0.48398576512455516","0.5532951896588261","0.5151515151515151","0.5543478260869565","998","1498","0","7.815970093361102E-14","1.0658141036401503E-14","true","true","true"
"380","310380","B-good","true","500","310380","B-good","500","125","5000","0.9612361174447144","1","94","0.510735131631567","0.45","31.2","75","0.9999999999976223","0.9198","2.004999999999999","0.548","459.9","1377.7","0","0","false","0.9612361174447144","1","0.752","1.5500000000000014","0.752","0.4937655860349127","0.5527288540987171","0.5806451612903226","0.5851063829787234","998","1498","0","7.105427357601002E-14","7.993605777301127E-15","true","true","true"
"382","310382","B-good","true","500","310382","B-good","500","125","5000","0.9680589764391282","1","93","0.8660769286932075","1","52.2","75","0.9999999999847204","0.9788","0.5300000000000005","0.5518","489.4","1466.2","0","0","false","0.9680589764391282","1","0.744","1.6000000000000014","0.744","0.5377358490566038","0.5521046178994687","0.5","0.5913978494623656","998","1498","0","8.526512829121202E-14","0","true","true","true"
"383","310383","B-good","true","500","310383","B-good","500","125","5000","0.8029278364278081","1","91","0.41888016994578037","0.35","36","75","0.9999999912724551","0.849","3.7749999999999972","0.5568","424.5","1271.5","0","0","false","0.8029278364278081","1","0.728","1.7000000000000015","0.728","0.5139072847682119","0.5644287396937574","0.4411764705882353","0.5384615384615384","998","1498","0","1.0658141036401503E-13","2.3092638912203256E-14","true","true","true"
"384","310384","B-good","true","500","310384","B-good","500","125","5000","0.5","0.5","34","0.49928717417520463","0.4","36.6","75","0.9195416072474012","0.7772","5.5700000000000145","0.539","388.6","1164","0.078","0.1","false","0.5","0.5","0.272","4.549999999999993","0.272","0.5062836624775583","0.5483787956767885","0.5164835164835165","0.5","998","1498","0","8.526512829121202E-14","1.5987211554602254E-13","true","true","true"
"385","310385","B-good","true","500","310385","B-good","500","125","5000","0.2682825988187187","0","63","0.5744523806586052","0.45","44.4","75","0.9999999994784462","0.9412","1.4700000000000006","0.5468","470.6","1409.8","0","0","false","0.2682825988187187","0","0.504","3.099999999999998","0.504","0.4931972789115646","0.5501487462813429","0.532258064516129","0.4603174603174603","998","1498","0","8.526512829121202E-14","4.884981308350689E-15","true","true","true"
"386","310386","B-good","true","500","310386","B-good","500","125","5000","0.9854295854981023","1","93","0.6083355230640792","0.6","39","75","0.99999999999439","0.9512","1.22","0.5608","475.6","1424.8","0","0","false","0.9854295854981023","1","0.744","1.6000000000000014","0.744","0.5409836065573771","0.5618166526492852","0.46875","0.6129032258064516","998","1498","0","9.947598300641403E-14","1.0658141036401503E-14","true","true","true"
"387","310387","B-good","true","500","310387","B-good","500","125","5000","0.4009900990099009","0","84","0.5268701331918348","0.45","42.6","75","0.9999488151774252","0.8496","3.760000000000011","0.5378","424.8","1272.4","0","0","false","0.4009900990099009","0","0.672","2.0500000000000016","0.672","0.48936170212765956","0.5463747645951036","0.4878048780487805","0.4880952380952381","998","1498","0","1.0658141036401503E-13","1.0658141036401503E-13","true","true","true"
"388","310388","B-good","true","500","310388","B-good","500","125","5000","0.9980162717648575","1","109","0.8618964009905306","1","49.5","75","0.9999993090735521","0.9664","0.8400000000000007","0.5372","483.2","1447.6","0","0","false","0.9980162717648575","1","0.872","0.8000000000000007","0.872","0.5178571428571429","0.5378725165562914","0.375","0.6422018348623854","998","1498","0","5.6843418860808015E-14","0","true","true","true"
"389","310389","B-good","true","500","310389","B-good","500","125","5000","0.9880470865159074","1","100","0.5022487578427166","0.45","39.6","75","0.9999999989548265","0.9374","1.565","0.5516","468.7","1404.1","0","0","false","0.9880470865159074","1","0.8","1.250000000000001","0.8","0.5623003194888179","0.5508854277789631","0.52","0.61","998","1498","0","8.526512829121202E-14","6.217248937900877E-15","true","true","true"
"390","310390","B-good","true","500","310390","B-good","500","125","5000","0.55","1","63","0.6072778450788096","0.55","35.1","75","0.9999999998709338","0.9554","1.115000000000001","0.5574","477.7","1431.1","0","0","false","0.55","1","0.504","3.099999999999998","0.504","0.5067264573991032","0.5597655432279673","0.43548387096774194","0.5079365079365079","998","1498","0","1.1368683772161603E-13","4.884981308350689E-15","true","true","true"
"391","310391","B-good","true","500","310391","B-good","500","125","5000","0.9955840597339484","1","99","0.5450020813616419","0.6","42.9","75","0.9999998280178787","0.9102","2.244999999999998","0.5562","455.1","1363.3","0","0","false","0.9955840597339484","1","0.792","1.3000000000000012","0.792","0.5278396436525612","0.5589980224126566","0.5769230769230769","0.6363636363636364","998","1498","0","1.1368683772161603E-13","2.398081733190338E-14","true","true","true"
"392","310392","B-good","true","500","310392","B-good","500","125","5000","0.7317174011812813","1","85","0.5545388845594428","0.6","46.8","75","0.999999964467864","0.9192","2.0199999999999996","0.5376","459.6","1376.8","0","0","false","0.7317174011812813","1","0.68","2.0000000000000018","0.68","0.49504950495049505","0.5413402959094865","0.525","0.5294117647058824","998","1498","0","5.3290705182007514E-14","1.2434497875801753E-14","true","true","true"
"393","310393","B-good","true","500","310393","B-good","500","125","5000","0.9530265597482369","1","87","0.3325125110229551","0.05","31.8","75","0.9999999991834974","0.8782","3.0449999999999973","0.5442","439.1","1315.3","0","0","false","0.9530265597482369","1","0.696","1.9000000000000017","0.696","0.4614121510673235","0.555682076975632","0.5","0.5862068965517241","998","1498","0","9.947598300641403E-14","2.3092638912203256E-14","true","true","true"
"394","310394","B-good","true","500","310394","B-good","500","125","5000","0.6905480615036318","1","76","0.42990427110548346","0.2","42.3","75","0.9999999956831521","0.9344","1.6400000000000012","0.5466","467.2","1399.6","0","0","false","0.6905480615036318","1","0.608","2.45","0.608","0.5457317073170732","0.5466609589041096","0.5510204081632653","0.5263157894736842","998","1498","0","8.526512829121202E-14","2.220446049250313E-15","true","true","true"
"395","310395","B-good","true","500","310395","B-good","500","125","5000","0.9975765116109027","1","96","0.4963369873934078","0.4","46.2","75","0.9999944524281814","0.7572","6.070000000000027","0.5414","378.6","1133.8","0","0","false","0.9975765116109027","1","0.768","1.4500000000000013","0.768","0.49835255354200986","0.5552033808769149","0.5517241379310345","0.65625","998","1498","0","9.947598300641403E-14","9.237055564881302E-14","true","true","true"
"396","310396","B-good","true","500","310396","B-good","500","125","5000","0.9431811237123936","1","102","0.5880293863303949","0.65","38.7","75","0.9999999998653418","0.9514","1.215000000000001","0.5476","475.7","1425.1","0","0","false","0.9431811237123936","1","0.816","1.150000000000001","0.816","0.4773662551440329","0.5511877233550557","0.6086956521739131","0.5686274509803921","998","1498","0","1.0658141036401503E-13","2.6645352591003757E-15","true","true","true"
"397","310397","B-good","true","500","310397","B-good","500","125","5000","0.9174389747697416","1","94","0.5697442614635417","0.65","42.3","75","0.9999999999921279","0.9606","0.9850000000000009","0.554","480.3","1438.9","0","0","false","0.9174389747697416","1","0.752","1.5500000000000014","0.752","0.4619289340101523","0.5577763897564022","0.41935483870967744","0.5638297872340425","998","1498","0","9.947598300641403E-14","0","true","true","true"
"398","310398","B-good","true","500","310398","B-good","500","125","5000","0.23076011223611606","0","64","0.7513288725336553","0.8","43.8","75","0.9999999999999851","0.9592","1.0200000000000007","0.56","479.6","1436.8","0","0","false","0.23076011223611606","0","0.512","3.049999999999998","0.512","0.4852941176470588","0.5631776480400333","0.5409836065573771","0.453125","998","1498","0","9.237055564881302E-14","4.440892098500626E-15","true","true","true"
"399","310399","B-good","true","500","310399","B-good","500","125","5000","0.9919667203630474","1","110","0.5284751618695014","0.6","34.2","75","0.9999999563693276","0.8816","2.9599999999999964","0.5408","440.8","1320.4","0","0","false","0.9919667203630474","1","0.88","0.7500000000000007","0.88","0.5016891891891891","0.5460526315789473","0.2","0.6090909090909091","998","1498","0","6.394884621840902E-14","2.4868995751603507E-14","true","true","true"
"400","310400","B-good","true","500","310400","B-good","500","125","5000","0.23076011223611606","0","44","0.8483923241856199","1","57.3","75","0.9999999999927679","0.9754","0.6150000000000005","0.5516","487.7","1461.1","0","0","false","0.23076011223611606","0","0.352","4.0499999999999945","0.352","0.4634146341463415","0.5538240721755178","0.5555555555555556","0.4318181818181818","998","1498","0","8.526512829121202E-14","8.881784197001252E-15","true","true","true"
"401","310401","B-good","true","500","310401","B-good","500","125","5000","0.9009100727155935","1","89","0.4599052361591993","0.45","39.9","75","0.9999814664676464","0.9014","2.4650000000000016","0.5354","450.7","1350.1","0","0","false","0.9009100727155935","1","0.712","1.8000000000000016","0.712","0.513184584178499","0.5378300421566452","0.5833333333333334","0.5617977528089888","998","1498","0","5.6843418860808015E-14","3.552713678800501E-15","true","true","true"
"403","310403","B-good","true","500","310403","B-good","500","125","5000","0.9174389747697416","1","66","0.6547389448442029","0.8","56.1","75","0.999999999965939","0.9646","0.8850000000000005","0.5472","482.3","1444.9","0","0","false","0.9174389747697416","1","0.528","2.9499999999999984","0.528","0.519774011299435","0.5482065104706614","0.4576271186440678","0.5909090909090909","998","1498","0","7.815970093361102E-14","4.440892098500626E-15","true","true","true"
"402","310402","B-good","true","500","310402","B-good","500","125","5000","0.5990099009900991","1","76","0.5441700137236538","0.45","41.4","75","0.999997119199348","0.9446","1.3850000000000005","0.544","472.3","1414.9","0","0","false","0.5990099009900991","1","0.608","2.45","0.608","0.5451263537906137","0.5439339402921872","0.5306122448979592","0.5131578947368421","998","1498","0","9.237055564881302E-14","8.881784197001252E-15","true","true","true"
"404","310404","B-good","true","500","310404","B-good","500","125","5000","0.9530265597482369","1","113","0.6952662016745694","0.7","49.8","75","0.9999999998367091","0.9702","0.7450000000000008","0.5458","485.1","1453.3","0","0","false","0.9530265597482369","1","0.904","0.6000000000000005","0.904","0.5369127516778524","0.5460729746444032","0.4166666666666667","0.5663716814159292","998","1498","0","7.815970093361102E-14","0","true","true","true"
"405","310405","B-good","true","500","310405","B-good","500","125","5000","0.9009100727155935","1","69","0.5300187839306586","0.4","40.5","75","0.9999999785012903","0.8736","3.16","0.547","436.8","1308.4","0","0","false","0.9009100727155935","1","0.552","2.799999999999999","0.552","0.509493670886076","0.55242673992674","0.48214285714285715","0.5797101449275363","998","1498","0","8.526512829121202E-14","1.2434497875801753E-14","true","true","true"
"406","310406","B-good","true","500","310406","B-good","500","125","5000","0.8029278364278081","1","71","0.6358051698538639","0.55","42.9","75","0.9999999992119177","0.9116","2.209999999999998","0.5506","455.8","1365.4","0","0","false","0.8029278364278081","1","0.568","2.6999999999999993","0.568","0.5248868778280543","0.5530934620447565","0.3333333333333333","0.5492957746478874","998","1498","0","7.815970093361102E-14","1.5987211554602254E-14","true","true","true"
"407","310407","B-good","true","500","310407","B-good","500","125","5000","0.11850053134012864","0","48","0.7138317422158776","0.9","48","75","0.9999999999509679","0.9524","1.1899999999999997","0.5478","476.2","1426.6","0","0","false","0.11850053134012864","0","0.384","3.849999999999995","0.384","0.5462184873949579","0.5478790424191516","0.5714285714285714","0.3958333333333333","998","1498","0","7.105427357601002E-14","1.3322676295501878E-14","true","true","true"
"409","310409","B-good","true","500","310409","B-good","500","125","5000","0.5990099009900991","1","84","0.44500328100647357","0.4","44.4","75","0.9999999468817938","0.813","4.674999999999999","0.5516","406.5","1217.5","0","0","false","0.5990099009900991","1","0.672","2.0500000000000016","0.672","0.5283422459893048","0.556949569495695","0.7073170731707317","0.5119047619047619","998","1498","0","7.105427357601002E-14","2.398081733190338E-14","true","true","true"
"408","310408","B-good","true","500","310408","B-good","500","125","5000","0.646116504854369","1","97","0.5597219905670594","0.55","40.5","75","0.9999999978540377","0.928","1.7999999999999994","0.5476","464","1390","0","0","false","0.646116504854369","1","0.776","1.4000000000000012","0.776","0.4666666666666667","0.5538793103448276","0.21428571428571427","0.5154639175257731","998","1498","0","7.815970093361102E-14","2.1316282072803006E-14","true","true","true"
"410","310410","B-good","true","500","310410","B-good","500","125","5000","0.7692398877638839","1","62","0.5673649172285616","0.6","42.9","75","0.9999999997467736","0.8848","2.8799999999999977","0.5474","442.4","1325.2","0","0","false","0.7692398877638839","1","0.496","3.1499999999999977","0.496","0.5052083333333334","0.5528933092224232","0.5555555555555556","0.5483870967741935","998","1498","0","9.237055564881302E-14","2.6645352591003757E-14","true","true","true"
"411","310411","B-good","true","500","310411","B-good","500","125","5000","0.9314206186232206","1","91","0.7009686426402266","0.7","40.2","75","0.9994599202796703","0.9296","1.7599999999999987","0.5374","464.8","1392.4","0","0","false","0.9314206186232206","1","0.728","1.7000000000000015","0.728","0.46875","0.5425989672977625","0.5588235294117647","0.5714285714285714","998","1498","0","7.105427357601002E-14","1.9539925233402755E-14","true","true","true"
"412","310412","B-good","true","500","310412","B-good","500","125","5000","0.6905480615036318","1","82","0.6911288909644732","0.75","40.2","75","0.9999999982087301","0.9504","1.2400000000000007","0.5426","475.2","1423.6","0","0","false","0.6905480615036318","1","0.656","2.1500000000000012","0.656","0.5241935483870968","0.5435606060606061","0.5581395348837209","0.524390243902439","998","1498","0","6.039613253960852E-14","4.440892098500626E-15","true","true","true"
"413","310413","B-good","true","500","310413","B-good","500","125","5000","0.23076011223611606","0","66","0.6602051885547454","0.75","45.6","75","0.9999999866550418","0.9532","1.1700000000000008","0.5514","476.6","1427.8","0","0","false","0.23076011223611606","0","0.528","2.9499999999999984","0.528","0.5213675213675214","0.5528745279060009","0.5084745762711864","0.45454545454545453","998","1498","0","9.237055564881302E-14","4.440892098500626E-15","true","true","true"
"414","310414","B-good","true","500","310414","B-good","500","125","5000","0.832766961303352","1","96","0.4584875649812174","0.5","36","75","0.9999726516328102","0.8412","3.969999999999999","0.5286","420.6","1259.8","0","0","false","0.832766961303352","1","0.768","1.4500000000000013","0.768","0.5062972292191436","0.5328102710413695","0.6206896551724138","0.5416666666666666","998","1498","0","3.552713678800501E-14","2.398081733190338E-14","true","true","true"
"415","310415","B-good","true","500","310415","B-good","500","125","5000","0.7692398877638839","1","94","0.6289814817232647","0.6","36.3","75","0.999886781099981","0.8736","3.159999999999998","0.5268","436.8","1308.4","0.002","0","false","0.7692398877638839","1","0.752","1.5500000000000014","0.752","0.4889240506329114","0.5322802197802198","0.5806451612903226","0.5319148936170213","998","1498","0","6.039613253960852E-14","1.4210854715202004E-14","true","true","true"
"417","310417","B-good","true","500","310417","B-good","500","125","5000","0.9174389747697416","1","86","0.4758064251824699","0.35","38.7","75","0.8749044126828709","0.8052","4.8700000000000045","0.5322","402.6","1206","0.116","0.1","false","0.9174389747697416","1","0.688","1.9500000000000017","0.688","0.5082135523613963","0.5380029806259314","0.46153846153846156","0.5697674418604651","998","1498","0","9.947598300641403E-14","7.105427357601002E-14","true","true","true"
"416","310416","B-good","true","500","310416","B-good","500","125","5000","0.9946080309222399","1","98","0.5696333826113131","0.5","35.7","75","0.9999999308024394","0.849","3.775000000000001","0.5454","424.5","1271.5","0","0","false","0.9946080309222399","1","0.784","1.3500000000000012","0.784","0.49801324503311256","0.5538280329799764","0.5185185185185185","0.6326530612244898","998","1498","0","8.526512829121202E-14","2.3092638912203256E-14","true","true","true"
"418","310418","B-good","true","500","310418","B-good","500","125","5000","0.9174389747697416","1","68","0.657458964499645","0.8","45.9","75","0.9999999999813302","0.947","1.3250000000000008","0.5456","473.5","1418.5","0","0","false","0.9174389747697416","1","0.544","2.8499999999999988","0.544","0.5132075471698113","0.5474128827877508","0.45614035087719296","0.5882352941176471","998","1498","0","6.394884621840902E-14","3.552713678800501E-15","true","true","true"
"419","310419","B-good","true","500","310419","B-good","500","125","5000","0.55","1","73","0.6724133809172879","0.85","41.7","75","0.9999999999845937","0.9034","2.4149999999999983","0.5524","451.7","1353.1","0","0","false","0.55","1","0.584","2.5999999999999996","0.584","0.5113871635610766","0.5567854770865619","0.5576923076923077","0.5068493150684932","998","1498","0","1.0658141036401503E-13","1.687538997430238E-14","true","true","true"
"420","310420","B-good","true","500","310420","B-good","500","125","5000","0.832766961303352","1","78","0.3575545653015994","0.2","35.7","75","0.9995038634463846","0.8342","4.14500000000001","0.5278","417.1","1249.3","0.004","0","false","0.832766961303352","1","0.624","2.3500000000000005","0.624","0.49095295536791317","0.5351234715895469","0.44680851063829785","0.5512820512820513","998","1498","0","5.6843418860808015E-14","6.394884621840902E-14","true","true","true"
"421","310421","B-good","true","500","310421","B-good","500","125","5000","0.646116504854369","1","45","0.4880138834062098","0.5","41.1","75","0.9999999937637284","0.8638","3.405000000000001","0.5366","431.9","1293.7","0","0","false","0.646116504854369","1","0.36","3.9999999999999947","0.36","0.4713656387665198","0.5468858532067609","0.4875","0.5333333333333333","998","1498","0","7.105427357601002E-14","1.509903313490213E-14","true","true","true"
"422","310422","B-good","true","500","310422","B-good","500","125","5000","0.9314206186232206","1","79","0.6084769627149744","0.7","43.8","75","0.9999678021958814","0.8354","4.115000000000009","0.538","417.7","1251.1","0","0","false","0.9314206186232206","1","0.632","2.3000000000000007","0.632","0.4896719319562576","0.5475221450802011","0.5652173913043478","0.5822784810126582","998","1498","0","8.526512829121202E-14","7.460698725481052E-14","true","true","true"
"423","310423","B-good","true","500","310423","B-good","500","125","5000","0.23076011223611606","0","28","0.481438499376407","0.45","39.9","75","0.9928289912281698","0.7986","5.035000000000008","0.5372","399.3","1195.9","0.026","0","false","0.23076011223611606","0","0.224","4.849999999999992","0.224","0.5124131082423039","0.5434510393188079","0.4742268041237113","0.39285714285714285","998","1498","0","9.947598300641403E-14","1.0658141036401503E-13","true","true","true"
"424","310424","B-good","true","500","310424","B-good","500","125","5000","0.55","1","47","0.7382924037171857","0.9","45.3","75","0.9999999999997515","0.9548","1.1300000000000006","0.5568","477.4","1430.2","0","0","false","0.55","1","0.376","3.899999999999995","0.376","0.4823008849557522","0.5603267700041894","0.48717948717948717","0.5106382978723404","998","1498","0","9.947598300641403E-14","8.43769498715119E-15","true","true","true"
"425","310425","B-good","true","500","310425","B-good","500","125","5000","0.353883495145631","0","51","0.5373936300981002","0.55","38.7","75","0.9999999756958768","0.8782","3.0449999999999964","0.5394","439.1","1315.3","0","0","false","0.353883495145631","0","0.408","3.6999999999999957","0.408","0.5090311986863711","0.5436119335003416","0.5135135135135135","0.47058823529411764","998","1498","0","6.394884621840902E-14","2.398081733190338E-14","true","true","true"
"426","310426","B-good","true","500","310426","B-good","500","125","5000","0.9314206186232206","1","95","0.6872276364078718","0.85","49.8","75","0.9999999999751885","0.9636","0.9100000000000008","0.5454","481.8","1443.4","0","0","false","0.9314206186232206","1","0.76","1.5000000000000013","0.76","0.5","0.5471149854711499","0.5","0.5684210526315789","998","1498","0","6.039613253960852E-14","0","true","true","true"
"427","310427","B-good","true","500","310427","B-good","500","125","5000","0.3094519384963682","0","66","0.6759778823812088","0.6","40.5","75","0.9999999999565453","0.9504","1.2400000000000002","0.5508","475.2","1423.6","0","0","false","0.3094519384963682","0","0.528","2.9499999999999984","0.528","0.4838709677419355","0.5542929292929293","0.4406779661016949","0.4696969696969697","998","1498","0","9.237055564881302E-14","7.105427357601002E-15","true","true","true"
"428","310428","B-good","true","500","310428","B-good","500","125","5000","0.9612361174447144","1","84","0.8030947896860784","1","45.6","75","0.9999999999658492","0.9692","0.7700000000000007","0.5574","484.6","1451.8","0","0","false","0.9612361174447144","1","0.672","2.0500000000000016","0.672","0.564935064935065","0.5571605447791993","0.5853658536585366","0.5952380952380952","998","1498","0","9.947598300641403E-14","0","true","true","true"
"429","310429","B-good","true","500","310429","B-good","500","125","5000","0.9612361174447144","1","96","0.6840680368579717","0.8","40.5","75","0.999999937856126","0.9432","1.4200000000000004","0.5374","471.6","1412.8","0","0","false","0.9612361174447144","1","0.768","1.4500000000000013","0.768","0.4753521126760563","0.5411365564037319","0.6206896551724138","0.5833333333333334","998","1498","0","6.039613253960852E-14","7.549516567451064E-15","true","true","true"
"430","310430","B-good","true","500","310430","B-good","500","125","5000","0.832766961303352","1","62","0.6021859659004665","0.6","43.2","75","0.9999997796295222","0.9426","1.435","0.5444","471.3","1411.9","0","0","false","0.832766961303352","1","0.496","3.1499999999999977","0.496","0.5226480836236934","0.5457245915552726","0.5238095238095238","0.5645161290322581","998","1498","0","8.526512829121202E-14","9.769962616701378E-15","true","true","true"
"431","310431","B-good","true","500","310431","B-good","500","125","5000","0.832766961303352","1","80","0.721187363174822","0.8","41.7","75","0.9999999999682538","0.9442","1.3950000000000002","0.545","472.1","1414.3","0","0","false","0.832766961303352","1","0.64","2.250000000000001","0.64","0.44802867383512546","0.5507307773776742","0.4888888888888889","0.55","998","1498","0","7.815970093361102E-14","4.884981308350689E-15","true","true","true"
"433","310433","B-good","true","500","310433","B-good","500","125","5000","0.5990099009900991","1","84","0.6954883065285379","0.9","40.2","75","0.9999999908371136","0.9536","1.1599999999999997","0.5414","476.8","1428.4","0","0","false","0.5990099009900991","1","0.672","2.0500000000000016","0.672","0.47413793103448276","0.5446728187919463","0.43902439024390244","0.5119047619047619","998","1498","0","8.526512829121202E-14","1.1546319456101628E-14","true","true","true"
"432","310432","B-good","true","500","310432","B-good","500","125","5000","0.11850053134012864","0","42","0.7584380817148277","0.95","45.3","75","0.9999999564921739","0.9256","1.859999999999998","0.5466","462.8","1386.4","0","0","false","0.11850053134012864","0","0.336","4.149999999999994","0.336","0.521505376344086","0.5486171132238548","0.5421686746987951","0.38095238095238093","998","1498","0","7.105427357601002E-14","1.9539925233402755E-14","true","true","true"
"434","310434","B-good","true","500","310434","B-good","500","125","5000","0.3094519384963682","0","58","0.4319238257536542","0.35","32.1","75","0.8945030579606434","0.7038","7.405000000000042","0.5262","351.9","1053.9","0.11","0.1","false","0.3094519384963682","0","0.464","3.349999999999997","0.464","0.48683322079675895","0.5427678317703893","0.5074626865671642","0.46551724137931033","998","1498","0","7.815970093361102E-14","1.7763568394002505E-13","true","true","true"
"435","310435","B-good","true","500","310435","B-good","500","125","5000","0.9963840547280801","1","116","0.5987664157662099","0.7","42.3","75","0.9999999980707012","0.8482","3.7949999999999995","0.5412","424.1","1270.3","0","0","false","0.9963840547280801","1","0.928","0.4500000000000004","0.928","0.4927536231884058","0.5498703136052818","0.2222222222222222","0.6206896551724138","998","1498","0","6.394884621840902E-14","1.7763568394002505E-14","true","true","true"
"437","310437","B-good","true","500","310437","B-good","500","125","5000","0.9880470865159074","1","116","0.3729145006697893","0.3","33.9","75","0.7740358573212172","0.475","13.125000000000068","0.522","237.5","710.9","0.258","0.3","false","0.9880470865159074","1","0.928","0.4500000000000004","0.928","0.52","0.5242105263157895","0.4444444444444444","0.5948275862068966","998","1498","0","3.907985046680551E-14","1.8118839761882555E-13","true","true","true"
"436","310436","B-good","true","500","310436","B-good","500","125","5000","0.9901990435157576","1","111","0.4881894582119696","0.45","38.7","75","0.9999999998601554","0.8938","2.6549999999999976","0.5424","446.9","1338.7","0","0","false","0.9901990435157576","1","0.888","0.7000000000000006","0.888","0.4821092278719397","0.5495636607742225","0.42857142857142855","0.6036036036036037","998","1498","0","7.105427357601002E-14","2.1316282072803006E-14","true","true","true"
"438","310438","B-good","true","500","310438","B-good","500","125","5000","0.55","1","73","0.636807883673211","0.55","39.3","75","0.9999999999999648","0.955","1.1250000000000009","0.559","477.5","1430.5","0","0","false","0.55","1","0.584","2.5999999999999996","0.584","0.49777777777777776","0.5618848167539267","0.4807692307692308","0.5068493150684932","998","1498","0","9.947598300641403E-14","2.6645352591003757E-15","true","true","true"
"439","310439","B-good","true","500","310439","B-good","500","125","5000","0.4009900990099009","0","38","0.5665706230125573","0.5","40.8","75","0.9999999754573812","0.93","1.7500000000000007","0.5388","465","1393","0","0","false","0.4009900990099009","0","0.304","4.349999999999993","0.304","0.46","0.5447311827956989","0.5747126436781609","0.47368421052631576","998","1498","0","7.815970093361102E-14","1.0658141036401503E-14","true","true","true"
"441","310441","B-good","true","500","310441","B-good","500","125","5000","0.3094519384963682","0","50","0.7939111642918161","0.95","48.6","75","0.9999837531249902","0.8018","4.955000000000011","0.5382","400.9","1200.7","0","0","false","0.3094519384963682","0","0.4","3.7499999999999956","0.4","0.49747729566094856","0.5482664005986531","0.48","0.46","998","1498","0","7.105427357601002E-14","5.861977570020827E-14","true","true","true"
"440","310440","B-good","true","500","310440","B-good","500","125","5000","0.7317174011812813","1","77","0.7767817302206818","0.95","46.8","75","0.999999995301156","0.961","0.9750000000000009","0.5428","480.5","1439.5","0","0","false","0.7317174011812813","1","0.616","2.4000000000000004","0.616","0.5435897435897435","0.5427679500520292","0.6041666666666666","0.5324675324675324","998","1498","0","7.815970093361102E-14","1.7763568394002505E-15","true","true","true"
"442","310442","B-good","true","500","310442","B-good","500","125","5000","0.9174389747697416","1","92","0.7024918678847284","0.75","44.4","75","0.9999917780009572","0.8466","3.8350000000000044","0.5394","423.3","1267.9","0","0","false","0.9174389747697416","1","0.736","1.6500000000000015","0.736","0.5019556714471969","0.5461847389558233","0.5757575757575758","0.5652173913043478","998","1498","0","7.105427357601002E-14","4.618527782440651E-14","true","true","true"
"443","310443","B-good","true","500","310443","B-good","500","125","5000","0.9946080309222399","1","94","0.451238251621853","0.35","40.5","75","0.9999999906772489","0.874","3.149999999999999","0.5358","437","1309","0","0","false","0.9946080309222399","1","0.752","1.5500000000000014","0.752","0.4777777777777778","0.5441647597254005","0.5483870967741935","0.6382978723404256","998","1498","0","6.039613253960852E-14","2.042810365310288E-14","true","true","true"
"444","310444","B-good","true","500","310444","B-good","500","125","5000","0.55","1","51","0.6580139788526329","0.7","39.9","75","0.9999999999750585","0.9238","1.905","0.5502","461.9","1383.7","0","0","false","0.55","1","0.408","3.6999999999999957","0.408","0.5511811023622047","0.5501190733925092","0.527027027027027","0.5098039215686274","998","1498","0","6.039613253960852E-14","1.2434497875801753E-14","true","true","true"
"445","310445","B-good","true","500","310445","B-good","500","125","5000","0.9009100727155935","1","73","0.7717284082058413","1","45.6","75","0.9999999999881467","0.9682","0.7950000000000007","0.5518","484.1","1450.3","0","0","false","0.9009100727155935","1","0.584","2.5999999999999996","0.584","0.5094339622641509","0.5531914893617021","0.4230769230769231","0.5753424657534246","998","1498","0","8.526512829121202E-14","2.6645352591003757E-15","true","true","true"
"446","310446","B-good","true","500","310446","B-good","500","125","5000","0.9431811237123936","1","100","0.5536905469479457","0.6","33.3","75","0.9999996767044506","0.9466","1.3350000000000013","0.544","473.3","1417.9","0","0","false","0.9431811237123936","1","0.8","1.250000000000001","0.8","0.4794007490636704","0.5476442002957955","0.56","0.57","998","1498","0","7.815970093361102E-14","4.440892098500626E-16","true","true","true"
"447","310447","B-good","true","500","310447","B-good","500","125","5000","0.9901990435157576","1","113","0.6029712837388459","0.6","44.1","75","0.9999999999115877","0.955","1.1250000000000004","0.5474","477.5","1430.5","0","0","false","0.9901990435157576","1","0.904","0.6000000000000005","0.904","0.48444444444444446","0.5503664921465968","0.4166666666666667","0.6017699115044248","998","1498","0","7.815970093361102E-14","2.6645352591003757E-15","true","true","true"
"448","310448","B-good","true","500","310448","B-good","500","125","5000","0.7692398877638839","1","84","0.6559136557062938","0.75","40.2","75","0.9999989064635113","0.9478","1.3050000000000008","0.541","473.9","1419.7","0","0","false","0.7692398877638839","1","0.672","2.0500000000000016","0.672","0.5134099616858238","0.5425195188858409","0.3902439024390244","0.5357142857142857","998","1498","0","7.105427357601002E-14","1.7763568394002505E-15","true","true","true"
"449","310449","B-good","true","500","310449","B-good","500","125","5000","0.646116504854369","1","65","0.5946214008548514","0.7","38.4","75","0.9999999859278835","0.927","1.8249999999999988","0.5386","463.5","1388.5","0","0","false","0.646116504854369","1","0.52","2.9999999999999982","0.52","0.44931506849315067","0.545631067961165","0.45","0.5230769230769231","998","1498","0","7.105427357601002E-14","1.687538997430238E-14","true","true","true"
"450","310450","B-good","true","500","310450","B-good","500","125","5000","0.8029278364278081","1","69","0.7106038243448641","0.7","50.1","75","0.9999999999262673","0.9654","0.8650000000000005","0.5562","482.7","1446.1","0","0","false","0.8029278364278081","1","0.552","2.799999999999999","0.552","0.5953757225433526","0.5547959395069402","0.4642857142857143","0.5507246376811594","998","1498","0","8.526512829121202E-14","3.552713678800501E-15","true","true","true"
"451","310451","B-good","true","500","310451","B-good","500","125","5000","0.646116504854369","1","95","0.38022340660062814","0.3","31.2","75","0.9999999999024448","0.9042","2.3949999999999996","0.5436","452.1","1354.3","0","0","false","0.646116504854369","1","0.76","1.5000000000000013","0.76","0.5093945720250522","0.5472240654722407","0.4","0.5157894736842106","998","1498","0","5.6843418860808015E-14","8.881784197001252E-15","true","true","true"
"452","310452","B-good","true","500","310452","B-good","500","125","5000","0.9174389747697416","1","104","0.5461726156287342","0.55","43.5","75","0.9999999999214519","0.8738","3.1549999999999963","0.5414","436.9","1308.7","0","0","false","0.9174389747697416","1","0.832","1.050000000000001","0.832","0.46909667194928684","0.5518425268940261","0.5714285714285714","0.5576923076923077","998","1498","0","7.815970093361102E-14","2.6645352591003757E-14","true","true","true"
"454","310454","B-good","true","500","310454","B-good","500","125","5000","0.5","0.5","78","0.6000040760956453","0.85","36.9","75","0.9999999995570544","0.9388","1.5300000000000011","0.542","469.4","1406.2","0","0","false","0.5","0.5","0.624","2.3500000000000005","0.624","0.48366013071895425","0.5458031529612271","0.3617021276595745","0.5","998","1498","0","7.105427357601002E-14","1.7763568394002505E-15","true","true","true"
"453","310453","B-good","true","500","310453","B-good","500","125","5000","0.9822491904206395","1","86","0.5771404108600823","0.55","39","75","0.9999999997894014","0.92","1.9999999999999987","0.5458","460","1378","0","0","false","0.9822491904206395","1","0.688","1.9500000000000017","0.688","0.475","0.5519565217391305","0.5641025641025641","0.6162790697674418","998","1498","0","7.815970093361102E-14","1.1546319456101628E-14","true","true","true"
"455","310455","B-good","true","500","310455","B-good","500","125","5000","0.2682825988187187","0","29","0.7098866638728426","0.7","51","75","0.9978381146663396","0.9322","1.6950000000000034","0.54","466.1","1396.3","0.002","0","false","0.2682825988187187","0","0.232","4.799999999999992","0.232","0.5073746312684366","0.5423728813559322","0.4479166666666667","0.41379310344827586","998","1498","0","7.815970093361102E-14","2.1316282072803006E-14","true","true","true"
"456","310456","B-good","true","500","310456","B-good","500","125","5000","0.9854295854981023","1","93","0.40195153195566746","0.3","32.1","75","0.9999999999989482","0.909","2.2749999999999995","0.5524","454.5","1361.5","0","0","false","0.9854295854981023","1","0.744","1.6000000000000014","0.744","0.5032967032967033","0.5573157315731573","0.5625","0.6129032258064516","998","1498","0","8.526512829121202E-14","7.993605777301127E-15","true","true","true"
"457","310457","B-good","true","500","310457","B-good","500","125","5000","0.5990099009900991","1","60","0.802892351402192","0.9","48.9","75","0.9999999998873264","0.9674","0.8150000000000006","0.5464","483.7","1449.1","0","0","false","0.5990099009900991","1","0.48","3.2499999999999973","0.48","0.49079754601226994","0.5482737233822618","0.5538461538461539","0.5166666666666667","998","1498","0","8.526512829121202E-14","5.329070518200751E-15","true","true","true"
"458","310458","B-good","true","500","310458","B-good","500","125","5000","0.9612361174447144","1","96","0.6075800060351864","0.7","36","75","0.999999412010516","0.9188","2.03","0.547","459.4","1376.2","0","0","false","0.9612361174447144","1","0.768","1.4500000000000013","0.768","0.49014778325123154","0.5520243796255986","0.5862068965517241","0.5833333333333334","998","1498","0","9.947598300641403E-14","7.993605777301127E-15","true","true","true"
"459","310459","B-good","true","500","310459","B-good","500","125","5000","0.6905480615036318","1","64","0.7494762121738527","0.9","47.7","75","0.9999999998052435","0.9216","1.959999999999999","0.5488","460.8","1380.4","0","0","false","0.6905480615036318","1","0.512","3.049999999999998","0.512","0.4872448979591837","0.5540364583333334","0.5081967213114754","0.53125","998","1498","0","8.526512829121202E-14","8.881784197001252E-15","true","true","true"
"460","310460","B-good","true","500","310460","B-good","500","125","5000","0.9737137791228572","1","110","0.6216219908427456","0.6","44.4","75","0.9999999999997204","0.9316","1.7099999999999997","0.5538","465.8","1395.4","0","0","false","0.9737137791228572","1","0.88","0.7500000000000007","0.88","0.4824561403508772","0.5590382138256763","0.6","0.5818181818181818","998","1498","0","9.237055564881302E-14","6.661338147750939E-15","true","true","true"
"461","310461","B-good","true","500","310461","B-good","500","125","5000","0.5","0.5","70","0.4637364005799906","0.35","36.6","75","0.9999999997637264","0.9136","2.1599999999999993","0.5516","456.8","1368.4","0","0","false","0.5","0.5","0.56","2.749999999999999","0.56","0.5069444444444444","0.5558231173380035","0.36363636363636365","0.5","998","1498","0","9.237055564881302E-14","1.0658141036401503E-14","true","true","true"
"462","310462","B-good","true","500","310462","B-good","500","125","5000","0.9854295854981023","1","99","0.8619199790581922","0.95","59.4","75","0.9999999999999979","0.984","0.40000000000000024","0.5642","492","1474","0","0","false","0.9854295854981023","1","0.792","1.3000000000000012","0.792","0.5375","0.5646341463414634","0.34615384615384615","0.6060606060606061","998","1498","0","9.947598300641403E-14","0","true","true","true"
"463","310463","B-good","true","500","310463","B-good","500","125","5000","0.8588821376227943","1","87","0.7435978407495959","0.9","45.9","75","0.9999999978857751","0.956","1.100000000000001","0.5404","478","1432","0","0","false","0.8588821376227943","1","0.696","1.9000000000000017","0.696","0.4409090909090909","0.5449790794979079","0.5526315789473685","0.5517241379310345","998","1498","0","7.105427357601002E-14","0","true","true","true"
"464","310464","B-good","true","500","310464","B-good","500","125","5000","0.55","1","41","0.6534665577365606","0.8","41.4","75","0.9999999999991436","0.9536","1.160000000000001","0.5472","476.8","1428.4","0","0","false","0.55","1","0.328","4.199999999999994","0.328","0.4224137931034483","0.5532718120805369","0.5","0.5121951219512195","998","1498","0","7.815970093361102E-14","9.769962616701378E-15","true","true","true"
"465","310465","B-good","true","500","310465","B-good","500","125","5000","0.4009900990099009","0","44","0.6509609867288646","0.7","43.2","75","0.9999999996473031","0.9424","1.4400000000000004","0.5432","471.2","1411.6","0","0","false","0.4009900990099009","0","0.352","4.0499999999999945","0.352","0.5104166666666666","0.5452037351443124","0.5308641975308642","0.4772727272727273","998","1498","0","7.105427357601002E-14","8.881784197001252E-15","true","true","true"
"466","310466","B-good","true","500","310466","B-good","500","125","5000","0.9174389747697416","1","108","0.7681107747202427","1","42.6","75","0.9999999999776712","0.97","0.7500000000000007","0.5488","485","1453","0","0","false","0.9174389747697416","1","0.864","0.8500000000000008","0.864","0.47333333333333333","0.5511340206185567","0.5294117647058824","0.5555555555555556","998","1498","0","9.237055564881302E-14","0","true","true","true"
"467","310467","B-good","true","500","310467","B-good","500","125","5000","0.9680589764391282","1","115","0.48548735941555315","0.5","39.3","75","0.9999999999676706","0.8986","2.5349999999999993","0.5516","449.3","1345.9","0","0","false","0.9680589764391282","1","0.92","0.5000000000000004","0.92","0.5187376725838264","0.5553082572891164","0.3","0.5739130434782609","998","1498","0","7.815970093361102E-14","1.2434497875801753E-14","true","true","true"
"468","310468","B-good","true","500","310468","B-good","500","125","5000","0.44999999999999996","0","31","0.9154636301729887","1","61.2","75","0.9999999998697394","0.9872","0.3200000000000003","0.5532","493.6","1478.8","0","0","false","0.44999999999999996","0","0.248","4.699999999999992","0.248","0.65625","0.5518638573743923","0.5425531914893617","0.4838709677419355","998","1498","0","8.526512829121202E-14","1.2434497875801753E-14","true","true","true"
"469","310469","B-good","true","500","310469","B-good","500","125","5000","0.44999999999999996","0","39","0.721322323593804","0.8","47.1","75","0.9981921993949561","0.8294","4.265000000000016","0.5356","414.7","1242.1","0.016","0","false","0.44999999999999996","0","0.312","4.299999999999994","0.312","0.49941383352872215","0.5430431637328189","0.5348837209302325","0.48717948717948717","998","1498","0","6.394884621840902E-14","1.1723955140041653E-13","true","true","true"
"470","310470","B-good","true","500","310470","B-good","500","125","5000","0.646116504854369","1","63","0.6932765472295833","0.7","43.2","75","0.9999951978138503","0.8806","2.9849999999999977","0.5368","440.3","1318.9","0","0","false","0.646116504854369","1","0.504","3.099999999999998","0.504","0.507537688442211","0.5407676584147172","0.5483870967741935","0.5238095238095238","998","1498","0","7.815970093361102E-14","1.9539925233402755E-14","true","true","true"
"471","310471","B-good","true","500","310471","B-good","500","125","5000","0.5990099009900991","1","70","0.7016528374012199","0.8","48.9","75","0.999940135852453","0.814","4.650000000000008","0.5288","407","1219","0","0","false","0.5990099009900991","1","0.56","2.749999999999999","0.56","0.46774193548387094","0.5427518427518427","0.4909090909090909","0.5142857142857142","998","1498","0","5.6843418860808015E-14","6.394884621840902E-14","true","true","true"
"472","310472","B-good","true","500","310472","B-good","500","125","5000","0.7317174011812813","1","63","0.5355521523376984","0.5","44.1","75","0.9999999840543096","0.9566","1.0850000000000009","0.5476","478.3","1432.9","0","0","false","0.7317174011812813","1","0.504","3.099999999999998","0.504","0.4930875576036866","0.5500731758310684","0.5483870967741935","0.5396825396825397","998","1498","0","9.237055564881302E-14","4.884981308350689E-15","true","true","true"
"473","310473","B-good","true","500","310473","B-good","500","125","5000","0.23076011223611606","0","44","0.5790277076644947","0.55","39.3","75","0.9999999988310101","0.8894","2.764999999999997","0.558","444.7","1332.1","0","0","false","0.23076011223611606","0","0.352","4.0499999999999945","0.352","0.5443037974683544","0.5597031706768608","0.5061728395061729","0.4318181818181818","998","1498","0","1.0658141036401503E-13","1.7763568394002505E-14","true","true","true"
"474","310474","B-good","true","500","310474","B-good","500","125","5000","0.8814994686598715","1","54","0.6533672936804484","0.75","43.2","75","0.9999999998812823","0.9532","1.170000000000001","0.549","476.6","1427.8","0","0","false","0.8814994686598715","1","0.432","3.5499999999999963","0.432","0.5170940170940171","0.5505665127989928","0.5352112676056338","0.5925925925925926","998","1498","0","7.815970093361102E-14","7.105427357601002E-15","true","true","true"
"475","310475","B-good","true","500","310475","B-good","500","125","5000","0.9880470865159074","1","106","0.5798292835145297","0.5","44.1","75","0.9999978346444806","0.8352","4.120000000000005","0.5362","417.6","1250.8","0","0","false","0.9880470865159074","1","0.848","0.9500000000000008","0.848","0.5121359223300971","0.540948275862069","0.5263157894736842","0.6037735849056604","998","1498","0","6.394884621840902E-14","7.283063041541027E-14","true","true","true"
"476","310476","B-good","true","500","310476","B-good","500","125","5000","0.44999999999999996","0","67","0.5763835414551945","0.7","42.9","75","0.8902486657747168","0.72","7.000000000000021","0.5224","360","1078.2","0.108","0.1","false","0.44999999999999996","0","0.536","2.8999999999999986","0.536","0.485","0.5369444444444444","0.5","0.4925373134328358","998","1498","0","8.526512829121202E-14","1.4921397450962104E-13","true","true","true"
"477","310477","B-good","true","500","310477","B-good","500","125","5000","0.2682825988187187","0","47","0.7873390238162405","0.9","52.5","75","0.9999999997599085","0.9716","0.7100000000000007","0.5508","485.8","1455.4","0","0","false","0.2682825988187187","0","0.376","3.899999999999995","0.376","0.5422535211267606","0.5510498147385755","0.48717948717948717","0.44680851063829785","998","1498","0","7.815970093361102E-14","8.43769498715119E-15","true","true","true"
"478","310478","B-good","true","500","310478","B-good","500","125","5000","0.55","1","49","0.6669222653506172","0.8","41.4","75","0.9999999998842386","0.9164","2.089999999999999","0.5492","458.2","1372.6","0","0","false","0.55","1","0.392","3.7999999999999954","0.392","0.4904306220095694","0.554561326931471","0.4342105263157895","0.5102040816326531","998","1498","0","8.526512829121202E-14","1.2434497875801753E-14","true","true","true"
"479","310479","B-good","true","500","310479","B-good","500","125","5000","0.8029278364278081","1","83","0.798232556842694","0.9","45","75","0.9999999987672071","0.973","0.6750000000000005","0.5472","486.5","1457.5","0","0","false","0.8029278364278081","1","0.664","2.1000000000000014","0.664","0.45925925925925926","0.5496402877697841","0.5","0.5421686746987951","998","1498","0","8.526512829121202E-14","4.440892098500626E-16","true","true","true"
"480","310480","B-good","true","500","310480","B-good","500","125","5000","0.9530265597482369","1","81","0.5461682787998664","0.5","42","75","0.9999999996900673","0.9106","2.234999999999998","0.5448","455.3","1363.9","0","0","false","0.9530265597482369","1","0.648","2.200000000000001","0.648","0.5078299776286354","0.5484296068526247","0.4772727272727273","0.5925925925925926","998","1498","0","7.105427357601002E-14","1.0658141036401503E-14","true","true","true"
"481","310481","B-good","true","500","310481","B-good","500","125","5000","0.2682825988187187","0","79","0.6729889721703295","1","38.7","75","0.9999999999377781","0.9446","1.3850000000000005","0.5442","472.3","1414.9","0","0","false","0.2682825988187187","0","0.632","2.3000000000000007","0.632","0.5234657039711191","0.5454160491213212","0.5","0.46835443037974683","998","1498","0","5.6843418860808015E-14","4.440892098500626E-15","true","true","true"
"482","310482","B-good","true","500","310482","B-good","500","125","5000","0.9174389747697416","1","96","0.7307850779588039","0.8","43.5","75","0.9999996760357952","0.9404","1.4900000000000002","0.5392","470.2","1408.6","0","0","false","0.9174389747697416","1","0.768","1.4500000000000013","0.768","0.48322147651006714","0.5427477669076989","0.3793103448275862","0.5625","998","1498","0","8.526512829121202E-14","7.105427357601002E-15","true","true","true"
"483","310483","B-good","true","500","310483","B-good","500","125","5000","0.646116504854369","1","79","0.770305719183211","0.8","48.6","75","0.9999999999998502","0.9642","0.8950000000000007","0.5546","482.1","1444.3","0","0","false","0.646116504854369","1","0.632","2.3000000000000007","0.632","0.4748603351955307","0.5575606720597387","0.4782608695652174","0.5189873417721519","998","1498","0","7.815970093361102E-14","1.3322676295501878E-15","true","true","true"
"484","310484","B-good","true","500","310484","B-good","500","125","5000","0.9901990435157576","1","81","0.7450662017133862","0.85","43.8","75","0.9999999999811884","0.9694","0.7650000000000008","0.552","484.7","1452.1","0","0","false","0.9901990435157576","1","0.648","2.200000000000001","0.648","0.4444444444444444","0.5553950897462347","0.5909090909090909","0.6419753086419753","998","1498","0","1.0658141036401503E-13","8.881784197001252E-16","true","true","true"
"485","310485","B-good","true","500","310485","B-good","500","125","5000","0.23076011223611606","0","38","0.3791771950615959","0.15","33.9","75","0.9992527751602639","0.7902","5.2449999999999966","0.545","395.1","1183.3","0.002","0","false","0.23076011223611606","0","0.304","4.349999999999993","0.304","0.5109628217349858","0.55403695267021","0.5057471264367817","0.42105263157894735","998","1498","0","9.237055564881302E-14","2.398081733190338E-14","true","true","true"
"486","310486","B-good","true","500","310486","B-good","500","125","5000","0.7692398877638839","1","100","0.7592374628722796","1","42.6","75","0.9999999787596175","0.9392","1.5199999999999994","0.545","469.6","1406.8","0","0","false","0.7692398877638839","1","0.8","1.250000000000001","0.8","0.4967105263157895","0.5481260647359455","0.6","0.53","998","1498","0","7.815970093361102E-14","1.0658141036401503E-14","true","true","true"
"487","310487","B-good","true","500","310487","B-good","500","125","5000","0.167233038696648","0","28","0.89634125676029","1","50.1","75","0.9999999960494602","0.9734","0.6650000000000007","0.551","486.7","1458.1","0","0","false","0.167233038696648","0","0.224","4.849999999999992","0.224","0.46616541353383456","0.5533182658722006","0.4020618556701031","0.35714285714285715","998","1498","0","9.947598300641403E-14","1.2434497875801753E-14","true","true","true"
"488","310488","B-good","true","500","310488","B-good","500","125","5000","0.9314206186232206","1","97","0.5579688245934527","0.7","37.8","75","0.9999999906983383","0.893","2.6749999999999976","0.5444","446.5","1337.5","0","0","false","0.9314206186232206","1","0.776","1.4000000000000012","0.776","0.508411214953271","0.5487122060470325","0.4642857142857143","0.5670103092783505","998","1498","0","9.237055564881302E-14","1.7763568394002505E-14","true","true","true"
"489","310489","B-good","true","500","310489","B-good","500","125","5000","0.832766961303352","1","80","0.8701480258978057","1","51","75","0.9999999999999941","0.9742","0.6450000000000005","0.5646","487.1","1459.3","0","0","false","0.832766961303352","1","0.64","2.250000000000001","0.64","0.4418604651162791","0.5678505440361322","0.5333333333333333","0.55","998","1498","0","1.1368683772161603E-13","8.881784197001252E-16","true","true","true"
"491","310491","B-good","true","500","310491","B-good","500","125","5000","0.8588821376227943","1","91","0.7284346301237095","0.95","42.6","75","0.9999999999999993","0.961","0.9750000000000009","0.5638","480.5","1439.5","0","0","false","0.8588821376227943","1","0.728","1.7000000000000015","0.728","0.517948717948718","0.5656607700312175","0.29411764705882354","0.5494505494505495","998","1498","0","9.237055564881302E-14","0","true","true","true"
"490","310490","B-good","true","500","310490","B-good","500","125","5000","0.646116504854369","1","77","0.5522585502254527","0.6","38.4","75","0.9999999940217545","0.872","3.1999999999999966","0.5382","436","1306","0","0","false","0.646116504854369","1","0.616","2.4000000000000004","0.616","0.5109375","0.5422018348623853","0.6041666666666666","0.5194805194805194","998","1498","0","6.039613253960852E-14","2.042810365310288E-14","true","true","true"
"492","310492","B-good","true","500","310492","B-good","500","125","5000","0.832766961303352","1","80","0.873647752500758","1","51.6","75","0.9999999998472398","0.9706","0.7350000000000008","0.5458","485.3","1453.9","0","0","false","0.832766961303352","1","0.64","2.250000000000001","0.64","0.5510204081632653","0.5456418710076242","0.4666666666666667","0.55","998","1498","0","7.105427357601002E-14","8.881784197001252E-16","true","true","true"
"493","310493","B-good","true","500","310493","B-good","500","125","5000","0.9854295854981023","1","93","0.6329056887857191","0.7","35.1","75","0.9999999992051029","0.9426","1.435000000000001","0.5412","471.3","1411.9","0","0","false","0.9854295854981023","1","0.744","1.6000000000000014","0.744","0.4564459930313589","0.546361128792701","0.5","0.6129032258064516","998","1498","0","7.815970093361102E-14","3.552713678800501E-15","true","true","true"
"494","310494","B-good","true","500","310494","B-good","500","125","5000","0.6905480615036318","1","82","0.7250148100521895","0.9","43.8","75","0.9999999999988993","0.9122","2.1949999999999985","0.5532","456.1","1366.3","0","0","false","0.6905480615036318","1","0.656","2.1500000000000012","0.656","0.5193621867881549","0.556456917342688","0.5116279069767442","0.524390243902439","998","1498","0","7.815970093361102E-14","1.7763568394002505E-14","true","true","true"
"495","310495","B-good","true","500","310495","B-good","500","125","5000","0.832766961303352","1","76","0.6621527547560969","0.75","40.5","75","0.999999999924834","0.9228","1.929999999999999","0.5434","461.4","1382.2","0","0","false","0.832766961303352","1","0.608","2.45","0.608","0.48186528497409326","0.5485478977026441","0.4897959183673469","0.5526315789473685","998","1498","0","7.105427357601002E-14","1.2434497875801753E-14","true","true","true"
"496","310496","B-good","true","500","310496","B-good","500","125","5000","0.9737137791228572","1","116","0.37703280122105876","0.3","28.2","75","0.9999999593051168","0.7804","5.490000000000001","0.5402","390.2","1168.6","0","0","false","0.9737137791228572","1","0.928","0.4500000000000004","0.928","0.5154826958105647","0.5471553049718093","0.4444444444444444","0.5775862068965517","998","1498","0","5.6843418860808015E-14","3.197442310920451E-14","true","true","true"
"497","310497","B-good","true","500","310497","B-good","500","125","5000","0.9431811237123936","1","82","0.6665123495165678","0.75","39.6","75","0.9999999999987301","0.9554","1.1150000000000007","0.5592","477.7","1431.1","0","0","false","0.9431811237123936","1","0.656","2.1500000000000012","0.656","0.48878923766816146","0.562486916474775","0.4186046511627907","0.5853658536585366","998","1498","0","1.1368683772161603E-13","3.1086244689504383E-15","true","true","true"
"498","310498","B-good","true","500","310498","B-good","500","125","5000","0.9737137791228572","1","90","0.8386008491420844","1","44.4","75","0.9999999999996574","0.9662","0.8450000000000006","0.5462","483.1","1447.3","0","0","false","0.9737137791228572","1","0.72","1.7500000000000016","0.72","0.41420118343195267","0.5508176361001863","0.4","0.6","998","1498","0","6.394884621840902E-14","1.7763568394002505E-15","true","true","true"
"499","310499","B-good","true","500","310499","B-good","500","125","5000","0.167233038696648","0","40","0.6107747172509089","0.65","39.3","75","0.9999999999970386","0.9486","1.2850000000000008","0.5562","474.3","1420.9","0","0","false","0.167233038696648","0","0.32","4.249999999999994","0.32","0.5252918287937743","0.5578747628083491","0.5411764705882353","0.4","998","1498","0","8.526512829121202E-14","9.769962616701378E-15","true","true","true"
"500","310500","B-good","true","500","310500","B-good","500","125","5000","0.6905480615036318","1","62","0.5610692294541306","0.5","40.5","75","0.9999976624634108","0.795","5.124999999999995","0.5412","397.5","1190.5","0","0","false","0.6905480615036318","1","0.496","3.1499999999999977","0.496","0.5229268292682927","0.5459119496855346","0.6190476190476191","0.532258064516129","998","1498","0","8.526512829121202E-14","2.5757174171303632E-14","true","true","true"
"501","310001","B-bad","true","500","310001","B-bad","500","125","5000","0.6905480615036318","1","32","0.6173373639944553","0.75","31.5","75","0.9786055096378805","0.8722","3.194999999999996","0.5058","63.9","191.3","0.03","0","false","0.6905480615036318","1","0.744","1.6000000000000008","0.256","0.5157074065581289","0.4381846635367762","0.4838709677419355","0.4375","998","1498","0","4.440892098500626E-15","9.769962616701378E-15","true","true","true"
"502","310002","B-bad","true","500","310002","B-bad","500","125","5000","0.5990099009900991","1","46","0.42480464013697716","0.3","44.7","75","0.9758305365563771","0.8648","3.3799999999999955","0.4874","67.6","202.8","0.044","0","false","0.5990099009900991","1","0.632","2.3","0.368","0.4935245143385754","0.44822485207100593","0.569620253164557","0.4782608695652174","998","1498","0","2.6645352591003757E-15","1.865174681370263E-14","true","true","true"
"503","310003","B-bad","true","500","310003","B-bad","500","125","5000","0.353883495145631","0","69","0.7082317934713692","0.8","24.9","75","0.962785894612483","0.9108","2.2299999999999986","0.4844","44.6","133.2","0.044","0","false","0.353883495145631","0","0.448","3.4499999999999957","0.552","0.4898989898989899","0.4282511210762332","0.5178571428571429","0.5217391304347826","998","1498","0","1.7763568394002505E-15","6.217248937900877E-15","true","true","true"
"504","310004","B-bad","true","500","310004","B-bad","500","125","5000","0.1185005313401285","0","104","0.6754053605742866","0.8","30.3","75","0.8681604999020436","0.7922","5.194999999999998","0.4918","103.9","311.1","0.098","0","false","0.1185005313401285","0","0.168","5.1999999999999895","0.832","0.49558192375662713","0.4773820981713186","0.6666666666666666","0.5480769230769231","998","1498","0","2.6645352591003757E-15","1.5987211554602254E-14","true","true","true"
"505","310005","B-bad","true","500","310005","B-bad","500","125","5000","0.55","1","57","0.5617747238237223","0.55","31.5","75","0.8507417641817607","0.7028","7.430000000000033","0.5016","148.6","445.6","0.128","0.1","false","0.55","1","0.544","2.849999999999998","0.456","0.5099601593625498","0.48183041722745623","0.4852941176470588","0.49122807017543857","998","1498","0","1.7763568394002505E-15","1.8118839761882555E-13","true","true","true"
"506","310006","B-bad","true","500","310006","B-bad","500","125","5000","0.832766961303352","1","60","0.768695954845361","1","26.1","75","0.9842366781734422","0.9248","1.8799999999999997","0.479","37.6","112.8","0.012","0","false","0.832766961303352","1","0.52","2.9999999999999973","0.48","0.4850778546712803","0.40425531914893614","0.5538461538461539","0.43333333333333335","998","1498","0","1.7763568394002505E-15","3.9968028886505635E-15","true","true","true"
"507","310007","B-bad","true","500","310007","B-bad","500","125","5000","0.832766961303352","1","54","0.6661713865784724","0.7","35.7","75","0.9528996979603395","0.8562","3.5949999999999953","0.4892","71.9","215.7","0.042","0","false","0.832766961303352","1","0.568","2.6999999999999984","0.432","0.4940434477925718","0.4603616133518776","0.4507042253521127","0.42592592592592593","998","1498","0","8.881784197001252E-16","1.2434497875801753E-14","true","true","true"
"508","310008","B-bad","true","500","310008","B-bad","500","125","5000","0.646116504854369","1","51","0.6150078128347878","0.7","29.1","75","0.9686384768410787","0.8228","4.429999999999994","0.489","88.6","265.8","0.034","0","false","0.646116504854369","1","0.592","2.549999999999999","0.408","0.4948954788526981","0.4616252821670429","0.5405405405405406","0.47058823529411764","998","1498","0","3.552713678800501E-15","1.5987211554602254E-14","true","true","true"
"509","310009","B-bad","true","500","310009","B-bad","500","125","5000","0.9009100727155935","1","39","0.5244839195511926","0.6","37.5","75","0.9473659518780586","0.858","3.5499999999999945","0.4886","71","213","0.062","0","false","0.9009100727155935","1","0.688","1.950000000000001","0.312","0.4937062937062937","0.45774647887323944","0.4883720930232558","0.358974358974359","998","1498","0","2.6645352591003757E-15","1.2434497875801753E-14","true","true","true"
"510","310010","B-bad","true","500","310010","B-bad","500","125","5000","0.8029278364278081","1","39","0.5053503031498007","0.55","36.9","75","0.9696623343644643","0.8166","4.585","0.4934","91.7","274.9","0.036","0","false","0.8029278364278081","1","0.688","1.950000000000001","0.312","0.4996326230712711","0.46564885496183206","0.46511627906976744","0.41025641025641024","998","1498","0","8.881784197001252E-16","5.5067062021407764E-14","true","true","true"
"511","310011","B-bad","true","500","310011","B-bad","500","125","5000","0.8029278364278081","1","25","0.7522129835057607","1","27.6","75","0.9125987540764251","0.874","3.149999999999996","0.4794","63","188.8","0.124","0","false","0.8029278364278081","1","0.8","1.2500000000000004","0.2","0.4821510297482838","0.4603174603174603","0.42","0.36","998","1498","0","8.881784197001252E-16","1.3322676295501878E-14","true","true","true"
"512","310012","B-bad","true","500","310012","B-bad","500","125","5000","0.8588821376227943","1","31","0.4861355235622197","0.5","29.1","75","0.8974875050486792","0.8492","3.7699999999999947","0.4928","75.4","225.8","0.096","0","false","0.8588821376227943","1","0.752","1.5500000000000007","0.248","0.49788035798398494","0.46419098143236076","0.43617021276595747","0.3548387096774194","998","1498","0","8.881784197001252E-16","1.7763568394002505E-14","true","true","true"
"513","310013","B-bad","true","500","310013","B-bad","500","125","5000","0.769239887763884","1","52","0.6256625101016468","0.8","29.7","75","0.9420758002073997","0.8094","4.7649999999999935","0.483","95.3","285.7","0.078","0","false","0.769239887763884","1","0.584","2.5999999999999988","0.416","0.4855448480355819","0.472193074501574","0.4657534246575342","0.4423076923076923","998","1498","0","8.881784197001252E-16","1.2434497875801753E-14","true","true","true"
"514","310014","B-bad","true","500","310014","B-bad","500","125","5000","0.6905480615036318","1","48","0.7368656509262619","0.9","27.6","75","0.9660872937634156","0.8712","3.219999999999996","0.4906","64.4","193","0.028","0","false","0.6905480615036318","1","0.616","2.3999999999999995","0.384","0.4970156106519743","0.4472049689440994","0.4675324675324675","0.4583333333333333","998","1498","0","2.6645352591003757E-15","1.0658141036401503E-14","true","true","true"
"515","310015","B-bad","true","500","310015","B-bad","500","125","5000","0.08256102523025843","0","104","0.46304339373362674","0.3","36.6","75","0.9723168233963783","0.8128","4.680000000000005","0.4896","93.6","280.6","0.03","0","false","0.08256102523025843","0","0.168","5.1999999999999895","0.832","0.4987696850393701","0.4497863247863248","0.47619047619047616","0.5576923076923077","998","1498","0","5.329070518200751E-15","5.3290705182007514E-14","true","true","true"
"516","310016","B-bad","true","500","310016","B-bad","500","125","5000","0.400990099009901","0","44","0.7414525220925061","1","29.7","75","0.9709065377632091","0.8826","2.934999999999997","0.4918","58.7","176.1","0.032","0","false","0.400990099009901","0","0.648","2.2","0.352","0.4983004758667573","0.44293015332197616","0.5802469135802469","0.5227272727272727","998","1498","0","2.6645352591003757E-15","1.3322676295501878E-14","true","true","true"
"517","310017","B-bad","true","500","310017","B-bad","500","125","5000","0.769239887763884","1","24","0.5896799242740656","0.6","41.7","75","0.9649150404526402","0.8428","3.9299999999999953","0.499","78.6","235.8","0.036","0","false","0.769239887763884","1","0.808","1.2000000000000004","0.192","0.50640721404841","0.4592875318066158","0.504950495049505","0.375","998","1498","0","8.881784197001252E-16","1.0658141036401503E-14","true","true","true"
"518","310018","B-bad","true","500","310018","B-bad","500","125","5000","0.7317174011812813","1","31","0.6079279887756746","0.75","35.1","75","0.9745847752999129","0.8762","3.0949999999999958","0.4992","61.9","185.7","0.032","0","false","0.7317174011812813","1","0.752","1.5500000000000007","0.248","0.5067336224606255","0.4458804523424879","0.46808510638297873","0.41935483870967744","998","1498","0","2.6645352591003757E-15","1.3322676295501878E-14","true","true","true"
"519","310019","B-bad","true","500","310019","B-bad","500","125","5000","0.832766961303352","1","48","0.5497158081164715","0.6","37.8","75","0.968248213509533","0.8666","3.334999999999996","0.4848","66.7","200.1","0.022","0","false","0.832766961303352","1","0.616","2.3999999999999995","0.384","0.49019155319639973","0.4497751124437781","0.4805194805194805","0.4166666666666667","998","1498","0","1.7763568394002505E-15","1.3322676295501878E-14","true","true","true"
"520","310020","B-bad","true","500","310020","B-bad","500","125","5000","0.8814994686598714","1","26","0.6606291942193476","0.8","33.6","75","0.9733786381379138","0.8618","3.4549999999999974","0.4976","69.1","207.1","0.022","0","false","0.8814994686598714","1","0.792","1.3000000000000005","0.208","0.5049895567417034","0.4515195369030391","0.494949494949495","0.3076923076923077","998","1498","0","1.7763568394002505E-15","1.7763568394002505E-14","true","true","true"
"523","310023","B-bad","true","500","310023","B-bad","500","125","5000","0.8814994686598714","1","50","0.5698414420515456","0.65","30.9","75","0.9713628992097375","0.8066","4.835000000000005","0.5022","96.7","290.1","0.03","0","false","0.8814994686598714","1","0.6","2.499999999999999","0.4","0.5105380609967766","0.4674250258531541","0.4533333333333333","0.4","998","1498","0","8.881784197001252E-16","4.796163466380676E-14","true","true","true"
"521","310021","B-bad","true","500","310021","B-bad","500","125","5000","0.8814994686598714","1","30","0.5936582975026996","0.7","34.5","75","0.8984285095494977","0.841","3.974999999999997","0.4946","79.5","238.5","0.07","0","false","0.8814994686598714","1","0.76","1.5000000000000007","0.24","0.4991676575505351","0.47044025157232705","0.4842105263157895","0.3333333333333333","998","1498","0","8.881784197001252E-16","1.687538997430238E-14","true","true","true"
"522","310022","B-bad","true","500","310022","B-bad","500","125","5000","0.8814994686598714","1","28","0.7043611568236597","0.9","29.7","75","0.9692928268319868","0.8628","3.429999999999997","0.4892","68.6","205.8","0.04","0","false","0.8814994686598714","1","0.776","1.4000000000000006","0.224","0.4960593416782568","0.446064139941691","0.4845360824742268","0.32142857142857145","998","1498","0","3.552713678800501E-15","1.3322676295501878E-14","true","true","true"
"524","310024","B-bad","true","500","310024","B-bad","500","125","5000","0.5990099009900991","1","44","0.5084368687950112","0.5","38.1","75","0.9620447665839377","0.8676","3.309999999999995","0.4838","66.2","198.4","0.028","0","false","0.5990099009900991","1","0.648","2.2","0.352","0.48939603503918855","0.4471299093655589","0.5925925925925926","0.4772727272727273","998","1498","0","5.329070518200751E-15","1.5987211554602254E-14","true","true","true"
"526","310026","B-bad","true","500","310026","B-bad","500","125","5000","0.832766961303352","1","34","0.5844398746584527","0.85","32.4","75","0.8481751284796559","0.7786","5.535000000000006","0.5016","110.7","331.7","0.126","0.1","false","0.832766961303352","1","0.728","1.7000000000000008","0.272","0.5093758027228359","0.4742547425474255","0.5384615384615384","0.38235294117647056","998","1498","0","3.552713678800501E-15","5.861977570020827E-14","true","true","true"
"525","310025","B-bad","true","500","310025","B-bad","500","125","5000","0.031941023560871806","0","85","0.752728443241554","1","35.7","75","0.9747037977713866","0.8994","2.5149999999999975","0.501","50.3","150.9","0.024","0","false","0.031941023560871806","0","0.32","4.249999999999993","0.68","0.5087836335334668","0.43141153081510936","0.425","0.6","998","1498","0","1.7763568394002505E-15","7.993605777301127E-15","true","true","true"
"527","310027","B-bad","true","500","310027","B-bad","500","125","5000","0.8588821376227943","1","23","0.5885362398623364","0.6","34.2","75","0.973237089688053","0.8438","3.9049999999999976","0.486","78.1","234.3","0.032","0","false","0.8588821376227943","1","0.816","1.1500000000000004","0.184","0.4927707987674804","0.4494238156209987","0.45098039215686275","0.30434782608695654","998","1498","0","2.6645352591003757E-15","2.1316282072803006E-14","true","true","true"
"528","310028","B-bad","true","500","310028","B-bad","500","125","5000","0.9174389747697416","1","32","0.7348722204994291","0.9","29.4","75","0.9749917038751036","0.9156","2.1099999999999985","0.4944","42.2","126.6","0.022","0","false","0.9174389747697416","1","0.744","1.6000000000000008","0.256","0.5019659239842726","0.41232227488151657","0.5591397849462365","0.3125","998","1498","0","2.6645352591003757E-15","7.993605777301127E-15","true","true","true"
"529","310029","B-bad","true","500","310029","B-bad","500","125","5000","0.769239887763884","1","54","0.8295797004373219","1","26.4","75","0.9771481678460716","0.9352","1.6200000000000003","0.4804","32.4","97","0.034","0","false","0.769239887763884","1","0.568","2.6999999999999984","0.432","0.4865269461077844","0.39197530864197533","0.5774647887323944","0.4444444444444444","998","1498","0","1.7763568394002505E-15","3.1086244689504383E-15","true","true","true"
"531","310031","B-bad","true","500","310031","B-bad","500","125","5000","0.8588821376227943","1","27","0.7563803936823373","0.9","24.9","75","0.9150683855449506","0.8988","2.5299999999999976","0.4928","50.6","151.6","0.116","0.1","false","0.8588821376227943","1","0.784","1.3500000000000005","0.216","0.4975522919448153","0.4505928853754941","0.47959183673469385","0.3333333333333333","998","1498","0","8.881784197001252E-16","1.5987211554602254E-14","true","true","true"
"530","310030","B-bad","true","500","310030","B-bad","500","125","5000","0.9174389747697416","1","28","0.5592326474164241","0.55","38.1","75","0.9726961606979391","0.9108","2.2299999999999986","0.4796","44.6","133.8","0.034","0","false","0.9174389747697416","1","0.776","1.4000000000000006","0.224","0.48462889767237594","0.4282511210762332","0.44329896907216493","0.2857142857142857","998","1498","0","8.881784197001252E-16","5.329070518200751E-15","true","true","true"
"532","310032","B-bad","true","500","310032","B-bad","500","125","5000","0.55","1","69","0.6061763867090345","0.7","30","75","0.97447915129601","0.8774","3.064999999999996","0.4938","61.3","183.9","0.044","0","false","0.55","1","0.448","3.4499999999999957","0.552","0.5003419193070435","0.4469820554649266","0.5357142857142857","0.4927536231884058","998","1498","0","8.881784197001252E-16","1.1546319456101628E-14","true","true","true"
"533","310033","B-bad","true","500","310033","B-bad","500","125","5000","0.8588821376227943","1","45","0.47475859391308683","0.55","34.5","75","0.9659235213994902","0.7954","5.1149999999999975","0.49","102.3","306.9","0.054","0","false","0.8588821376227943","1","0.64","2.25","0.36","0.4961025898918783","0.4662756598240469","0.4625","0.4","998","1498","0","2.6645352591003757E-15","2.1316282072803006E-14","true","true","true"
"534","310034","B-bad","true","500","310034","B-bad","500","125","5000","0.646116504854369","1","81","0.4213283956341556","0.3","45","75","0.9665700070854097","0.893","2.674999999999998","0.4932","53.5","160.5","0.026","0","false","0.646116504854369","1","0.352","4.049999999999994","0.648","0.49944008958566627","0.4411214953271028","0.4090909090909091","0.48148148148148145","998","1498","0","8.881784197001252E-16","6.217248937900877E-15","true","true","true"
"535","310035","B-bad","true","500","310035","B-bad","500","125","5000","0.646116504854369","1","55","0.7799339323377785","1","28.2","75","0.8031432892181372","0.8802","2.9949999999999974","0.4814","59.9","179.1","0.186","0.1","false","0.646116504854369","1","0.56","2.7499999999999982","0.44","0.483072029084299","0.4691151919866444","0.44285714285714284","0.4727272727272727","998","1498","0","8.881784197001252E-16","1.0658141036401503E-14","true","true","true"
"536","310036","B-bad","true","500","310036","B-bad","500","125","5000","0.8588821376227943","1","27","0.5325794246903679","0.6","33","75","0.9726362485208353","0.8922","2.694999999999998","0.4966","53.9","161.7","0.04","0","false","0.8588821376227943","1","0.784","1.3500000000000005","0.216","0.5030262273032953","0.44341372912801486","0.5","0.3333333333333333","998","1498","0","8.881784197001252E-16","9.769962616701378E-15","true","true","true"
"537","310037","B-bad","true","500","310037","B-bad","500","125","5000","0.8588821376227943","1","39","0.7638524317083422","1","24","75","0.9052894935468595","0.8728","3.179999999999999","0.5014","63.6","190.4","0.098","0","false","0.8588821376227943","1","0.688","1.950000000000001","0.312","0.5077910174152154","0.45754716981132076","0.5465116279069767","0.38461538461538464","998","1498","0","1.7763568394002505E-15","1.2434497875801753E-14","true","true","true"
"538","310038","B-bad","true","500","310038","B-bad","500","125","5000","0.832766961303352","1","28","0.6031962675362821","0.7","37.8","75","0.8786496110950319","0.8306","4.234999999999994","0.4992","84.7","253.5","0.128","0.1","false","0.832766961303352","1","0.776","1.4000000000000006","0.224","0.5054177702865399","0.46871310507674147","0.4639175257731959","0.35714285714285715","998","1498","0","2.6645352591003757E-15","1.9539925233402755E-14","true","true","true"
"539","310039","B-bad","true","500","310039","B-bad","500","125","5000","0.832766961303352","1","38","0.7147336477725793","0.75","28.5","75","0.9137337934951695","0.8374","4.065000000000002","0.4992","81.3","243.7","0.064","0.1","false","0.832766961303352","1","0.696","1.900000000000001","0.304","0.5072844518748507","0.4575645756457565","0.4942528735632184","0.39473684210526316","998","1498","0","3.552713678800501E-15","2.8421709430404007E-14","true","true","true"
"540","310040","B-bad","true","500","310040","B-bad","500","125","5000","0.9314206186232206","1","33","0.6011528175363948","0.85","32.1","75","0.865115205203167","0.7656","5.8599999999999905","0.487","117.2","351.2","0.228","0.2","false","0.9314206186232206","1","0.736","1.6500000000000008","0.264","0.4895506792058516","0.4786689419795222","0.45652173913043476","0.30303030303030304","998","1498","0","3.552713678800501E-15","1.687538997430238E-14","true","true","true"
"541","310041","B-bad","true","500","310041","B-bad","500","125","5000","0.769239887763884","1","34","0.6207735810453869","0.7","28.5","75","0.9520886855905208","0.8344","4.1399999999999935","0.486","82.8","248.4","0.032","0","false","0.769239887763884","1","0.728","1.7000000000000008","0.272","0.4901725790987536","0.46497584541062803","0.37362637362637363","0.4117647058823529","998","1498","0","8.881784197001252E-16","1.687538997430238E-14","true","true","true"
"542","310042","B-bad","true","500","310042","B-bad","500","125","5000","0.5","0.5","48","0.6936401344090181","0.9","30.9","75","0.9363708662855261","0.8938","2.654999999999997","0.4986","53.1","159.3","0.044","0","false","0.5","0.5","0.616","2.3999999999999995","0.384","0.5063772656075185","0.4331450094161959","0.5324675324675324","0.5","998","1498","0","3.552713678800501E-15","7.993605777301127E-15","true","true","true"
"543","310043","B-bad","true","500","310043","B-bad","500","125","5000","0.44999999999999996","0","87","0.5806788172045863","0.65","31.8","75","0.9321460495961158","0.8846","2.8849999999999967","0.4956","57.7","173.1","0.072","0","false","0.44999999999999996","0","0.304","4.3499999999999925","0.696","0.5021478634411033","0.44540727902946275","0.5526315789473685","0.5057471264367817","998","1498","0","3.552713678800501E-15","1.1546319456101628E-14","true","true","true"
"545","310045","B-bad","true","500","310045","B-bad","500","125","5000","0.5990099009900991","1","38","0.7391895795955692","1","25.5","75","0.9672508483646027","0.859","3.524999999999995","0.498","70.5","211.5","0.04","0","false","0.5990099009900991","1","0.696","1.900000000000001","0.304","0.5054714784633294","0.4524822695035461","0.4827586206896552","0.47368421052631576","998","1498","0","2.6645352591003757E-15","1.865174681370263E-14","true","true","true"
"544","310044","B-bad","true","500","310044","B-bad","500","125","5000","0.769239887763884","1","36","0.5733540672012802","0.65","39.6","75","0.9278502599776595","0.8702","3.244999999999995","0.5012","64.9","194.5","0.084","0","false","0.769239887763884","1","0.712","1.800000000000001","0.288","0.506780050563089","0.4637904468412943","0.4157303370786517","0.4166666666666667","998","1498","0","4.440892098500626E-16","1.5987211554602254E-14","true","true","true"
"546","310046","B-bad","true","500","310046","B-bad","500","125","5000","0.8814994686598714","1","46","0.6749284474852619","0.9","29.1","75","0.9714822665493733","0.8642","3.3949999999999996","0.4958","67.9","203.5","0.026","0","false","0.8814994686598714","1","0.632","2.3","0.368","0.5033557046979866","0.4477172312223859","0.43037974683544306","0.391304347826087","998","1498","0","3.552713678800501E-15","1.9539925233402755E-14","true","true","true"
"547","310047","B-bad","true","500","310047","B-bad","500","125","5000","0.646116504854369","1","61","0.4357497164070095","0.35","31.5","75","0.9233506066225518","0.8576","3.5599999999999943","0.4878","71.2","213.6","0.05","0","false","0.646116504854369","1","0.512","3.049999999999997","0.488","0.4920708955223881","0.46207865168539325","0.46875","0.47540983606557374","998","1498","0","1.7763568394002505E-15","1.4210854715202004E-14","true","true","true"
"549","310049","B-bad","true","500","310049","B-bad","500","125","5000","0.769239887763884","1","40","0.7530097278630276","0.95","25.8","75","0.9794103337127915","0.8834","2.914999999999998","0.4854","58.3","174.9","0.026","0","false","0.769239887763884","1","0.68","2.000000000000001","0.32","0.49105727869594745","0.4425385934819897","0.4117647058823529","0.425","998","1498","0","8.881784197001252E-16","8.881784197001252E-15","true","true","true"
"548","310048","B-bad","true","500","310048","B-bad","500","125","5000","0.832766961303352","1","24","0.6732915296624326","0.9","28.5","75","0.9475174127269186","0.8518","3.7049999999999956","0.4882","74.1","222.3","0.054","0","false","0.832766961303352","1","0.808","1.2000000000000004","0.192","0.49354308523127494","0.4574898785425101","0.4752475247524752","0.3333333333333333","998","1498","0","3.552713678800501E-15","1.7763568394002505E-14","true","true","true"
"550","310050","B-bad","true","500","310050","B-bad","500","125","5000","0.8588821376227943","1","29","0.6277933274756214","0.9","36.3","75","0.9739925564460197","0.8926","2.6849999999999974","0.495","53.7","161.1","0.028","0","false","0.8588821376227943","1","0.768","1.4500000000000006","0.232","0.5021286130405557","0.43575418994413406","0.4895833333333333","0.3448275862068966","998","1498","0","8.881784197001252E-16","7.105427357601002E-15","true","true","true"
"551","310051","B-bad","true","500","310051","B-bad","500","125","5000","0.08256102523025843","0","100","0.653620570389704","0.85","31.8","75","0.9860659053909131","0.8944","2.639999999999998","0.4972","52.8","158.4","0.032","0","false","0.08256102523025843","0","0.2","4.99999999999999","0.8","0.5053667262969589","0.42803030303030304","0.52","0.56","998","1498","0","2.6645352591003757E-15","1.2434497875801753E-14","true","true","true"
"552","310052","B-bad","true","500","310052","B-bad","500","125","5000","0.769239887763884","1","32","0.6485636966846332","0.85","26.1","75","0.9760836633475515","0.8752","3.119999999999995","0.4894","62.4","187","0.02","0","false","0.769239887763884","1","0.744","1.6000000000000008","0.256","0.4956581352833638","0.44551282051282054","0.4838709677419355","0.40625","998","1498","0","2.6645352591003757E-15","1.4210854715202004E-14","true","true","true"
"554","310054","B-bad","true","500","310054","B-bad","500","125","5000","0.1185005313401285","0","82","0.6171069555892706","0.7","35.7","75","0.98420823822588","0.8594","3.5149999999999935","0.4866","70.3","210.9","0.012","0","false","0.1185005313401285","0","0.344","4.099999999999993","0.656","0.49313474517104955","0.4466571834992888","0.5348837209302325","0.5609756097560976","998","1498","0","1.7763568394002505E-15","1.865174681370263E-14","true","true","true"
"553","310053","B-bad","true","500","310053","B-bad","500","125","5000","0.769239887763884","1","40","0.3877984849450661","0.4","46.2","75","0.9785192317011653","0.8098","4.755","0.4904","95.1","285.1","0.022","0","false","0.769239887763884","1","0.68","2.000000000000001","0.32","0.49691281797974807","0.46267087276551","0.5411764705882353","0.425","998","1498","0","1.7763568394002505E-15","3.375077994860476E-14","true","true","true"
"555","310055","B-bad","true","500","310055","B-bad","500","125","5000","0.5","0.5","52","0.3718449943885834","0.2","44.4","75","0.9628327680389628","0.7836","5.409999999999997","0.4884","108.2","324.6","0.052","0","false","0.5","0.5","0.584","2.5999999999999988","0.416","0.49310872894333846","0.4713493530499076","0.4520547945205479","0.5","998","1498","0","3.552713678800501E-15","1.5987211554602254E-14","true","true","true"
"556","310056","B-bad","true","500","310056","B-bad","500","125","5000","0.5990099009900991","1","50","0.5652962276719886","0.6","41.7","75","0.9745612316164062","0.8934","2.664999999999998","0.4926","53.3","159.9","0.014","0","false","0.5990099009900991","1","0.6","2.499999999999999","0.4","0.4989926124916051","0.43902439024390244","0.4666666666666667","0.48","998","1498","0","1.7763568394002505E-15","3.1086244689504383E-15","true","true","true"
"558","310058","B-bad","true","500","310058","B-bad","500","125","5000","0.9174389747697416","1","58","0.7129655922227413","1","32.4","75","0.9472456600986101","0.9092","2.2699999999999987","0.5064","45.4","136","0.04","0","false","0.9174389747697416","1","0.536","2.8999999999999977","0.464","0.5134183897932248","0.43612334801762115","0.5970149253731343","0.39655172413793105","998","1498","0","8.881784197001252E-16","3.9968028886505635E-15","true","true","true"
"557","310057","B-bad","true","500","310057","B-bad","500","125","5000","0.8814994686598714","1","30","0.6317180344782866","0.6","41.1","75","0.8253517475716603","0.825","4.374999999999992","0.4896","87.5","262.3","0.222","0.1","false","0.8814994686598714","1","0.76","1.5000000000000007","0.24","0.49163636363636365","0.48","0.6","0.3333333333333333","998","1498","0","8.881784197001252E-16","1.7763568394002505E-14","true","true","true"
"559","310059","B-bad","true","500","310059","B-bad","500","125","5000","0.5990099009900991","1","36","0.7683542882957483","0.95","26.1","75","0.9814982045742779","0.9148","2.1299999999999986","0.487","42.6","127.8","0.012","0","false","0.5990099009900991","1","0.712","1.800000000000001","0.288","0.4934411893310013","0.41784037558685444","0.43820224719101125","0.4722222222222222","998","1498","0","8.881784197001252E-16","6.217248937900877E-15","true","true","true"
"560","310060","B-bad","true","500","310060","B-bad","500","125","5000","0.8588821376227943","1","47","0.581341063489053","0.6","33","75","0.9843048559334052","0.8708","3.229999999999996","0.4958","64.6","193.8","0.016","0","false","0.8588821376227943","1","0.624","2.3499999999999996","0.376","0.5041341295360589","0.43962848297213625","0.5256410256410257","0.40425531914893614","998","1498","0","3.552713678800501E-15","8.881784197001252E-15","true","true","true"
"562","310062","B-bad","true","500","310062","B-bad","500","125","5000","0.769239887763884","1","50","0.7071410500968597","0.8","27.6","75","0.9790924144101373","0.9124","2.19","0.4894","43.8","131.4","0.034","0","false","0.769239887763884","1","0.6","2.499999999999999","0.4","0.49561595791319596","0.4246575342465753","0.56","0.44","998","1498","0","8.881784197001252E-16","1.7763568394002505E-15","true","true","true"
"561","310061","B-bad","true","500","310061","B-bad","500","125","5000","0.769239887763884","1","36","0.5715714420239877","0.65","35.7","75","0.9769552178774117","0.9148","2.13","0.4826","42.6","127.8","0.026","0","false","0.769239887763884","1","0.712","1.800000000000001","0.288","0.48841276781810233","0.42018779342723006","0.47191011235955055","0.4166666666666667","998","1498","0","1.7763568394002505E-15","3.9968028886505635E-15","true","true","true"
"563","310063","B-bad","true","500","310063","B-bad","500","125","5000","0.646116504854369","1","37","0.5857863411769001","0.65","27.9","75","0.9757238510817942","0.8124","4.6899999999999915","0.4896","93.8","281.2","0.034","0","false","0.646116504854369","1","0.704","1.850000000000001","0.296","0.4958148695224028","0.4626865671641791","0.5568181818181818","0.4594594594594595","998","1498","0","3.552713678800501E-15","1.865174681370263E-14","true","true","true"
"564","310064","B-bad","true","500","310064","B-bad","500","125","5000","0.6905480615036318","1","64","0.8056083005000394","1","21.3","75","0.9565291979401603","0.8426","3.9349999999999965","0.4942","78.7","236.1","0.044","0","false","0.6905480615036318","1","0.488","3.1999999999999966","0.512","0.5013054830287206","0.45616264294790343","0.5573770491803278","0.46875","998","1498","0","1.7763568394002505E-15","1.0658141036401503E-14","true","true","true"
"565","310065","B-bad","true","500","310065","B-bad","500","125","5000","0.6905480615036318","1","40","0.616993684278208","0.75","34.2","75","0.9640217120756456","0.8874","2.814999999999997","0.4964","56.3","168.7","0.032","0","false","0.6905480615036318","1","0.68","2.000000000000001","0.32","0.5032679738562091","0.4422735346358792","0.5176470588235295","0.45","998","1498","0","2.6645352591003757E-15","1.7763568394002505E-14","true","true","true"
"566","310066","B-bad","true","500","310066","B-bad","500","125","5000","0.5","0.5","66","0.650309739197799","0.75","27","75","0.963254694404387","0.8564","3.589999999999995","0.493","71.8","215.2","0.024","0","false","0.5","0.5","0.472","3.2999999999999963","0.528","0.5","0.45125348189415043","0.576271186440678","0.5","998","1498","0","1.7763568394002505E-15","1.4210854715202004E-14","true","true","true"
"567","310067","B-bad","true","500","310067","B-bad","500","125","5000","0.832766961303352","1","46","0.6723395581382617","0.85","30","75","0.9728291305633523","0.8716","3.209999999999995","0.4908","64.2","192.6","0.02","0","false","0.832766961303352","1","0.632","2.3","0.368","0.4972464433226251","0.4470404984423676","0.43037974683544306","0.41304347826086957","998","1498","0","4.440892098500626E-15","1.3322676295501878E-14","true","true","true"
"568","310068","B-bad","true","500","310068","B-bad","500","125","5000","0.5990099009900991","1","62","0.7248526989155415","0.95","26.7","75","0.9216430793106486","0.8184","4.540000000000001","0.5","90.8","272.2","0.1","0.1","false","0.5990099009900991","1","0.504","3.099999999999997","0.496","0.5070869990224829","0.46806167400881055","0.6349206349206349","0.4838709677419355","998","1498","0","2.6645352591003757E-15","3.197442310920451E-14","true","true","true"
"569","310069","B-bad","true","500","310069","B-bad","500","125","5000","0.9174389747697416","1","36","0.6752088583438913","1","27.9","75","0.9731540067638237","0.8884","2.7899999999999974","0.4858","55.8","167.4","0.042","0","false","0.9174389747697416","1","0.712","1.800000000000001","0.288","0.4918955425484016","0.43727598566308246","0.42696629213483145","0.3333333333333333","998","1498","0","1.7763568394002505E-15","1.4210854715202004E-14","true","true","true"
"570","310070","B-bad","true","500","310070","B-bad","500","125","5000","0.23076011223611614","0","84","0.5533655138599188","0.55","31.8","75","0.9538752872161688","0.8886","2.784999999999998","0.4862","55.7","167.1","0.046","0","false","0.23076011223611614","0","0.328","4.199999999999993","0.672","0.491334683772226","0.4452423698384201","0.5609756097560976","0.5357142857142857","998","1498","0","2.6645352591003757E-15","7.993605777301127E-15","true","true","true"
"571","310071","B-bad","true","500","310071","B-bad","500","125","5000","0.9314206186232206","1","27","0.5767627913239446","0.7","33","75","0.9615950461747159","0.8892","2.7699999999999987","0.4918","55.4","166","0.022","0","false","0.9314206186232206","1","0.784","1.3500000000000005","0.216","0.4979757085020243","0.44223826714801445","0.5306122448979592","0.25925925925925924","998","1498","0","1.7763568394002505E-15","7.993605777301127E-15","true","true","true"
"572","310072","B-bad","true","500","310072","B-bad","500","125","5000","0.832766961303352","1","56","0.5392363270673399","0.55","34.5","75","0.9639026405485721","0.852","3.6999999999999957","0.4888","74","222","0.028","0","false","0.832766961303352","1","0.552","2.799999999999998","0.448","0.4955399061032864","0.45","0.5072463768115942","0.42857142857142855","998","1498","0","3.552713678800501E-15","1.2434497875801753E-14","true","true","true"
"573","310073","B-bad","true","500","310073","B-bad","500","125","5000","0.26828259881871874","0","101","0.7820943545369463","1","24.3","75","0.9817895866969693","0.9274","1.8149999999999988","0.4978","36.3","108.9","0.02","0","false","0.26828259881871874","0","0.192","5.04999999999999","0.808","0.5059305585507872","0.3939393939393939","0.5416666666666666","0.5247524752475248","998","1498","0","2.6645352591003757E-15","8.881784197001252E-15","true","true","true"
"574","310074","B-bad","true","500","310074","B-bad","500","125","5000","0.009800956484242396","0","113","0.6220388816606518","0.8","33.9","75","0.9300585287908678","0.8736","3.1599999999999957","0.4942","63.2","189.4","0.066","0","false","0.009800956484242396","0","0.096","5.649999999999988","0.904","0.5006868131868132","0.44936708860759494","0.6666666666666666","0.6017699115044248","998","1498","0","4.440892098500626E-15","1.4210854715202004E-14","true","true","true"
"575","310075","B-bad","true","500","310075","B-bad","500","125","5000","0.8588821376227943","1","25","0.4677274042642818","0.45","42.9","75","0.9849627886312426","0.8952","2.6199999999999983","0.4998","52.4","157.2","0.012","0","false","0.8588821376227943","1","0.8","1.2500000000000004","0.2","0.5087131367292225","0.42366412213740456","0.5","0.32","998","1498","0","2.6645352591003757E-15","1.2434497875801753E-14","true","true","true"
"576","310076","B-bad","true","500","310076","B-bad","500","125","5000","0.7317174011812813","1","49","0.705377277224729","0.95","27.9","75","0.961661022997802","0.836","4.099999999999998","0.4894","82","246","0.058","0","false","0.7317174011812813","1","0.608","2.4499999999999993","0.392","0.495933014354067","0.4560975609756098","0.5131578947368421","0.4489795918367347","998","1498","0","4.440892098500626E-15","2.3092638912203256E-14","true","true","true"
"577","310077","B-bad","true","500","310077","B-bad","500","125","5000","0.6905480615036318","1","38","0.5137679686187994","0.6","31.5","75","0.9667714724298003","0.7888","5.280000000000005","0.4904","105.6","316.6","0.022","0","false","0.6905480615036318","1","0.696","1.900000000000001","0.304","0.4977180527383367","0.4630681818181818","0.4827586206896552","0.4473684210526316","998","1498","0","4.440892098500626E-15","7.638334409421077E-14","true","true","true"
"579","310079","B-bad","true","500","310079","B-bad","500","125","5000","0.646116504854369","1","41","0.6942338608276801","0.9","27.9","75","0.986103936741405","0.883","2.9249999999999963","0.4914","58.5","175.5","0.012","0","false","0.646116504854369","1","0.672","2.0500000000000007","0.328","0.49898074745186866","0.4341880341880342","0.5952380952380952","0.4634146341463415","998","1498","0","2.6645352591003757E-15","1.687538997430238E-14","true","true","true"
"578","310078","B-bad","true","500","310078","B-bad","500","125","5000","0.02628622087714283","0","102","0.6935925761387909","0.85","30.9","75","0.9393162974049934","0.9254","1.8649999999999989","0.4906","37.3","111.9","0.042","0","false","0.02628622087714283","0","0.184","5.09999999999999","0.816","0.4960017289820618","0.42359249329758714","0.5217391304347826","0.5882352941176471","998","1498","0","8.881784197001252E-16","8.881784197001252E-15","true","true","true"
"580","310080","B-bad","true","500","310080","B-bad","500","125","5000","0.5990099009900991","1","82","0.639677426994712","0.75","27.9","75","0.9754221475567422","0.9102","2.2449999999999988","0.494","44.9","134.5","0.026","0","false","0.5990099009900991","1","0.344","4.099999999999993","0.656","0.5005493298176225","0.42761692650334077","0.5813953488372093","0.4878048780487805","998","1498","0","8.881784197001252E-16","9.769962616701378E-15","true","true","true"
"581","310081","B-bad","true","500","310081","B-bad","500","125","5000","0.9431811237123936","1","30","0.6041565470341943","0.75","31.2","75","0.9138770012777175","0.8402","3.994999999999993","0.497","79.9","239.3","0.12","0","false","0.9431811237123936","1","0.76","1.5000000000000007","0.24","0.5022613663413473","0.4693366708385482","0.5263157894736842","0.26666666666666666","998","1498","0","8.881784197001252E-16","1.3322676295501878E-14","true","true","true"
"582","310082","B-bad","true","500","310082","B-bad","500","125","5000","0.7317174011812813","1","53","0.6558045825224653","0.65","29.7","75","0.9558152377797489","0.8982","2.544999999999998","0.5032","50.9","152.7","0.04","0","false","0.7317174011812813","1","0.576","2.6499999999999986","0.424","0.5101313738588288","0.44204322200392926","0.4027777777777778","0.4528301886792453","998","1498","0","1.7763568394002505E-15","1.4210854715202004E-14","true","true","true"
"583","310083","B-bad","true","500","310083","B-bad","500","125","5000","0.832766961303352","1","44","0.6136763935078565","0.8","35.4","75","0.9757152274753702","0.9058","2.354999999999998","0.4884","47.1","141.3","0.034","0","false","0.832766961303352","1","0.648","2.2","0.352","0.4945904173106646","0.4288747346072187","0.48148148148148145","0.4090909090909091","998","1498","0","8.881784197001252E-16","6.217248937900877E-15","true","true","true"
"584","310084","B-bad","true","500","310084","B-bad","500","125","5000","0.9174389747697416","1","36","0.7666740255565554","1","23.1","75","0.939917950557874","0.9082","2.294999999999999","0.4972","45.9","137.7","0.07","0","false","0.9174389747697416","1","0.712","1.800000000000001","0.288","0.5031931292666814","0.43790849673202614","0.4943820224719101","0.3333333333333333","998","1498","0","8.881784197001252E-16","1.1546319456101628E-14","true","true","true"
"586","310086","B-bad","true","500","310086","B-bad","500","125","5000","0.353883495145631","0","67","0.5287654665367902","0.6","44.4","75","0.9300084655197208","0.858","3.5499999999999945","0.4908","71","213","0.086","0","false","0.353883495145631","0","0.464","3.349999999999996","0.536","0.496037296037296","0.4591549295774648","0.4482758620689655","0.5223880597014925","998","1498","0","2.6645352591003757E-15","1.687538997430238E-14","true","true","true"
"585","310085","B-bad","true","500","310085","B-bad","500","125","5000","0.353883495145631","0","61","0.682930539452139","0.8","30.6","75","0.973592849450729","0.8972","2.5699999999999985","0.4872","51.4","154","0.032","0","false","0.353883495145631","0","0.512","3.049999999999997","0.488","0.4933125278644672","0.433852140077821","0.46875","0.5245901639344263","998","1498","0","3.552713678800501E-15","4.440892098500626E-15","true","true","true"
"587","310087","B-bad","true","500","310087","B-bad","500","125","5000","0.8029278364278081","1","47","0.6710751051660867","0.8","27.3","75","0.9469908113039555","0.8994","2.514999999999998","0.4856","50.3","150.9","0.076","0","false","0.8029278364278081","1","0.624","2.3499999999999996","0.376","0.49054925505892816","0.441351888667992","0.48717948717948717","0.425531914893617","998","1498","0","8.881784197001252E-16","7.993605777301127E-15","true","true","true"
"588","310088","B-bad","true","500","310088","B-bad","500","125","5000","0.1411178623772057","0","105","0.6977506638510875","0.8","33.6","75","0.9629679543352296","0.893","2.6749999999999976","0.5016","53.5","160.5","0.046","0","false","0.1411178623772057","0","0.16","5.249999999999989","0.84","0.5086226203807391","0.44299065420560746","0.5","0.5428571428571428","998","1498","0","8.881784197001252E-16","1.1546319456101628E-14","true","true","true"
"589","310089","B-bad","true","500","310089","B-bad","500","125","5000","0.7317174011812813","1","47","0.709469083038285","1","31.8","75","0.9544069031353558","0.863","3.424999999999995","0.485","68.5","205.5","0.068","0","false","0.7317174011812813","1","0.624","2.3499999999999996","0.376","0.48968713789107765","0.4554744525547445","0.46153846153846156","0.44680851063829785","998","1498","0","1.7763568394002505E-15","1.509903313490213E-14","true","true","true"
"590","310090","B-bad","true","500","310090","B-bad","500","125","5000","0.8029278364278081","1","43","0.42934006966829097","0.35","45.9","75","0.9619143391621826","0.8352","4.119999999999993","0.4914","82.4","247","0.04","0","false","0.8029278364278081","1","0.656","2.1500000000000004","0.344","0.49736590038314177","0.46116504854368934","0.4146341463414634","0.4186046511627907","998","1498","0","8.881784197001252E-16","1.4210854715202004E-14","true","true","true"
"591","310091","B-bad","true","500","310091","B-bad","500","125","5000","0.8588821376227943","1","33","0.7036208430380615","0.9","28.2","75","0.9716324890771947","0.8882","2.7949999999999973","0.4978","55.9","167.7","0.028","0","false","0.8588821376227943","1","0.736","1.6500000000000008","0.264","0.504841251970277","0.4418604651162791","0.5","0.36363636363636365","998","1498","0","8.881784197001252E-16","7.105427357601002E-15","true","true","true"
"592","310092","B-bad","true","500","310092","B-bad","500","125","5000","0.832766961303352","1","54","0.7244511315224484","1","25.5","75","0.9637522271845503","0.8798","3.0049999999999963","0.5034","60.1","179.9","0.036","0","false","0.832766961303352","1","0.568","2.6999999999999984","0.432","0.5114798817913162","0.4442595673876872","0.5352112676056338","0.42592592592592593","998","1498","0","2.6645352591003757E-15","1.4210854715202004E-14","true","true","true"
"594","310094","B-bad","true","500","310094","B-bad","500","125","5000","0.8588821376227943","1","25","0.5846452515625516","0.75","39","75","0.9369260655152895","0.8526","3.6849999999999943","0.4862","73.7","221.1","0.074","0","false","0.8588821376227943","1","0.8","1.2500000000000004","0.2","0.4904996481351161","0.46132971506105835","0.57","0.32","998","1498","0","8.881784197001252E-16","1.5987211554602254E-14","true","true","true"
"593","310093","B-bad","true","500","310093","B-bad","500","125","5000","0.9009100727155935","1","29","0.66827751340273","0.8","30.9","75","0.9687705053974744","0.8542","3.644999999999994","0.4978","72.9","218.7","0.026","0","false","0.9009100727155935","1","0.768","1.4500000000000006","0.232","0.5064387731210489","0.44718792866941015","0.5729166666666666","0.3103448275862069","998","1498","0","4.440892098500626E-15","1.7763568394002505E-14","true","true","true"
"595","310095","B-bad","true","500","310095","B-bad","500","125","5000","0.8588821376227943","1","35","0.6790885702502122","0.9","24.3","75","0.9667519436621734","0.8636","3.4099999999999953","0.4938","68.2","204.6","0.032","0","false","0.8588821376227943","1","0.72","1.7500000000000009","0.28","0.500463177396943","0.45161290322580644","0.4222222222222222","0.37142857142857144","998","1498","0","2.6645352591003757E-15","1.4210854715202004E-14","true","true","true"
"596","310096","B-bad","true","500","310096","B-bad","500","125","5000","0.7317174011812813","1","33","0.6838416073218936","1","28.5","75","0.9675999557257444","0.8802","2.9949999999999966","0.495","59.9","179.7","0.042","0","false","0.7317174011812813","1","0.736","1.6500000000000008","0.264","0.5019313792319927","0.44407345575959933","0.5217391304347826","0.42424242424242425","998","1498","0","2.6645352591003757E-15","1.687538997430238E-14","true","true","true"
"597","310097","B-bad","true","500","310097","B-bad","500","125","5000","0.5990099009900991","1","70","0.5842787369400609","0.7","34.2","75","0.9756381015654814","0.8716","3.2099999999999995","0.5016","64.2","192.6","0.034","0","false","0.5990099009900991","1","0.44","3.4999999999999956","0.56","0.5096374483708123","0.4470404984423676","0.509090909090909","0.4857142857142857","998","1498","0","2.6645352591003757E-15","1.4210854715202004E-14","true","true","true"
"598","310098","B-bad","true","500","310098","B-bad","500","125","5000","0.8814994686598714","1","46","0.38824042994847713","0.2","41.4","75","0.9810174009179888","0.8664","3.3399999999999954","0.493","66.8","200.4","0.02","0","false","0.8814994686598714","1","0.632","2.3","0.368","0.5004616805170822","0.44461077844311375","0.4810126582278481","0.391304347826087","998","1498","0","2.6645352591003757E-15","1.2434497875801753E-14","true","true","true"
"599","310099","B-bad","true","500","310099","B-bad","500","125","5000","0.400990099009901","0","46","0.5727907477056838","0.75","32.1","75","0.95774558057263","0.847","3.8249999999999944","0.4906","76.5","229.3","0.038","0","false","0.400990099009901","0","0.632","2.3","0.368","0.49634002361275087","0.4588235294117647","0.5063291139240507","0.5217391304347826","998","1498","0","1.7763568394002505E-15","1.2434497875801753E-14","true","true","true"
"600","310100","B-bad","true","500","310100","B-bad","500","125","5000","0.5","0.5","60","0.6244490522836866","0.7","30","75","0.9258633400802907","0.8784","3.0399999999999965","0.4814","60.8","182.2","0.088","0","false","0.5","0.5","0.52","2.9999999999999973","0.48","0.48474499089253187","0.45723684210526316","0.6","0.5","998","1498","0","2.6645352591003757E-15","1.509903313490213E-14","true","true","true"
"601","310101","B-bad","true","500","310101","B-bad","500","125","5000","0.769239887763884","1","50","0.6322383540934651","0.85","24","75","0.9124527927798904","0.8142","4.644999999999997","0.4844","92.9","278.5","0.074","0","false","0.769239887763884","1","0.6","2.499999999999999","0.4","0.4880864652419553","0.4682454251883746","0.5333333333333333","0.44","998","1498","0","3.552713678800501E-15","3.375077994860476E-14","true","true","true"
"602","310102","B-bad","true","500","310102","B-bad","500","125","5000","0.6905480615036318","1","40","0.5502731316092796","0.55","37.2","75","0.9715202335674814","0.8524","3.689999999999999","0.487","73.8","221.4","0.034","0","false","0.6905480615036318","1","0.68","2.000000000000001","0.32","0.49296105114969496","0.45257452574525747","0.43529411764705883","0.45","998","1498","0","3.552713678800501E-15","3.019806626980426E-14","true","true","true"
"603","310103","B-bad","true","500","310103","B-bad","500","125","5000","0.646116504854369","1","59","0.5652962276719886","0.6","36.3","75","0.9780815886440626","0.8372","4.069999999999995","0.4992","81.4","244.2","0.034","0","false","0.646116504854369","1","0.528","2.9499999999999975","0.472","0.5076445293836598","0.4557739557739558","0.4696969696969697","0.4745762711864407","998","1498","0","2.6645352591003757E-15","1.509903313490213E-14","true","true","true"
"604","310104","B-bad","true","500","310104","B-bad","500","125","5000","0.55","1","47","0.6258343191160975","0.8","36.9","75","0.9535780520662248","0.8564","3.589999999999997","0.4884","71.8","215.2","0.042","0","false","0.55","1","0.624","2.3499999999999996","0.376","0.4936945352638954","0.4568245125348189","0.46153846153846156","0.48936170212765956","998","1498","0","3.552713678800501E-15","7.993605777301127E-15","true","true","true"
"605","310105","B-bad","true","500","310105","B-bad","500","125","5000","0.646116504854369","1","51","0.5261399326451435","0.55","34.8","75","0.967375996840422","0.8644","3.3899999999999957","0.5002","67.8","203.4","0.038","0","false","0.646116504854369","1","0.592","2.549999999999999","0.408","0.507403979639056","0.45427728613569324","0.581081081081081","0.47058823529411764","998","1498","0","8.881784197001252E-16","1.0658141036401503E-14","true","true","true"
"606","310106","B-bad","true","500","310106","B-bad","500","125","5000","0.5990099009900991","1","40","0.5773574827963225","0.65","34.2","75","0.8495464991063967","0.8314","4.2149999999999945","0.4852","84.3","252.9","0.108","0","false","0.5990099009900991","1","0.68","2.000000000000001","0.32","0.48809237430839547","0.4709371293001186","0.47058823529411764","0.475","998","1498","0","1.7763568394002505E-15","1.4210854715202004E-14","true","true","true"
"607","310107","B-bad","true","500","310107","B-bad","500","125","5000","0.9009100727155935","1","29","0.6558660576927594","0.95","24.9","75","0.973291312334912","0.862","3.4499999999999957","0.4976","69","207","0.034","0","false","0.9009100727155935","1","0.768","1.4500000000000006","0.232","0.505800464037123","0.4463768115942029","0.53125","0.3103448275862069","998","1498","0","3.552713678800501E-15","1.5987211554602254E-14","true","true","true"
"608","310108","B-bad","true","500","310108","B-bad","500","125","5000","0.353883495145631","0","73","0.6869317126265612","0.9","33.6","75","0.9820651677392253","0.922","1.9499999999999993","0.494","39","117","0.028","0","false","0.353883495145631","0","0.416","3.649999999999995","0.584","0.5013015184381778","0.4076923076923077","0.5192307692307693","0.5205479452054794","998","1498","0","1.7763568394002505E-15","3.9968028886505635E-15","true","true","true"
"609","310109","B-bad","true","500","310109","B-bad","500","125","5000","0.769239887763884","1","42","0.6731220261339269","0.8","28.2","75","0.9646274256689619","0.8414","3.964999999999994","0.4926","79.3","237.9","0.046","0","false","0.769239887763884","1","0.664","2.1000000000000005","0.336","0.49821725695269786","0.46279949558638084","0.5421686746987951","0.42857142857142855","998","1498","0","8.881784197001252E-16","1.4210854715202004E-14","true","true","true"
"611","310111","B-bad","true","500","310111","B-bad","500","125","5000","0.5990099009900991","1","54","0.5779514726743564","0.55","25.8","75","0.9777654041335287","0.8478","3.804999999999995","0.4938","76.1","228.3","0.026","0","false","0.5990099009900991","1","0.568","2.6999999999999984","0.432","0.500825666430762","0.45466491458607095","0.5211267605633803","0.48148148148148145","998","1498","0","1.7763568394002505E-15","1.687538997430238E-14","true","true","true"
"610","310110","B-bad","true","500","310110","B-bad","500","125","5000","0.3094519384963682","0","80","0.6959699902663392","1","23.1","75","0.9598164318287947","0.927","1.8249999999999997","0.487","36.5","109.5","0.044","0","false","0.3094519384963682","0","0.36","3.999999999999994","0.64","0.49341963322545845","0.4054794520547945","0.4666666666666667","0.525","998","1498","0","5.329070518200751E-15","5.329070518200751E-15","true","true","true"
"612","310112","B-bad","true","500","310112","B-bad","500","125","5000","0.9530265597482369","1","29","0.636976585914861","0.7","30.6","75","0.9040934319066656","0.8324","4.189999999999998","0.4942","83.8","251","0.086","0","false","0.9530265597482369","1","0.768","1.4500000000000006","0.232","0.4987986544930322","0.4713603818615752","0.4479166666666667","0.2413793103448276","998","1498","0","1.7763568394002505E-15","2.3092638912203256E-14","true","true","true"
"613","310113","B-bad","true","500","310113","B-bad","500","125","5000","0.832766961303352","1","24","0.5929403953985408","0.7","31.8","75","0.9789978762262592","0.8604","3.4899999999999958","0.4926","69.8","209.4","0.014","0","false","0.832766961303352","1","0.808","1.2000000000000004","0.192","0.499302649930265","0.4512893982808023","0.46534653465346537","0.3333333333333333","998","1498","0","8.881784197001252E-16","1.2434497875801753E-14","true","true","true"
"615","310115","B-bad","true","500","310115","B-bad","500","125","5000","0.832766961303352","1","58","0.6205832513328039","0.7","29.7","75","0.971795081273181","0.853","3.6749999999999936","0.491","73.5","220.5","0.026","0","false","0.832766961303352","1","0.536","2.8999999999999977","0.464","0.4973036342321219","0.454421768707483","0.3582089552238806","0.43103448275862066","998","1498","0","3.552713678800501E-15","1.687538997430238E-14","true","true","true"
"614","310114","B-bad","true","500","310114","B-bad","500","125","5000","0.5990099009900991","1","72","0.6636870028571192","0.8","33","75","0.9547182719220657","0.84","3.999999999999994","0.4954","80","239.8","0.052","0","false","0.5990099009900991","1","0.424","3.599999999999995","0.576","0.5023809523809524","0.45875","0.39622641509433965","0.4861111111111111","998","1498","0","1.7763568394002505E-15","1.5987211554602254E-14","true","true","true"
"616","310116","B-bad","true","500","310116","B-bad","500","125","5000","0.5990099009900991","1","72","0.7595366703271322","1","23.4","75","0.9825693080853725","0.9344","1.6400000000000006","0.4934","32.8","98.4","0.016","0","false","0.5990099009900991","1","0.424","3.599999999999995","0.576","0.5004280821917808","0.3932926829268293","0.5283018867924528","0.4861111111111111","998","1498","0","8.881784197001252E-16","3.9968028886505635E-15","true","true","true"
"617","310117","B-bad","true","500","310117","B-bad","500","125","5000","0.1185005313401285","0","100","0.6546469647614941","0.8","32.7","75","0.9348114264432192","0.866","3.349999999999997","0.5026","67","201","0.056","0","false","0.1185005313401285","0","0.2","4.99999999999999","0.8","0.5094688221709007","0.4582089552238806","0.52","0.55","998","1498","0","1.7763568394002505E-15","1.2434497875801753E-14","true","true","true"
"618","310118","B-bad","true","500","310118","B-bad","500","125","5000","0.8029278364278081","1","29","0.32866774707616964","0.05","43.8","75","0.9661394522448505","0.8246","4.3850000000000025","0.4978","87.7","262.9","0.038","0","false","0.8029278364278081","1","0.768","1.4500000000000006","0.232","0.5056997332039777","0.4606613454960091","0.4583333333333333","0.3793103448275862","998","1498","0","4.440892098500626E-15","5.861977570020827E-14","true","true","true"
"619","310119","B-bad","true","500","310119","B-bad","500","125","5000","0.7317174011812813","1","47","0.8332552276871429","1","22.8","75","0.9811058706646281","0.9318","1.7049999999999996","0.4896","34.1","102.1","0.02","0","false","0.7317174011812813","1","0.624","2.3499999999999996","0.376","0.4966731058166989","0.39296187683284456","0.5","0.44680851063829785","998","1498","0","3.552713678800501E-15","2.6645352591003757E-15","true","true","true"
"620","310120","B-bad","true","500","310120","B-bad","500","125","5000","0.6905480615036318","1","44","0.6073125013136856","0.7","33","75","0.9737113361379945","0.8976","2.5599999999999974","0.4936","51.2","153.6","0.028","0","false","0.6905480615036318","1","0.648","2.2","0.352","0.5006684491978609","0.431640625","0.48148148148148145","0.45454545454545453","998","1498","0","3.552713678800501E-15","8.881784197001252E-15","true","true","true"
"621","310121","B-bad","true","500","310121","B-bad","500","125","5000","0.832766961303352","1","34","0.6768726210503214","0.9","28.8","75","0.852010948354013","0.8848","2.8799999999999963","0.5066","57.6","172.4","0.092","0","false","0.832766961303352","1","0.728","1.7000000000000008","0.272","0.5122061482820977","0.4635416666666667","0.6043956043956044","0.38235294117647056","998","1498","0","1.7763568394002505E-15","1.509903313490213E-14","true","true","true"
"622","310122","B-bad","true","500","310122","B-bad","500","125","5000","0.6905480615036318","1","42","0.47574771299428525","0.55","42.9","75","0.9773573899731158","0.8404","3.989999999999996","0.4852","79.8","239.2","0.038","0","false","0.6905480615036318","1","0.664","2.1000000000000005","0.336","0.4930985245121371","0.44360902255639095","0.40963855421686746","0.4523809523809524","998","1498","0","4.440892098500626E-15","1.3322676295501878E-14","true","true","true"
"623","310123","B-bad","true","500","310123","B-bad","500","125","5000","0.3094519384963682","0","76","0.6418755345701856","0.7","38.7","75","0.9744629291216033","0.8742","3.1449999999999956","0.494","62.9","188.7","0.022","0","false","0.3094519384963682","0","0.392","3.7999999999999945","0.608","0.5012582932967284","0.4435612082670906","0.5306122448979592","0.5263157894736842","998","1498","0","1.7763568394002505E-15","1.5987211554602254E-14","true","true","true"
"624","310124","B-bad","true","500","310124","B-bad","500","125","5000","0.8588821376227943","1","55","0.7210666650188529","0.9","32.4","75","0.9667423660670671","0.9094","2.264999999999998","0.4932","45.3","135.9","0.04","0","false","0.8588821376227943","1","0.56","2.7499999999999982","0.44","0.5001099626127117","0.423841059602649","0.5571428571428572","0.41818181818181815","998","1498","0","1.7763568394002505E-15","8.881784197001252E-15","true","true","true"
"625","310125","B-bad","true","500","310125","B-bad","500","125","5000","0.44999999999999996","0","65","0.603190689219294","0.65","31.8","75","0.9830634052274208","0.8588","3.5299999999999954","0.496","70.6","211.8","0.018","0","false","0.44999999999999996","0","0.48","3.2499999999999964","0.52","0.504424778761062","0.4447592067988669","0.5166666666666667","0.5076923076923077","998","1498","0","3.552713678800501E-15","1.7763568394002505E-14","true","true","true"
"626","310126","B-bad","true","500","310126","B-bad","500","125","5000","0.353883495145631","0","51","0.7305633813243674","0.8","27.6","75","0.9189952571946944","0.7522","6.195000000000017","0.5014","123.9","371.5","0.084","0","false","0.353883495145631","0","0.592","2.549999999999999","0.408","0.5097048657272002","0.47619047619047616","0.6351351351351351","0.5294117647058824","998","1498","0","3.552713678800501E-15","1.0302869668521453E-13","true","true","true"
"627","310127","B-bad","true","500","310127","B-bad","500","125","5000","0.09908992728440646","0","91","0.6016670726710235","0.7","34.2","75","0.9674421049768988","0.844","3.8999999999999986","0.4904","78","234","0.042","0","false","0.09908992728440646","0","0.272","4.549999999999992","0.728","0.49691943127962085","0.4551282051282051","0.4117647058823529","0.5604395604395604","998","1498","0","1.7763568394002505E-15","2.1316282072803006E-14","true","true","true"
"628","310128","B-bad","true","500","310128","B-bad","500","125","5000","0.769239887763884","1","26","0.7394101658280958","1","25.2","75","0.9765542744513025","0.8844","2.889999999999996","0.492","57.8","173.2","0.034","0","false","0.769239887763884","1","0.792","1.3000000000000005","0.208","0.49909543193125283","0.43771626297577854","0.5454545454545454","0.38461538461538464","998","1498","0","1.7763568394002505E-15","1.0658141036401503E-14","true","true","true"
"629","310129","B-bad","true","500","310129","B-bad","500","125","5000","0.769239887763884","1","58","0.7095703384927718","0.9","28.2","75","0.9374597647108045","0.885","2.874999999999998","0.4924","57.5","172.3","0.056","0","false","0.769239887763884","1","0.536","2.8999999999999977","0.464","0.4969491525423729","0.4573913043478261","0.4626865671641791","0.4482758620689655","998","1498","0","8.881784197001252E-16","6.217248937900877E-15","true","true","true"
"630","310130","B-bad","true","500","310130","B-bad","500","125","5000","0.646116504854369","1","43","0.6495663976909031","0.8","35.4","75","0.9711915640974755","0.9024","2.4399999999999986","0.494","48.8","146.2","0.052","0","false","0.646116504854369","1","0.656","2.1500000000000004","0.344","0.5004432624113475","0.4344262295081967","0.45121951219512196","0.46511627906976744","998","1498","0","8.881784197001252E-16","4.440892098500626E-15","true","true","true"
"631","310131","B-bad","true","500","310131","B-bad","500","125","5000","0.8588821376227943","1","39","0.6340553952801846","0.65","33.9","75","0.9247188742316729","0.8864","2.839999999999997","0.498","56.8","170.4","0.08","0","false","0.8588821376227943","1","0.688","1.950000000000001","0.312","0.5038357400722022","0.4524647887323944","0.43023255813953487","0.38461538461538464","998","1498","0","1.7763568394002505E-15","8.881784197001252E-15","true","true","true"
"632","310132","B-bad","true","500","310132","B-bad","500","125","5000","0.7317174011812813","1","63","0.7623831820271079","1","26.1","75","0.964384052381563","0.8516","3.7099999999999937","0.508","74.2","222.6","0.032","0","false","0.7317174011812813","1","0.496","3.149999999999997","0.504","0.5166744950681071","0.4582210242587601","0.5","0.4603174603174603","998","1498","0","8.881784197001252E-16","1.7763568394002505E-14","true","true","true"
"633","310133","B-bad","true","500","310133","B-bad","500","125","5000","0.4009900990099009","0","74","0.5754145481998186","0.65","36.9","75","0.9734300889836784","0.8122","4.695000000000015","0.4842","93.9","281.7","0.044","0","false","0.4009900990099009","0","0.408","3.699999999999995","0.592","0.4895345973898055","0.46112886048988283","0.5882352941176471","0.5135135135135135","998","1498","0","1.7763568394002505E-15","9.592326932761353E-14","true","true","true"
"634","310134","B-bad","true","500","310134","B-bad","500","125","5000","0.4009900990099009","0","52","0.544162810976211","0.7","32.1","75","0.9266396251840436","0.8296","4.260000000000002","0.4828","85.2","255.6","0.09","0","false","0.4009900990099009","0","0.584","2.5999999999999988","0.416","0.4872227579556413","0.4612676056338028","0.4657534246575342","0.5192307692307693","998","1498","0","4.440892098500626E-15","6.039613253960852E-14","true","true","true"
"635","310135","B-bad","true","500","310135","B-bad","500","125","5000","0.769239887763884","1","34","0.45717936872481424","0.5","42","75","0.973715957524106","0.8834","2.914999999999997","0.484","58.3","174.9","0.028","0","false","0.769239887763884","1","0.728","1.7000000000000008","0.272","0.48901969662666966","0.44596912521440824","0.5604395604395604","0.4117647058823529","998","1498","0","8.881784197001252E-16","8.881784197001252E-15","true","true","true"
"636","310136","B-bad","true","500","310136","B-bad","500","125","5000","0.832766961303352","1","30","0.7140443372812726","0.9","28.5","75","0.9591642812619394","0.8902","2.744999999999997","0.4904","54.9","164.7","0.038","0","false","0.832766961303352","1","0.76","1.5000000000000007","0.24","0.4958436306447989","0.44626593806921677","0.5368421052631579","0.36666666666666664","998","1498","0","8.881784197001252E-16","1.7763568394002505E-14","true","true","true"
"637","310137","B-bad","true","500","310137","B-bad","500","125","5000","0.8588821376227943","1","27","0.6173510870981106","0.7","32.7","75","0.9674102474616537","0.8412","3.9699999999999953","0.4934","79.4","237.8","0.036","0","false","0.8588821376227943","1","0.784","1.3500000000000005","0.216","0.5","0.45843828715365237","0.5306122448979592","0.3333333333333333","998","1498","0","1.7763568394002505E-15","1.5987211554602254E-14","true","true","true"
"638","310138","B-bad","true","500","310138","B-bad","500","125","5000","0.7317174011812813","1","39","0.8030732597929274","1","22.8","75","0.960112469439091","0.9294","1.7649999999999992","0.5036","35.3","105.9","0.022","0","false","0.7317174011812813","1","0.688","1.950000000000001","0.312","0.5106520335700452","0.41076487252124644","0.46511627906976744","0.4358974358974359","998","1498","0","8.881784197001252E-16","4.884981308350689E-15","true","true","true"
"639","310139","B-bad","true","500","310139","B-bad","500","125","5000","0.7317174011812813","1","37","0.510270527400351","0.45","41.7","75","0.982181490733027","0.8492","3.7699999999999947","0.4834","75.4","226.2","0.036","0","false","0.7317174011812813","1","0.704","1.850000000000001","0.296","0.49105040037682524","0.4403183023872679","0.5227272727272727","0.43243243243243246","998","1498","0","5.329070518200751E-15","1.7763568394002505E-14","true","true","true"
"640","310140","B-bad","true","500","310140","B-bad","500","125","5000","0.6905480615036318","1","44","0.5618164035017873","0.55","30.9","75","0.9517443028143703","0.8626","3.434999999999995","0.4958","68.7","205.9","0.044","0","false","0.6905480615036318","1","0.648","2.2","0.352","0.5015070716438674","0.45997088791848617","0.4691358024691358","0.45454545454545453","998","1498","0","8.881784197001252E-16","1.3322676295501878E-14","true","true","true"
"641","310141","B-bad","true","500","310141","B-bad","500","125","5000","0.8029278364278081","1","45","0.6552715136423636","0.7","36.3","75","0.9835827698209574","0.879","3.025","0.494","60.5","181.5","0.016","0","false","0.8029278364278081","1","0.64","2.25","0.36","0.50193401592719","0.43636363636363634","0.5","0.4222222222222222","998","1498","0","1.7763568394002505E-15","1.7763568394002505E-14","true","true","true"
"642","310142","B-bad","true","500","310142","B-bad","500","125","5000","0.6905480615036318","1","38","0.6148864451342742","0.65","28.2","75","0.9743234153475522","0.9142","2.1449999999999982","0.5006","42.9","128.7","0.026","0","false","0.6905480615036318","1","0.696","1.900000000000001","0.304","0.507985123605338","0.4219114219114219","0.5747126436781609","0.4473684210526316","998","1498","0","8.881784197001252E-16","7.993605777301127E-15","true","true","true"
"643","310143","B-bad","true","500","310143","B-bad","500","125","5000","0.6905480615036318","1","54","0.7718230489005578","1","27.3","75","0.9583063039695243","0.9106","2.2349999999999985","0.4994","44.7","134.1","0.038","0","false","0.6905480615036318","1","0.568","2.6999999999999984","0.432","0.5062596090489787","0.42953020134228187","0.5211267605633803","0.46296296296296297","998","1498","0","1.7763568394002505E-15","9.769962616701378E-15","true","true","true"
"644","310144","B-bad","true","500","310144","B-bad","500","125","5000","0.8029278364278081","1","51","0.6562403893793847","0.8","36","75","0.8661748140247496","0.877","3.074999999999996","0.4958","61.5","184.3","0.084","0.1","false","0.8029278364278081","1","0.592","2.549999999999999","0.408","0.5010262257696694","0.4585365853658537","0.43243243243243246","0.43137254901960786","998","1498","0","8.881784197001252E-16","1.7763568394002505E-14","true","true","true"
"645","310145","B-bad","true","500","310145","B-bad","500","125","5000","0.769239887763884","1","44","0.7449856773802555","1","38.1","75","0.9540420549298687","0.84","3.9999999999999942","0.4934","80","240","0.04","0","false","0.769239887763884","1","0.648","2.2","0.352","0.49976190476190474","0.46","0.5679012345679012","0.4318181818181818","998","1498","0","3.552713678800501E-15","1.4210854715202004E-14","true","true","true"
"646","310146","B-bad","true","500","310146","B-bad","500","125","5000","0.6905480615036318","1","50","0.7614247909399495","1","30.9","75","0.9852505173629609","0.82","4.5","0.4856","90","270","0.018","0","false","0.6905480615036318","1","0.6","2.499999999999999","0.4","0.49146341463414633","0.4588888888888889","0.5333333333333333","0.46","998","1498","0","1.7763568394002505E-15","2.6645352591003757E-14","true","true","true"
"647","310147","B-bad","true","500","310147","B-bad","500","125","5000","0.04697344025176309","0","115","0.513538254740619","0.5","27.9","75","0.9577745281906502","0.8404","3.9899999999999936","0.4948","79.8","239.4","0.05","0","false","0.04697344025176309","0","0.08","5.749999999999988","0.92","0.5007139457401237","0.46365914786967416","0.9","0.5652173913043478","998","1498","0","8.881784197001252E-16","1.509903313490213E-14","true","true","true"
"648","310148","B-bad","true","500","310148","B-bad","500","125","5000","0.646116504854369","1","35","0.5762908315438942","0.65","31.8","75","0.977437530399866","0.8672","3.319999999999996","0.494","66.4","199.2","0.028","0","false","0.646116504854369","1","0.72","1.7500000000000009","0.28","0.5016143911439115","0.4442771084337349","0.4888888888888889","0.45714285714285713","998","1498","0","1.7763568394002505E-15","1.7763568394002505E-14","true","true","true"
"649","310149","B-bad","true","500","310149","B-bad","500","125","5000","0.6905480615036318","1","54","0.7221625249556101","1","27.3","75","0.9446923441588353","0.8912","2.719999999999998","0.4884","54.4","163","0.048","0","false","0.6905480615036318","1","0.568","2.6999999999999984","0.432","0.49416517055655296","0.4411764705882353","0.5774647887323944","0.46296296296296297","998","1498","0","1.7763568394002505E-15","9.769962616701378E-15","true","true","true"
"650","310150","B-bad","true","500","310150","B-bad","500","125","5000","0.769239887763884","1","54","0.7351780214370844","1","28.2","75","0.9830550806606537","0.9272","1.819999999999999","0.499","36.4","109.2","0.036","0","false","0.769239887763884","1","0.568","2.6999999999999984","0.432","0.5073339085418465","0.39285714285714285","0.5633802816901409","0.4444444444444444","998","1498","0","3.552713678800501E-15","9.769962616701378E-15","true","true","true"
"651","310151","B-bad","true","500","310151","B-bad","500","125","5000","0.5990099009900991","1","26","0.6104177045314885","0.8","33","75","0.9362209471155921","0.8184","4.539999999999998","0.4854","90.8","272.4","0.074","0","false","0.5990099009900991","1","0.792","1.3000000000000005","0.208","0.49071358748778104","0.46145374449339205","0.494949494949495","0.46153846153846156","998","1498","0","4.440892098500626E-15","4.085620730620576E-14","true","true","true"
"652","310152","B-bad","true","500","310152","B-bad","500","125","5000","0.55","1","51","0.6667550698362115","0.95","31.2","75","0.9524999155013836","0.8672","3.3199999999999954","0.4854","66.4","199","0.084","0","false","0.55","1","0.592","2.549999999999999","0.408","0.48985239852398527","0.4563253012048193","0.5135135135135135","0.49019607843137253","998","1498","0","8.881784197001252E-16","1.865174681370263E-14","true","true","true"
"654","310154","B-bad","true","500","310154","B-bad","500","125","5000","0.5","0.5","46","0.7049304504861913","0.95","28.8","75","0.9510988331602277","0.907","2.3249999999999984","0.4964","46.5","139.5","0.044","0","false","0.5","0.5","0.632","2.3","0.368","0.5020948180815876","0.44086021505376344","0.46835443037974683","0.5","998","1498","0","8.881784197001252E-16","4.884981308350689E-15","true","true","true"
"653","310153","B-bad","true","500","310153","B-bad","500","125","5000","0.769239887763884","1","40","0.36612580772900516","0.5","44.4","75","0.9765138406281821","0.8396","4.009999999999993","0.4894","80.2","240.6","0.014","0","false","0.769239887763884","1","0.68","2.000000000000001","0.32","0.496903287279657","0.45012468827930174","0.5647058823529412","0.425","998","1498","0","3.552713678800501E-15","1.2434497875801753E-14","true","true","true"
"655","310155","B-bad","true","500","310155","B-bad","500","125","5000","0.6905480615036318","1","64","0.3203891120533863","0.05","44.4","75","0.9704891451218012","0.8668","3.3299999999999956","0.495","66.6","199.8","0.026","0","false","0.6905480615036318","1","0.488","3.1999999999999966","0.512","0.501153668666359","0.45495495495495497","0.6065573770491803","0.46875","998","1498","0","8.881784197001252E-16","7.105427357601002E-15","true","true","true"
"656","310156","B-bad","true","500","310156","B-bad","500","125","5000","0.8588821376227943","1","41","0.7843965727581047","1","31.5","75","0.9602866707295391","0.8484","3.7899999999999934","0.4872","75.8","227.4","0.052","0","false","0.8588821376227943","1","0.672","2.0500000000000007","0.328","0.49245638849599244","0.4577836411609499","0.44047619047619047","0.3902439024390244","998","1498","0","1.7763568394002505E-15","1.7763568394002505E-14","true","true","true"
"658","310158","B-bad","true","500","310158","B-bad","500","125","5000","0.7317174011812813","1","47","0.7038654752522719","1","27.9","75","0.9432980183761307","0.8956","2.609999999999998","0.5008","52.2","156.6","0.058","0","false","0.7317174011812813","1","0.624","2.3499999999999996","0.376","0.5064761054041983","0.4521072796934866","0.5512820512820513","0.44680851063829785","998","1498","0","8.881784197001252E-16","5.329070518200751E-15","true","true","true"
"657","310157","B-bad","true","500","310157","B-bad","500","125","5000","0.8029278364278081","1","43","0.6611604788664626","0.8","27.6","75","0.9717375693959422","0.8996","2.509999999999998","0.4886","50.2","150.4","0.038","0","false","0.8029278364278081","1","0.656","2.1500000000000004","0.344","0.49444197421076036","0.4362549800796813","0.4024390243902439","0.4186046511627907","998","1498","0","8.881784197001252E-16","6.217248937900877E-15","true","true","true"
"659","310159","B-bad","true","500","310159","B-bad","500","125","5000","0.769239887763884","1","44","0.6250621636597511","0.8","36","75","0.9740648918087814","0.8916","2.7099999999999973","0.4988","54.2","162.4","0.024","0","false","0.769239887763884","1","0.648","2.2","0.352","0.5058322117541498","0.44095940959409596","0.3950617283950617","0.4318181818181818","998","1498","0","8.881784197001252E-16","9.769962616701378E-15","true","true","true"
"660","310160","B-bad","true","500","310160","B-bad","500","125","5000","0.5","0.5","66","0.678976195833599","0.8","34.2","75","0.9544979903198076","0.8498","3.7549999999999946","0.4984","75.1","225.3","0.048","0","false","0.5","0.5","0.472","3.2999999999999963","0.528","0.5050600141209697","0.4607190412782956","0.5084745762711864","0.5","998","1498","0","2.6645352591003757E-15","1.5987211554602254E-14","true","true","true"
"661","310161","B-bad","true","500","310161","B-bad","500","125","5000","0.9009100727155935","1","21","0.5534645237609089","0.6","25.2","75","0.9527639297446466","0.8912","2.7199999999999975","0.491","54.4","162.8","0.062","0","false","0.9009100727155935","1","0.832","1.0500000000000003","0.168","0.4970825852782765","0.4411764705882353","0.4807692307692308","0.23809523809523808","998","1498","0","8.881784197001252E-16","1.3322676295501878E-14","true","true","true"
"662","310162","B-bad","true","500","310162","B-bad","500","125","5000","0.8029278364278081","1","33","0.7527708313513095","1","37.8","75","0.9466865335326002","0.8064","4.839999999999996","0.4948","96.8","290.2","0.06","0","false","0.8029278364278081","1","0.736","1.6500000000000008","0.264","0.5002480158730159","0.47210743801652894","0.41304347826086957","0.3939393939393939","998","1498","0","8.881784197001252E-16","1.1546319456101628E-14","true","true","true"
"663","310163","B-bad","true","500","310163","B-bad","500","125","5000","0.16723303869664796","0","72","0.4619618964463769","0.55","36","75","0.9737352723977792","0.8986","2.5349999999999975","0.4964","50.7","152.1","0.016","0","false","0.16723303869664796","0","0.424","3.599999999999995","0.576","0.5041175161362119","0.4280078895463511","0.5094339622641509","0.5555555555555556","998","1498","0","2.6645352591003757E-15","7.993605777301127E-15","true","true","true"
"664","310164","B-bad","true","500","310164","B-bad","500","125","5000","0.8588821376227943","1","25","0.5757766932315442","0.5","33","75","0.9401899376883618","0.7672","5.819999999999994","0.4962","116.4","349.2","0.062","0","false","0.8588821376227943","1","0.8","1.2500000000000004","0.2","0.5039103232533889","0.47079037800687284","0.44","0.32","998","1498","0","3.552713678800501E-15","4.085620730620576E-14","true","true","true"
"665","310165","B-bad","true","500","310165","B-bad","500","125","5000","0.769239887763884","1","52","0.7597777533141482","1","30","75","0.9316629158158681","0.8912","2.719999999999998","0.4938","54.4","163","0.058","0","false","0.769239887763884","1","0.584","2.5999999999999988","0.416","0.4991023339317774","0.45036764705882354","0.5753424657534246","0.4423076923076923","998","1498","0","8.881784197001252E-16","7.105427357601002E-15","true","true","true"
"666","310166","B-bad","true","500","310166","B-bad","500","125","5000","0.832766961303352","1","30","0.6835720604803994","0.85","33","75","0.8018257393144911","0.8562","3.5949999999999944","0.492","71.9","215.5","0.102","0","false","0.832766961303352","1","0.76","1.5000000000000007","0.24","0.4954449894884373","0.4714881780250348","0.5052631578947369","0.36666666666666664","998","1498","0","4.440892098500626E-15","1.7763568394002505E-14","true","true","true"
"667","310167","B-bad","true","500","310167","B-bad","500","125","5000","0.769239887763884","1","52","0.802130369881699","1","20.7","75","0.9491740986354072","0.8738","3.1549999999999963","0.4934","63.1","189.3","0.042","0","false","0.769239887763884","1","0.584","2.5999999999999988","0.416","0.49965667200732433","0.4500792393026941","0.4520547945205479","0.4423076923076923","998","1498","0","8.881784197001252E-16","1.865174681370263E-14","true","true","true"
"668","310168","B-bad","true","500","310168","B-bad","500","125","5000","0.23076011223611614","0","58","0.5986265862085876","0.8","31.8","75","0.9574640748151622","0.879","3.0249999999999972","0.4956","60.5","181.5","0.038","0","false","0.23076011223611614","0","0.536","2.8999999999999977","0.464","0.50193401592719","0.44958677685950416","0.5223880597014925","0.5517241379310345","998","1498","0","2.6645352591003757E-15","9.769962616701378E-15","true","true","true"
"669","310169","B-bad","true","500","310169","B-bad","500","125","5000","0.8588821376227943","1","33","0.6360568057274267","0.85","36.6","75","0.9546952251234503","0.8358","4.104999999999999","0.4954","82.1","246.3","0.038","0","false","0.8588821376227943","1","0.736","1.6500000000000008","0.264","0.5032304379038047","0.45554202192448234","0.5217391304347826","0.36363636363636365","998","1498","0","5.329070518200751E-15","1.9539925233402755E-14","true","true","true"
"670","310170","B-bad","true","500","310170","B-bad","500","125","5000","0.832766961303352","1","36","0.7792768894925802","0.95","28.5","75","0.9419043242832952","0.8522","3.6949999999999954","0.5012","73.9","221.5","0.046","0","false","0.832766961303352","1","0.712","1.800000000000001","0.288","0.508566064304154","0.4587280108254398","0.5617977528089888","0.3888888888888889","998","1498","0","2.6645352591003757E-15","1.687538997430238E-14","true","true","true"
"671","310171","B-bad","true","500","310171","B-bad","500","125","5000","0.5990099009900991","1","56","0.4979060647096136","0.35","33.6","75","0.9555935392892042","0.8262","4.345000000000001","0.4854","86.9","260.5","0.048","0","false","0.5990099009900991","1","0.552","2.799999999999998","0.448","0.4897119341563786","0.46490218642117376","0.4927536231884058","0.48214285714285715","998","1498","0","8.881784197001252E-16","4.618527782440651E-14","true","true","true"
"672","310172","B-bad","true","500","310172","B-bad","500","125","5000","0.832766961303352","1","32","0.43422313794813955","0.4","38.7","75","0.9794276429435321","0.7924","5.190000000000008","0.4856","103.8","311.4","0.024","0","false","0.832766961303352","1","0.744","1.6000000000000008","0.256","0.49192327107521455","0.4614643545279383","0.5053763440860215","0.375","998","1498","0","4.440892098500626E-15","7.105427357601002E-14","true","true","true"
"674","310174","B-bad","true","500","310174","B-bad","500","125","5000","0.8029278364278081","1","53","0.6042021485962222","0.6","32.1","75","0.9761657708530203","0.832","4.199999999999993","0.4964","84","252","0.034","0","false","0.8029278364278081","1","0.576","2.6499999999999986","0.424","0.5045673076923077","0.45595238095238094","0.5555555555555556","0.4339622641509434","998","1498","0","4.440892098500626E-15","1.509903313490213E-14","true","true","true"
"673","310173","B-bad","true","500","310173","B-bad","500","125","5000","0.8029278364278081","1","29","0.6688871064190242","1","37.8","75","0.8385401216282335","0.7898","5.2550000000000106","0.4958","105.1","315.1","0.166","0.1","false","0.8029278364278081","1","0.768","1.4500000000000006","0.232","0.5006330716637123","0.4776403425309229","0.5208333333333334","0.3793103448275862","998","1498","0","2.6645352591003757E-15","1.2434497875801753E-13","true","true","true"
"675","310175","B-bad","true","500","310175","B-bad","500","125","5000","0.55","1","45","0.7950802196031579","1","28.5","75","0.9808812067287974","0.9158","2.1049999999999986","0.5008","42.1","126.1","0.024","0","false","0.55","1","0.64","2.25","0.36","0.5088447259226906","0.41330166270783847","0.4375","0.4888888888888889","998","1498","0","2.6645352591003757E-15","4.884981308350689E-15","true","true","true"
"676","310176","B-bad","true","500","310176","B-bad","500","125","5000","0.832766961303352","1","26","0.6972126219454735","0.8","33.6","75","0.9840590750232232","0.8812","2.9699999999999958","0.4998","59.4","178","0.02","0","false","0.832766961303352","1","0.792","1.3000000000000005","0.208","0.5083976395823877","0.43602693602693604","0.4444444444444444","0.34615384615384615","998","1498","0","1.7763568394002505E-15","1.687538997430238E-14","true","true","true"
"677","310177","B-bad","true","500","310177","B-bad","500","125","5000","0.769239887763884","1","44","0.5271143184889713","0.55","45.6","75","0.9141562901248488","0.8642","3.394999999999996","0.4986","67.9","203.7","0.054","0","false","0.769239887763884","1","0.648","2.2","0.352","0.5033557046979866","0.4683357879234168","0.43209876543209874","0.4318181818181818","998","1498","0","4.440892098500626E-16","1.865174681370263E-14","true","true","true"
"678","310178","B-bad","true","500","310178","B-bad","500","125","5000","0.8029278364278081","1","41","0.4488347884335765","0.45","32.4","75","0.8845878214417902","0.8072","4.820000000000007","0.5022","96.4","289","0.104","0.1","false","0.8029278364278081","1","0.672","2.0500000000000007","0.328","0.5099108027750248","0.4699170124481328","0.5119047619047619","0.4146341463414634","998","1498","0","2.6645352591003757E-15","4.973799150320701E-14","true","true","true"
"679","310179","B-bad","true","500","310179","B-bad","500","125","5000","0.3094519384963682","0","88","0.5565338099488393","0.7","34.2","75","0.9716161119359652","0.8652","3.369999999999996","0.5042","67.4","202.2","0.04","0","false","0.3094519384963682","0","0.296","4.399999999999992","0.704","0.5120203421174295","0.4540059347181009","0.4864864864864865","0.5227272727272727","998","1498","0","8.881784197001252E-16","1.4210854715202004E-14","true","true","true"
"680","310180","B-bad","true","500","310180","B-bad","500","125","5000","0.5","0.5","62","0.6593651764772539","0.9","36.6","75","0.9784588076014421","0.8636","3.4099999999999953","0.4976","68.2","204.6","0.02","0","false","0.5","0.5","0.504","3.099999999999997","0.496","0.5055581287633164","0.4472140762463343","0.4444444444444444","0.5","998","1498","0","2.6645352591003757E-15","1.3322676295501878E-14","true","true","true"
"681","310181","B-bad","true","500","310181","B-bad","500","125","5000","0.8588821376227943","1","27","0.6937798879292532","0.85","31.8","75","0.9098906483308408","0.8342","4.144999999999995","0.4914","82.9","248.7","0.076","0","false","0.8588821376227943","1","0.784","1.3500000000000005","0.216","0.49628386478062814","0.46682750301568154","0.5510204081632653","0.3333333333333333","998","1498","0","1.7763568394002505E-15","8.881784197001252E-15","true","true","true"
"682","310182","B-bad","true","500","310182","B-bad","500","125","5000","0.5990099009900991","1","62","0.6803764696545708","0.85","30.3","75","0.9895899957570178","0.913","2.1749999999999994","0.4866","43.5","130.5","0.014","0","false","0.5990099009900991","1","0.504","3.099999999999997","0.496","0.49441401971522453","0.4045977011494253","0.49206349206349204","0.4838709677419355","998","1498","0","2.6645352591003757E-15","3.9968028886505635E-15","true","true","true"
"683","310183","B-bad","true","500","310183","B-bad","500","125","5000","0.9009100727155935","1","35","0.6051008766245608","0.8","38.4","75","0.9600668708109115","0.8986","2.5349999999999975","0.4934","50.7","151.9","0.028","0","false","0.9009100727155935","1","0.72","1.7500000000000009","0.28","0.4996661473403071","0.4378698224852071","0.4222222222222222","0.34285714285714286","998","1498","0","8.881784197001252E-16","8.881784197001252E-15","true","true","true"
"684","310184","B-bad","true","500","310184","B-bad","500","125","5000","0.8588821376227943","1","41","0.638257108020922","0.85","31.8","75","0.9737135928503253","0.8456","3.8599999999999945","0.4924","77.2","231.6","0.038","0","false","0.8588821376227943","1","0.672","2.0500000000000007","0.328","0.4990539262062441","0.45595854922279794","0.47619047619047616","0.3902439024390244","998","1498","0","1.7763568394002505E-15","1.5987211554602254E-14","true","true","true"
"685","310185","B-bad","true","500","310185","B-bad","500","125","5000","0.832766961303352","1","38","0.5840884072274779","0.7","33","75","0.8997342427140446","0.8208","4.48","0.4796","89.6","268.6","0.124","0.1","false","0.832766961303352","1","0.696","1.900000000000001","0.304","0.4819688109161793","0.46875","0.42528735632183906","0.39473684210526316","998","1498","0","8.881784197001252E-16","5.5067062021407764E-14","true","true","true"
"686","310186","B-bad","true","500","310186","B-bad","500","125","5000","0.646116504854369","1","55","0.4836458816551514","0.45","35.7","75","0.9523636567958041","0.8248","4.379999999999999","0.5036","87.6","262.8","0.046","0","false","0.646116504854369","1","0.56","2.7499999999999982","0.44","0.5113967022308439","0.4668949771689498","0.45714285714285713","0.4727272727272727","998","1498","0","8.881784197001252E-16","3.019806626980426E-14","true","true","true"
"687","310187","B-bad","true","500","310187","B-bad","500","125","5000","0.5","0.5","44","0.47612175213522834","0.55","33.3","75","0.9486944621599098","0.7226","6.935000000000011","0.491","138.7","415.9","0.058","0","false","0.5","0.5","0.648","2.2","0.352","0.49737060614447826","0.47440519105984136","0.4567901234567901","0.5","998","1498","0","5.329070518200751E-15","7.638334409421077E-14","true","true","true"
"688","310188","B-bad","true","500","310188","B-bad","500","125","5000","0.8029278364278081","1","33","0.5661792937042237","0.65","35.7","75","0.962523519507025","0.8674","3.314999999999995","0.4836","66.3","198.9","0.038","0","false","0.8029278364278081","1","0.736","1.6500000000000008","0.264","0.4890477288448236","0.4479638009049774","0.532608695652174","0.3939393939393939","998","1498","0","2.6645352591003757E-15","1.4210854715202004E-14","true","true","true"
"689","310189","B-bad","true","500","310189","B-bad","500","125","5000","0.7317174011812813","1","43","0.7733806358927449","0.9","32.7","75","0.9217570184667359","0.8934","2.6649999999999965","0.4892","53.3","159.9","0.072","0","false","0.7317174011812813","1","0.656","2.1500000000000004","0.344","0.4945153346765167","0.4446529080675422","0.5853658536585366","0.4418604651162791","998","1498","0","2.6645352591003757E-15","1.1546319456101628E-14","true","true","true"
"690","310190","B-bad","true","500","310190","B-bad","500","125","5000","0.55","1","47","0.40022845652100214","0.35","36.9","75","0.9762276888670345","0.8028","4.92999999999999","0.4916","98.6","295.8","0.034","0","false","0.55","1","0.624","2.3499999999999996","0.376","0.49750871948181363","0.46754563894523327","0.5256410256410257","0.48936170212765956","998","1498","0","8.881784197001252E-16","1.5987211554602254E-14","true","true","true"
"691","310191","B-bad","true","500","310191","B-bad","500","125","5000","0.8029278364278081","1","45","0.6513005740612252","0.7","28.2","75","0.987499236130218","0.9176","2.059999999999998","0.4954","41.2","123.4","0.018","0","false","0.8029278364278081","1","0.64","2.25","0.36","0.5034873583260681","0.4053398058252427","0.6125","0.4222222222222222","998","1498","0","2.6645352591003757E-15","9.769962616701378E-15","true","true","true"
"692","310192","B-bad","true","500","310192","B-bad","500","125","5000","0.55","1","77","0.634262049778033","0.8","33","75","0.966206135591848","0.899","2.524999999999998","0.493","50.5","151.5","0.054","0","false","0.55","1","0.384","3.8499999999999943","0.616","0.49922135706340376","0.4376237623762376","0.6875","0.4935064935064935","998","1498","0","1.7763568394002505E-15","7.993605777301127E-15","true","true","true"
"693","310193","B-bad","true","500","310193","B-bad","500","125","5000","0.8814994686598714","1","30","0.39965924043236944","0.3","45.6","75","0.9883092676288758","0.9074","2.314999999999999","0.4854","46.3","138.9","0.008","0","false","0.8814994686598714","1","0.76","1.5000000000000007","0.24","0.49261626625523475","0.4146868250539957","0.49473684210526314","0.3333333333333333","998","1498","0","2.6645352591003757E-15","7.105427357601002E-15","true","true","true"
"694","310194","B-bad","true","500","310194","B-bad","500","125","5000","0.7317174011812813","1","33","0.4645008926976556","0.5","36.9","75","0.8767943812686692","0.7474","6.315000000000017","0.4974","126.3","378.5","0.1","0.1","false","0.7317174011812813","1","0.736","1.6500000000000008","0.264","0.5038801177415039","0.4782264449722882","0.4782608695652174","0.42424242424242425","998","1498","0","2.6645352591003757E-15","1.1013412404281553E-13","true","true","true"
"695","310195","B-bad","true","500","310195","B-bad","500","125","5000","0.8588821376227943","1","33","0.8170224853070049","1","19.8","75","0.9847481241326477","0.9384","1.5400000000000005","0.5074","30.8","92.4","0.012","0","false","0.8588821376227943","1","0.736","1.6500000000000008","0.264","0.5155583972719523","0.38311688311688313","0.5217391304347826","0.36363636363636365","998","1498","0","8.881784197001252E-16","1.5543122344752192E-15","true","true","true"
"696","310196","B-bad","true","500","310196","B-bad","500","125","5000","0.1411178623772057","0","71","0.7496776415239541","0.9","29.1","75","0.9655712949304476","0.8786","3.034999999999996","0.4962","60.7","181.9","0.044","0","false","0.1411178623772057","0","0.432","3.5499999999999954","0.568","0.502845435920783","0.44810543657331137","0.46296296296296297","0.5633802816901409","998","1498","0","2.6645352591003757E-15","1.0658141036401503E-14","true","true","true"
"697","310197","B-bad","true","500","310197","B-bad","500","125","5000","0.8029278364278081","1","63","0.5235738610596825","0.5","32.7","75","0.9488690060226688","0.8776","3.0599999999999974","0.5028","61.2","183.6","0.04","0","false","0.8029278364278081","1","0.496","3.149999999999997","0.504","0.5095715587967183","0.4542483660130719","0.41935483870967744","0.4444444444444444","998","1498","0","8.881784197001252E-16","6.217248937900877E-15","true","true","true"
"698","310198","B-bad","true","500","310198","B-bad","500","125","5000","0.353883495145631","0","69","0.6975284004626253","0.85","28.8","75","0.9653906774415134","0.9018","2.4549999999999983","0.4998","49.1","147.3","0.016","0","false","0.353883495145631","0","0.448","3.4499999999999957","0.552","0.5067642492792194","0.43584521384928715","0.39285714285714285","0.5217391304347826","998","1498","0","1.7763568394002505E-15","7.993605777301127E-15","true","true","true"
"699","310199","B-bad","true","500","310199","B-bad","500","125","5000","0.769239887763884","1","28","0.4668461817010332","0.3","38.4","75","0.9325783566833687","0.7836","5.410000000000002","0.4878","108.2","324.4","0.07","0","false","0.769239887763884","1","0.776","1.4000000000000006","0.224","0.4920877998979071","0.4722735674676525","0.5051546391752577","0.39285714285714285","998","1498","0","3.552713678800501E-15","1.0302869668521453E-13","true","true","true"
"700","310200","B-bad","true","500","310200","B-bad","500","125","5000","0.9009100727155935","1","31","0.6596282836338451","0.8","36","75","0.9778253536261428","0.8574","3.5649999999999955","0.4948","71.3","213.9","0.012","0","false","0.9009100727155935","1","0.752","1.5500000000000007","0.248","0.5022160018661068","0.45021037868162694","0.5638297872340425","0.3225806451612903","998","1498","0","1.7763568394002505E-15","1.5987211554602254E-14","true","true","true"
"701","310201","B-bad","true","500","310201","B-bad","500","125","5000","0.7317174011812813","1","53","0.5989334888735296","0.65","28.8","75","0.9735297468648001","0.8516","3.7099999999999973","0.4982","74.2","222.6","0.024","0","false","0.7317174011812813","1","0.576","2.6499999999999986","0.424","0.5065758572099577","0.4501347708894879","0.625","0.4528301886792453","998","1498","0","3.552713678800501E-15","1.509903313490213E-14","true","true","true"
"702","310202","B-bad","true","500","310202","B-bad","500","125","5000","0.9009100727155935","1","21","0.7227904833246462","1","26.7","75","0.9893906449534773","0.9122","2.194999999999998","0.5132","43.9","131.5","0.004","0","false","0.9009100727155935","1","0.832","1.0500000000000003","0.168","0.5229116421837317","0.4123006833712984","0.5384615384615384","0.23809523809523808","998","1498","0","1.7763568394002505E-15","1.1546319456101628E-14","true","true","true"
"703","310203","B-bad","true","500","310203","B-bad","500","125","5000","0.9174389747697416","1","20","0.6685475202062399","0.95","31.5","75","0.9673872327421961","0.9038","2.4049999999999985","0.4882","48.1","144.1","0.036","0","false","0.9174389747697416","1","0.84","1.0000000000000002","0.16","0.494135870767869","0.43243243243243246","0.5333333333333333","0.2","998","1498","0","2.6645352591003757E-15","6.217248937900877E-15","true","true","true"
"704","310204","B-bad","true","500","310204","B-bad","500","125","5000","0.55","1","65","0.515494716517672","0.6","40.5","75","0.9741046412740486","0.824","4.399999999999995","0.4888","88","264","0.02","0","false","0.55","1","0.48","3.2499999999999964","0.52","0.4941747572815534","0.4636363636363636","0.4166666666666667","0.49230769230769234","998","1498","0","8.881784197001252E-16","1.687538997430238E-14","true","true","true"
"705","310205","B-bad","true","500","310205","B-bad","500","125","5000","0.769239887763884","1","48","0.6401756106481089","0.8","30.9","75","0.9654707312597164","0.8448","3.879999999999994","0.4948","77.6","232.8","0.044","0","false","0.769239887763884","1","0.616","2.3999999999999995","0.384","0.5011837121212122","0.46005154639175255","0.5194805194805194","0.4375","998","1498","0","8.881784197001252E-16","1.9539925233402755E-14","true","true","true"
"706","310206","B-bad","true","500","310206","B-bad","500","125","5000","0.5990099009900991","1","60","0.5786403319886638","0.7","38.4","75","0.9767540410397018","0.9012","2.469999999999998","0.5012","49.4","148.2","0.008","0","false","0.5990099009900991","1","0.52","2.9999999999999973","0.48","0.509542831779849","0.4251012145748988","0.49230769230769234","0.48333333333333334","998","1498","0","4.440892098500626E-15","6.217248937900877E-15","true","true","true"
"707","310207","B-bad","true","500","310207","B-bad","500","125","5000","0.8588821376227943","1","37","0.5337700016571054","0.55","36.3","75","0.9845473265424541","0.8906","2.734999999999997","0.4944","54.7","163.9","0.018","0","false","0.8588821376227943","1","0.704","1.850000000000001","0.296","0.502357960925219","0.4296160877513711","0.5340909090909091","0.3783783783783784","998","1498","0","2.6645352591003757E-15","8.881784197001252E-15","true","true","true"
"708","310208","B-bad","true","500","310208","B-bad","500","125","5000","0.9009100727155935","1","27","0.6804762388023831","0.85","26.4","75","0.9521308256069844","0.8532","3.6699999999999937","0.4878","73.4","220","0.042","0","false","0.9009100727155935","1","0.784","1.3500000000000005","0.216","0.4934364744491327","0.4550408719346049","0.5918367346938775","0.2962962962962963","998","1498","0","5.329070518200751E-15","1.1546319456101628E-14","true","true","true"
"709","310209","B-bad","true","500","310209","B-bad","500","125","5000","0.8814994686598714","1","38","0.6572604169490237","0.85","34.8","75","0.952930900837119","0.7864","5.340000000000009","0.4894","106.8","320.4","0.032","0","false","0.8814994686598714","1","0.696","1.900000000000001","0.304","0.4961851475076297","0.46441947565543074","0.4482758620689655","0.3684210526315789","998","1498","0","3.552713678800501E-15","1.2434497875801753E-13","true","true","true"
"710","310210","B-bad","true","500","310210","B-bad","500","125","5000","0.6905480615036318","1","40","0.6295465112649791","0.75","37.8","75","0.9762151607013789","0.885","2.8749999999999973","0.4808","57.5","172.5","0.012","0","false","0.6905480615036318","1","0.68","2.000000000000001","0.32","0.4858757062146893","0.44173913043478263","0.49411764705882355","0.45","998","1498","0","8.881784197001252E-16","1.0658141036401503E-14","true","true","true"
"711","310211","B-bad","true","500","310211","B-bad","500","125","5000","0.5990099009900991","1","62","0.3718432101555965","0.25","39.6","75","0.9804883977589298","0.7886","5.284999999999991","0.4876","105.7","316.9","0.026","0","false","0.5990099009900991","1","0.504","3.099999999999997","0.496","0.4940400710119199","0.46357615894039733","0.4603174603174603","0.4838709677419355","998","1498","0","5.329070518200751E-15","1.509903313490213E-14","true","true","true"
"712","310212","B-bad","true","500","310212","B-bad","500","125","5000","0.832766961303352","1","48","0.601226121112333","0.65","41.4","75","0.9790385653827489","0.852","3.6999999999999944","0.5028","74","221.8","0.044","0","false","0.832766961303352","1","0.616","2.3999999999999995","0.384","0.5117370892018779","0.45135135135135135","0.5454545454545454","0.4166666666666667","998","1498","0","1.7763568394002505E-15","1.3322676295501878E-14","true","true","true"
"713","310213","B-bad","true","500","310213","B-bad","500","125","5000","0.353883495145631","0","93","0.6690503430538197","0.8","32.7","75","0.7853048596202793","0.8254","4.3649999999999975","0.4894","87.3","261.3","0.264","0.2","false","0.353883495145631","0","0.256","4.6499999999999915","0.744","0.4916404167676278","0.47880870561282934","0.40625","0.5161290322580645","998","1498","0","8.881784197001252E-16","7.105427357601002E-15","true","true","true"
"714","310214","B-bad","true","500","310214","B-bad","500","125","5000","0.646116504854369","1","83","0.654193534714884","0.85","29.4","75","0.9769023964291563","0.8256","4.359999999999995","0.4912","87.2","261.6","0.022","0","false","0.646116504854369","1","0.336","4.149999999999993","0.664","0.49830426356589147","0.45756880733944955","0.6190476190476191","0.4819277108433735","998","1498","0","3.552713678800501E-15","1.1546319456101628E-14","true","true","true"
"715","310215","B-bad","true","500","310215","B-bad","500","125","5000","0.8814994686598714","1","36","0.7448511027327338","1","25.5","75","0.9850426839406772","0.8908","2.7299999999999978","0.487","54.6","163.8","0.008","0","false","0.8814994686598714","1","0.712","1.800000000000001","0.288","0.49348899865289625","0.4340659340659341","0.449438202247191","0.3611111111111111","998","1498","0","8.881784197001252E-16","7.993605777301127E-15","true","true","true"
"716","310216","B-bad","true","500","310216","B-bad","500","125","5000","0.9314206186232206","1","31","0.645589197444021","0.8","32.7","75","0.9825423288100612","0.8862","2.844999999999997","0.4878","56.9","170.7","0.022","0","false","0.9314206186232206","1","0.752","1.5500000000000007","0.248","0.49447077409162715","0.4358523725834798","0.574468085106383","0.2903225806451613","998","1498","0","2.6645352591003757E-15","9.769962616701378E-15","true","true","true"
"717","310217","B-bad","true","500","310217","B-bad","500","125","5000","0.8029278364278081","1","35","0.5307287173066946","0.6","38.4","75","0.9357275777559311","0.7906","5.234999999999998","0.4926","104.7","313.9","0.062","0","false","0.8029278364278081","1","0.72","1.7500000000000009","0.28","0.49886162408297496","0.4689589302769819","0.5","0.4","998","1498","0","1.7763568394002505E-15","4.085620730620576E-14","true","true","true"
"718","310218","B-bad","true","500","310218","B-bad","500","125","5000","0.7317174011812813","1","37","0.6868054024823959","0.75","26.7","75","0.978415380969313","0.9072","2.3199999999999985","0.4968","46.4","139.2","0.02","0","false","0.7317174011812813","1","0.704","1.850000000000001","0.296","0.5037477954144621","0.42887931034482757","0.45454545454545453","0.43243243243243246","998","1498","0","8.881784197001252E-16","7.105427357601002E-15","true","true","true"
"719","310219","B-bad","true","500","310219","B-bad","500","125","5000","0.8029278364278081","1","35","0.4460941660923681","0.45","36.3","75","0.7668652795423612","0.8214","4.464999999999991","0.494","89.3","267.9","0.202","0.2","false","0.8029278364278081","1","0.72","1.7500000000000009","0.28","0.4979303627952277","0.47592385218365063","0.43333333333333335","0.4","998","1498","0","2.6645352591003757E-15","1.687538997430238E-14","true","true","true"
"720","310220","B-bad","true","500","310220","B-bad","500","125","5000","0.8588821376227943","1","25","0.7376047965470786","0.95","34.5","75","0.9809436495740398","0.932","1.7000000000000004","0.4952","34","101.8","0.02","0","false","0.8588821376227943","1","0.8","1.2500000000000004","0.2","0.5023605150214592","0.39705882352941174","0.51","0.32","998","1498","0","1.7763568394002505E-15","1.5543122344752192E-15","true","true","true"
"721","310221","B-bad","true","500","310221","B-bad","500","125","5000","0.8588821376227943","1","29","0.6413985476324152","0.8","33","75","0.9606832147914819","0.836","4.0999999999999925","0.4882","82","245.6","0.038","0","false","0.8588821376227943","1","0.768","1.4500000000000006","0.232","0.49354066985645934","0.4609756097560976","0.4479166666666667","0.3448275862068966","998","1498","0","2.6645352591003757E-15","1.7763568394002505E-14","true","true","true"
"722","310222","B-bad","true","500","310222","B-bad","500","125","5000","0.8814994686598714","1","28","0.7947955333037264","1","31.8","75","0.956731770962224","0.8538","3.654999999999995","0.4962","73.1","219.3","0.046","0","false","0.8814994686598714","1","0.776","1.4000000000000006","0.224","0.5024595924104006","0.45964432284541723","0.4639175257731959","0.32142857142857145","998","1498","0","8.881784197001252E-16","1.5987211554602254E-14","true","true","true"
"723","310223","B-bad","true","500","310223","B-bad","500","125","5000","0.9174389747697416","1","30","0.6435269367731264","0.75","27.3","75","0.915588004135578","0.822","4.449999999999998","0.483","89","266.8","0.102","0","false","0.9174389747697416","1","0.76","1.5000000000000007","0.24","0.4858880778588808","0.4696629213483146","0.4842105263157895","0.3","998","1498","0","1.7763568394002505E-15","2.4868995751603507E-14","true","true","true"
"724","310224","B-bad","true","500","310224","B-bad","500","125","5000","0.8588821376227943","1","41","0.7088798501000068","1","27.6","75","0.9715755193869612","0.909","2.2749999999999995","0.4968","45.5","136.5","0.016","0","false","0.8588821376227943","1","0.672","2.0500000000000007","0.328","0.5031903190319031","0.432967032967033","0.5","0.3902439024390244","998","1498","0","8.881784197001252E-16","3.9968028886505635E-15","true","true","true"
"725","310225","B-bad","true","500","310225","B-bad","500","125","5000","0.8814994686598714","1","20","0.5151666655075247","0.55","43.5","75","0.9397472337958229","0.8292","4.270000000000004","0.4952","85.4","256","0.074","0","false","0.8814994686598714","1","0.84","1.0000000000000002","0.16","0.5043415340086831","0.45081967213114754","0.4666666666666667","0.25","998","1498","0","5.329070518200751E-15","4.618527782440651E-14","true","true","true"
"726","310226","B-bad","true","500","310226","B-bad","500","125","5000","0.9009100727155935","1","37","0.516687588996877","0.45","30.6","75","0.97807077843154","0.9028","2.4299999999999984","0.4902","48.6","145.8","0.022","0","false","0.9009100727155935","1","0.704","1.850000000000001","0.296","0.4964554718653079","0.43209876543209874","0.5227272727272727","0.35135135135135137","998","1498","0","8.881784197001252E-16","5.329070518200751E-15","true","true","true"
"727","310227","B-bad","true","500","310227","B-bad","500","125","5000","0.7317174011812813","1","53","0.6668734125472648","0.9","27.6","75","0.9639749937503004","0.9132","2.169999999999999","0.492","43.4","130.2","0.038","0","false","0.7317174011812813","1","0.576","2.6499999999999986","0.424","0.49759088918090233","0.43317972350230416","0.4861111111111111","0.4528301886792453","998","1498","0","8.881784197001252E-16","7.105427357601002E-15","true","true","true"
"728","310228","B-bad","true","500","310228","B-bad","500","125","5000","0.9431811237123936","1","38","0.7580680637395473","1","33.3","75","0.9610966297712487","0.886","2.8499999999999965","0.485","57","171","0.046","0","false","0.9431811237123936","1","0.696","1.900000000000001","0.304","0.4909706546275395","0.43859649122807015","0.5747126436781609","0.3157894736842105","998","1498","0","2.6645352591003757E-15","1.5987211554602254E-14","true","true","true"
"729","310229","B-bad","true","500","310229","B-bad","500","125","5000","0.9174389747697416","1","32","0.4288626966172506","0.45","40.8","75","0.9652962416207853","0.883","2.9249999999999963","0.49","58.5","175.3","0.054","0","false","0.9174389747697416","1","0.744","1.6000000000000008","0.256","0.4955832389580974","0.4478632478632479","0.45161290322580644","0.3125","998","1498","0","8.881784197001252E-16","1.1546319456101628E-14","true","true","true"
"730","310230","B-bad","true","500","310230","B-bad","500","125","5000","0.8029278364278081","1","37","0.6344437447947476","0.75","41.1","75","0.9771403683385875","0.8766","3.0849999999999964","0.496","61.7","184.9","0.032","0","false","0.8029278364278081","1","0.704","1.850000000000001","0.296","0.5035363906000456","0.44246353322528365","0.4090909090909091","0.40540540540540543","998","1498","0","1.7763568394002505E-15","1.4210854715202004E-14","true","true","true"
"731","310231","B-bad","true","500","310231","B-bad","500","125","5000","0.4009900990099009","0","66","0.6686544017387239","0.8","30.9","75","0.9237348981668474","0.7876","5.310000000000006","0.4938","106.2","318.4","0.082","0.1","false","0.4009900990099009","0","0.472","3.2999999999999963","0.528","0.5005078720162519","0.4689265536723164","0.4745762711864407","0.5151515151515151","998","1498","0","4.440892098500626E-15","8.881784197001252E-14","true","true","true"
"732","310232","B-bad","true","500","310232","B-bad","500","125","5000","0.44999999999999996","0","59","0.6225065558221552","0.85","32.7","75","0.9312091880353626","0.9054","2.3649999999999984","0.4814","47.3","141.9","0.048","0","false","0.44999999999999996","0","0.528","2.9499999999999975","0.472","0.4855312569030263","0.4418604651162791","0.45454545454545453","0.5084745762711864","998","1498","0","1.7763568394002505E-15","4.884981308350689E-15","true","true","true"
"733","310233","B-bad","true","500","310233","B-bad","500","125","5000","0.8029278364278081","1","39","0.6333051743155114","0.75","29.1","75","0.9730306029854111","0.8912","2.7199999999999975","0.4764","54.4","163.2","0.018","0","false","0.8029278364278081","1","0.688","1.950000000000001","0.312","0.48047576301615796","0.4430147058823529","0.5116279069767442","0.41025641025641024","998","1498","0","8.881784197001252E-16","1.1546319456101628E-14","true","true","true"
"734","310234","B-bad","true","500","310234","B-bad","500","125","5000","0.5990099009900991","1","46","0.6077297886673179","0.65","31.8","75","0.9383919558214844","0.8816","2.9599999999999964","0.499","59.2","177.6","0.096","0","false","0.5990099009900991","1","0.632","2.3","0.368","0.5052177858439202","0.4527027027027027","0.3924050632911392","0.4782608695652174","998","1498","0","1.7763568394002505E-15","1.7763568394002505E-14","true","true","true"
"735","310235","B-bad","true","500","310235","B-bad","500","125","5000","0.769239887763884","1","42","0.7500830410987323","0.9","29.7","75","0.987567946176082","0.935","1.625","0.492","32.5","97.5","0.024","0","false","0.769239887763884","1","0.664","2.1000000000000005","0.336","0.49989304812834223","0.37846153846153846","0.46987951807228917","0.42857142857142855","998","1498","0","1.7763568394002505E-15","1.7763568394002505E-15","true","true","true"
"736","310236","B-bad","true","500","310236","B-bad","500","125","5000","0.44999999999999996","0","43","0.4475501550082484","0.45","40.8","75","0.9632023902860253","0.863","3.424999999999996","0.4952","68.5","205.5","0.04","0","false","0.44999999999999996","0","0.656","2.1500000000000004","0.344","0.5019698725376593","0.45255474452554745","0.524390243902439","0.5116279069767442","998","1498","0","2.6645352591003757E-15","1.865174681370263E-14","true","true","true"
"737","310237","B-bad","true","500","310237","B-bad","500","125","5000","0.8814994686598714","1","32","0.7198143739696431","1","24.9","75","0.943991038561375","0.793","5.1750000000000025","0.4978","103.5","310.3","0.074","0","false","0.8814994686598714","1","0.744","1.6000000000000008","0.256","0.5054224464060529","0.46859903381642515","0.43010752688172044","0.34375","998","1498","0","3.552713678800501E-15","6.572520305780927E-14","true","true","true"
"738","310238","B-bad","true","500","310238","B-bad","500","125","5000","0.9314206186232206","1","21","0.7164822003483124","0.95","25.8","75","0.9747594613485037","0.8954","2.6149999999999975","0.4994","52.3","156.9","0.014","0","false","0.9314206186232206","1","0.832","1.0500000000000003","0.168","0.5068125977216886","0.4359464627151052","0.5096153846153846","0.19047619047619047","998","1498","0","1.7763568394002505E-15","6.217248937900877E-15","true","true","true"
"739","310239","B-bad","true","500","310239","B-bad","500","125","5000","0.832766961303352","1","48","0.7575572799167827","1","19.5","75","0.9870114308862206","0.9324","1.689999999999999","0.4892","33.8","101.4","0.012","0","false","0.832766961303352","1","0.616","2.3999999999999995","0.384","0.49635349635349635","0.3905325443786982","0.5064935064935064","0.4166666666666667","998","1498","0","8.881784197001252E-16","4.440892098500626E-15","true","true","true"
"740","310240","B-bad","true","500","310240","B-bad","500","125","5000","0.353883495145631","0","75","0.5117948218274913","0.55","39.9","75","0.9599774191686519","0.8652","3.369999999999995","0.492","67.4","202.2","0.032","0","false","0.353883495145631","0","0.4","3.7499999999999947","0.6","0.49791955617198336","0.4540059347181009","0.5","0.52","998","1498","0","1.7763568394002505E-15","9.769962616701378E-15","true","true","true"
"741","310241","B-bad","true","500","310241","B-bad","500","125","5000","0.832766961303352","1","50","0.6765706862348455","0.9","32.7","75","0.9765822522602674","0.9006","2.4849999999999985","0.4958","49.7","149.1","0.028","0","false","0.832766961303352","1","0.6","2.499999999999999","0.4","0.5023317788141239","0.43661971830985913","0.52","0.42","998","1498","0","8.881784197001252E-16","5.329070518200751E-15","true","true","true"
"742","310242","B-bad","true","500","310242","B-bad","500","125","5000","0.353883495145631","0","61","0.717315019781336","1","33.3","75","0.9824048290368784","0.9216","1.9599999999999997","0.4916","39.2","117.6","0.016","0","false","0.353883495145631","0","0.512","3.049999999999997","0.488","0.4986979166666667","0.40816326530612246","0.5625","0.5245901639344263","998","1498","0","8.881784197001252E-16","2.220446049250313E-15","true","true","true"
"743","310243","B-bad","true","500","310243","B-bad","500","125","5000","0.769239887763884","1","54","0.7222538524304954","0.95","30.9","75","0.9555232343177013","0.8896","2.759999999999997","0.4884","55.2","165.6","0.024","0","false","0.769239887763884","1","0.568","2.6999999999999984","0.432","0.4941546762589928","0.4420289855072464","0.4225352112676056","0.4444444444444444","998","1498","0","3.552713678800501E-15","1.4210854715202004E-14","true","true","true"
"744","310244","B-bad","true","500","310244","B-bad","500","125","5000","0.8588821376227943","1","27","0.8464330703599929","1","21.9","75","0.9861795524093505","0.9434","1.4150000000000003","0.492","28.3","84.9","0.014","0","false","0.8588821376227943","1","0.784","1.3500000000000005","0.216","0.49947000211999154","0.3674911660777385","0.5408163265306123","0.3333333333333333","998","1498","0","1.7763568394002505E-15","1.5543122344752192E-15","true","true","true"
"745","310245","B-bad","true","500","310245","B-bad","500","125","5000","0.8029278364278081","1","51","0.30781589594839687","0.15","41.7","75","0.943614958359533","0.7888","5.279999999999999","0.4922","105.6","316.8","0.044","0","false","0.8029278364278081","1","0.592","2.549999999999999","0.408","0.4987322515212982","0.4678030303030303","0.527027027027027","0.43137254901960786","998","1498","0","4.440892098500626E-15","3.730349362740526E-14","true","true","true"
"746","310246","B-bad","true","500","310246","B-bad","500","125","5000","0.646116504854369","1","61","0.49628633712616466","0.4","29.4","75","0.8770946360334968","0.8718","3.204999999999996","0.482","64.1","192.1","0.092","0","false","0.646116504854369","1","0.512","3.049999999999997","0.488","0.48474420738701535","0.46333853354134164","0.578125","0.47540983606557374","998","1498","0","8.881784197001252E-16","1.1546319456101628E-14","true","true","true"
"747","310247","B-bad","true","500","310247","B-bad","500","125","5000","0.9174389747697416","1","30","0.7313979751912008","0.85","29.1","75","0.9841053187808873","0.9338","1.6549999999999998","0.498","33.1","99.3","0.014","0","false","0.9174389747697416","1","0.76","1.5000000000000007","0.24","0.5058899121867637","0.3867069486404834","0.6","0.3","998","1498","0","8.881784197001252E-16","3.552713678800501E-15","true","true","true"
"748","310248","B-bad","true","500","310248","B-bad","500","125","5000","0.8588821376227943","1","41","0.6252059001558228","0.7","26.4","75","0.9776284051312357","0.8148","4.629999999999997","0.4882","92.6","277.8","0.032","0","false","0.8588821376227943","1","0.672","2.0500000000000007","0.328","0.4945999018163967","0.46004319654427644","0.4523809523809524","0.3902439024390244","998","1498","0","4.440892098500626E-15","2.4868995751603507E-14","true","true","true"
"749","310249","B-bad","true","500","310249","B-bad","500","125","5000","0.8814994686598714","1","28","0.6420676935957547","0.75","26.1","75","0.9693181994221645","0.898","2.549999999999997","0.4972","51","153","0.03","0","false","0.8814994686598714","1","0.776","1.4000000000000006","0.224","0.5051224944320712","0.42745098039215684","0.4329896907216495","0.32142857142857145","998","1498","0","3.552713678800501E-15","9.769962616701378E-15","true","true","true"
"750","310250","B-bad","true","500","310250","B-bad","500","125","5000","0.646116504854369","1","51","0.8558938016481161","1","21.3","75","0.8500320168262588","0.8502","3.7449999999999948","0.4918","74.9","224.5","0.226","0.2","false","0.646116504854369","1","0.592","2.549999999999999","0.408","0.4956480828040461","0.4699599465954606","0.5135135135135135","0.47058823529411764","998","1498","0","8.881784197001252E-16","1.9539925233402755E-14","true","true","true"
"751","310251","B-bad","true","500","310251","B-bad","500","125","5000","0.832766961303352","1","48","0.6618537413180446","0.75","28.5","75","0.9751728670154854","0.8958","2.6049999999999978","0.4894","52.1","156.3","0.018","0","false","0.832766961303352","1","0.616","2.3999999999999995","0.384","0.4965394061174369","0.42802303262955854","0.5714285714285714","0.4166666666666667","998","1498","0","3.552713678800501E-15","9.769962616701378E-15","true","true","true"
"752","310252","B-bad","true","500","310252","B-bad","500","125","5000","0.6905480615036318","1","36","0.5605967521257855","0.7","30.6","75","0.9535160623287074","0.8122","4.694999999999997","0.4836","93.9","281.7","0.056","0","false","0.6905480615036318","1","0.712","1.800000000000001","0.288","0.48731839448411723","0.46751863684771033","0.550561797752809","0.4444444444444444","998","1498","0","2.6645352591003757E-15","2.3092638912203256E-14","true","true","true"
"753","310253","B-bad","true","500","310253","B-bad","500","125","5000","0.769239887763884","1","38","0.7604348704952311","1","30.3","75","0.9613863990372249","0.9156","2.109999999999999","0.4902","42.2","126.4","0.02","0","false","0.769239887763884","1","0.696","1.900000000000001","0.304","0.49584971603320227","0.42890995260663506","0.4482758620689655","0.42105263157894735","998","1498","0","8.881784197001252E-16","3.9968028886505635E-15","true","true","true"
"754","310254","B-bad","true","500","310254","B-bad","500","125","5000","0.832766961303352","1","30","0.54356744673481","0.65","32.7","75","0.9682045232965966","0.7948","5.129999999999997","0.4898","102.6","307.8","0.038","0","false","0.832766961303352","1","0.76","1.5000000000000007","0.24","0.4964771011575239","0.46393762183235865","0.4842105263157895","0.36666666666666664","998","1498","0","4.440892098500626E-15","1.9539925233402755E-14","true","true","true"
"755","310255","B-bad","true","500","310255","B-bad","500","125","5000","0.6905480615036318","1","48","0.5779136255370523","0.65","38.4","75","0.9809673892653104","0.8898","2.754999999999997","0.4924","55.1","165.1","0.028","0","false","0.6905480615036318","1","0.616","2.3999999999999995","0.384","0.4998876151944257","0.4319419237749546","0.45454545454545453","0.4583333333333333","998","1498","0","4.440892098500626E-15","1.2434497875801753E-14","true","true","true"
"756","310256","B-bad","true","500","310256","B-bad","500","125","5000","0.5","0.5","74","0.6859841056795302","0.9","27","75","0.9556566220877236","0.8718","3.204999999999997","0.4914","64.1","192.3","0.046","0","false","0.5","0.5","0.408","3.699999999999995","0.592","0.4969029593943565","0.4539781591263651","0.5490196078431373","0.5","998","1498","0","1.7763568394002505E-15","1.4210854715202004E-14","true","true","true"
"757","310257","B-bad","true","500","310257","B-bad","500","125","5000","0.5990099009900991","1","68","0.5261546875519666","0.6","37.2","75","0.9646669533082439","0.7726","5.684999999999996","0.4846","113.7","341.1","0.03","0","false","0.5990099009900991","1","0.456","3.399999999999996","0.544","0.48873932177064455","0.47053649956024624","0.5789473684210527","0.4852941176470588","998","1498","0","3.552713678800501E-15","3.907985046680551E-14","true","true","true"
"758","310258","B-bad","true","500","310258","B-bad","500","125","5000","0.769239887763884","1","68","0.7155336283475654","1","24","75","0.9765573705169212","0.875","3.1249999999999956","0.5064","62.5","187.5","0.012","0","false","0.769239887763884","1","0.456","3.399999999999996","0.544","0.5154285714285715","0.4432","0.42105263157894735","0.45588235294117646","998","1498","0","1.7763568394002505E-15","1.5987211554602254E-14","true","true","true"
"759","310259","B-bad","true","500","310259","B-bad","500","125","5000","0.5990099009900991","1","52","0.7154883351235275","1","31.8","75","0.9700310891067337","0.8602","3.4949999999999948","0.5008","69.9","209.7","0.028","0","false","0.5990099009900991","1","0.584","2.5999999999999988","0.416","0.5087189025807952","0.4520743919885551","0.3972602739726027","0.4807692307692308","998","1498","0","8.881784197001252E-16","1.7763568394002505E-14","true","true","true"
"761","310261","B-bad","true","500","310261","B-bad","500","125","5000","0.769239887763884","1","44","0.7260396323037838","1","26.4","75","0.9771880836156127","0.9306","1.735","0.4952","34.7","104.1","0.014","0","false","0.769239887763884","1","0.648","2.2","0.352","0.5024715237481195","0.3976945244956772","0.5555555555555556","0.4318181818181818","998","1498","0","2.6645352591003757E-15","2.6645352591003757E-15","true","true","true"
"760","310260","B-bad","true","500","310260","B-bad","500","125","5000","0.9314206186232206","1","25","0.5666362638790371","0.55","35.7","75","0.9746795760796407","0.8506","3.7349999999999945","0.4816","74.7","224.1","0.022","0","false","0.9314206186232206","1","0.8","1.2500000000000004","0.2","0.48695038796143897","0.45113788487282463","0.51","0.24","998","1498","0","4.440892098500626E-15","9.769962616701378E-15","true","true","true"
"762","310262","B-bad","true","500","310262","B-bad","500","125","5000","0.9314206186232206","1","33","0.8234297591842777","1","21.9","75","0.9401528961111939","0.9038","2.4049999999999985","0.4896","48.1","144.3","0.068","0","false","0.9314206186232206","1","0.736","1.6500000000000008","0.264","0.4945784465589732","0.44282744282744285","0.4673913043478261","0.30303030303030304","998","1498","0","8.881784197001252E-16","8.881784197001252E-15","true","true","true"
"763","310263","B-bad","true","500","310263","B-bad","500","125","5000","0.8588821376227943","1","39","0.8203523405864915","1","19.5","75","0.98310072403044","0.934","1.65","0.4924","33","99","0.01","0","false","0.8588821376227943","1","0.688","1.950000000000001","0.312","0.49957173447537473","0.39090909090909093","0.4883720930232558","0.38461538461538464","998","1498","0","1.7763568394002505E-15","5.329070518200751E-15","true","true","true"
"765","310265","B-bad","true","500","310265","B-bad","500","125","5000","0.6905480615036318","1","74","0.6982098927011993","0.75","31.2","75","0.9605069727293181","0.8702","3.2449999999999966","0.4986","64.9","194.5","0.056","0","false","0.6905480615036318","1","0.408","3.699999999999995","0.592","0.5049413927832682","0.4560862865947612","0.39215686274509803","0.47297297297297297","998","1498","0","8.881784197001252E-16","1.687538997430238E-14","true","true","true"
"764","310264","B-bad","true","500","310264","B-bad","500","125","5000","0.5990099009900991","1","48","0.37452133836303714","0.3","37.5","75","0.9587189664528699","0.8788","3.0299999999999967","0.495","60.6","181.8","0.026","0","false","0.5990099009900991","1","0.616","2.3999999999999995","0.384","0.501820664542558","0.44554455445544555","0.4805194805194805","0.4791666666666667","998","1498","0","3.552713678800501E-15","1.1546319456101628E-14","true","true","true"
"766","310266","B-bad","true","500","310266","B-bad","500","125","5000","0.8029278364278081","1","41","0.45027286948789913","0.5","39.6","75","0.910099665206214","0.8436","3.909999999999993","0.4924","78.2","234.6","0.072","0","false","0.8029278364278081","1","0.672","2.0500000000000007","0.328","0.4971550497866287","0.46675191815856776","0.5119047619047619","0.4146341463414634","998","1498","0","8.881784197001252E-16","1.509903313490213E-14","true","true","true"
"767","310267","B-bad","true","500","310267","B-bad","500","125","5000","0.7317174011812813","1","61","0.5368627617376572","0.5","38.4","75","0.9235203324731683","0.8224","4.439999999999999","0.492","88.8","266.2","0.078","0","false","0.7317174011812813","1","0.512","3.049999999999997","0.488","0.497568093385214","0.46621621621621623","0.5","0.45901639344262296","998","1498","0","8.881784197001252E-16","2.4868995751603507E-14","true","true","true"
"768","310268","B-bad","true","500","310268","B-bad","500","125","5000","0.832766961303352","1","26","0.7737133476152164","1","24.9","75","0.9735483197545086","0.8686","3.284999999999998","0.489","65.7","197.1","0.028","0","false","0.832766961303352","1","0.792","1.3000000000000005","0.208","0.49574027170158874","0.4444444444444444","0.4444444444444444","0.34615384615384615","998","1498","0","2.6645352591003757E-15","8.881784197001252E-15","true","true","true"
"769","310269","B-bad","true","500","310269","B-bad","500","125","5000","0.6905480615036318","1","58","0.7704243968904507","1","25.8","75","0.9821853322521648","0.9468","1.3300000000000005","0.4932","26.6","79.8","0.024","0","false","0.6905480615036318","1","0.536","2.8999999999999977","0.464","0.5002112378538234","0.3684210526315789","0.5522388059701493","0.46551724137931033","998","1498","0","8.881784197001252E-16","1.7763568394002505E-15","true","true","true"
"770","310270","B-bad","true","500","310270","B-bad","500","125","5000","0.5990099009900991","1","36","0.5261577360737907","0.6","31.2","75","0.9576834342029319","0.894","2.649999999999998","0.4936","53","159","0.058","0","false","0.5990099009900991","1","0.712","1.800000000000001","0.288","0.49910514541387024","0.44716981132075473","0.5168539325842697","0.4722222222222222","998","1498","0","8.881784197001252E-16","7.105427357601002E-15","true","true","true"
"771","310271","B-bad","true","500","310271","B-bad","500","125","5000","0.8814994686598714","1","40","0.804515109165278","1","24.9","75","0.8716551455508672","0.798","5.049999999999999","0.4974","101","302.6","0.146","0.1","false","0.8814994686598714","1","0.68","2.000000000000001","0.32","0.5030075187969925","0.4752475247524752","0.5058823529411764","0.375","998","1498","0","1.7763568394002505E-15","1.9539925233402755E-14","true","true","true"
"772","310272","B-bad","true","500","310272","B-bad","500","125","5000","0.7317174011812813","1","51","0.7519127215261252","1","24.6","75","0.9609348906201562","0.903","2.424999999999998","0.5004","48.5","145.3","0.06","0","false","0.7317174011812813","1","0.592","2.549999999999999","0.408","0.507641196013289","0.4329896907216495","0.527027027027027","0.45098039215686275","998","1498","0","2.6645352591003757E-15","7.993605777301127E-15","true","true","true"
"773","310273","B-bad","true","500","310273","B-bad","500","125","5000","0.832766961303352","1","28","0.5795413635349348","0.6","36.6","75","0.987669064484151","0.8904","2.739999999999997","0.5016","54.8","164.4","0.008","0","false","0.832766961303352","1","0.776","1.4000000000000006","0.224","0.5103324348607368","0.4306569343065693","0.4639175257731959","0.35714285714285715","998","1498","0","1.7763568394002505E-15","7.993605777301127E-15","true","true","true"
"774","310274","B-bad","true","500","310274","B-bad","500","125","5000","0.6905480615036318","1","36","0.7804148790308387","1","28.2","75","0.9526016097576917","0.891","2.7249999999999988","0.5038","54.5","163.5","0.06","0","false","0.6905480615036318","1","0.712","1.800000000000001","0.288","0.510662177328844","0.44770642201834865","0.5056179775280899","0.4444444444444444","998","1498","0","8.881784197001252E-16","3.9968028886505635E-15","true","true","true"
"775","310275","B-bad","true","500","310275","B-bad","500","125","5000","0.832766961303352","1","58","0.8046615967509816","1","24.6","75","0.9684661626409978","0.902","2.449999999999998","0.4946","49","147","0.024","0","false","0.832766961303352","1","0.536","2.8999999999999977","0.464","0.501330376940133","0.4326530612244898","0.43283582089552236","0.43103448275862066","998","1498","0","2.6645352591003757E-15","1.2434497875801753E-14","true","true","true"
"776","310276","B-bad","true","500","310276","B-bad","500","125","5000","0.9314206186232206","1","21","0.5263671444413147","0.5","36.6","75","0.9587620531874851","0.7934","5.164999999999993","0.483","103.3","309.9","0.062","0","false","0.9314206186232206","1","0.832","1.0500000000000003","0.168","0.4860095790269725","0.4714424007744434","0.5384615384615384","0.19047619047619047","998","1498","0","1.7763568394002505E-15","1.509903313490213E-14","true","true","true"
"777","310277","B-bad","true","500","310277","B-bad","500","125","5000","0.8814994686598714","1","28","0.5519308999413213","0.6","33.6","75","0.9549654702647477","0.8674","3.314999999999999","0.4816","66.3","198.9","0.084","0","false","0.8814994686598714","1","0.776","1.4000000000000006","0.224","0.48697256167857966","0.4464555052790347","0.4742268041237113","0.32142857142857145","998","1498","0","2.6645352591003757E-15","1.4210854715202004E-14","true","true","true"
"778","310278","B-bad","true","500","310278","B-bad","500","125","5000","0.8588821376227943","1","29","0.8511370151561704","1","21.6","75","0.9747839829096753","0.918","2.0499999999999985","0.4834","41","122.8","0.04","0","false","0.8588821376227943","1","0.768","1.4500000000000006","0.232","0.48932461873638344","0.4170731707317073","0.5208333333333334","0.3448275862068966","998","1498","0","1.7763568394002505E-15","9.769962616701378E-15","true","true","true"
"779","310279","B-bad","true","500","310279","B-bad","500","125","5000","0.3094519384963682","0","62","0.7099225362790487","0.9","25.2","75","0.9850826086027522","0.9192","2.0199999999999987","0.492","40.4","121.2","0.012","0","false","0.3094519384963682","0","0.504","3.099999999999997","0.496","0.4993472584856397","0.4084158415841584","0.38095238095238093","0.532258064516129","998","1498","0","8.881784197001252E-16","8.881784197001252E-15","true","true","true"
"780","310280","B-bad","true","500","310280","B-bad","500","125","5000","0.6905480615036318","1","56","0.7413767370966322","0.9","30.3","75","0.9780109369217929","0.918","2.0499999999999985","0.502","41","123","0.02","0","false","0.6905480615036318","1","0.552","2.799999999999998","0.448","0.5104575163398692","0.4073170731707317","0.4782608695652174","0.4642857142857143","998","1498","0","4.440892098500626E-15","7.993605777301127E-15","true","true","true"
"781","310281","B-bad","true","500","310281","B-bad","500","125","5000","0.9314206186232206","1","41","0.606637314267559","0.7","36.6","75","0.962894530397923","0.8752","3.1199999999999966","0.5016","62.4","187.2","0.05","0","false","0.9314206186232206","1","0.672","2.0500000000000007","0.328","0.5084552102376599","0.453525641025641","0.40476190476190477","0.34146341463414637","998","1498","0","8.881784197001252E-16","1.0658141036401503E-14","true","true","true"
"782","310282","B-bad","true","500","310282","B-bad","500","125","5000","0.8588821376227943","1","29","0.49134358905096975","0.65","39.6","75","0.9659021953470086","0.891","2.7249999999999983","0.496","54.5","163.5","0.028","0","false","0.8588821376227943","1","0.768","1.4500000000000006","0.232","0.5025813692480359","0.44220183486238535","0.5104166666666666","0.3448275862068966","998","1498","0","1.7763568394002505E-15","7.105427357601002E-15","true","true","true"
"783","310283","B-bad","true","500","310283","B-bad","500","125","5000","0.8029278364278081","1","47","0.7760432100382719","0.85","30.3","75","0.9411645563078531","0.8886","2.7849999999999975","0.4888","55.7","167.1","0.052","0","false","0.8029278364278081","1","0.624","2.3499999999999996","0.376","0.4933603421111861","0.4524236983842011","0.6025641025641025","0.425531914893617","998","1498","0","8.881784197001252E-16","1.4210854715202004E-14","true","true","true"
"784","310284","B-bad","true","500","310284","B-bad","500","125","5000","0.55","1","49","0.638316183584615","0.75","29.1","75","0.9792352264864164","0.8516","3.7099999999999986","0.4892","74.2","222.6","0.03","0","false","0.55","1","0.608","2.4499999999999993","0.392","0.49577266322217","0.45148247978436656","0.5","0.4897959183673469","998","1498","0","2.6645352591003757E-15","1.7763568394002505E-14","true","true","true"
"785","310285","B-bad","true","500","310285","B-bad","500","125","5000","0.8814994686598714","1","36","0.5555904454121885","0.6","30","75","0.9437474544339117","0.8664","3.3399999999999963","0.505","66.8","200.2","0.042","0","false","0.8814994686598714","1","0.712","1.800000000000001","0.288","0.51269621421976","0.4550898203592814","0.3707865168539326","0.3611111111111111","998","1498","0","1.7763568394002505E-15","9.769962616701378E-15","true","true","true"
"786","310286","B-bad","true","500","310286","B-bad","500","125","5000","0.5","0.5","46","0.4498182456610282","0.3","37.8","75","0.9751894078300666","0.8328","4.179999999999993","0.4968","83.6","250.8","0.024","0","false","0.5","0.5","0.632","2.3","0.368","0.5060038424591738","0.45095693779904306","0.4810126582278481","0.5","998","1498","0","4.440892098500626E-15","1.4210854715202004E-14","true","true","true"
"787","310287","B-bad","true","500","310287","B-bad","500","125","5000","0.5","0.5","78","0.6958484870209002","0.8","27","75","0.9645505976020896","0.9098","2.2549999999999986","0.4998","45.1","135.1","0.03","0","false","0.5","0.5","0.376","3.899999999999994","0.624","0.5064849417454386","0.43237250554323725","0.5957446808510638","0.5","998","1498","0","8.881784197001252E-16","9.769962616701378E-15","true","true","true"
"788","310288","B-bad","true","500","310288","B-bad","500","125","5000","0.769239887763884","1","44","0.5217741611055644","0.5","34.5","75","0.9760982065526778","0.8812","2.969999999999996","0.49","59.4","178.2","0.012","0","false","0.769239887763884","1","0.648","2.2","0.352","0.4968225147526101","0.4393939393939394","0.5185185185185185","0.4318181818181818","998","1498","0","1.7763568394002505E-15","1.3322676295501878E-14","true","true","true"
"789","310289","B-bad","true","500","310289","B-bad","500","125","5000","0.9009100727155935","1","33","0.6850744588940995","0.85","35.7","75","0.9883979636543027","0.8942","2.6449999999999974","0.5042","52.9","158.7","0.014","0","false","0.9009100727155935","1","0.736","1.6500000000000008","0.264","0.5135316484008052","0.42533081285444235","0.5","0.3333333333333333","998","1498","0","1.7763568394002505E-15","6.217248937900877E-15","true","true","true"
"790","310290","B-bad","true","500","310290","B-bad","500","125","5000","0.8588821376227943","1","35","0.751602077939886","1","31.5","75","0.9457335405181235","0.8514","3.714999999999995","0.4962","74.3","222.5","0.056","0","false","0.8588821376227943","1","0.72","1.7500000000000009","0.28","0.502701432933991","0.458950201884253","0.4","0.37142857142857144","998","1498","0","2.6645352591003757E-15","1.2434497875801753E-14","true","true","true"
"791","310291","B-bad","true","500","310291","B-bad","500","125","5000","0.646116504854369","1","41","0.3611620631748555","0.3","37.5","75","0.9588108177152291","0.837","4.075000000000003","0.494","81.5","244.5","0.042","0","false","0.646116504854369","1","0.672","2.0500000000000007","0.328","0.5020310633213859","0.452760736196319","0.5357142857142857","0.4634146341463415","998","1498","0","4.440892098500626E-15","6.572520305780927E-14","true","true","true"
"792","310292","B-bad","true","500","310292","B-bad","500","125","5000","0.5990099009900991","1","76","0.4572839175579323","0.4","38.7","75","0.9545920752053819","0.8318","4.204999999999993","0.4884","84.1","252.1","0.048","0","false","0.5990099009900991","1","0.392","3.7999999999999945","0.608","0.49314739119980766","0.464922711058264","0.4897959183673469","0.4868421052631579","998","1498","0","2.6645352591003757E-15","1.3322676295501878E-14","true","true","true"
"793","310293","B-bad","true","500","310293","B-bad","500","125","5000","0.9174389747697416","1","24","0.7362507900515165","0.95","31.5","75","0.9516382707529228","0.9044","2.389999999999998","0.4944","47.8","143.4","0.102","0","false","0.9174389747697416","1","0.808","1.2000000000000004","0.192","0.5008845643520566","0.4330543933054393","0.5445544554455446","0.25","998","1498","0","2.6645352591003757E-15","1.3322676295501878E-14","true","true","true"
"794","310294","B-bad","true","500","310294","B-bad","500","125","5000","0.353883495145631","0","65","0.691491367731951","0.8","35.1","75","0.8174012047234805","0.862","3.449999999999995","0.5028","69","207","0.15","0.1","false","0.353883495145631","0","0.48","3.2499999999999964","0.52","0.5078886310904872","0.47101449275362317","0.5","0.5230769230769231","998","1498","0","8.881784197001252E-16","9.769962616701378E-15","true","true","true"
"795","310295","B-bad","true","500","310295","B-bad","500","125","5000","0.5","0.5","62","0.6458736413348987","0.75","32.1","75","0.9419008203509993","0.8468","3.829999999999994","0.503","76.6","229.8","0.068","0","false","0.5","0.5","0.504","3.099999999999997","0.496","0.5108644307982995","0.4595300261096606","0.4444444444444444","0.5","998","1498","0","3.552713678800501E-15","1.2434497875801753E-14","true","true","true"
"796","310296","B-bad","true","500","310296","B-bad","500","125","5000","0.7317174011812813","1","43","0.6179115880188896","0.6","34.8","75","0.9757619016360837","0.864","3.399999999999994","0.4972","68","204","0.014","0","false","0.7317174011812813","1","0.656","2.1500000000000004","0.344","0.5050925925925925","0.4470588235294118","0.43902439024390244","0.4418604651162791","998","1498","0","2.6645352591003757E-15","1.687538997430238E-14","true","true","true"
"797","310297","B-bad","true","500","310297","B-bad","500","125","5000","0.8029278364278081","1","27","0.6518601946687349","0.9","32.1","75","0.87752014527881","0.7698","5.7550000000000034","0.4816","115.1","345.3","0.184","0.2","false","0.8029278364278081","1","0.784","1.3500000000000005","0.216","0.48272278513899713","0.4778453518679409","0.5408163265306123","0.37037037037037035","998","1498","0","3.552713678800501E-15","6.572520305780927E-14","true","true","true"
"798","310298","B-bad","true","500","310298","B-bad","500","125","5000","0.646116504854369","1","39","0.5476882937754859","0.75","32.7","75","0.983837538352876","0.7992","5.019999999999991","0.4962","100.4","301","0.02","0","false","0.646116504854369","1","0.688","1.950000000000001","0.312","0.5045045045045045","0.4631474103585657","0.45348837209302323","0.46153846153846156","998","1498","0","2.6645352591003757E-15","1.7763568394002505E-14","true","true","true"
"800","310300","B-bad","true","500","310300","B-bad","500","125","5000","0.646116504854369","1","49","0.7596585414648535","1","29.4","75","0.9583047675424312","0.8554","3.614999999999995","0.4948","72.3","216.9","0.058","0","false","0.646116504854369","1","0.608","2.4499999999999993","0.392","0.5005845218611176","0.4605809128630705","0.4868421052631579","0.46938775510204084","998","1498","0","8.881784197001252E-16","1.0658141036401503E-14","true","true","true"
"799","310299","B-bad","true","500","310299","B-bad","500","125","5000","0.9174389747697416","1","26","0.7206088305847691","0.9","33","75","0.9833083187390086","0.8974","2.5649999999999973","0.4984","51.3","153.7","0.016","0","false","0.9174389747697416","1","0.792","1.3000000000000005","0.208","0.5063516826387341","0.42884990253411304","0.5656565656565656","0.2692307692307692","998","1498","0","2.6645352591003757E-15","1.1546319456101628E-14","true","true","true"
"801","310301","B-bad","true","500","310301","B-bad","500","125","5000","0.769239887763884","1","64","0.6052022996229451","0.7","33.6","75","0.9768632528060734","0.8948","2.629999999999997","0.498","52.6","157.6","0.038","0","false","0.769239887763884","1","0.488","3.1999999999999966","0.512","0.505811354492624","0.43155893536121676","0.5245901639344263","0.453125","998","1498","0","2.6645352591003757E-15","9.769962616701378E-15","true","true","true"
"802","310302","B-bad","true","500","310302","B-bad","500","125","5000","0.5","0.5","60","0.6319365611276064","0.85","36","75","0.9744174540849457","0.865","3.374999999999995","0.4828","67.5","202.5","0.028","0","false","0.5","0.5","0.52","2.9999999999999973","0.48","0.4890173410404624","0.44296296296296295","0.47692307692307695","0.5","998","1498","0","3.552713678800501E-15","1.509903313490213E-14","true","true","true"
"803","310303","B-bad","true","500","310303","B-bad","500","125","5000","0.26828259881871874","0","51","0.6153799371636863","0.7","33.9","75","0.9700779554852057","0.865","3.3749999999999956","0.4848","67.5","202.5","0.048","0","false","0.26828259881871874","0","0.592","2.549999999999999","0.408","0.4904046242774566","0.4488888888888889","0.5405405405405406","0.5490196078431373","998","1498","0","3.552713678800501E-15","1.5987211554602254E-14","true","true","true"
"804","310304","B-bad","true","500","310304","B-bad","500","125","5000","0.8029278364278081","1","31","0.6202978423882104","0.8","32.7","75","0.9158459430250474","0.799","5.02499999999999","0.4954","100.5","301.5","0.102","0","false","0.8029278364278081","1","0.752","1.5500000000000007","0.248","0.5011264080100125","0.472636815920398","0.43617021276595747","0.3870967741935484","998","1498","0","2.6645352591003757E-15","1.7763568394002505E-14","true","true","true"
"805","310305","B-bad","true","500","310305","B-bad","500","125","5000","0.55","1","61","0.5672956927688549","0.55","38.4","75","0.9800367933588301","0.859","3.524999999999994","0.4916","70.5","211.5","0.034","0","false","0.55","1","0.512","3.049999999999997","0.488","0.49848661233993014","0.44964539007092197","0.4375","0.4918032786885246","998","1498","0","3.552713678800501E-15","1.509903313490213E-14","true","true","true"
"806","310306","B-bad","true","500","310306","B-bad","500","125","5000","0.8814994686598714","1","42","0.6496795912867872","0.9","29.1","75","0.975180763649349","0.877","3.0749999999999953","0.4794","61.5","184.3","0.03","0","false","0.8814994686598714","1","0.664","2.1000000000000005","0.336","0.48529076396807297","0.4373983739837398","0.4939759036144578","0.38095238095238093","998","1498","0","4.440892098500626E-15","1.687538997430238E-14","true","true","true"
"808","310308","B-bad","true","500","310308","B-bad","500","125","5000","0.8029278364278081","1","47","0.5939260003678013","0.7","34.2","75","0.9579708069046193","0.8742","3.1449999999999956","0.4998","62.9","188.5","0.048","0","false","0.8029278364278081","1","0.624","2.3499999999999996","0.376","0.5067490276824526","0.45151033386327505","0.5128205128205128","0.425531914893617","998","1498","0","8.881784197001252E-16","1.1546319456101628E-14","true","true","true"
"807","310307","B-bad","true","500","310307","B-bad","500","125","5000","0.769239887763884","1","44","0.6575448608399015","0.8","30.6","75","0.9324737769000603","0.8226","4.434999999999997","0.4888","88.7","265.9","0.056","0","false","0.769239887763884","1","0.648","2.2","0.352","0.4938001458789205","0.46561443066516345","0.5185185185185185","0.4318181818181818","998","1498","0","3.552713678800501E-15","2.6645352591003757E-14","true","true","true"
"809","310309","B-bad","true","500","310309","B-bad","500","125","5000","0.1185005313401285","0","80","0.5518342836810172","0.5","33","75","0.9333824684468057","0.8318","4.204999999999993","0.4946","84.1","252.1","0.052","0","false","0.1185005313401285","0","0.36","3.999999999999994","0.64","0.5001202212070209","0.46730083234244946","0.4444444444444444","0.5625","998","1498","0","8.881784197001252E-16","1.9539925233402755E-14","true","true","true"
"810","310310","B-bad","true","500","310310","B-bad","500","125","5000","0.8588821376227943","1","37","0.5358882137622794","0.55","33.9","75","0.9796762814211991","0.8494","3.7649999999999935","0.4864","75.3","225.9","0.018","0","false","0.8588821376227943","1","0.704","1.850000000000001","0.296","0.4923475394396044","0.45285524568393093","0.48863636363636365","0.3783783783783784","998","1498","0","1.7763568394002505E-15","1.687538997430238E-14","true","true","true"
"812","310312","B-bad","true","500","310312","B-bad","500","125","5000","0.55","1","47","0.586845553856047","0.75","34.2","75","0.959652397707506","0.8842","2.894999999999997","0.4892","57.9","173.7","0.048","0","false","0.55","1","0.624","2.3499999999999996","0.376","0.4951368468672246","0.4438687392055268","0.48717948717948717","0.48936170212765956","998","1498","0","1.7763568394002505E-15","1.0658141036401503E-14","true","true","true"
"811","310311","B-bad","true","500","310311","B-bad","500","125","5000","0.8814994686598714","1","34","0.625708888906343","0.65","29.4","75","0.927776251960706","0.8498","3.754999999999998","0.4944","75.1","225.1","0.102","0","false","0.8814994686598714","1","0.728","1.7000000000000008","0.272","0.5001176747469993","0.4620505992010652","0.4945054945054945","0.35294117647058826","998","1498","0","1.7763568394002505E-15","2.1316282072803006E-14","true","true","true"
"813","310313","B-bad","true","500","310313","B-bad","500","125","5000","0.646116504854369","1","59","0.5847289017319922","0.6","39.3","75","0.9475386063938748","0.8586","3.535","0.4844","70.7","212.1","0.026","0","false","0.646116504854369","1","0.528","2.9499999999999975","0.472","0.4901001630561379","0.4497878359264498","0.48484848484848486","0.4745762711864407","998","1498","0","4.440892098500626E-15","2.6645352591003757E-14","true","true","true"
"814","310314","B-bad","true","500","310314","B-bad","500","125","5000","0.5990099009900991","1","58","0.7194536816668041","1","23.1","75","0.9669094749654302","0.8922","2.6949999999999963","0.4898","53.9","161.7","0.052","0","false","0.5990099009900991","1","0.536","2.8999999999999977","0.464","0.4958529477695584","0.4397031539888683","0.4925373134328358","0.4827586206896552","998","1498","0","1.7763568394002505E-15","1.2434497875801753E-14","true","true","true"
"816","310316","B-bad","true","500","310316","B-bad","500","125","5000","0.8814994686598714","1","28","0.8952602072425332","1","20.1","75","0.9637609441273337","0.9214","1.964999999999998","0.493","39.3","117.9","0.036","0","false","0.8814994686598714","1","0.776","1.4000000000000006","0.224","0.49967440850879097","0.41475826972010177","0.5051546391752577","0.32142857142857145","998","1498","0","8.881784197001252E-16","1.1546319456101628E-14","true","true","true"
"815","310315","B-bad","true","500","310315","B-bad","500","125","5000","0.8029278364278081","1","41","0.6728649676055295","0.9","26.1","75","0.9235605770739357","0.8934","2.6649999999999974","0.4914","53.3","159.7","0.066","0","false","0.8029278364278081","1","0.672","2.0500000000000007","0.328","0.4956346541302888","0.45590994371482174","0.5238095238095238","0.4146341463414634","998","1498","0","8.881784197001252E-16","7.993605777301127E-15","true","true","true"
"817","310317","B-bad","true","500","310317","B-bad","500","125","5000","0.5990099009900991","1","32","0.5824203200102821","0.7","36","75","0.9767360708670578","0.892","2.6999999999999966","0.4806","54","162","0.042","0","false","0.5990099009900991","1","0.744","1.6000000000000008","0.256","0.48654708520179374","0.43148148148148147","0.4838709677419355","0.46875","998","1498","0","2.6645352591003757E-15","1.7763568394002505E-14","true","true","true"
"818","310318","B-bad","true","500","310318","B-bad","500","125","5000","0.769239887763884","1","38","0.7310572820750834","0.85","24.3","75","0.9514165433120318","0.9226","1.9349999999999998","0.495","38.7","115.7","0.058","0","false","0.769239887763884","1","0.696","1.900000000000001","0.304","0.5005419466724474","0.4289405684754522","0.5057471264367817","0.42105263157894735","998","1498","0","8.881784197001252E-16","1.7763568394002505E-15","true","true","true"
"820","310320","B-bad","true","500","310320","B-bad","500","125","5000","0.7317174011812813","1","25","0.5772742379358708","0.7","31.8","75","0.9309055493944289","0.8518","3.704999999999994","0.4942","74.1","222.1","0.044","0","false","0.7317174011812813","1","0.8","1.2500000000000004","0.2","0.4996478046489786","0.46288798920377866","0.56","0.4","998","1498","0","2.6645352591003757E-15","1.2434497875801753E-14","true","true","true"
"819","310319","B-bad","true","500","310319","B-bad","500","125","5000","0.769239887763884","1","42","0.7779119854942114","1","21.3","75","0.9885148658916693","0.9336","1.6600000000000006","0.4896","33.2","99.4","0.01","0","false","0.769239887763884","1","0.664","2.1000000000000005","0.336","0.49700085689802914","0.3855421686746988","0.5180722891566265","0.42857142857142855","998","1498","0","1.7763568394002505E-15","1.1102230246251565E-15","true","true","true"
"821","310321","B-bad","true","500","310321","B-bad","500","125","5000","0.8029278364278081","1","39","0.6694746095982552","0.9","29.1","75","0.9312430985825537","0.7986","5.034999999999998","0.4928","100.7","302.1","0.068","0","false","0.8029278364278081","1","0.688","1.950000000000001","0.312","0.49837215126471324","0.47070506454816285","0.45348837209302323","0.41025641025641024","998","1498","0","2.6645352591003757E-15","4.973799150320701E-14","true","true","true"
"822","310322","B-bad","true","500","310322","B-bad","500","125","5000","0.55","1","47","0.508997493907998","0.6","35.1","75","0.9870916973653392","0.9056","2.359999999999998","0.4958","47.2","141.6","0.014","0","false","0.55","1","0.624","2.3499999999999996","0.376","0.5037544169611308","0.4194915254237288","0.5897435897435898","0.48936170212765956","998","1498","0","1.7763568394002505E-15","7.993605777301127E-15","true","true","true"
"823","310323","B-bad","true","500","310323","B-bad","500","125","5000","0.8814994686598714","1","26","0.6487707114114712","0.8","30.9","75","0.9180553151386868","0.8642","3.394999999999997","0.4966","67.9","203.7","0.052","0","false","0.8814994686598714","1","0.792","1.3000000000000005","0.208","0.5012728535061328","0.46686303387334316","0.5454545454545454","0.3076923076923077","998","1498","0","8.881784197001252E-16","1.3322676295501878E-14","true","true","true"
"824","310324","B-bad","true","500","310324","B-bad","500","125","5000","0.26828259881871874","0","73","0.6929673410035772","0.85","33.9","75","0.9715326249568423","0.9186","2.034999999999999","0.4968","40.7","121.9","0.052","0","false","0.26828259881871874","0","0.416","3.649999999999995","0.584","0.504245591116917","0.41277641277641275","0.5769230769230769","0.5342465753424658","998","1498","0","1.7763568394002505E-15","7.105427357601002E-15","true","true","true"
"825","310325","B-bad","true","500","310325","B-bad","500","125","5000","0.5990099009900991","1","68","0.6665279655580691","0.8","22.5","75","0.9446328958500823","0.8794","3.014999999999996","0.4914","60.3","180.5","0.054","0","false","0.5990099009900991","1","0.456","3.399999999999996","0.544","0.4969297248123721","0.45107794361525705","0.5087719298245614","0.4852941176470588","998","1498","0","1.7763568394002505E-15","1.3322676295501878E-14","true","true","true"
"826","310326","B-bad","true","500","310326","B-bad","500","125","5000","0.8029278364278081","1","25","0.6781482721232706","0.85","36.9","75","0.956398135406444","0.8262","4.344999999999994","0.497","86.9","260.7","0.048","0","false","0.8029278364278081","1","0.8","1.2500000000000004","0.2","0.5035100459937061","0.4660529344073648","0.56","0.36","998","1498","0","1.7763568394002505E-15","1.2434497875801753E-14","true","true","true"
"827","310327","B-bad","true","500","310327","B-bad","500","125","5000","0.8588821376227943","1","31","0.6882401521065649","1","27.9","75","0.9366183554663113","0.7796","5.509999999999995","0.4992","110.2","330.2","0.088","0","false","0.8588821376227943","1","0.752","1.5500000000000007","0.248","0.5064135454079015","0.47368421052631576","0.5212765957446809","0.3548387096774194","998","1498","0","2.6645352591003757E-15","3.907985046680551E-14","true","true","true"
"828","310328","B-bad","true","500","310328","B-bad","500","125","5000","0.8814994686598714","1","32","0.7234571617985538","1","29.7","75","0.9718485175338284","0.8844","2.8899999999999975","0.4788","57.8","173.4","0.026","0","false","0.8814994686598714","1","0.744","1.6000000000000008","0.256","0.4830393487109905","0.4463667820069204","0.4946236559139785","0.34375","998","1498","0","8.881784197001252E-16","1.509903313490213E-14","true","true","true"
"829","310329","B-bad","true","500","310329","B-bad","500","125","5000","0.8814994686598714","1","32","0.41038959748273063","0.4","36.9","75","0.9611291944856847","0.8562","3.5949999999999944","0.5036","71.9","215.5","0.066","0","false","0.8814994686598714","1","0.744","1.6000000000000008","0.256","0.5110955384256015","0.45897079276773295","0.41935483870967744","0.34375","998","1498","0","8.881784197001252E-16","1.7763568394002505E-14","true","true","true"
"830","310330","B-bad","true","500","310330","B-bad","500","125","5000","0.8814994686598714","1","24","0.7891387031029865","1","22.5","75","0.9644652185979179","0.8834","2.9149999999999983","0.4872","58.3","174.7","0.052","0","false","0.8814994686598714","1","0.808","1.2000000000000004","0.192","0.49241566674213266","0.44768439108061747","0.5346534653465347","0.2916666666666667","998","1498","0","2.6645352591003757E-15","5.329070518200751E-15","true","true","true"
"831","310331","B-bad","true","500","310331","B-bad","500","125","5000","0.400990099009901","0","38","0.5146116504854369","0.55","38.7","75","0.9888935208272647","0.884","2.8999999999999977","0.4858","58","173.8","0.014","0","false","0.400990099009901","0","0.696","1.900000000000001","0.304","0.49298642533936654","0.43103448275862066","0.5977011494252874","0.5263157894736842","998","1498","0","2.6645352591003757E-15","8.881784197001252E-15","true","true","true"
"833","310333","B-bad","true","500","310333","B-bad","500","125","5000","0.8029278364278081","1","27","0.6473831847089173","0.85","32.7","75","0.8339509027821194","0.8498","3.7549999999999946","0.4954","75.1","224.9","0.17","0.1","false","0.8029278364278081","1","0.784","1.3500000000000005","0.216","0.49917627677100496","0.474034620505992","0.4897959183673469","0.37037037037037035","998","1498","0","8.881784197001252E-16","1.7763568394002505E-14","true","true","true"
"832","310332","B-bad","true","500","310332","B-bad","500","125","5000","0.8029278364278081","1","35","0.8238176127642799","1","19.2","75","0.9768723983421228","0.9254","1.8649999999999998","0.49","37.3","111.7","0.024","0","false","0.8029278364278081","1","0.72","1.7500000000000009","0.28","0.49665009725524095","0.4075067024128686","0.4777777777777778","0.4","998","1498","0","8.881784197001252E-16","1.7763568394002505E-15","true","true","true"
"834","310334","B-bad","true","500","310334","B-bad","500","125","5000","0.8588821376227943","1","21","0.6201140945030909","0.8","34.5","75","0.9638395294363553","0.8822","2.944999999999998","0.5052","58.9","176.7","0.056","0","false","0.8588821376227943","1","0.832","1.0500000000000003","0.168","0.5139424166855588","0.4397283531409168","0.4423076923076923","0.2857142857142857","998","1498","0","2.6645352591003757E-15","7.105427357601002E-15","true","true","true"
"835","310335","B-bad","true","500","310335","B-bad","500","125","5000","0.9174389747697416","1","30","0.7170658235801829","1","28.8","75","0.9865283153043138","0.9246","1.8849999999999998","0.4922","37.7","113.1","0.026","0","false","0.9174389747697416","1","0.76","1.5000000000000007","0.24","0.49967553536664505","0.4005305039787798","0.4421052631578947","0.3","998","1498","0","1.7763568394002505E-15","2.6645352591003757E-15","true","true","true"
"836","310336","B-bad","true","500","310336","B-bad","500","125","5000","0.9431811237123936","1","40","0.6051377587081492","0.75","37.2","75","0.9657470001413999","0.8796","3.009999999999996","0.4952","60.2","180.4","0.05","0","false","0.9431811237123936","1","0.68","2.000000000000001","0.32","0.5036380172805821","0.4335548172757475","0.49411764705882355","0.325","998","1498","0","4.440892098500626E-15","1.4210854715202004E-14","true","true","true"
"837","310337","B-bad","true","500","310337","B-bad","500","125","5000","0.5990099009900991","1","54","0.8033527416666745","1","24.9","75","0.9726105009084055","0.9","2.499999999999998","0.4962","50","150","0.06","0","false","0.5990099009900991","1","0.568","2.6999999999999984","0.432","0.5035555555555555","0.43","0.4788732394366197","0.48148148148148145","998","1498","0","2.6645352591003757E-15","1.3322676295501878E-14","true","true","true"
"838","310338","B-bad","true","500","310338","B-bad","500","125","5000","0.8588821376227943","1","27","0.607700616129835","0.7","34.2","75","0.9369059956355661","0.869","3.274999999999996","0.497","65.5","196.5","0.09","0","false","0.8588821376227943","1","0.784","1.3500000000000005","0.216","0.5028768699654775","0.4580152671755725","0.5306122448979592","0.3333333333333333","998","1498","0","2.6645352591003757E-15","8.881784197001252E-15","true","true","true"
"839","310339","B-bad","true","500","310339","B-bad","500","125","5000","0.832766961303352","1","30","0.6761593671756535","0.8","39.6","75","0.9699184025479394","0.8478","3.805000000000001","0.4898","76.1","228.3","0.038","0","false","0.832766961303352","1","0.76","1.5000000000000007","0.24","0.49587166784619013","0.4559789750328515","0.47368421052631576","0.36666666666666664","998","1498","0","1.7763568394002505E-15","5.3290705182007514E-14","true","true","true"
"840","310340","B-bad","true","500","310340","B-bad","500","125","5000","0.9314206186232206","1","27","0.6876141991223288","0.8","36.9","75","0.9821752957516339","0.905","2.374999999999998","0.4872","47.5","142.5","0.008","0","false","0.9314206186232206","1","0.784","1.3500000000000005","0.216","0.49370165745856354","0.42526315789473684","0.5510204081632653","0.25925925925925924","998","1498","0","8.881784197001252E-16","8.881784197001252E-15","true","true","true"
"841","310341","B-bad","true","500","310341","B-bad","500","125","5000","0.8588821376227943","1","45","0.819434750130346","1","24.3","75","0.9808023598626884","0.9206","1.984999999999999","0.4808","39.7","119.1","0.018","0","false","0.8588821376227943","1","0.64","2.25","0.36","0.4868563980013035","0.4105793450881612","0.55","0.4","998","1498","0","8.881784197001252E-16","4.440892098500626E-15","true","true","true"
"842","310342","B-bad","true","500","310342","B-bad","500","125","5000","0.06857938137677944","0","107","0.741293681854595","0.95","32.7","75","0.9759344420239853","0.9094","2.2649999999999992","0.4942","45.3","135.9","0.024","0","false","0.06857938137677944","0","0.144","5.349999999999989","0.856","0.5007697382889817","0.4282560706401766","0.5555555555555556","0.5607476635514018","998","1498","0","8.881784197001252E-16","9.769962616701378E-15","true","true","true"
"843","310343","B-bad","true","500","310343","B-bad","500","125","5000","0.769239887763884","1","36","0.7376247009535626","1","24","75","0.9795492455100684","0.9352","1.6200000000000003","0.4948","32.4","97","0.012","0","false","0.769239887763884","1","0.712","1.800000000000001","0.288","0.5021385799828914","0.3888888888888889","0.5393258426966292","0.4166666666666667","998","1498","0","2.6645352591003757E-15","3.1086244689504383E-15","true","true","true"
"844","310344","B-bad","true","500","310344","B-bad","500","125","5000","0.8029278364278081","1","37","0.801159410085396","1","28.2","75","0.9853081487506875","0.9454","1.3649999999999998","0.4858","27.3","81.7","0.014","0","false","0.8029278364278081","1","0.704","1.850000000000001","0.296","0.49333615400888514","0.3553113553113553","0.45454545454545453","0.40540540540540543","998","1498","0","3.552713678800501E-15","1.3322676295501878E-15","true","true","true"
"845","310345","B-bad","true","500","310345","B-bad","500","125","5000","0.6905480615036318","1","54","0.7371221477555614","0.9","27.6","75","0.9819494605595092","0.8416","3.959999999999998","0.4916","79.2","237.4","0.032","0","false","0.6905480615036318","1","0.568","2.6999999999999984","0.432","0.49881178707224333","0.4532828282828283","0.43661971830985913","0.46296296296296297","998","1498","0","1.7763568394002505E-15","1.4210854715202004E-14","true","true","true"
"846","310346","B-bad","true","500","310346","B-bad","500","125","5000","0.769239887763884","1","46","0.6173510870981106","0.7","29.1","75","0.9732842077181069","0.8922","2.6949999999999967","0.4858","53.9","161.7","0.016","0","false","0.769239887763884","1","0.632","2.3","0.368","0.4918179780318314","0.4359925788497217","0.5316455696202531","0.43478260869565216","998","1498","0","2.6645352591003757E-15","7.105427357601002E-15","true","true","true"
"847","310347","B-bad","true","500","310347","B-bad","500","125","5000","0.832766961303352","1","40","0.6007682866782493","0.65","31.2","75","0.9737557620110486","0.8416","3.959999999999995","0.4866","79.2","237.6","0.034","0","false","0.832766961303352","1","0.68","2.000000000000001","0.32","0.4928707224334601","0.4532828282828283","0.4588235294117647","0.4","998","1498","0","2.6645352591003757E-15","1.509903313490213E-14","true","true","true"
"848","310348","B-bad","true","500","310348","B-bad","500","125","5000","0.5","0.5","44","0.5696865099197537","0.7","36","75","0.9624720633768378","0.8762","3.0949999999999953","0.4946","61.9","185.7","0.05","0","false","0.5","0.5","0.648","2.2","0.352","0.503081488244693","0.4345718901453958","0.48148148148148145","0.5","998","1498","0","3.552713678800501E-15","1.509903313490213E-14","true","true","true"
"849","310349","B-bad","true","500","310349","B-bad","500","125","5000","0.8588821376227943","1","39","0.6472491220373251","0.9","29.7","75","0.96703812184249","0.9012","2.469999999999998","0.4926","49.4","148.2","0.032","0","false","0.8588821376227943","1","0.688","1.950000000000001","0.312","0.49844651575676874","0.4392712550607287","0.43023255813953487","0.38461538461538464","998","1498","0","8.881784197001252E-16","7.105427357601002E-15","true","true","true"
"851","310351","B-bad","true","500","310351","B-bad","500","125","5000","0.9174389747697416","1","24","0.5006558542360637","0.6","37.2","75","0.9777452703454351","0.8748","3.129999999999997","0.495","62.6","187.8","0.018","0","false","0.9174389747697416","1","0.808","1.2000000000000004","0.192","0.5020576131687243","0.44568690095846647","0.48514851485148514","0.25","998","1498","0","8.881784197001252E-16","6.217248937900877E-15","true","true","true"
"850","310350","B-bad","true","500","310350","B-bad","500","125","5000","0.5990099009900991","1","42","0.7550630700250563","0.95","27.9","75","0.9521740068543936","0.8874","2.814999999999997","0.5056","56.3","168.7","0.05","0","false","0.5990099009900991","1","0.664","2.1000000000000005","0.336","0.513184584178499","0.44582593250444047","0.5060240963855421","0.47619047619047616","998","1498","0","1.7763568394002505E-15","1.865174681370263E-14","true","true","true"
"852","310352","B-bad","true","500","310352","B-bad","500","125","5000","0.646116504854369","1","61","0.5692495449458697","0.7","33.9","75","0.9049667896317656","0.8896","2.759999999999997","0.489","55.2","165.4","0.094","0","false","0.646116504854369","1","0.512","3.049999999999997","0.488","0.49348021582733814","0.4528985507246377","0.46875","0.47540983606557374","998","1498","0","8.881784197001252E-16","8.881784197001252E-15","true","true","true"
"853","310353","B-bad","true","500","310353","B-bad","500","125","5000","0.7317174011812813","1","61","0.5520614954771885","0.45","33.6","75","0.977300693825838","0.8734","3.164999999999998","0.4966","63.3","189.9","0.04","0","false","0.7317174011812813","1","0.512","3.049999999999997","0.488","0.5040073276849095","0.44549763033175355","0.453125","0.45901639344262296","998","1498","0","1.7763568394002505E-15","5.329070518200751E-15","true","true","true"
"855","310355","B-bad","true","500","310355","B-bad","500","125","5000","0.7317174011812813","1","39","0.4846042933833181","0.45","35.7","75","0.9569236724105386","0.8358","4.104999999999998","0.4974","82.1","246.3","0.052","0","false","0.7317174011812813","1","0.688","1.950000000000001","0.312","0.5049054797798517","0.4591961023142509","0.4186046511627907","0.4358974358974359","998","1498","0","2.6645352591003757E-15","2.3092638912203256E-14","true","true","true"
"854","310354","B-bad","true","500","310354","B-bad","500","125","5000","0.8588821376227943","1","33","0.5769698511307819","0.75","37.8","75","0.9450106323613101","0.8038","4.905000000000001","0.5012","98.1","294.1","0.072","0","false","0.8588821376227943","1","0.736","1.6500000000000008","0.264","0.5105747698432446","0.46279306829765543","0.5760869565217391","0.36363636363636365","998","1498","0","3.552713678800501E-15","7.460698725481052E-14","true","true","true"
"856","310356","B-bad","true","500","310356","B-bad","500","125","5000","0.832766961303352","1","52","0.4638329083989715","0.25","40.8","75","0.9346966477051278","0.7174","7.065","0.4926","141.3","423.5","0.072","0","false","0.832766961303352","1","0.584","2.5999999999999988","0.416","0.49707276275439083","0.48124557678697805","0.5068493150684932","0.4230769230769231","998","1498","0","8.881784197001252E-16","5.3290705182007514E-14","true","true","true"
"857","310357","B-bad","true","500","310357","B-bad","500","125","5000","0.8814994686598714","1","28","0.8067171755235909","1","26.1","75","0.9770552667706236","0.9412","1.47","0.4846","29.4","88.2","0.012","0","false","0.8814994686598714","1","0.776","1.4000000000000006","0.224","0.49107522311942203","0.38095238095238093","0.5154639175257731","0.32142857142857145","998","1498","0","1.7763568394002505E-15","3.552713678800501E-15","true","true","true"
"858","310358","B-bad","true","500","310358","B-bad","500","125","5000","0.6905480615036318","1","48","0.7297489673915941","1","33","75","0.9761448007795449","0.8942","2.644999999999997","0.5018","52.9","158.7","0.016","0","false","0.6905480615036318","1","0.616","2.3999999999999995","0.384","0.5092820398121226","0.43856332703213613","0.5454545454545454","0.4583333333333333","998","1498","0","8.881784197001252E-16","1.2434497875801753E-14","true","true","true"
"859","310359","B-bad","true","500","310359","B-bad","500","125","5000","0.9431811237123936","1","28","0.676656799101435","0.7","33.9","75","0.9783055550483398","0.848","3.799999999999996","0.4928","76","228","0.03","0","false","0.9431811237123936","1","0.776","1.4000000000000006","0.224","0.5009433962264151","0.4473684210526316","0.4845360824742268","0.25","998","1498","0","4.440892098500626E-15","1.687538997430238E-14","true","true","true"
"860","310360","B-bad","true","500","310360","B-bad","500","125","5000","0.7317174011812813","1","49","0.6558620262293345","0.95","28.5","75","0.9609381920580311","0.8882","2.794999999999997","0.494","55.9","167.7","0.044","0","false","0.7317174011812813","1","0.608","2.4499999999999993","0.392","0.5003377617653681","0.44364937388193204","0.4473684210526316","0.4489795918367347","998","1498","0","8.881784197001252E-16","1.7763568394002505E-14","true","true","true"
"861","310361","B-bad","true","500","310361","B-bad","500","125","5000","0.8029278364278081","1","37","0.7317761409602981","0.95","32.4","75","0.9779967008789014","0.9184","2.0399999999999987","0.4872","40.8","122.4","0.018","0","false","0.8029278364278081","1","0.704","1.850000000000001","0.296","0.49390243902439024","0.4117647058823529","0.5113636363636364","0.40540540540540543","998","1498","0","3.552713678800501E-15","5.329070518200751E-15","true","true","true"
"862","310362","B-bad","true","500","310362","B-bad","500","125","5000","0.400990099009901","0","52","0.6077535947219933","0.75","45.3","75","0.9720137517098204","0.8876","2.809999999999998","0.4956","56.2","168.6","0.024","0","false","0.400990099009901","0","0.584","2.5999999999999988","0.416","0.5024785939612438","0.4412811387900356","0.3972602739726027","0.5192307692307693","998","1498","0","8.881784197001252E-16","1.4210854715202004E-14","true","true","true"
"863","310363","B-bad","true","500","310363","B-bad","500","125","5000","0.646116504854369","1","35","0.4728026262689916","0.5","37.8","75","0.9776850420214901","0.839","4.024999999999997","0.496","80.5","241.5","0.032","0","false","0.646116504854369","1","0.72","1.7500000000000009","0.28","0.5044100119189512","0.45217391304347826","0.4666666666666667","0.45714285714285713","998","1498","0","3.552713678800501E-15","1.687538997430238E-14","true","true","true"
"864","310364","B-bad","true","500","310364","B-bad","500","125","5000","0.5990099009900991","1","42","0.62935378791171","0.8","31.8","75","0.9604164814509613","0.8458","3.854999999999994","0.4838","77.1","231.3","0.05","0","false","0.5990099009900991","1","0.664","2.1000000000000005","0.336","0.48876803026720267","0.4565499351491569","0.5542168674698795","0.47619047619047616","998","1498","0","2.6645352591003757E-15","1.7763568394002505E-14","true","true","true"
"865","310365","B-bad","true","500","310365","B-bad","500","125","5000","0.9009100727155935","1","41","0.49266876057071807","0.6","42","75","0.9762457328809235","0.823","4.424999999999993","0.495","88.5","265.5","0.038","0","false","0.9009100727155935","1","0.672","2.0500000000000007","0.328","0.5023086269744836","0.4610169491525424","0.5238095238095238","0.36585365853658536","998","1498","0","1.7763568394002505E-15","1.687538997430238E-14","true","true","true"
"866","310366","B-bad","true","500","310366","B-bad","500","125","5000","0.769239887763884","1","44","0.7057611779336707","0.95","26.4","75","0.9114645824124283","0.8864","2.839999999999996","0.4978","56.8","170","0.076","0","false","0.769239887763884","1","0.648","2.2","0.352","0.5029332129963899","0.45774647887323944","0.5432098765432098","0.4318181818181818","998","1498","0","8.881784197001252E-16","1.509903313490213E-14","true","true","true"
"867","310367","B-bad","true","500","310367","B-bad","500","125","5000","0.3094519384963682","0","58","0.7046204469073547","0.95","29.4","75","0.9622079241791741","0.8976","2.5599999999999983","0.4896","51.2","153.2","0.034","0","false","0.3094519384963682","0","0.536","2.8999999999999977","0.464","0.4946524064171123","0.4453125","0.5522388059701493","0.5344827586206896","998","1498","0","8.881784197001252E-16","4.884981308350689E-15","true","true","true"
"868","310368","B-bad","true","500","310368","B-bad","500","125","5000","0.19707216357219193","0","47","0.7345683531434218","0.9","29.1","75","0.9569200938898609","0.9062","2.3449999999999984","0.4836","46.9","140.5","0.052","0","false","0.19707216357219193","0","0.624","2.3499999999999996","0.376","0.48841315382917677","0.43710021321961623","0.5641025641025641","0.574468085106383","998","1498","0","1.7763568394002505E-15","6.217248937900877E-15","true","true","true"
"869","310369","B-bad","true","500","310369","B-bad","500","125","5000","0.4009900990099009","0","62","0.768865580622528","1","22.5","75","0.960939773847415","0.8882","2.794999999999997","0.4874","55.9","167.5","0.026","0","false","0.4009900990099009","0","0.504","3.099999999999997","0.496","0.49245665390677773","0.4472271914132379","0.49206349206349204","0.5161290322580645","998","1498","0","1.7763568394002505E-15","1.687538997430238E-14","true","true","true"
"870","310370","B-bad","true","500","310370","B-bad","500","125","5000","0.55","1","47","0.49394582543460946","0.7","47.4","75","0.9845355286739293","0.8796","3.009999999999997","0.4944","60.2","180.6","0.02","0","false","0.55","1","0.624","2.3499999999999996","0.376","0.5022737608003638","0.4368770764119601","0.6025641025641025","0.48936170212765956","998","1498","0","4.440892098500626E-15","7.993605777301127E-15","true","true","true"
"871","310371","B-bad","true","500","310371","B-bad","500","125","5000","0.646116504854369","1","49","0.6635938537325401","0.8","31.2","75","0.9606676653046285","0.838","4.049999999999997","0.4884","81","243","0.028","0","false","0.646116504854369","1","0.608","2.4499999999999993","0.392","0.494272076372315","0.4580246913580247","0.5526315789473685","0.46938775510204084","998","1498","0","4.440892098500626E-15","1.3322676295501878E-14","true","true","true"
"872","310372","B-bad","true","500","310372","B-bad","500","125","5000","0.769239887763884","1","42","0.6661576911831653","0.85","26.7","75","0.9837609772128075","0.8728","3.179999999999996","0.492","63.6","190.8","0.024","0","false","0.769239887763884","1","0.664","2.1000000000000005","0.336","0.4993125572868928","0.4418238993710692","0.46987951807228917","0.42857142857142855","998","1498","0","2.6645352591003757E-15","1.1546319456101628E-14","true","true","true"
"873","310373","B-bad","true","500","310373","B-bad","500","125","5000","0.769239887763884","1","32","0.7080828301119286","1","27.9","75","0.9809330619735084","0.897","2.5749999999999984","0.496","51.5","154.5","0.016","0","false","0.769239887763884","1","0.744","1.6000000000000008","0.256","0.5036789297658862","0.429126213592233","0.5053763440860215","0.40625","998","1498","0","2.6645352591003757E-15","1.0658141036401503E-14","true","true","true"
"874","310374","B-bad","true","500","310374","B-bad","500","125","5000","0.8588821376227943","1","37","0.6600884735128447","0.75","24.3","75","0.9676124173987292","0.929","1.775","0.4888","35.5","106.5","0.026","0","false","0.8588821376227943","1","0.704","1.850000000000001","0.296","0.4945102260495156","0.4140845070422535","0.5909090909090909","0.3783783783783784","998","1498","0","8.881784197001252E-16","1.5543122344752192E-15","true","true","true"
"875","310375","B-bad","true","500","310375","B-bad","500","125","5000","0.7317174011812813","1","51","0.683753519157743","0.8","33.3","75","0.9634041579492798","0.8992","2.5199999999999982","0.5016","50.4","151.2","0.038","0","false","0.7317174011812813","1","0.592","2.549999999999999","0.408","0.5084519572953736","0.44047619047619047","0.43243243243243246","0.45098039215686275","998","1498","0","8.881784197001252E-16","1.4210854715202004E-14","true","true","true"
"876","310376","B-bad","true","500","310376","B-bad","500","125","5000","0.832766961303352","1","50","0.5714498472393651","0.7","36.3","75","0.9484485730190897","0.901","2.4749999999999983","0.5016","49.5","148.3","0.036","0","false","0.832766961303352","1","0.6","2.499999999999999","0.4","0.5076581576026638","0.44646464646464645","0.5066666666666667","0.42","998","1498","0","4.440892098500626E-16","7.105427357601002E-15","true","true","true"
"877","310377","B-bad","true","500","310377","B-bad","500","125","5000","0.8588821376227943","1","47","0.6545543874836278","0.75","34.2","75","0.9841149978520596","0.9032","2.419999999999999","0.4966","48.4","145.2","0.02","0","false","0.8588821376227943","1","0.624","2.3499999999999996","0.376","0.504207263064659","0.4256198347107438","0.6153846153846154","0.40425531914893614","998","1498","0","1.7763568394002505E-15","3.9968028886505635E-15","true","true","true"
"878","310378","B-bad","true","500","310378","B-bad","500","125","5000","0.8029278364278081","1","49","0.6298894179763954","0.7","36","75","0.9790055643078176","0.83","4.25","0.4808","85","255","0.02","0","false","0.8029278364278081","1","0.608","2.4499999999999993","0.392","0.48843373493975906","0.4435294117647059","0.5657894736842105","0.42857142857142855","998","1498","0","5.329070518200751E-15","3.907985046680551E-14","true","true","true"
"879","310379","B-bad","true","500","310379","B-bad","500","125","5000","0.8814994686598714","1","22","0.6791306085163097","0.8","32.4","75","0.9702833350652359","0.8382","4.044999999999993","0.4946","80.9","242.5","0.038","0","false","0.8814994686598714","1","0.824","1.1000000000000003","0.176","0.5020281555714626","0.4561186650185414","0.49514563106796117","0.2727272727272727","998","1498","0","4.440892098500626E-15","1.865174681370263E-14","true","true","true"
"880","310380","B-bad","true","500","310380","B-bad","500","125","5000","0.44999999999999996","0","75","0.6513805253425788","0.85","24.3","75","0.9718364862117952","0.9084","2.289999999999998","0.4938","45.8","137.4","0.016","0","false","0.44999999999999996","0","0.4","3.7499999999999947","0.6","0.5015411712901805","0.4170305676855895","0.6","0.5066666666666667","998","1498","0","2.6645352591003757E-15","1.3322676295501878E-14","true","true","true"
"881","310381","B-bad","true","500","310381","B-bad","500","125","5000","0.769239887763884","1","40","0.5384891530196831","0.5","39.3","75","0.9677627002596869","0.841","3.9749999999999943","0.5006","79.5","238.5","0.04","0","false","0.769239887763884","1","0.68","2.000000000000001","0.32","0.5082045184304399","0.46037735849056605","0.5058823529411764","0.425","998","1498","0","1.7763568394002505E-15","1.7763568394002505E-14","true","true","true"
"883","310383","B-bad","true","500","310383","B-bad","500","125","5000","0.5990099009900991","1","54","0.7681700222739867","1","24.6","75","0.9702802095381088","0.9132","2.1699999999999986","0.4904","43.4","130.2","0.022","0","false","0.5990099009900991","1","0.568","2.6999999999999984","0.432","0.4971528690319755","0.41935483870967744","0.49295774647887325","0.48148148148148145","998","1498","0","2.6645352591003757E-15","8.881784197001252E-15","true","true","true"
"882","310382","B-bad","true","500","310382","B-bad","500","125","5000","0.646116504854369","1","55","0.5864172075661572","0.8","34.8","75","0.9764342185413275","0.902","2.449999999999998","0.4954","49","146.8","0.03","0","false","0.646116504854369","1","0.56","2.7499999999999982","0.44","0.5031042128603104","0.42448979591836733","0.5571428571428572","0.4727272727272727","998","1498","0","3.552713678800501E-15","7.105427357601002E-15","true","true","true"
"884","310384","B-bad","true","500","310384","B-bad","500","125","5000","0.5","0.5","34","0.5917614169605775","0.7","30.3","75","0.9725066997140468","0.88","2.9999999999999964","0.5042","60","179.8","0.036","0","false","0.5","0.5","0.728","1.7000000000000008","0.272","0.5122727272727273","0.445","0.5164835164835165","0.5","998","1498","0","1.7763568394002505E-15","1.5987211554602254E-14","true","true","true"
"885","310385","B-bad","true","500","310385","B-bad","500","125","5000","0.832766961303352","1","54","0.5988800203876423","0.7","35.4","75","0.9636131542984835","0.8558","3.604999999999996","0.4964","72.1","216.1","0.03","0","false","0.832766961303352","1","0.568","2.6999999999999984","0.432","0.5040897405935967","0.4507628294036061","0.49295774647887325","0.42592592592592593","998","1498","0","2.6645352591003757E-15","1.0658141036401503E-14","true","true","true"
"886","310386","B-bad","true","500","310386","B-bad","500","125","5000","0.7317174011812813","1","49","0.676526388664227","0.85","34.8","75","0.97571699384561","0.9038","2.4049999999999985","0.48","48.1","144.3","0.026","0","false","0.7317174011812813","1","0.608","2.4499999999999993","0.392","0.4852843549457845","0.4303534303534304","0.42105263157894735","0.4489795918367347","998","1498","0","8.881784197001252E-16","5.329070518200751E-15","true","true","true"
"887","310387","B-bad","true","500","310387","B-bad","500","125","5000","0.8588821376227943","1","57","0.8265584852120884","1","25.2","75","0.9720678519604485","0.885","2.8749999999999973","0.4792","57.5","172.3","0.042","0","false","0.8588821376227943","1","0.544","2.849999999999998","0.456","0.4851977401129943","0.4330434782608696","0.4264705882352941","0.42105263157894735","998","1498","0","3.552713678800501E-15","1.0658141036401503E-14","true","true","true"
"888","310388","B-bad","true","500","310388","B-bad","500","125","5000","0.03876388255528562","0","96","0.6334478560555893","0.9","32.4","75","0.9706717465279517","0.9036","2.4099999999999984","0.494","48.2","144.6","0.026","0","false","0.03876388255528562","0","0.232","4.799999999999991","0.768","0.5004426737494466","0.4336099585062241","0.3793103448275862","0.5833333333333334","998","1498","0","8.881784197001252E-16","7.993605777301127E-15","true","true","true"
"889","310389","B-bad","true","500","310389","B-bad","500","125","5000","0.6905480615036318","1","44","0.7094735765186687","1","31.2","75","0.9386660011919863","0.876","3.0999999999999956","0.502","62","186","0.062","0","false","0.6905480615036318","1","0.648","2.2","0.352","0.508675799086758","0.45483870967741935","0.5308641975308642","0.45454545454545453","998","1498","0","1.7763568394002505E-15","1.509903313490213E-14","true","true","true"
"890","310390","B-bad","true","500","310390","B-bad","500","125","5000","0.55","1","45","0.5421275363675012","0.55","31.5","75","0.9723329211568602","0.8134","4.664999999999995","0.5012","93.3","279.7","0.056","0","false","0.55","1","0.64","2.25","0.36","0.5099582001475289","0.4630225080385852","0.45","0.4888888888888889","998","1498","0","2.6645352591003757E-15","1.2434497875801753E-14","true","true","true"
"891","310391","B-bad","true","500","310391","B-bad","500","125","5000","0.5990099009900991","1","42","0.8310591570556166","1","26.4","75","0.9711939359904157","0.934","1.6499999999999997","0.4902","33","98.6","0.048","0","false","0.5990099009900991","1","0.664","2.1000000000000005","0.336","0.49657387580299783","0.4","0.5542168674698795","0.47619047619047616","998","1498","0","8.881784197001252E-16","4.440892098500626E-15","true","true","true"
"892","310392","B-bad","true","500","310392","B-bad","500","125","5000","0.8814994686598714","1","28","0.7574037199313152","1","29.1","75","0.9760292825810482","0.905","2.3749999999999987","0.4788","47.5","142.3","0.032","0","false","0.8814994686598714","1","0.776","1.4000000000000006","0.224","0.48441988950276244","0.42526315789473684","0.5154639175257731","0.32142857142857145","998","1498","0","1.7763568394002505E-15","7.993605777301127E-15","true","true","true"
"893","310393","B-bad","true","500","310393","B-bad","500","125","5000","0.6905480615036318","1","30","0.7063772443361054","0.95","27.3","75","0.9359371033453968","0.904","2.3999999999999977","0.4836","48","144","0.062","0","false","0.6905480615036318","1","0.76","1.5000000000000007","0.24","0.48805309734513275","0.44166666666666665","0.49473684210526314","0.43333333333333335","998","1498","0","8.881784197001252E-16","1.4210854715202004E-14","true","true","true"
"894","310394","B-bad","true","500","310394","B-bad","500","125","5000","0.8814994686598714","1","42","0.7286776245151808","1","32.7","75","0.9705652842662505","0.8858","2.8549999999999978","0.4896","57.1","171.3","0.034","0","false","0.8814994686598714","1","0.664","2.1000000000000005","0.336","0.4958229848724317","0.4413309982486865","0.4819277108433735","0.38095238095238093","998","1498","0","8.881784197001252E-16","1.2434497875801753E-14","true","true","true"
"895","310395","B-bad","true","500","310395","B-bad","500","125","5000","0.769239887763884","1","48","0.7392093303019183","0.8","36.6","75","0.9591050344940086","0.916","2.099999999999999","0.4846","42","125.6","0.04","0","false","0.769239887763884","1","0.616","2.3999999999999995","0.384","0.48973799126637557","0.42857142857142855","0.4805194805194805","0.4375","998","1498","0","8.881784197001252E-16","4.440892098500626E-15","true","true","true"
"896","310396","B-bad","true","500","310396","B-bad","500","125","5000","0.19707216357219193","0","93","0.722198541138971","0.95","31.5","75","0.9223099945625256","0.8904","2.739999999999997","0.4936","54.8","164.4","0.054","0","false","0.19707216357219193","0","0.256","4.6499999999999915","0.744","0.49932614555256066","0.4470802919708029","0.65625","0.5376344086021505","998","1498","0","3.552713678800501E-15","8.881784197001252E-15","true","true","true"
"897","310397","B-bad","true","500","310397","B-bad","500","125","5000","0.44999999999999996","0","79","0.7643407931890811","1","26.1","75","0.9699900753951262","0.8834","2.914999999999997","0.4818","58.3","174.9","0.024","0","false","0.44999999999999996","0","0.368","3.949999999999994","0.632","0.4869821145573919","0.4425385934819897","0.43478260869565216","0.5063291139240507","998","1498","0","3.552713678800501E-15","9.769962616701378E-15","true","true","true"
"899","310399","B-bad","true","500","310399","B-bad","500","125","5000","0.646116504854369","1","83","0.6048320943093108","0.55","29.1","75","0.9666437665025944","0.8708","3.2299999999999955","0.4886","64.6","193.8","0.042","0","false","0.646116504854369","1","0.336","4.149999999999993","0.664","0.4944878272852549","0.44891640866873067","0.42857142857142855","0.4819277108433735","998","1498","0","1.7763568394002505E-15","1.4210854715202004E-14","true","true","true"
"898","310398","B-bad","true","500","310398","B-bad","500","125","5000","0.9009100727155935","1","51","0.6913760941837301","0.85","28.5","75","0.9699117832828517","0.8644","3.3899999999999944","0.489","67.8","203.4","0.036","0","false","0.9009100727155935","1","0.592","2.549999999999999","0.408","0.496760758907913","0.43952802359882004","0.5405405405405406","0.39215686274509803","998","1498","0","5.329070518200751E-15","1.687538997430238E-14","true","true","true"
"900","310400","B-bad","true","500","310400","B-bad","500","125","5000","0.9314206186232206","1","23","0.3900619647946676","0.25","40.8","75","0.9748950443181188","0.8692","3.269999999999997","0.4972","65.4","196.2","0.028","0","false","0.9314206186232206","1","0.816","1.1500000000000004","0.184","0.5062126092959043","0.43730886850152906","0.5490196078431373","0.21739130434782608","998","1498","0","3.552713678800501E-15","9.769962616701378E-15","true","true","true"
"902","310402","B-bad","true","500","310402","B-bad","500","125","5000","0.8588821376227943","1","39","0.6075025768711465","0.7","31.8","75","0.9626038779309868","0.8824","2.9399999999999973","0.4908","58.8","176.4","0.036","0","false","0.8588821376227943","1","0.688","1.950000000000001","0.312","0.49660018132366274","0.44727891156462585","0.5697674418604651","0.38461538461538464","998","1498","0","8.881784197001252E-16","5.329070518200751E-15","true","true","true"
"901","310401","B-bad","true","500","310401","B-bad","500","125","5000","0.7317174011812813","1","33","0.8049465950587361","1","24.9","75","0.9802695915444202","0.9316","1.7099999999999995","0.4972","34.2","102.6","0.022","0","false","0.7317174011812813","1","0.736","1.6500000000000008","0.264","0.5045083726921425","0.39766081871345027","0.4782608695652174","0.42424242424242425","998","1498","0","8.881784197001252E-16","3.9968028886505635E-15","true","true","true"
"903","310403","B-bad","true","500","310403","B-bad","500","125","5000","0.55","1","41","0.6065879074886267","0.7","41.7","75","0.9851982252859344","0.8918","2.7049999999999974","0.4858","54.1","162.1","0.02","0","false","0.55","1","0.672","2.0500000000000007","0.328","0.49271137026239065","0.4288354898336414","0.4880952380952381","0.4878048780487805","998","1498","0","2.6645352591003757E-15","1.0658141036401503E-14","true","true","true"
"904","310404","B-bad","true","500","310404","B-bad","500","125","5000","0.5","0.5","80","0.6305724564182449","0.7","33.3","75","0.9589137579872424","0.8764","3.0899999999999963","0.4926","61.8","185.4","0.034","0","false","0.5","0.5","0.36","3.999999999999994","0.64","0.5004564125969877","0.4368932038834951","0.5111111111111111","0.5","998","1498","0","5.329070518200751E-15","1.3322676295501878E-14","true","true","true"
"905","310405","B-bad","true","500","310405","B-bad","500","125","5000","0.26828259881871874","0","53","0.7234569487901654","0.75","30.3","75","0.9684944550053878","0.8928","2.6799999999999975","0.504","53.6","160.8","0.074","0","false","0.26828259881871874","0","0.576","2.6499999999999986","0.424","0.5125448028673835","0.43283582089552236","0.4861111111111111","0.5471698113207547","998","1498","0","2.6645352591003757E-15","1.509903313490213E-14","true","true","true"
"906","310406","B-bad","true","500","310406","B-bad","500","125","5000","0.7317174011812813","1","41","0.6872437968032687","0.8","25.8","75","0.9717142800058094","0.8996","2.509999999999998","0.492","50.2","150.6","0.018","0","false","0.7317174011812813","1","0.672","2.0500000000000007","0.328","0.4986660738105825","0.43227091633466136","0.4166666666666667","0.43902439024390244","998","1498","0","1.7763568394002505E-15","4.440892098500626E-15","true","true","true"
"907","310407","B-bad","true","500","310407","B-bad","500","125","5000","0.8814994686598714","1","38","0.5129839124875544","0.6","36.3","75","0.9575120625693951","0.8738","3.1549999999999967","0.4906","63.1","189.3","0.072","0","false","0.8814994686598714","1","0.696","1.900000000000001","0.304","0.49713893339436943","0.44532488114104596","0.5402298850574713","0.3684210526315789","998","1498","0","3.552713678800501E-15","9.769962616701378E-15","true","true","true"
"908","310408","B-bad","true","500","310408","B-bad","500","125","5000","0.6905480615036318","1","58","0.7972872086748991","1","27.6","75","0.9834984627336633","0.8934","2.664999999999998","0.4856","53.3","159.9","0.03","0","false","0.6905480615036318","1","0.536","2.8999999999999977","0.464","0.4922766957689725","0.42964352720450283","0.373134328358209","0.46551724137931033","998","1498","0","4.440892098500626E-15","8.881784197001252E-15","true","true","true"
"909","310409","B-bad","true","500","310409","B-bad","500","125","5000","0.8029278364278081","1","67","0.6059863557541902","0.7","36.6","75","0.8060849578451601","0.8436","3.909999999999999","0.4974","78.2","234.2","0.218","0.2","false","0.8029278364278081","1","0.464","3.349999999999996","0.536","0.5021337126600285","0.4718670076726343","0.6724137931034483","0.44776119402985076","998","1498","0","8.881784197001252E-16","1.7763568394002505E-14","true","true","true"
"910","310410","B-bad","true","500","310410","B-bad","500","125","5000","0.44999999999999996","0","47","0.5802895026363072","0.6","37.8","75","0.9860004731257794","0.8976","2.559999999999998","0.4988","51.2","153.6","0.016","0","false","0.44999999999999996","0","0.624","2.3499999999999996","0.376","0.5075757575757576","0.421875","0.5641025641025641","0.5106382978723404","998","1498","0","3.552713678800501E-15","7.993605777301127E-15","true","true","true"
"911","310411","B-bad","true","500","310411","B-bad","500","125","5000","0.769239887763884","1","50","0.4781350836715322","0.45","34.8","75","0.9686464932154083","0.8164","4.589999999999991","0.4876","91.8","275.4","0.038","0","false","0.769239887763884","1","0.6","2.499999999999999","0.4","0.49338559529642334","0.46187363834422657","0.52","0.44","998","1498","0","3.552713678800501E-15","1.509903313490213E-14","true","true","true"
"912","310412","B-bad","true","500","310412","B-bad","500","125","5000","0.7317174011812813","1","37","0.7310274806059672","1","22.5","75","0.9726674535246078","0.888","2.7999999999999967","0.4978","56","168","0.04","0","false","0.7317174011812813","1","0.704","1.850000000000001","0.296","0.5056306306306306","0.4357142857142857","0.5568181818181818","0.43243243243243246","998","1498","0","2.6645352591003757E-15","7.105427357601002E-15","true","true","true"
"913","310413","B-bad","true","500","310413","B-bad","500","125","5000","0.8814994686598714","1","50","0.666718187752623","1","37.2","75","0.9656790651023763","0.8982","2.544999999999998","0.4954","50.9","152.5","0.046","0","false","0.8814994686598714","1","0.6","2.499999999999999","0.4","0.5025606769093743","0.43222003929273084","0.5333333333333333","0.4","998","1498","0","2.6645352591003757E-15","6.217248937900877E-15","true","true","true"
"914","310414","B-bad","true","500","310414","B-bad","500","125","5000","0.6905480615036318","1","50","0.7993093514983867","1","27.3","75","0.9475973154954792","0.9278","1.8049999999999993","0.4878","36.1","108.1","0.04","0","false","0.6905480615036318","1","0.6","2.499999999999999","0.4","0.49364087087734426","0.41274238227146814","0.6133333333333333","0.46","998","1498","0","2.6645352591003757E-15","6.217248937900877E-15","true","true","true"
"915","310415","B-bad","true","500","310415","B-bad","500","125","5000","0.7317174011812813","1","49","0.5911387143736511","0.7","29.1","75","0.9728817733591368","0.902","2.4499999999999984","0.4966","49","146.8","0.044","0","false","0.7317174011812813","1","0.608","2.4499999999999993","0.392","0.5033259423503326","0.4346938775510204","0.5657894736842105","0.4489795918367347","998","1498","0","8.881784197001252E-16","1.0658141036401503E-14","true","true","true"
"916","310416","B-bad","true","500","310416","B-bad","500","125","5000","0.03876388255528562","0","92","0.6215745621687224","0.7","30.6","75","0.9555927462910855","0.8514","3.7149999999999928","0.4964","74.3","222.5","0.062","0","false","0.03876388255528562","0","0.264","4.599999999999992","0.736","0.5038759689922481","0.4535666218034993","0.5151515151515151","0.5869565217391305","998","1498","0","2.6645352591003757E-15","1.865174681370263E-14","true","true","true"
"917","310417","B-bad","true","500","310417","B-bad","500","125","5000","0.8588821376227943","1","41","0.6411944672909393","0.75","33.3","75","0.9730790739557085","0.8374","4.064999999999994","0.4928","81.3","243.9","0.03","0","false","0.8588821376227943","1","0.672","2.0500000000000007","0.328","0.49964174826845","0.4575645756457565","0.5357142857142857","0.3902439024390244","998","1498","0","1.7763568394002505E-15","1.3322676295501878E-14","true","true","true"
"918","310418","B-bad","true","500","310418","B-bad","500","125","5000","0.55","1","55","0.5768164035017873","0.7","39.6","75","0.91897619307048","0.8558","3.6050000000000013","0.4882","72.1","216.1","0.084","0.1","false","0.55","1","0.56","2.7499999999999982","0.44","0.49380696424398224","0.4549237170596394","0.45714285714285713","0.4909090909090909","998","1498","0","3.552713678800501E-15","4.263256414560601E-14","true","true","true"
"919","310419","B-bad","true","500","310419","B-bad","500","125","5000","0.6905480615036318","1","36","0.6440837811082002","0.8","30.9","75","0.9634215650059922","0.9004","2.4899999999999984","0.4882","49.8","149.4","0.034","0","false","0.6905480615036318","1","0.712","1.800000000000001","0.288","0.49422478898267436","0.43373493975903615","0.5393258426966292","0.4444444444444444","998","1498","0","3.552713678800501E-15","7.105427357601002E-15","true","true","true"
"920","310420","B-bad","true","500","310420","B-bad","500","125","5000","0.7317174011812813","1","65","0.8331476701068862","1","21.9","75","0.9813611849505215","0.917","2.0749999999999984","0.4966","41.5","124.5","0.03","0","false","0.7317174011812813","1","0.48","3.2499999999999964","0.52","0.5044711014176663","0.40963855421686746","0.38333333333333336","0.46153846153846156","998","1498","0","1.7763568394002505E-15","8.881784197001252E-15","true","true","true"
"921","310421","B-bad","true","500","310421","B-bad","500","125","5000","0.9314206186232206","1","29","0.7247388333132825","1","36.9","75","0.9627203320733562","0.8846","2.8849999999999967","0.4872","57.7","172.9","0.034","0","false","0.9314206186232206","1","0.768","1.4500000000000006","0.232","0.49265204612254127","0.44540727902946275","0.4895833333333333","0.27586206896551724","998","1498","0","1.7763568394002505E-15","7.993605777301127E-15","true","true","true"
"922","310422","B-bad","true","500","310422","B-bad","500","125","5000","0.8029278364278081","1","47","0.7045178623526105","1","30.9","75","0.9751302621917306","0.8806","2.9849999999999968","0.4896","59.7","179.1","0.038","0","false","0.8029278364278081","1","0.624","2.3499999999999996","0.376","0.4957983193277311","0.4438860971524288","0.5","0.425531914893617","998","1498","0","1.7763568394002505E-15","9.769962616701378E-15","true","true","true"
"923","310423","B-bad","true","500","310423","B-bad","500","125","5000","0.8814994686598714","1","24","0.7665855004436599","1","31.5","75","0.96593253444791","0.8888","2.7799999999999976","0.4974","55.6","166.6","0.036","0","false","0.8814994686598714","1","0.808","1.2000000000000004","0.192","0.5042754275427542","0.44244604316546765","0.48514851485148514","0.2916666666666667","998","1498","0","8.881784197001252E-16","7.105427357601002E-15","true","true","true"
"924","310424","B-bad","true","500","310424","B-bad","500","125","5000","0.769239887763884","1","34","0.6247822388142701","0.85","34.2","75","0.7397841126567273","0.7924","5.189999999999989","0.5016","103.8","310.6","0.164","0","false","0.769239887763884","1","0.728","1.7000000000000008","0.272","0.5058051489146895","0.48554913294797686","0.5054945054945055","0.4117647058823529","998","1498","0","1.7763568394002505E-15","1.865174681370263E-14","true","true","true"
"925","310425","B-bad","true","500","310425","B-bad","500","125","5000","0.8814994686598714","1","44","0.6941168854126541","1","27.9","75","0.9635935929831371","0.8886","2.7849999999999966","0.4938","55.7","166.9","0.034","0","false","0.8814994686598714","1","0.648","2.2","0.352","0.4998874634256133","0.4452423698384201","0.49382716049382713","0.38636363636363635","998","1498","0","8.881784197001252E-16","1.1546319456101628E-14","true","true","true"
"926","310426","B-bad","true","500","310426","B-bad","500","125","5000","0.832766961303352","1","42","0.5743574621251868","0.7","39.3","75","0.9793471552218443","0.8724","3.1899999999999964","0.5028","63.8","191.2","0.02","0","false","0.832766961303352","1","0.664","2.1000000000000005","0.336","0.5110041265474553","0.44670846394984326","0.4578313253012048","0.40476190476190477","998","1498","0","8.881784197001252E-16","6.217248937900877E-15","true","true","true"
"927","310427","B-bad","true","500","310427","B-bad","500","125","5000","0.832766961303352","1","32","0.5146450855607761","0.55","29.7","75","0.9673537300585238","0.8418","3.954999999999996","0.49","79.1","237.1","0.032","0","false","0.832766961303352","1","0.744","1.6000000000000008","0.256","0.49631741506296034","0.4563843236409608","0.4731182795698925","0.375","998","1498","0","2.6645352591003757E-15","1.2434497875801753E-14","true","true","true"
"928","310428","B-bad","true","500","310428","B-bad","500","125","5000","0.5","0.5","74","0.45132539539436073","0.45","33.6","75","0.9654821177113003","0.8276","4.3099999999999925","0.4996","86.2","258.4","0.032","0","false","0.5","0.5","0.408","3.699999999999995","0.592","0.5072498791686805","0.462877030162413","0.5490196078431373","0.5","998","1498","0","4.440892098500626E-15","1.7763568394002505E-14","true","true","true"
"929","310429","B-bad","true","500","310429","B-bad","500","125","5000","0.8588821376227943","1","61","0.567789336714782","0.75","32.7","75","0.9781161126470936","0.9074","2.314999999999999","0.4746","46.3","138.9","0.024","0","false","0.8588821376227943","1","0.512","3.049999999999997","0.488","0.47917125854088605","0.4298056155507559","0.578125","0.4262295081967213","998","1498","0","8.881784197001252E-16","4.440892098500626E-15","true","true","true"
"931","310431","B-bad","true","500","310431","B-bad","500","125","5000","0.5990099009900991","1","30","0.6252978247921419","0.8","30.3","75","0.9571497103784138","0.9152","2.119999999999999","0.4948","42.4","127.2","0.036","0","false","0.5990099009900991","1","0.76","1.5000000000000007","0.24","0.5013111888111889","0.42452830188679247","0.5368421052631579","0.4666666666666667","998","1498","0","1.7763568394002505E-15","3.552713678800501E-15","true","true","true"
"930","310430","B-bad","true","500","310430","B-bad","500","125","5000","0.5990099009900991","1","52","0.6217501194197206","0.65","33.9","75","0.9762399591048512","0.8896","2.759999999999997","0.4944","55.2","165.6","0.042","0","false","0.5990099009900991","1","0.584","2.5999999999999988","0.416","0.5011241007194245","0.44021739130434784","0.5342465753424658","0.4807692307692308","998","1498","0","1.7763568394002505E-15","6.217248937900877E-15","true","true","true"
"932","310432","B-bad","true","500","310432","B-bad","500","125","5000","0.8814994686598714","1","28","0.6444561759638103","0.8","29.1","75","0.925708976687474","0.8922","2.6949999999999976","0.4996","53.9","161.5","0.064","0","false","0.8814994686598714","1","0.776","1.4000000000000006","0.224","0.5057162071284466","0.4489795918367347","0.5154639175257731","0.32142857142857145","998","1498","0","8.881784197001252E-16","1.2434497875801753E-14","true","true","true"
"933","310433","B-bad","true","500","310433","B-bad","500","125","5000","0.832766961303352","1","44","0.6391244540926181","0.9","28.2","75","0.9157438500822803","0.843","3.924999999999995","0.484","78.5","235.1","0.12","0","false","0.832766961303352","1","0.648","2.2","0.352","0.4877817319098458","0.4636942675159236","0.5185185185185185","0.4090909090909091","998","1498","0","8.881784197001252E-16","1.2434497875801753E-14","true","true","true"
"934","310434","B-bad","true","500","310434","B-bad","500","125","5000","0.8588821376227943","1","31","0.7471167258960818","0.9","25.8","75","0.9831754013638909","0.8956","2.6099999999999968","0.492","52.2","156.6","0.02","0","false","0.8588821376227943","1","0.752","1.5500000000000007","0.248","0.49933005806163466","0.42911877394636017","0.48936170212765956","0.3548387096774194","998","1498","0","1.7763568394002505E-15","1.865174681370263E-14","true","true","true"
"935","310435","B-bad","true","500","310435","B-bad","500","125","5000","0.44999999999999996","0","71","0.7822849806761641","1","27.6","75","0.9269262498077865","0.9046","2.384999999999999","0.493","47.7","142.9","0.094","0","false","0.44999999999999996","0","0.432","3.5499999999999954","0.568","0.49812071633871324","0.4444444444444444","0.4074074074074074","0.5070422535211268","998","1498","0","8.881784197001252E-16","5.329070518200751E-15","true","true","true"
"936","310436","B-bad","true","500","310436","B-bad","500","125","5000","0.3094519384963682","0","100","0.7679939889024372","1","28.5","75","0.961526398295718","0.8798","3.0049999999999963","0.4946","60.1","180.1","0.038","0","false","0.3094519384963682","0","0.2","4.99999999999999","0.8","0.5007956353716754","0.4492512479201331","0.48","0.52","998","1498","0","8.881784197001252E-16","9.769962616701378E-15","true","true","true"
"937","310437","B-bad","true","500","310437","B-bad","500","125","5000","0.832766961303352","1","44","0.7946566604503603","1","22.2","75","0.9787709865998548","0.9078","2.304999999999998","0.506","46.1","138.3","0.02","0","false","0.832766961303352","1","0.648","2.2","0.352","0.5142101784534039","0.42516268980477223","0.4691358024691358","0.4090909090909091","998","1498","0","1.7763568394002505E-15","9.769962616701378E-15","true","true","true"
"938","310438","B-bad","true","500","310438","B-bad","500","125","5000","0.8588821376227943","1","35","0.625853153139152","0.6","32.7","75","0.9625060924765103","0.8848","2.879999999999997","0.4838","57.6","172.6","0.042","0","false","0.8588821376227943","1","0.72","1.7500000000000009","0.28","0.488245931283906","0.4496527777777778","0.4888888888888889","0.37142857142857144","998","1498","0","8.881784197001252E-16","9.769962616701378E-15","true","true","true"
"940","310440","B-bad","true","500","310440","B-bad","500","125","5000","0.8588821376227943","1","47","0.6561067797855789","0.75","32.4","75","0.9621631059017975","0.8836","2.909999999999997","0.4956","58.2","174.6","0.034","0","false","0.8588821376227943","1","0.624","2.3499999999999996","0.376","0.5022634676324128","0.44501718213058417","0.6025641025641025","0.40425531914893614","998","1498","0","2.6645352591003757E-15","9.769962616701378E-15","true","true","true"
"939","310439","B-bad","true","500","310439","B-bad","500","125","5000","0.5990099009900991","1","34","0.6949090478738069","0.9","28.5","75","0.9479888775148748","0.877","3.0749999999999957","0.4966","61.5","184.5","0.052","0","false","0.5990099009900991","1","0.728","1.7000000000000008","0.272","0.5028506271379704","0.45203252032520325","0.5714285714285714","0.47058823529411764","998","1498","0","3.552713678800501E-15","9.769962616701378E-15","true","true","true"
"941","310441","B-bad","true","500","310441","B-bad","500","125","5000","0.832766961303352","1","34","0.5421293656804874","0.6","33.9","75","0.9383429715041874","0.8742","3.144999999999996","0.4946","62.9","188.5","0.054","0","false","0.832766961303352","1","0.728","1.7000000000000008","0.272","0.5003431708991077","0.4546899841017488","0.4725274725274725","0.38235294117647056","998","1498","0","1.7763568394002505E-15","1.509903313490213E-14","true","true","true"
"942","310442","B-bad","true","500","310442","B-bad","500","125","5000","0.646116504854369","1","69","0.7058847173604091","0.85","32.4","75","0.9674277645528434","0.8758","3.104999999999996","0.4922","62.1","186.3","0.04","0","false","0.646116504854369","1","0.448","3.4499999999999957","0.552","0.498058917561087","0.45088566827697263","0.5714285714285714","0.4782608695652174","998","1498","0","1.7763568394002505E-15","1.2434497875801753E-14","true","true","true"
"943","310443","B-bad","true","500","310443","B-bad","500","125","5000","0.3094519384963682","0","74","0.7342637907063437","0.9","30.9","75","0.950008758773282","0.8488","3.7799999999999963","0.4972","75.6","226.8","0.052","0","false","0.3094519384963682","0","0.408","3.699999999999995","0.592","0.5030631479736098","0.4642857142857143","0.47058823529411764","0.527027027027027","998","1498","0","8.881784197001252E-16","1.509903313490213E-14","true","true","true"
"944","310444","B-bad","true","500","310444","B-bad","500","125","5000","0.769239887763884","1","38","0.5815134276876","0.75","31.8","75","0.9718742493720697","0.9044","2.3899999999999983","0.4998","47.8","143.4","0.018","0","false","0.769239887763884","1","0.696","1.900000000000001","0.304","0.5072976559044671","0.42887029288702927","0.5172413793103449","0.42105263157894735","998","1498","0","2.6645352591003757E-15","6.217248937900877E-15","true","true","true"
"945","310445","B-bad","true","500","310445","B-bad","500","125","5000","0.55","1","45","0.5786819617077581","0.65","35.4","75","0.9731257777428519","0.8844","2.889999999999997","0.4946","57.8","173.4","0.032","0","false","0.55","1","0.64","2.25","0.36","0.5022614201718679","0.4359861591695502","0.5","0.4888888888888889","998","1498","0","4.440892098500626E-15","1.2434497875801753E-14","true","true","true"
"946","310446","B-bad","true","500","310446","B-bad","500","125","5000","0.646116504854369","1","65","0.6408897218978179","0.9","25.8","75","0.9209036070750283","0.8232","4.419999999999996","0.4974","88.4","265","0.088","0","false","0.646116504854369","1","0.48","3.2499999999999964","0.52","0.5036443148688047","0.4683257918552036","0.5833333333333334","0.47692307692307695","998","1498","0","1.7763568394002505E-15","1.509903313490213E-14","true","true","true"
"947","310447","B-bad","true","500","310447","B-bad","500","125","5000","0.646116504854369","1","45","0.707195328319014","0.85","27","75","0.9558959679065115","0.8974","2.5649999999999986","0.4922","51.3","153.7","0.04","0","false","0.646116504854369","1","0.64","2.25","0.36","0.49832850456875416","0.43859649122807015","0.4125","0.4666666666666667","998","1498","0","1.7763568394002505E-15","8.881784197001252E-15","true","true","true"
"948","310448","B-bad","true","500","310448","B-bad","500","125","5000","0.646116504854369","1","67","0.5899366242144307","0.6","32.7","75","0.8781303991829758","0.7932","5.170000000000002","0.4874","103.4","310.2","0.084","0","false","0.646116504854369","1","0.464","3.349999999999996","0.536","0.49117498739283916","0.47292069632495165","0.5","0.47761194029850745","998","1498","0","3.552713678800501E-15","6.927791673660977E-14","true","true","true"
"949","310449","B-bad","true","500","310449","B-bad","500","125","5000","0.44999999999999996","0","45","0.6463625532270406","0.7","32.4","75","0.9599944197115737","0.8548","3.629999999999994","0.4828","72.6","217.8","0.06","0","false","0.44999999999999996","0","0.64","2.25","0.36","0.48830135704258304","0.45041322314049587","0.425","0.5111111111111111","998","1498","0","4.440892098500626E-15","1.7763568394002505E-14","true","true","true"
"950","310450","B-bad","true","500","310450","B-bad","500","125","5000","0.8029278364278081","1","21","0.4519756678132037","0.4","43.2","75","0.9604988279852433","0.8234","4.414999999999996","0.4976","88.3","264.9","0.042","0","false","0.8029278364278081","1","0.832","1.0500000000000003","0.168","0.5054651445227107","0.4609286523216308","0.5192307692307693","0.3333333333333333","998","1498","0","2.6645352591003757E-15","1.1546319456101628E-14","true","true","true"
"952","310452","B-bad","true","500","310452","B-bad","500","125","5000","0.4009900990099009","0","74","0.6145937850220692","0.7","32.1","75","0.9695522734409879","0.8966","2.5849999999999973","0.495","51.7","155.1","0.026","0","false","0.4009900990099009","0","0.408","3.699999999999995","0.592","0.5016729868391702","0.437137330754352","0.5882352941176471","0.5135135135135135","998","1498","0","2.6645352591003757E-15","9.769962616701378E-15","true","true","true"
"951","310451","B-bad","true","500","310451","B-bad","500","125","5000","0.769239887763884","1","48","0.7914902273953729","1","22.8","75","0.9564191434740745","0.8768","3.0799999999999965","0.506","61.6","184.6","0.034","0","false","0.769239887763884","1","0.616","2.3999999999999995","0.384","0.5134580291970803","0.45292207792207795","0.4935064935064935","0.4375","998","1498","0","8.881784197001252E-16","1.3322676295501878E-14","true","true","true"
"953","310453","B-bad","true","500","310453","B-bad","500","125","5000","0.646116504854369","1","49","0.7718810885465645","1","25.8","75","0.9742163931243434","0.9142","2.1449999999999987","0.5072","42.9","128.7","0.024","0","false","0.646116504854369","1","0.608","2.4499999999999993","0.392","0.5149857799168672","0.42424242424242425","0.5394736842105263","0.46938775510204084","998","1498","0","8.881784197001252E-16","5.329070518200751E-15","true","true","true"
"954","310454","B-bad","true","500","310454","B-bad","500","125","5000","0.8814994686598714","1","40","0.8229303972170611","1","24.9","75","0.9764881279685724","0.9114","2.2149999999999985","0.4998","44.3","132.9","0.022","0","false","0.8814994686598714","1","0.68","2.000000000000001","0.32","0.5077902128593372","0.417607223476298","0.3411764705882353","0.375","998","1498","0","3.552713678800501E-15","9.769962616701378E-15","true","true","true"
"955","310455","B-bad","true","500","310455","B-bad","500","125","5000","0.832766961303352","1","26","0.7276448321447982","1","34.5","75","0.9695164217275115","0.8962","2.5949999999999975","0.4962","51.9","155.7","0.032","0","false","0.832766961303352","1","0.792","1.3000000000000005","0.208","0.5030127203749163","0.4373795761078998","0.4444444444444444","0.34615384615384615","998","1498","0","8.881784197001252E-16","1.0658141036401503E-14","true","true","true"
"956","310456","B-bad","true","500","310456","B-bad","500","125","5000","0.9009100727155935","1","41","0.7142909478588512","0.85","29.4","75","0.9776589900676047","0.8802","2.9949999999999983","0.4916","59.9","179.7","0.024","0","false","0.9009100727155935","1","0.672","2.0500000000000007","0.328","0.49897750511247446","0.4373956594323873","0.47619047619047616","0.36585365853658536","998","1498","0","2.6645352591003757E-15","1.3322676295501878E-14","true","true","true"
"957","310457","B-bad","true","500","310457","B-bad","500","125","5000","0.55","1","41","0.4418441070227959","0.4","42.9","75","0.9624648177341042","0.7182","7.045000000000019","0.4912","140.9","422.7","0.078","0","false","0.55","1","0.672","2.0500000000000007","0.328","0.4979114452798663","0.4740951029098652","0.5476190476190477","0.4878048780487805","998","1498","0","3.552713678800501E-15","1.7408297026122455E-13","true","true","true"
"958","310458","B-bad","true","500","310458","B-bad","500","125","5000","0.646116504854369","1","43","0.7174968791174696","1","24","75","0.9826295483340586","0.9346","1.6350000000000005","0.4792","32.7","98.1","0.01","0","false","0.646116504854369","1","0.656","2.1500000000000004","0.344","0.4853413224909052","0.39143730886850153","0.5365853658536586","0.46511627906976744","998","1498","0","8.881784197001252E-16","1.7763568394002505E-15","true","true","true"
"959","310459","B-bad","true","500","310459","B-bad","500","125","5000","0.7317174011812813","1","41","0.6798536728004347","0.9","31.2","75","0.9799732153456023","0.8956","2.609999999999997","0.4898","52.2","156.6","0.024","0","false","0.7317174011812813","1","0.672","2.0500000000000007","0.328","0.4964269763287182","0.4329501915708812","0.5714285714285714","0.43902439024390244","998","1498","0","2.6645352591003757E-15","1.5987211554602254E-14","true","true","true"
"960","310460","B-bad","true","500","310460","B-bad","500","125","5000","0.832766961303352","1","46","0.6729236282872061","0.9","30.3","75","0.9817674953554023","0.9094","2.2649999999999983","0.4826","45.3","135.7","0.01","0","false","0.832766961303352","1","0.632","2.3","0.368","0.48867385089069715","0.4216335540838852","0.4810126582278481","0.41304347826086957","998","1498","0","1.7763568394002505E-15","7.105427357601002E-15","true","true","true"
"961","310461","B-bad","true","500","310461","B-bad","500","125","5000","0.6905480615036318","1","62","0.6768433408341636","1","30.3","75","0.955653483658374","0.8782","3.044999999999997","0.4986","60.9","182.5","0.05","0","false","0.6905480615036318","1","0.504","3.099999999999997","0.496","0.50557959462537","0.4482758620689655","0.3492063492063492","0.46774193548387094","998","1498","0","1.7763568394002505E-15","8.881784197001252E-15","true","true","true"
"963","310463","B-bad","true","500","310463","B-bad","500","125","5000","0.4009900990099009","0","62","0.585066203913047","0.8","38.4","75","0.9735441361229829","0.8614","3.464999999999995","0.485","69.3","207.9","0.044","0","false","0.4009900990099009","0","0.504","3.099999999999997","0.496","0.4926863245878802","0.43722943722943725","0.5714285714285714","0.5161290322580645","998","1498","0","3.552713678800501E-15","1.7763568394002505E-14","true","true","true"
"962","310462","B-bad","true","500","310462","B-bad","500","125","5000","0.16723303869664796","0","74","0.5322790567402407","0.55","39.9","75","0.7947186179186682","0.731","6.725000000000001","0.504","134.5","402.9","0.302","0.2","false","0.16723303869664796","0","0.408","3.699999999999995","0.592","0.5094391244870041","0.48921933085501856","0.37254901960784315","0.5540540540540541","998","1498","0","4.440892098500626E-16","7.460698725481052E-14","true","true","true"
"964","310464","B-bad","true","500","310464","B-bad","500","125","5000","0.8588821376227943","1","23","0.6527014828946862","0.9","36.3","75","0.9419905024768443","0.8346","4.134999999999994","0.496","82.7","247.9","0.086","0","false","0.8588821376227943","1","0.816","1.1500000000000004","0.184","0.5020369039060628","0.4655380894800484","0.49019607843137253","0.30434782608695654","998","1498","0","2.6645352591003757E-15","1.7763568394002505E-14","true","true","true"
"965","310465","B-bad","true","500","310465","B-bad","500","125","5000","0.832766961303352","1","26","0.6628263818211046","0.9","34.2","75","0.888043303102453","0.8784","3.039999999999997","0.4884","60.8","182.2","0.11","0.1","false","0.832766961303352","1","0.792","1.3000000000000005","0.208","0.49271402550091076","0.45723684210526316","0.5151515151515151","0.34615384615384615","998","1498","0","1.7763568394002505E-15","1.4210854715202004E-14","true","true","true"
"967","310467","B-bad","true","500","310467","B-bad","500","125","5000","0.6905480615036318","1","46","0.6981692154935569","0.8","33","75","0.9450399957687194","0.922","1.9500000000000004","0.4964","39","116.8","0.04","0","false","0.6905480615036318","1","0.632","2.3","0.368","0.5017353579175705","0.43333333333333335","0.4810126582278481","0.45652173913043476","998","1498","0","8.881784197001252E-16","5.329070518200751E-15","true","true","true"
"966","310466","B-bad","true","500","310466","B-bad","500","125","5000","0.23076011223611614","0","100","0.571145460434276","0.75","30.3","75","0.9701282735465014","0.8052","4.869999999999991","0.4894","97.4","292.2","0.03","0","false","0.23076011223611614","0","0.2","4.99999999999999","0.8","0.49552906110283157","0.46406570841889117","0.56","0.53","998","1498","0","1.7763568394002505E-15","1.7763568394002505E-14","true","true","true"
"968","310468","B-bad","true","500","310468","B-bad","500","125","5000","0.6905480615036318","1","28","0.6099011531217442","0.8","36.6","75","0.9388193954800921","0.7826","5.435000000000002","0.488","108.7","325.9","0.082","0","false","0.6905480615036318","1","0.776","1.4000000000000006","0.224","0.4932277025300281","0.46918123275068996","0.5360824742268041","0.42857142857142855","998","1498","0","3.552713678800501E-15","6.750155989720952E-14","true","true","true"
"969","310469","B-bad","true","500","310469","B-bad","500","125","5000","0.832766961303352","1","32","0.4459709223579119","0.35","41.4","75","0.9651644085391604","0.8456","3.8599999999999937","0.4928","77.2","231.6","0.03","0","false","0.832766961303352","1","0.744","1.6000000000000008","0.256","0.49952696310312206","0.45595854922279794","0.5483870967741935","0.375","998","1498","0","2.6645352591003757E-15","1.1546319456101628E-14","true","true","true"
"970","310470","B-bad","true","500","310470","B-bad","500","125","5000","0.646116504854369","1","47","0.628573603428326","0.75","32.7","75","0.9788857257197193","0.8992","2.519999999999997","0.5006","50.4","151.2","0.014","0","false","0.646116504854369","1","0.624","2.3499999999999996","0.376","0.5095640569395018","0.42063492063492064","0.5","0.46808510638297873","998","1498","0","5.329070518200751E-15","4.884981308350689E-15","true","true","true"
"971","310471","B-bad","true","500","310471","B-bad","500","125","5000","0.8029278364278081","1","33","0.7224330354247444","0.95","37.8","75","0.8865151275902263","0.8696","3.2599999999999953","0.4926","65.2","195.2","0.104","0","false","0.8029278364278081","1","0.736","1.6500000000000008","0.264","0.49678012879484823","0.4647239263803681","0.5108695652173914","0.3939393939393939","998","1498","0","8.881784197001252E-16","1.509903313490213E-14","true","true","true"
"972","310472","B-bad","true","500","310472","B-bad","500","125","5000","0.8814994686598714","1","40","0.6140921439666205","0.7","36.9","75","0.9773245663388803","0.813","4.674999999999992","0.5004","93.5","280.5","0.038","0","false","0.8814994686598714","1","0.68","2.000000000000001","0.32","0.5089790897908979","0.46310160427807484","0.5058823529411764","0.375","998","1498","0","1.7763568394002505E-15","1.687538997430238E-14","true","true","true"
"973","310473","B-bad","true","500","310473","B-bad","500","125","5000","0.9314206186232206","1","31","0.6295263141956456","0.75","30.6","75","0.965428554432847","0.8214","4.465000000000002","0.5008","89.3","267.7","0.072","0","false","0.9314206186232206","1","0.752","1.5500000000000007","0.248","0.508400292184076","0.4658454647256439","0.48936170212765956","0.2903225806451613","998","1498","0","8.881784197001252E-16","3.019806626980426E-14","true","true","true"
"974","310474","B-bad","true","500","310474","B-bad","500","125","5000","0.8588821376227943","1","23","0.677926677100847","0.95","30.3","75","0.9463069894069365","0.8958","2.6049999999999986","0.4846","52.1","156.1","0.064","0","false","0.8588821376227943","1","0.816","1.1500000000000004","0.184","0.48894842598794375","0.4472168905950096","0.5294117647058824","0.30434782608695654","998","1498","0","8.881784197001252E-16","3.552713678800501E-15","true","true","true"
"976","310476","B-bad","true","500","310476","B-bad","500","125","5000","0.832766961303352","1","30","0.6634060261019666","0.95","28.2","75","0.9784390923320775","0.9016","2.459999999999998","0.4886","49.2","147.4","0.018","0","false","0.832766961303352","1","0.76","1.5000000000000007","0.24","0.4957852706299911","0.42276422764227645","0.5263157894736842","0.36666666666666664","998","1498","0","2.6645352591003757E-15","1.1546319456101628E-14","true","true","true"
"975","310475","B-bad","true","500","310475","B-bad","500","125","5000","0.8588821376227943","1","53","0.6586843726573794","0.85","36.6","75","0.9803071281678888","0.8624","3.4399999999999955","0.5","68.8","206.4","0.022","0","false","0.8588821376227943","1","0.576","2.6499999999999986","0.424","0.5078849721706865","0.45058139534883723","0.4305555555555556","0.41509433962264153","998","1498","0","8.881784197001252E-16","1.865174681370263E-14","true","true","true"
"977","310477","B-bad","true","500","310477","B-bad","500","125","5000","0.8029278364278081","1","43","0.45595679032854053","0.4","40.2","75","0.9552226141564502","0.7972","5.069999999999996","0.494","101.4","304","0.068","0","false","0.8029278364278081","1","0.656","2.1500000000000004","0.344","0.4997491219267436","0.4714003944773176","0.4878048780487805","0.4186046511627907","998","1498","0","8.881784197001252E-16","2.8421709430404007E-14","true","true","true"
"978","310478","B-bad","true","500","310478","B-bad","500","125","5000","0.646116504854369","1","39","0.6494579661837531","0.7","32.4","75","0.9181501150139978","0.8416","3.9599999999999937","0.492","79.2","237.6","0.108","0","false","0.646116504854369","1","0.688","1.950000000000001","0.312","0.49714828897338403","0.46464646464646464","0.45348837209302323","0.46153846153846156","998","1498","0","1.7763568394002505E-15","1.509903313490213E-14","true","true","true"
"979","310479","B-bad","true","500","310479","B-bad","500","125","5000","0.8588821376227943","1","39","0.4719089687143012","0.5","33","75","0.9236186222808082","0.6988","7.530000000000018","0.4958","150.6","451.8","0.094","0","false","0.8588821376227943","1","0.688","1.950000000000001","0.312","0.5011448196908986","0.48339973439575035","0.5116279069767442","0.38461538461538464","998","1498","0","8.881784197001252E-16","1.2079226507921703E-13","true","true","true"
"980","310480","B-bad","true","500","310480","B-bad","500","125","5000","0.7317174011812813","1","63","0.7440026295763114","0.85","25.8","75","0.9734379143263482","0.8926","2.6849999999999974","0.4972","53.7","160.7","0.038","0","false","0.7317174011812813","1","0.496","3.149999999999997","0.504","0.5045933228769885","0.43575418994413406","0.43548387096774194","0.4603174603174603","998","1498","0","1.7763568394002505E-15","7.105427357601002E-15","true","true","true"
"981","310481","B-bad","true","500","310481","B-bad","500","125","5000","0.769239887763884","1","68","0.6359500410172213","0.7","28.5","75","0.9616820613075598","0.8524","3.689999999999995","0.5028","73.8","221.4","0.05","0","false","0.769239887763884","1","0.456","3.399999999999996","0.544","0.5105584232754575","0.45799457994579945","0.49122807017543857","0.45588235294117646","998","1498","0","1.7763568394002505E-15","1.5987211554602254E-14","true","true","true"
"982","310482","B-bad","true","500","310482","B-bad","500","125","5000","0.44999999999999996","0","83","0.5137522486582602","0.6","36.3","75","0.9811754530552707","0.9072","2.319999999999998","0.4932","46.4","139.2","0.02","0","false","0.44999999999999996","0","0.336","4.149999999999993","0.664","0.5008818342151675","0.41810344827586204","0.42857142857142855","0.5060240963855421","998","1498","0","1.7763568394002505E-15","8.881784197001252E-15","true","true","true"
"983","310483","B-bad","true","500","310483","B-bad","500","125","5000","0.9009100727155935","1","27","0.6055273086576488","0.65","34.8","75","0.9664995890403267","0.9076","2.3099999999999987","0.4966","46.2","138.6","0.032","0","false","0.9009100727155935","1","0.784","1.3500000000000005","0.216","0.503085059497576","0.4329004329004329","0.5102040816326531","0.2962962962962963","998","1498","0","8.881784197001252E-16","4.884981308350689E-15","true","true","true"
"984","310484","B-bad","true","500","310484","B-bad","500","125","5000","0.1411178623772057","0","73","0.5151842147810497","0.6","33.3","75","0.8251938918376224","0.8314","4.2149999999999945","0.5044","84.3","252.5","0.118","0.1","false","0.1411178623772057","0","0.416","3.649999999999995","0.584","0.5119076256916045","0.46737841043890865","0.5769230769230769","0.5616438356164384","998","1498","0","4.440892098500626E-15","1.4210854715202004E-14","true","true","true"
"985","310485","B-bad","true","500","310485","B-bad","500","125","5000","0.832766961303352","1","30","0.8146094365973987","1","31.2","75","0.9643536253630662","0.9062","2.3449999999999984","0.4892","46.9","140.3","0.048","0","false","0.832766961303352","1","0.76","1.5000000000000007","0.24","0.4945928051202825","0.43710021321961623","0.5157894736842106","0.36666666666666664","998","1498","0","8.881784197001252E-16","1.1546319456101628E-14","true","true","true"
"986","310486","B-bad","true","500","310486","B-bad","500","125","5000","0.8029278364278081","1","29","0.5382766961303352","0.6","30.9","75","0.9805274823342005","0.8818","2.9549999999999974","0.4852","59.1","177.3","0.03","0","false","0.8029278364278081","1","0.768","1.4500000000000006","0.232","0.4917214787933772","0.4365482233502538","0.5729166666666666","0.3793103448275862","998","1498","0","4.440892098500626E-15","8.881784197001252E-15","true","true","true"
"987","310487","B-bad","true","500","310487","B-bad","500","125","5000","0.9174389747697416","1","24","0.637887215247321","1","32.4","75","0.9358862245914519","0.8526","3.6849999999999965","0.4938","73.7","221.1","0.07","0","false","0.9174389747697416","1","0.808","1.2000000000000004","0.192","0.49917898193760263","0.4626865671641791","0.4158415841584158","0.25","998","1498","0","1.7763568394002505E-15","8.881784197001252E-15","true","true","true"
"988","310488","B-bad","true","500","310488","B-bad","500","125","5000","0.16723303869664796","0","74","0.6713334210886117","0.9","28.8","75","0.9723814590016792","0.8886","2.784999999999997","0.4854","55.7","167.1","0.018","0","false","0.16723303869664796","0","0.408","3.699999999999995","0.592","0.4911096106234526","0.4398563734290844","0.47058823529411764","0.5540540540540541","998","1498","0","8.881784197001252E-16","8.881784197001252E-15","true","true","true"
"989","310489","B-bad","true","500","310489","B-bad","500","125","5000","0.55","1","63","0.51039429562578","0.55","36.3","75","0.9470679336452468","0.747","6.325000000000008","0.5004","126.5","379.1","0.07","0","false","0.55","1","0.496","3.149999999999997","0.504","0.5089692101740294","0.475098814229249","0.5","0.49206349206349204","998","1498","0","1.7763568394002505E-15","1.1723955140041653E-13","true","true","true"
"990","310490","B-bad","true","500","310490","B-bad","500","125","5000","0.8029278364278081","1","51","0.715242274322347","0.9","29.7","75","0.9814731738486951","0.9292","1.7699999999999996","0.4986","35.4","106.2","0.016","0","false","0.8029278364278081","1","0.592","2.549999999999999","0.408","0.5060266896254842","0.4011299435028249","0.581081081081081","0.43137254901960786","998","1498","0","8.881784197001252E-16","3.552713678800501E-15","true","true","true"
"991","310491","B-bad","true","500","310491","B-bad","500","125","5000","0.9431811237123936","1","32","0.711316593096458","0.8","28.2","75","0.9197794561089013","0.8138","4.654999999999991","0.4952","93.1","279.1","0.11","0","false","0.9431811237123936","1","0.744","1.6000000000000008","0.256","0.5008601622020152","0.47046186895810954","0.3870967741935484","0.28125","998","1498","0","2.6645352591003757E-15","1.687538997430238E-14","true","true","true"
"992","310492","B-bad","true","500","310492","B-bad","500","125","5000","0.646116504854369","1","39","0.6643122523384737","0.75","33","75","0.9619310592509043","0.9048","2.379999999999998","0.5028","47.6","142.8","0.05","0","false","0.646116504854369","1","0.688","1.950000000000001","0.312","0.5097259062776304","0.4369747899159664","0.47674418604651164","0.46153846153846156","998","1498","0","1.7763568394002505E-15","1.0658141036401503E-14","true","true","true"
"993","310493","B-bad","true","500","310493","B-bad","500","125","5000","0.55","1","63","0.6031182040599785","0.6","25.2","75","0.9653038543930705","0.879","3.0249999999999964","0.488","60.5","181.5","0.03","0","false","0.55","1","0.496","3.149999999999997","0.504","0.4939704209328783","0.4446280991735537","0.45161290322580644","0.49206349206349204","998","1498","0","1.7763568394002505E-15","1.4210854715202004E-14","true","true","true"
"994","310494","B-bad","true","500","310494","B-bad","500","125","5000","0.646116504854369","1","55","0.6223247541384997","0.75","30.9","75","0.9645836037449877","0.8768","3.0799999999999965","0.4996","61.6","184.6","0.07","0","false","0.646116504854369","1","0.56","2.7499999999999982","0.44","0.5068430656934306","0.44805194805194803","0.5571428571428572","0.4727272727272727","998","1498","0","1.7763568394002505E-15","1.0658141036401503E-14","true","true","true"
"995","310495","B-bad","true","500","310495","B-bad","500","125","5000","0.8029278364278081","1","31","0.6088446965463034","0.7","29.4","75","0.9304708467985439","0.8718","3.204999999999997","0.486","64.1","192.1","0.064","0","false","0.8029278364278081","1","0.752","1.5500000000000007","0.248","0.4904794677678367","0.45553822152886114","0.5212765957446809","0.3870967741935484","998","1498","0","8.881784197001252E-16","1.5987211554602254E-14","true","true","true"
"997","310497","B-bad","true","500","310497","B-bad","500","125","5000","0.6905480615036318","1","42","0.604586410323882","0.75","33.6","75","0.9328984660850121","0.7554","6.115000000000007","0.4922","122.3","366.5","0.07","0","false","0.6905480615036318","1","0.664","2.1000000000000005","0.336","0.49722001588562353","0.4766966475878986","0.42168674698795183","0.4523809523809524","998","1498","0","8.881784197001252E-16","6.572520305780927E-14","true","true","true"
"996","310496","B-bad","true","500","310496","B-bad","500","125","5000","0.8814994686598714","1","50","0.7262117435827886","0.95","23.4","75","0.9717741846385328","0.8948","2.6299999999999963","0.4924","52.6","157.8","0.042","0","false","0.8814994686598714","1","0.6","2.499999999999999","0.4","0.49910594546267323","0.435361216730038","0.5733333333333334","0.4","998","1498","0","1.7763568394002505E-15","1.1546319456101628E-14","true","true","true"
"998","310498","B-bad","true","500","310498","B-bad","500","125","5000","0.9009100727155935","1","35","0.39540020589464775","0.3","30.6","75","0.9659719498520889","0.8392","4.019999999999994","0.4882","80.4","241.2","0.052","0","false","0.9009100727155935","1","0.72","1.7500000000000009","0.28","0.4940419447092469","0.4577114427860697","0.4888888888888889","0.34285714285714286","998","1498","0","2.6645352591003757E-15","1.5987211554602254E-14","true","true","true"
"999","310499","B-bad","true","500","310499","B-bad","500","125","5000","0.832766961303352","1","36","0.7624936027394575","1","26.7","75","0.9456622708473963","0.9032","2.4199999999999977","0.5004","48.4","145.2","0.052","0","false","0.832766961303352","1","0.712","1.800000000000001","0.288","0.5077502214348981","0.4318181818181818","0.5280898876404494","0.3888888888888889","998","1498","0","4.440892098500626E-15","9.769962616701378E-15","true","true","true"
"1000","310500","B-bad","true","500","310500","B-bad","500","125","5000","0.8814994686598714","1","36","0.7643881302908815","0.9","27.9","75","0.9686579697635652","0.935","1.6250000000000004","0.4986","32.5","97.3","0.032","0","false","0.8814994686598714","1","0.712","1.800000000000001","0.288","0.5050267379679144","0.40615384615384614","0.5955056179775281","0.3611111111111111","998","1498","0","8.881784197001252E-16","1.5543122344752192E-15","true","true","true"
