"BehaviorSpace results (NetLogo 7.0.3)","Table version 2.0"
"C:\Users\user\AppData\Local\Temp\deference_bandit_exp0\experiment_0_bandit_base.nlogox"
"experiment-0-bandit-peer-check"
"08/01/2026 09:06:19:347 +0200"
"min-pxcor","max-pxcor","min-pycor","max-pycor"
"-16","16","-16","16"
"[run number]","run-seed","world-mode","peer-sharing?","[step]","actual-seed","hidden-world","ticks","expert-total-pulls","total-lay-pulls","expert-truth-mass-at-25","expert-recommendation-score-at-25","expert-informative-observations-at-25","mean-lay-truth-mass-at-25","mean-lay-recommendation-score-at-25","mean-lay-informative-observations-at-25","mean-lay-archive-size-at-25","mean-lay-posterior-truth-mass","cumulative-lay-correct-choice-rate","mean-lay-cumulative-regret","mean-lay-realized-payoff","mean-lay-b-pulls","mean-lay-informative-observations","final-window-wrong-choice-rate","finite-horizon-error-persistence-rate","run-finite-horizon-persistent-error?","expert-posterior-truth-mass","expert-recommendation-accuracy","expert-thompson-correct-rate","expert-cumulative-regret","expert-b-pull-rate","lay-a-reward-rate","lay-b-reward-rate","expert-a-reward-rate","expert-b-reward-rate","mean-peer-messages-received","mean-unique-evidence-count","duplicate-message-count","maximum-belief-identity-error","maximum-regret-identity-error","network-structure-valid?","message-accounting-valid?","evidence-provenance-valid?"
"4","310004","B-good","true","500","310004","B-good","500","125","5000","0.9934177025814358","1","113","0.5437501068052406","0.55","43.2","75","0.9999999998645628","0.9486","1.2850000000000008","0.547","474.3","1420.9","0","0","false","0.9934177025814358","1","0.904","0.6000000000000005","0.904","0.44357976653696496","0.5526038372338182","0.6666666666666666","0.6106194690265486","998","1498","0","9.947598300641403E-14","1.3322676295501878E-15","true","true","true"
"2","310002","B-good","true","500","310002","B-good","500","125","5000","0.9612361174447144","1","78","0.9211563292584991","1","54.3","75","0.9999999953293808","0.9082","2.294999999999998","0.544","454.1","1360.3","0","0","false","0.9612361174447144","1","0.624","2.3500000000000005","0.624","0.49019607843137253","0.5494384496806871","0.574468085106383","0.6025641025641025","998","1498","0","8.526512829121202E-14","2.5757174171303632E-14","true","true","true"
"3","310003","B-good","true","500","310003","B-good","500","125","5000","0.9783898101507787","1","97","0.5825660810712302","0.5","34.5","75","0.9999962071720068","0.8702","3.244999999999996","0.5404","435.1","1303.3","0","0","false","0.9783898101507787","1","0.776","1.4000000000000012","0.776","0.4915254237288136","0.5476901861641003","0.4642857142857143","0.5979381443298969","998","1498","0","7.105427357601002E-14","2.6645352591003757E-14","true","true","true"
"1","310001","B-good","true","500","310001","B-good","500","125","5000","0.8814994686598715","1","62","0.6476607262459142","0.75","45.6","75","0.9999992043505692","0.9144","2.140000000000001","0.5384","457.2","1369.6","0","0","false","0.8814994686598715","1","0.496","3.1499999999999977","0.496","0.5163551401869159","0.5404636920384952","0.5079365079365079","0.5806451612903226","998","1498","0","6.039613253960852E-14","1.0658141036401503E-14","true","true","true"
"5","310005","B-good","true","500","310005","B-good","500","125","5000","0.9680589764391282","1","107","0.5764553474133962","0.6","34.8","75","0.9999999998945583","0.9354","1.614999999999999","0.5576","467.7","1401.1","0","0","false","0.9680589764391282","1","0.856","0.9000000000000008","0.856","0.4582043343653251","0.5644644002565747","0.4444444444444444","0.5794392523364486","998","1498","0","1.2079226507921703E-13","2.042810365310288E-14","true","true","true"
"6","310006","B-good","true","500","310006","B-good","500","125","5000","0.7317174011812813","1","91","0.6371513635952938","0.85","40.2","75","0.999999999996418","0.9658","0.8550000000000006","0.5506","482.9","1446.7","0","0","false","0.7317174011812813","1","0.728","1.7000000000000015","0.728","0.4502923976608187","0.5541519983433423","0.5","0.5274725274725275","998","1498","0","8.526512829121202E-14","0","true","true","true"
"8","310008","B-good","true","500","310008","B-good","500","125","5000","0.6905480615036318","1","84","0.6351245486146222","0.8","34.5","75","0.9999999998332886","0.9502","1.245000000000001","0.5478","475.1","1423.3","0","0","false","0.6905480615036318","1","0.672","2.0500000000000016","0.672","0.5060240963855421","0.5499894758998106","0.5609756097560976","0.5238095238095238","998","1498","0","8.526512829121202E-14","8.881784197001252E-16","true","true","true"
"7","310007","B-good","true","500","310007","B-good","500","125","5000","0.4009900990099009","0","74","0.7496356756409674","1","45.9","75","0.9999999999996293","0.9446","1.3849999999999993","0.5554","472.3","1414.9","0","0","false","0.4009900990099009","0","0.592","2.55","0.592","0.4729241877256318","0.5602371374126615","0.49019607843137253","0.4864864864864865","998","1498","0","9.947598300641403E-14","8.881784197001252E-15","true","true","true"
"9","310009","B-good","true","500","310009","B-good","500","125","5000","0.2682825988187187","0","45","0.6970122813970782","0.75","47.1","75","0.9999999999990903","0.9496","1.2599999999999998","0.5498","474.8","1422.4","0","0","false","0.2682825988187187","0","0.36","3.9999999999999947","0.36","0.4642857142857143","0.5543386689132266","0.4875","0.4444444444444444","998","1498","0","8.526512829121202E-14","1.0658141036401503E-14","true","true","true"
"10","310010","B-good","true","500","310010","B-good","500","125","5000","0.5","0.5","68","0.788096178446692","0.9","48.3","75","0.9999999999976039","0.9716","0.7100000000000004","0.5536","485.8","1455.4","0","0","false","0.5","0.5","0.544","2.8499999999999988","0.544","0.49295774647887325","0.5553725813091808","0.45614035087719296","0.5","998","1498","0","9.947598300641403E-14","3.552713678800501E-15","true","true","true"
"11","310011","B-good","true","500","310011","B-good","500","125","5000","0.8588821376227943","1","71","0.6436016818261211","0.6","43.8","75","0.999999999999998","0.962","0.9500000000000011","0.5594","481","1441","0","0","false","0.8588821376227943","1","0.568","2.6999999999999993","0.568","0.4842105263157895","0.5623700623700624","0.42592592592592593","0.5633802816901409","998","1498","0","9.237055564881302E-14","3.1086244689504383E-15","true","true","true"
"12","310012","B-good","true","500","310012","B-good","500","125","5000","0.2682825988187187","0","39","0.809555289752498","1","39.9","75","0.9999999320224633","0.944","1.4","0.5434","472","1414","0","0","false","0.2682825988187187","0","0.312","4.299999999999994","0.312","0.5071428571428571","0.5455508474576272","0.4186046511627907","0.4358974358974359","998","1498","0","8.526512829121202E-14","1.2434497875801753E-14","true","true","true"
"13","310013","B-good","true","500","310013","B-good","500","125","5000","0.9009100727155935","1","81","0.5955938894413964","0.7","39.3","75","0.9999999999721197","0.9528","1.180000000000001","0.5518","476.4","1427.2","0","0","false","0.9009100727155935","1","0.648","2.200000000000001","0.648","0.5084745762711864","0.5539462636439967","0.5","0.5679012345679012","998","1498","0","8.526512829121202E-14","8.881784197001252E-16","true","true","true"
"14","310014","B-good","true","500","310014","B-good","500","125","5000","0.9880470865159074","1","106","0.4535489957914298","0.45","37.2","75","0.9999993438782224","0.8426","3.935000000000001","0.5396","421.3","1261.9","0","0","false","0.9880470865159074","1","0.848","0.9500000000000008","0.848","0.5031766200762389","0.5464039876572514","0.631578947368421","0.6037735849056604","998","1498","0","9.947598300641403E-14","3.019806626980426E-14","true","true","true"
"15","310015","B-good","true","500","310015","B-good","500","125","5000","0.9880470865159074","1","108","0.9127787464356849","1","51.9","75","0.9999999999992595","0.9766","0.5850000000000005","0.5576","488.3","1462.9","0","0","false","0.9880470865159074","1","0.864","0.8500000000000008","0.864","0.5811965811965812","0.557034609870981","0.47058823529411764","0.6018518518518519","998","1498","0","1.0658141036401503E-13","0","true","true","true"
"16","310016","B-good","true","500","310016","B-good","500","125","5000","0.9431811237123936","1","86","0.5542626367468589","0.6","40.2","75","0.9999999203064694","0.9482","1.2950000000000004","0.5524","474.1","1420.3","0","0","false","0.9431811237123936","1","0.688","1.9500000000000017","0.688","0.5096525096525096","0.5547352879139422","0.6410256410256411","0.5813953488372093","998","1498","0","9.947598300641403E-14","5.329070518200751E-15","true","true","true"
"18","310018","B-good","true","500","310018","B-good","500","125","5000","0.832766961303352","1","84","0.7094890458750699","0.8","43.8","75","0.999999999212613","0.9116","2.210000000000003","0.5526","455.8","1365.4","0","0","false","0.832766961303352","1","0.672","2.0500000000000016","0.672","0.48642533936651583","0.5590171127687582","0.4634146341463415","0.5476190476190477","998","1498","0","9.237055564881302E-14","1.5987211554602254E-14","true","true","true"
"17","310017","B-good","true","500","310017","B-good","500","125","5000","0.3094519384963682","0","30","0.5789978260630059","0.7","55.2","75","0.9999999999676437","0.9698","0.7550000000000007","0.5522","484.9","1452.7","0","0","false","0.3094519384963682","0","0.24","4.749999999999992","0.24","0.5231788079470199","0.5531037327283976","0.5052631578947369","0.43333333333333335","998","1498","0","8.526512829121202E-14","1.2434497875801753E-14","true","true","true"
"19","310019","B-good","true","500","310019","B-good","500","125","5000","0.9783898101507787","1","113","0.8229594829755053","1","53.1","75","0.9999999999997119","0.974","0.6500000000000005","0.5542","487","1459","0","0","false","0.9783898101507787","1","0.904","0.6000000000000005","0.904","0.5538461538461539","0.5542094455852156","0.75","0.584070796460177","998","1498","0","8.526512829121202E-14","0","true","true","true"
"20","310020","B-good","true","500","310020","B-good","500","125","5000","0.23076011223611606","0","32","0.6680925134895686","0.75","49.5","75","0.9999999956999494","0.9392","1.5200000000000007","0.5444","469.6","1406.8","0","0","false","0.23076011223611606","0","0.256","4.649999999999992","0.256","0.5361842105263158","0.544931856899489","0.5161290322580645","0.40625","998","1498","0","7.815970093361102E-14","1.1546319456101628E-14","true","true","true"
"21","310021","B-good","true","500","310021","B-good","500","125","5000","0.11850053134012864","0","30","0.8604637691452529","1","48","75","0.9999999999999953","0.977","0.5750000000000005","0.556","488.5","1463.5","0","0","false","0.11850053134012864","0","0.24","4.749999999999992","0.24","0.4782608695652174","0.5578300921187308","0.4842105263157895","0.3333333333333333","998","1498","0","8.526512829121202E-14","1.2434497875801753E-14","true","true","true"
"22","310022","B-good","true","500","310022","B-good","500","125","5000","0.9946080309222399","1","116","0.621934624128902","0.6","41.4","75","0.9999999564665559","0.9144","2.1399999999999997","0.5464","457.2","1369.6","0","0","false","0.9946080309222399","1","0.928","0.4500000000000004","0.928","0.49065420560747663","0.5516185476815398","0.3333333333333333","0.6120689655172413","998","1498","0","7.105427357601002E-14","1.0658141036401503E-14","true","true","true"
"23","310023","B-good","true","500","310023","B-good","500","125","5000","0.353883495145631","0","87","0.6148533740364713","0.55","40.2","75","0.9999996339822618","0.9174","2.064999999999999","0.5404","458.7","1374.1","0","0","false","0.353883495145631","0","0.696","1.9000000000000017","0.696","0.5351089588377724","0.540876389797253","0.5","0.4827586206896552","998","1498","0","6.394884621840902E-14","1.865174681370263E-14","true","true","true"
"24","310024","B-good","true","500","310024","B-good","500","125","5000","0.9680589764391282","1","85","0.7108892911004168","0.8","46.8","75","0.9999999999981183","0.9636","0.9100000000000004","0.553","481.8","1443.4","0","0","false","0.9680589764391282","1","0.68","2.0000000000000018","0.68","0.5164835164835165","0.5543794105437941","0.55","0.6","998","1498","0","9.237055564881302E-14","4.440892098500626E-15","true","true","true"
"26","310026","B-good","true","500","310026","B-good","500","125","5000","0.9991100672591223","1","99","0.5470247698972699","0.55","39.6","75","0.999999408058831","0.9346","1.635000000000001","0.5478","467.3","1399.9","0","0","false","0.9991100672591223","1","0.792","1.3000000000000012","0.792","0.5382262996941896","0.5484699336614595","0.5","0.6767676767676768","998","1498","0","8.526512829121202E-14","3.552713678800501E-15","true","true","true"
"25","310025","B-good","true","500","310025","B-good","500","125","5000","0.9980162717648575","1","103","0.6663278059172436","0.7","48.3","75","0.999995556605158","0.909","2.275000000000003","0.545","454.5","1361.5","0","0","false","0.9980162717648575","1","0.824","1.100000000000001","0.824","0.5142857142857142","0.5480748074807481","0.4090909090909091","0.6504854368932039","998","1498","0","8.526512829121202E-14","2.8421709430404007E-14","true","true","true"
"27","310027","B-good","true","500","310027","B-good","500","125","5000","0.3094519384963682","0","40","0.7457513228198622","0.8","48.9","75","0.9999999999999687","0.9568","1.0800000000000003","0.5562","478.4","1433.2","0","0","false","0.3094519384963682","0","0.32","4.249999999999994","0.32","0.47685185185185186","0.5597826086956522","0.43529411764705883","0.45","998","1498","0","8.526512829121202E-14","9.769962616701378E-15","true","true","true"
"28","310028","B-good","true","500","310028","B-good","500","125","5000","0.5","0.5","80","0.51868429861926","0.5","37.8","75","0.9999999997256198","0.9006","2.484999999999997","0.5404","450.3","1348.9","0","0","false","0.5","0.5","0.64","2.250000000000001","0.64","0.49295774647887325","0.5456362425049966","0.5333333333333333","0.5","998","1498","0","6.394884621840902E-14","2.042810365310288E-14","true","true","true"
"29","310029","B-good","true","500","310029","B-good","500","125","5000","0.832766961303352","1","90","0.5722191484637869","0.65","47.1","75","0.999999999999692","0.954","1.1500000000000008","0.5506","477","1429","0","0","false","0.832766961303352","1","0.72","1.7500000000000016","0.72","0.4652173913043478","0.5547169811320755","0.6857142857142857","0.5444444444444444","998","1498","0","7.815970093361102E-14","8.881784197001252E-16","true","true","true"
"30","310030","B-good","true","500","310030","B-good","500","125","5000","0.44999999999999996","0","49","0.733910265372773","0.75","46.8","75","0.9999999999990388","0.9514","1.2150000000000005","0.555","475.7","1425.1","0","0","false","0.44999999999999996","0","0.392","3.7999999999999954","0.392","0.51440329218107","0.5570737859995796","0.40789473684210525","0.4897959183673469","998","1498","0","9.947598300641403E-14","7.993605777301127E-15","true","true","true"
"31","310031","B-good","true","500","310031","B-good","500","125","5000","0.55","1","37","0.5495271345559108","0.5","36.6","75","0.9999997752160207","0.849","3.774999999999995","0.536","424.5","1271.5","0","0","false","0.55","1","0.296","4.399999999999993","0.296","0.495364238410596","0.5432273262661955","0.5113636363636364","0.5135135135135135","998","1498","0","6.394884621840902E-14","2.398081733190338E-14","true","true","true"
"32","310032","B-good","true","500","310032","B-good","500","125","5000","0.9934177025814358","1","111","0.5822730366974674","0.6","35.4","75","0.9999978862227421","0.8446","3.8850000000000007","0.5406","422.3","1264.9","0","0","false","0.9934177025814358","1","0.888","0.7000000000000006","0.888","0.4877734877734878","0.5503196779540611","0.5","0.6126126126126126","998","1498","0","9.237055564881302E-14","1.9539925233402755E-14","true","true","true"
"33","310033","B-good","true","500","310033","B-good","500","125","5000","0.9530265597482369","1","101","0.8782274260942549","1","52.2","75","0.9999999999999283","0.983","0.4250000000000004","0.5572","491.5","1472.5","0","0","false","0.9530265597482369","1","0.808","1.200000000000001","0.808","0.3764705882352941","0.5603255340793489","0.7083333333333334","0.5742574257425742","998","1498","0","9.237055564881302E-14","0","true","true","true"
"34","310034","B-good","true","500","310034","B-good","500","125","5000","0.9783898101507787","1","111","0.8716493137866449","0.9","54.6","75","0.9999999973743197","0.9734","0.6650000000000003","0.5486","486.7","1458.1","0","0","false","0.9783898101507787","1","0.888","0.7000000000000006","0.888","0.5864661654135338","0.547565235257859","0.5","0.5855855855855856","998","1498","0","7.815970093361102E-14","3.552713678800501E-15","true","true","true"
"35","310035","B-good","true","500","310035","B-good","500","125","5000","0.832766961303352","1","78","0.3646350663329553","0.1","34.8","75","0.9999999999862064","0.943","1.425000000000001","0.5496","471.5","1412.5","0","0","false","0.832766961303352","1","0.624","2.3500000000000005","0.624","0.48771929824561405","0.5533404029692471","0.44680851063829785","0.5512820512820513","998","1498","0","8.526512829121202E-14","5.329070518200751E-15","true","true","true"
"36","310036","B-good","true","500","310036","B-good","500","125","5000","0.353883495145631","0","37","0.7593574969882224","0.75","46.8","75","0.9999999999844009","0.9456","1.36","0.5458","472.8","1416.4","0","0","false","0.353883495145631","0","0.296","4.399999999999993","0.296","0.48161764705882354","0.549492385786802","0.5227272727272727","0.4594594594594595","998","1498","0","7.105427357601002E-14","1.0658141036401503E-14","true","true","true"
"37","310037","B-good","true","500","310037","B-good","500","125","5000","0.5","0.5","56","0.39902583119252616","0.35","30.6","75","0.9999999999991582","0.922","1.9500000000000004","0.5568","461","1381","0","0","false","0.5","0.5","0.448","3.4499999999999966","0.448","0.5076923076923077","0.5609544468546638","0.5652173913043478","0.5","998","1498","0","9.237055564881302E-14","6.661338147750939E-15","true","true","true"
"38","310038","B-good","true","500","310038","B-good","500","125","5000","0.8029278364278081","1","53","0.7352270607451844","0.8","48.3","75","0.999999999978446","0.9614","0.9650000000000007","0.5442","480.7","1440.1","0","0","false","0.8029278364278081","1","0.424","3.599999999999996","0.424","0.5077720207253886","0.5456625754108592","0.4444444444444444","0.5660377358490566","998","1498","0","7.105427357601002E-14","7.105427357601002E-15","true","true","true"
"39","310039","B-good","true","500","310039","B-good","500","125","5000","0.9174389747697416","1","84","0.7214169893620075","0.8","46.5","75","0.999999999999822","0.9626","0.9350000000000008","0.558","481.3","1441.9","0","0","false","0.9174389747697416","1","0.672","2.0500000000000016","0.672","0.5080213903743316","0.5599418242260544","0.5121951219512195","0.5714285714285714","998","1498","0","9.237055564881302E-14","0","true","true","true"
"40","310040","B-good","true","500","310040","B-good","500","125","5000","0.06857938137677946","0","37","0.782742552146112","0.9","45.9","75","0.9999999993438813","0.9682","0.7950000000000006","0.5502","484.1","1450.3","0","0","false","0.06857938137677946","0","0.296","4.399999999999993","0.296","0.5345911949685535","0.5507126626730015","0.45454545454545453","0.32432432432432434","998","1498","0","8.526512829121202E-14","1.0658141036401503E-14","true","true","true"
"41","310041","B-good","true","500","310041","B-good","500","125","5000","0.6905480615036318","1","82","0.6137861193387926","0.7","35.7","75","0.9999999999186656","0.931","1.7249999999999992","0.5436","465.5","1394.5","0","0","false","0.6905480615036318","1","0.656","2.1500000000000012","0.656","0.4927536231884058","0.5473684210526316","0.4186046511627907","0.524390243902439","998","1498","0","6.039613253960852E-14","2.220446049250313E-14","true","true","true"
"42","310042","B-good","true","500","310042","B-good","500","125","5000","0.6905480615036318","1","70","0.7204483722586402","0.95","43.2","75","0.9999999911561985","0.9658","0.8550000000000008","0.5404","482.9","1446.7","0","0","false","0.6905480615036318","1","0.56","2.749999999999999","0.56","0.43859649122807015","0.5440049699730793","0.5636363636363636","0.5285714285714286","998","1498","0","7.105427357601002E-14","3.552713678800501E-15","true","true","true"
"43","310043","B-good","true","500","310043","B-good","500","125","5000","0.9737137791228572","1","116","0.8269453377194255","1","45.9","75","0.9999999999938097","0.9572","1.0700000000000007","0.55","478.6","1433.8","0","0","false","0.9737137791228572","1","0.928","0.4500000000000004","0.928","0.5","0.5522356874216464","0.4444444444444444","0.5775862068965517","998","1498","0","8.526512829121202E-14","0","true","true","true"
"44","310044","B-good","true","500","310044","B-good","500","125","5000","0.3094519384963682","0","36","0.7647252684753104","1","48.6","75","0.9999999999910832","0.9746","0.6350000000000006","0.549","487.3","1459.9","0","0","false","0.3094519384963682","0","0.288","4.449999999999993","0.288","0.4330708661417323","0.5520213420890622","0.4157303370786517","0.4444444444444444","998","1498","0","8.526512829121202E-14","1.0658141036401503E-14","true","true","true"
"45","310045","B-good","true","500","310045","B-good","500","125","5000","0.9314206186232206","1","71","0.4876876617090485","0.5","35.1","75","0.9999999341227956","0.9424","1.4400000000000006","0.551","471.2","1411.6","0","0","false","0.9314206186232206","1","0.568","2.6999999999999993","0.568","0.5","0.5541171477079796","0.5370370370370371","0.5915492957746479","998","1498","0","9.237055564881302E-14","5.329070518200751E-15","true","true","true"
"46","310046","B-good","true","500","310046","B-good","500","125","5000","0.9737137791228572","1","82","0.5831850433314638","0.8","43.2","75","0.9999999999521167","0.847","3.824999999999995","0.5534","423.5","1268.5","0","0","false","0.9737137791228572","1","0.656","2.1500000000000012","0.656","0.5032679738562091","0.5624557260920897","0.3953488372093023","0.6097560975609756","998","1498","0","1.0658141036401503E-13","1.9539925233402755E-14","true","true","true"
"47","310047","B-good","true","500","310047","B-good","500","125","5000","0.9854295854981023","1","111","0.7226561900899038","0.8","40.2","75","0.9999999980355456","0.9234","1.9149999999999985","0.547","461.7","1383.1","0","0","false","0.9854295854981023","1","0.888","0.7000000000000006","0.888","0.48825065274151436","0.5518735109378384","0.35714285714285715","0.5945945945945946","998","1498","0","9.947598300641403E-14","1.1546319456101628E-14","true","true","true"
"48","310048","B-good","true","500","310048","B-good","500","125","5000","0.353883495145631","0","31","0.6158572918751687","0.6","38.7","75","0.9999980218797715","0.8854","2.864999999999996","0.5392","442.7","1326.1","0.002","0","false","0.353883495145631","0","0.248","4.699999999999992","0.248","0.4851657940663176","0.5461938107070251","0.46808510638297873","0.45161290322580644","998","1498","0","6.394884621840902E-14","1.5987211554602254E-14","true","true","true"
"49","310049","B-good","true","500","310049","B-good","500","125","5000","0.5990099009900991","1","64","0.4845052834823281","0.4","32.7","75","0.9999992655999129","0.8856","2.8599999999999968","0.5512","442.8","1326.4","0","0","false","0.5990099009900991","1","0.512","3.049999999999998","0.512","0.5314685314685315","0.5537488708220416","0.39344262295081966","0.515625","998","1498","0","7.815970093361102E-14","2.220446049250313E-14","true","true","true"
"50","310050","B-good","true","500","310050","B-good","500","125","5000","0.55","1","69","0.6380107654224705","0.8","43.8","75","0.9999999257966445","0.9156","2.11","0.5426","457.8","1371.4","0","0","false","0.55","1","0.552","2.799999999999999","0.552","0.5308056872037915","0.5436871996505024","0.48214285714285715","0.5072463768115942","998","1498","0","8.526512829121202E-14","1.7763568394002505E-14","true","true","true"
"51","310051","B-good","true","500","310051","B-good","500","125","5000","0.9994040845868052","1","109","0.7116937794143452","0.8","47.1","75","0.9999999992056072","0.9548","1.1300000000000008","0.5468","477.4","1430.2","0","0","false","0.9994040845868052","1","0.872","0.8000000000000007","0.872","0.504424778761062","0.5488060326770005","0.375","0.6697247706422018","998","1498","0","6.394884621840902E-14","1.7763568394002505E-15","true","true","true"
"52","310052","B-good","true","500","310052","B-good","500","125","5000","0.4009900990099009","0","44","0.64906310482629","0.8","40.8","75","0.9998939494244992","0.8044","4.890000000000019","0.5424","402.2","1204.6","0","0","false","0.4009900990099009","0","0.352","4.0499999999999945","0.352","0.5071574642126789","0.5509696668324217","0.49382716049382713","0.4772727272727273","998","1498","0","9.237055564881302E-14","9.947598300641403E-14","true","true","true"
"53","310053","B-good","true","500","310053","B-good","500","125","5000","0.3094519384963682","0","40","0.8351910575557483","0.8","54.9","75","0.9999999993899445","0.9662","0.8450000000000001","0.5452","483.1","1447.3","0","0","false","0.3094519384963682","0","0.32","4.249999999999994","0.32","0.5325443786982249","0.5456427240736907","0.5411764705882353","0.45","998","1498","0","7.105427357601002E-14","9.769962616701378E-15","true","true","true"
"54","310054","B-good","true","500","310054","B-good","500","125","5000","0.9955840597339484","1","103","0.4761088251975732","0.4","39.6","75","0.999999979751343","0.901","2.474999999999999","0.5402","450.5","1349.5","0","0","false","0.9955840597339484","1","0.824","1.100000000000001","0.824","0.49292929292929294","0.5453940066592675","0.5454545454545454","0.6310679611650486","998","1498","0","6.394884621840902E-14","1.2434497875801753E-14","true","true","true"
"55","310055","B-good","true","500","310055","B-good","500","125","5000","0.646116504854369","1","59","0.9100650852345538","1","55.2","75","0.9999999999981523","0.9824","0.4400000000000005","0.5496","491.2","1471.6","0","0","false","0.646116504854369","1","0.472","3.299999999999997","0.472","0.48863636363636365","0.5506921824104235","0.4393939393939394","0.5254237288135594","998","1498","0","7.815970093361102E-14","5.773159728050814E-15","true","true","true"
"56","310056","B-good","true","500","310056","B-good","500","125","5000","0.8588821376227943","1","75","0.7443885996941064","0.85","47.4","75","0.9999999999827205","0.9548","1.130000000000001","0.5472","477.4","1430.2","0","0","false","0.8588821376227943","1","0.6","2.5","0.6","0.47345132743362833","0.5506912442396313","0.44","0.56","998","1498","0","7.815970093361102E-14","2.220446049250313E-15","true","true","true"
"57","310057","B-good","true","500","310057","B-good","500","125","5000","0.167233038696648","0","46","0.8252051063135646","0.95","55.8","75","0.999999999999089","0.9746","0.6350000000000006","0.5582","487.3","1459.9","0","0","false","0.167233038696648","0","0.368","3.949999999999995","0.368","0.5984251968503937","0.5571516519597783","0.6075949367088608","0.41304347826086957","998","1498","0","9.237055564881302E-14","8.881784197001252E-15","true","true","true"
"58","310058","B-good","true","500","310058","B-good","500","125","5000","0.2682825988187187","0","75","0.6550140633870465","0.6","45","75","0.9999998171995415","0.9122","2.194999999999999","0.5436","456.1","1366.3","0","0","false","0.2682825988187187","0","0.6","2.5","0.6","0.5261958997722096","0.5452751589563692","0.62","0.4666666666666667","998","1498","0","9.237055564881302E-14","1.2434497875801753E-14","true","true","true"
"59","310059","B-good","true","500","310059","B-good","500","125","5000","0.4009900990099009","0","38","0.37855086580700165","0.2","33.9","75","0.9999999960544305","0.8466","3.834999999999995","0.5424","423.3","1267.9","0","0","false","0.4009900990099009","0","0.304","4.349999999999993","0.304","0.49022164276401564","0.5518544767304512","0.4367816091954023","0.47368421052631576","998","1498","0","6.394884621840902E-14","1.3322676295501878E-14","true","true","true"
"60","310060","B-good","true","500","310060","B-good","500","125","5000","0.44999999999999996","0","59","0.7287746200045254","1","45.6","75","0.9999999804552797","0.9154","2.1149999999999984","0.5494","457.7","1371.1","0","0","false","0.44999999999999996","0","0.472","3.299999999999997","0.472","0.5035460992907801","0.553637753987328","0.5303030303030303","0.4915254237288136","998","1498","0","8.526512829121202E-14","1.5987211554602254E-14","true","true","true"
"61","310061","B-good","true","500","310061","B-good","500","125","5000","0.8814994686598715","1","94","0.6479563324040257","0.65","44.7","75","0.9999999640953879","0.892","2.699999999999997","0.5428","446","1336","0","0","false","0.8814994686598715","1","0.752","1.5500000000000014","0.752","0.49444444444444446","0.5486547085201794","0.5161290322580645","0.5531914893617021","998","1498","0","7.815970093361102E-14","1.7763568394002505E-14","true","true","true"
"62","310062","B-good","true","500","310062","B-good","500","125","5000","0.9530265597482369","1","101","0.5062947802661186","0.5","34.2","75","0.9999999999818133","0.912","2.1999999999999997","0.549","456","1366","0","0","false","0.9530265597482369","1","0.808","1.200000000000001","0.808","0.49772727272727274","0.5539473684210526","0.7083333333333334","0.5742574257425742","998","1498","0","7.815970093361102E-14","1.4210854715202004E-14","true","true","true"
"63","310063","B-good","true","500","310063","B-good","500","125","5000","0.9174389747697416","1","90","0.7825135361502676","1","42.6","75","0.999998918814506","0.971","0.7250000000000006","0.54","485.5","1454.5","0","0","false","0.9174389747697416","1","0.72","1.7500000000000016","0.72","0.46206896551724136","0.5423274974253347","0.5142857142857142","0.5666666666666667","998","1498","0","8.526512829121202E-14","0","true","true","true"
"64","310064","B-good","true","500","310064","B-good","500","125","5000","0.353883495145631","0","71","0.5499911468280008","0.55","31.5","75","0.9999999997470177","0.92","1.9999999999999987","0.5516","460","1378","0","0","false","0.353883495145631","0","0.568","2.6999999999999993","0.568","0.4925","0.5567391304347826","0.5555555555555556","0.4788732394366197","998","1498","0","7.815970093361102E-14","1.4210854715202004E-14","true","true","true"
"65","310065","B-good","true","500","310065","B-good","500","125","5000","0.8814994686598715","1","84","0.5588417973793528","0.6","42.6","75","0.9999999998132727","0.9418","1.455","0.5434","470.9","1410.7","0","0","false","0.8814994686598715","1","0.672","2.0500000000000016","0.672","0.4879725085910653","0.5468252282862603","0.43902439024390244","0.5595238095238095","998","1498","0","6.394884621840902E-14","8.881784197001252E-15","true","true","true"
"66","310066","B-good","true","500","310066","B-good","500","125","5000","0.8029278364278081","1","79","0.490778110020028","0.55","34.5","75","0.9999999999998759","0.9358","1.6050000000000015","0.56","467.9","1401.7","0","0","false","0.8029278364278081","1","0.632","2.3000000000000007","0.632","0.5420560747663551","0.561231032271853","0.5652173913043478","0.5443037974683544","998","1498","0","9.237055564881302E-14","1.3322676295501878E-15","true","true","true"
"67","310067","B-good","true","500","310067","B-good","500","125","5000","0.167233038696648","0","46","0.5915024352312608","0.6","43.8","75","0.9999999977861623","0.9464","1.34","0.5454","473.2","1417.6","0","0","false","0.167233038696648","0","0.368","3.949999999999995","0.368","0.5","0.547971259509721","0.43037974683544306","0.41304347826086957","998","1498","0","8.526512829121202E-14","8.881784197001252E-15","true","true","true"
"68","310068","B-good","true","500","310068","B-good","500","125","5000","0.9680589764391282","1","99","0.5025202394602827","0.45","36.9","75","0.9999999926551741","0.955","1.125000000000001","0.5466","477.5","1430.5","0","0","false","0.9680589764391282","1","0.792","1.3000000000000012","0.792","0.5066666666666667","0.5484816753926701","0.6538461538461539","0.5858585858585859","998","1498","0","7.815970093361102E-14","1.7763568394002505E-15","true","true","true"
"69","310069","B-good","true","500","310069","B-good","500","125","5000","0.5990099009900991","1","64","0.38267257710694774","0.4","30.9","75","0.9999998016365289","0.8676","3.3099999999999965","0.532","433.8","1299.4","0","0","false","0.5990099009900991","1","0.512","3.049999999999998","0.512","0.47583081570996977","0.5405716920239741","0.4262295081967213","0.515625","998","1498","0","5.6843418860808015E-14","1.509903313490213E-14","true","true","true"
"70","310070","B-good","true","500","310070","B-good","500","125","5000","0.9955840597339484","1","107","0.7510154472581223","0.8","45.3","75","0.9999999999991092","0.9578","1.0550000000000002","0.5454","478.9","1434.7","0","0","false","0.9955840597339484","1","0.856","0.9000000000000008","0.856","0.4312796208530806","0.550428064314053","0.3333333333333333","0.6261682242990654","998","1498","0","7.105427357601002E-14","7.993605777301127E-15","true","true","true"
"71","310071","B-good","true","500","310071","B-good","500","125","5000","0.167233038696648","0","46","0.7742646543913987","0.9","49.5","75","0.9999998018685845","0.9268","1.8299999999999976","0.54","463.4","1388.2","0","0","false","0.167233038696648","0","0.368","3.949999999999995","0.368","0.505464480874317","0.5427276650841606","0.5316455696202531","0.41304347826086957","998","1498","0","7.105427357601002E-14","2.5757174171303632E-14","true","true","true"
"72","310072","B-good","true","500","310072","B-good","500","125","5000","0.7692398877638839","1","70","0.818550240106449","1","46.8","75","0.9999999997760606","0.9544","1.1400000000000003","0.5494","477.2","1429.6","0","0","false","0.7692398877638839","1","0.56","2.749999999999999","0.56","0.5","0.5517602682313495","0.45454545454545453","0.5428571428571428","998","1498","0","9.237055564881302E-14","3.552713678800501E-15","true","true","true"
"73","310073","B-good","true","500","310073","B-good","500","125","5000","0.9991100672591223","1","117","0.4415905034823779","0.5","36.3","75","0.9999945690545367","0.8146","4.635000000000007","0.543","407.3","1219.9","0","0","false","0.9991100672591223","1","0.936","0.40000000000000036","0.936","0.540453074433657","0.5435796710041738","0.625","0.6495726495726496","998","1498","0","5.3290705182007514E-14","7.283063041541027E-14","true","true","true"
"74","310074","B-good","true","500","310074","B-good","500","125","5000","0.999919849371754","1","115","0.55288956582461","0.6","41.4","75","0.9999925569539204","0.8824","2.9399999999999955","0.5296","441.2","1321.6","0","0","false","0.999919849371754","1","0.92","0.5000000000000004","0.92","0.4642857142857143","0.5383046237533998","0.6","0.7043478260869566","998","1498","0","7.105427357601002E-14","2.4868995751603507E-14","true","true","true"
"75","310075","B-good","true","500","310075","B-good","500","125","5000","0.9009100727155935","1","85","0.8445998189468439","1","53.1","75","0.9999998814417358","0.972","0.7000000000000005","0.543","486","1456","0","0","false","0.9009100727155935","1","0.68","2.0000000000000018","0.68","0.5285714285714286","0.5434156378600823","0.575","0.5647058823529412","998","1498","0","7.105427357601002E-14","0","true","true","true"
"76","310076","B-good","true","500","310076","B-good","500","125","5000","0.9009100727155935","1","87","0.4763132661001226","0.6","35.7","75","0.9999986697831107","0.8698","3.2549999999999963","0.5408","434.9","1302.7","0","0","false","0.9009100727155935","1","0.696","1.9000000000000017","0.696","0.5284178187403994","0.542653483559439","0.5789473684210527","0.5632183908045977","998","1498","0","5.3290705182007514E-14","2.5757174171303632E-14","true","true","true"
"77","310077","B-good","true","500","310077","B-good","500","125","5000","0.5","0.5","54","0.8260875382403539","0.9","49.2","75","0.9999999999961208","0.977","0.5750000000000005","0.5514","488.5","1463.5","0","0","false","0.5","0.5","0.432","3.5499999999999963","0.432","0.45217391304347826","0.5537359263050153","0.4647887323943662","0.5","998","1498","0","8.526512829121202E-14","7.105427357601002E-15","true","true","true"
"78","310078","B-good","true","500","310078","B-good","500","125","5000","0.999821159956061","1","111","0.4613049623666664","0.35","36.3","75","0.9991787443843949","0.8154","4.615000000000007","0.5404","407.7","1221.1","0","0","false","0.999821159956061","1","0.888","0.7000000000000006","0.888","0.4875406283856988","0.5523669364728967","0.5","0.6936936936936937","998","1498","0","9.237055564881302E-14","4.085620730620576E-14","true","true","true"
"79","310079","B-good","true","500","310079","B-good","500","125","5000","0.5","0.5","52","0.5257822926963565","0.6","39","75","0.9999999998785436","0.9234","1.9149999999999998","0.5426","461.7","1383.1","0","0","false","0.5","0.5","0.416","3.649999999999996","0.416","0.46736292428198434","0.5488412388997185","0.589041095890411","0.5","998","1498","0","7.815970093361102E-14","8.881784197001252E-15","true","true","true"
"80","310080","B-good","true","500","310080","B-good","500","125","5000","0.9009100727155935","1","101","0.7695433232612002","0.9","45.3","75","0.9999999999978346","0.943","1.4249999999999998","0.5568","471.5","1412.5","0","0","false","0.9009100727155935","1","0.808","1.200000000000001","0.808","0.47368421052631576","0.5618239660657476","0.5416666666666666","0.5544554455445545","998","1498","0","1.0658141036401503E-13","8.881784197001252E-15","true","true","true"
"81","310081","B-good","true","500","310081","B-good","500","125","5000","0.2682825988187187","0","51","0.6647929105571388","0.8","41.1","75","0.9999999999986281","0.9504","1.2400000000000007","0.5582","475.2","1423.6","0","0","false","0.2682825988187187","0","0.408","3.6999999999999957","0.408","0.5282258064516129","0.5597643097643098","0.5135135135135135","0.45098039215686275","998","1498","0","9.237055564881302E-14","7.549516567451064E-15","true","true","true"
"83","310083","B-good","true","500","310083","B-good","500","125","5000","0.3094519384963682","0","54","0.4943466062060141","0.6","42.9","75","0.9999980426705566","0.783","5.425000000000002","0.531","391.5","1172.5","0","0","false","0.3094519384963682","0","0.432","3.5499999999999963","0.432","0.49953917050691243","0.5397190293742018","0.49295774647887325","0.46296296296296297","998","1498","0","4.618527782440651E-14","2.5757174171303632E-14","true","true","true"
"82","310082","B-good","true","500","310082","B-good","500","125","5000","0.4009900990099009","0","58","0.6329825641702171","0.65","40.5","75","0.9999996423238728","0.858","3.5500000000000043","0.5366","429","1285","0","0","false","0.4009900990099009","0","0.464","3.349999999999997","0.464","0.5028169014084507","0.5421911421911422","0.417910447761194","0.4827586206896552","998","1498","0","6.039613253960852E-14","5.5067062021407764E-14","true","true","true"
"84","310084","B-good","true","500","310084","B-good","500","125","5000","0.4009900990099009","0","56","0.58290278370314","0.75","36.6","75","0.9999999998903555","0.908","2.299999999999998","0.5398","454","1360","0","0","false","0.4009900990099009","0","0.448","3.4499999999999966","0.448","0.4717391304347826","0.5466960352422907","0.4782608695652174","0.48214285714285715","998","1498","0","6.039613253960852E-14","1.7763568394002505E-14","true","true","true"
"85","310085","B-good","true","500","310085","B-good","500","125","5000","0.8588821376227943","1","71","0.5200195823118311","0.5","35.4","75","0.9999999935089564","0.9302","1.7450000000000003","0.548","465.1","1393.3","0","0","false","0.8588821376227943","1","0.568","2.6999999999999993","0.568","0.49283667621776506","0.5521393248763706","0.48148148148148145","0.5633802816901409","998","1498","0","8.526512829121202E-14","7.105427357601002E-15","true","true","true"
"86","310086","B-good","true","500","310086","B-good","500","125","5000","0.832766961303352","1","98","0.866544575496223","0.95","54","75","0.9999999999573885","0.97","0.7500000000000007","0.548","485","1453","0","0","false","0.832766961303352","1","0.784","1.3500000000000012","0.784","0.49333333333333335","0.5496907216494845","0.4444444444444444","0.5408163265306123","998","1498","0","9.237055564881302E-14","0","true","true","true"
"87","310087","B-good","true","500","310087","B-good","500","125","5000","0.9174389747697416","1","112","0.3801648877685686","0.3","30.3","75","0.9999999962711096","0.7826","5.435000000000002","0.5438","391.3","1171.9","0","0","false","0.9174389747697416","1","0.896","0.6500000000000006","0.896","0.5068997240110396","0.5540506005622284","0.5384615384615384","0.5535714285714286","998","1498","0","7.815970093361102E-14","2.1316282072803006E-14","true","true","true"
"88","310088","B-good","true","500","310088","B-good","500","125","5000","0.9970395529930917","1","109","0.5552614984557559","0.55","42.6","75","0.9540203034299936","0.6696","8.260000000000053","0.5306","334.8","1002.6","0.188","0.2","false","0.9970395529930917","1","0.872","0.8000000000000007","0.872","0.5193704600484261","0.5361409796893668","0.5","0.6330275229357798","998","1498","0","5.6843418860808015E-14","1.4566126083082054E-13","true","true","true"
"89","310089","B-good","true","500","310089","B-good","500","125","5000","0.9174389747697416","1","92","0.8020202445091762","0.85","51.9","75","0.9998279968287849","0.8612","3.4699999999999975","0.5278","430.6","1289.8","0","0","false","0.9174389747697416","1","0.736","1.6500000000000015","0.736","0.484149855907781","0.534835113794705","0.36363636363636365","0.5652173913043478","998","1498","0","5.6843418860808015E-14","2.1316282072803006E-14","true","true","true"
"91","310091","B-good","true","500","310091","B-good","500","125","5000","0.55","1","71","0.5571466328381933","0.6","37.2","75","0.9999999999995195","0.9596","1.010000000000001","0.5614","479.8","1437.4","0","0","false","0.55","1","0.568","2.6999999999999993","0.568","0.5346534653465347","0.5625260525218841","0.48148148148148145","0.5070422535211268","998","1498","0","1.0658141036401503E-13","3.1086244689504383E-15","true","true","true"
"90","310090","B-good","true","500","310090","B-good","500","125","5000","0.7692398877638839","1","98","0.8434529203472086","1","54.9","75","0.999999999999255","0.9702","0.7450000000000007","0.56","485.1","1453.3","0","0","false","0.7692398877638839","1","0.784","1.3500000000000012","0.784","0.5302013422818792","0.5609152752009895","0.5555555555555556","0.5306122448979592","998","1498","0","9.237055564881302E-14","0","true","true","true"
"92","310092","B-good","true","500","310092","B-good","500","125","5000","0.353883495145631","0","73","0.6685624607308153","0.7","42","75","0.9999999998046125","0.9058","2.354999999999997","0.5472","452.9","1356.7","0","0","false","0.353883495145631","0","0.584","2.5999999999999996","0.584","0.5095541401273885","0.5511150364318834","0.4807692307692308","0.4794520547945205","998","1498","0","7.815970093361102E-14","2.398081733190338E-14","true","true","true"
"93","310093","B-good","true","500","310093","B-good","500","125","5000","0.6905480615036318","1","76","0.7104465533860881","0.9","50.1","75","0.9999999605009136","0.962","0.9500000000000007","0.5438","481","1441","0","0","false","0.6905480615036318","1","0.608","2.45","0.608","0.4631578947368421","0.5469854469854469","0.5306122448979592","0.5263157894736842","998","1498","0","9.237055564881302E-14","1.7763568394002505E-15","true","true","true"
"95","310095","B-good","true","500","310095","B-good","500","125","5000","0.832766961303352","1","80","0.5264433543965167","0.55","34.8","75","0.9999999999974698","0.9294","1.7650000000000001","0.5482","464.7","1392.1","0","0","false","0.832766961303352","1","0.64","2.250000000000001","0.64","0.44192634560906513","0.5562728642134711","0.4888888888888889","0.55","998","1498","0","8.526512829121202E-14","1.0658141036401503E-14","true","true","true"
"94","310094","B-good","true","500","310094","B-good","500","125","5000","0.2682825988187187","0","55","0.7146104511435711","0.8","51","75","0.9999999996784739","0.949","1.2750000000000004","0.5436","474.5","1421.5","0","0","false","0.2682825988187187","0","0.44","3.4999999999999964","0.44","0.44313725490196076","0.5489989462592202","0.5714285714285714","0.45454545454545453","998","1498","0","7.815970093361102E-14","6.661338147750939E-15","true","true","true"
"96","310096","B-good","true","500","310096","B-good","500","125","5000","0.7317174011812813","1","71","0.6449611114379428","0.7","42","75","0.9999999955003533","0.8746","3.134999999999999","0.547","437.3","1309.9","0","0","false","0.7317174011812813","1","0.568","2.6999999999999993","0.568","0.5055821371610846","0.552938486165104","0.4444444444444444","0.5352112676056338","998","1498","0","7.815970093361102E-14","1.509903313490213E-14","true","true","true"
"97","310097","B-good","true","500","310097","B-good","500","125","5000","0.9783898101507787","1","105","0.8495908695995116","0.95","49.5","75","0.9999999432937342","0.9588","1.0300000000000005","0.5478","479.4","1436.2","0","0","false","0.9783898101507787","1","0.84","1.0000000000000009","0.84","0.49029126213592233","0.5502711722987067","0.5","0.5904761904761905","998","1498","0","9.237055564881302E-14","2.6645352591003757E-15","true","true","true"
"98","310098","B-good","true","500","310098","B-good","500","125","5000","0.9431811237123936","1","90","0.9309545217908614","1","53.7","75","0.9999999998877641","0.972","0.7000000000000007","0.5488","486","1456","0","0","false","0.9431811237123936","1","0.72","1.7500000000000016","0.72","0.4857142857142857","0.5506172839506173","0.42857142857142855","0.5777777777777777","998","1498","0","8.526512829121202E-14","0","true","true","true"
"99","310099","B-good","true","500","310099","B-good","500","125","5000","0.9901990435157576","1","95","0.7095104586022571","0.95","40.8","75","0.9999999999924976","0.9522","1.1950000000000003","0.5544","476.1","1426.3","0","0","false","0.9901990435157576","1","0.76","1.5000000000000013","0.76","0.502092050209205","0.5570258349086327","0.36666666666666664","0.6210526315789474","998","1498","0","9.237055564881302E-14","4.440892098500626E-15","true","true","true"
"100","310100","B-good","true","500","310100","B-good","500","125","5000","0.9431811237123936","1","92","0.595836854103619","0.7","39.9","75","0.9999999999817956","0.897","2.574999999999997","0.5528","448.5","1343.5","0","0","false","0.9431811237123936","1","0.736","1.6500000000000015","0.736","0.5145631067961165","0.557190635451505","0.5757575757575758","0.5760869565217391","998","1498","0","8.526512829121202E-14","2.5757174171303632E-14","true","true","true"
"101","310101","B-good","true","500","310101","B-good","500","125","5000","0.9314206186232206","1","89","0.5637102768701999","0.45","33","75","0.9999999993565686","0.9302","1.7449999999999997","0.5508","465.1","1393.3","0","0","false","0.9314206186232206","1","0.712","1.8000000000000016","0.712","0.4785100286532951","0.556224467856375","0.5833333333333334","0.5730337078651685","998","1498","0","1.0658141036401503E-13","1.3322676295501878E-14","true","true","true"
"102","310102","B-good","true","500","310102","B-good","500","125","5000","0.9431811237123936","1","82","0.7057405554278725","0.9","44.7","75","0.9999999991828246","0.9504","1.2400000000000007","0.5536","475.2","1423.6","0","0","false","0.9431811237123936","1","0.656","2.1500000000000012","0.656","0.4637096774193548","0.5582912457912458","0.4186046511627907","0.5853658536585366","998","1498","0","9.237055564881302E-14","3.552713678800501E-15","true","true","true"
"103","310103","B-good","true","500","310103","B-good","500","125","5000","0.6905480615036318","1","86","0.7268065643818739","0.8","44.7","75","0.9999999972756779","0.9556","1.1100000000000005","0.5514","477.8","1431.4","0","0","false","0.6905480615036318","1","0.688","1.9500000000000017","0.688","0.527027027027027","0.5525324403516115","0.4358974358974359","0.5232558139534884","998","1498","0","9.237055564881302E-14","3.9968028886505635E-15","true","true","true"
"104","310104","B-good","true","500","310104","B-good","500","125","5000","0.9980162717648575","1","123","0.8844656988884705","1","56.7","75","0.9999999999992373","0.9836","0.4100000000000003","0.5482","491.8","1473.4","0","0","false","0.9980162717648575","1","0.984","0.10000000000000009","0.984","0.4024390243902439","0.5506303375355835","1","0.6260162601626016","998","1498","0","6.394884621840902E-14","0","true","true","true"
"105","310105","B-good","true","500","310105","B-good","500","125","5000","0.9854295854981023","1","105","0.8553813189857215","1","50.4","75","0.9999999999627786","0.98","0.5000000000000003","0.5494","490","1468","0","0","false","0.9854295854981023","1","0.84","1.0000000000000009","0.84","0.48","0.5508163265306123","0.6","0.6","998","1498","0","9.237055564881302E-14","0","true","true","true"
"106","310106","B-good","true","500","310106","B-good","500","125","5000","0.6905480615036318","1","50","0.7769613411781144","1","47.7","75","0.9999999999999962","0.9668","0.8300000000000007","0.5624","483.4","1448.2","0","0","false","0.6905480615036318","1","0.4","3.7499999999999956","0.4","0.4397590361445783","0.5666115018618122","0.4666666666666667","0.54","998","1498","0","9.947598300641403E-14","7.993605777301127E-15","true","true","true"
"108","310108","B-good","true","500","310108","B-good","500","125","5000","0.9975765116109027","1","112","0.6494974921989675","0.8","42.9","75","0.999973286010811","0.952","1.2000000000000006","0.541","476","1426","0","0","false","0.9975765116109027","1","0.896","0.6500000000000006","0.896","0.5208333333333334","0.542016806722689","0.46153846153846156","0.6339285714285714","998","1498","0","7.105427357601002E-14","6.217248937900877E-15","true","true","true"
"107","310107","B-good","true","500","310107","B-good","500","125","5000","0.5990099009900991","1","78","0.4745168866446363","0.5","34.2","75","0.999981625236104","0.9124","2.1899999999999995","0.5326","456.2","1366.6","0","0","false","0.5990099009900991","1","0.624","2.3500000000000005","0.624","0.4908675799086758","0.5366067514248137","0.5319148936170213","0.5128205128205128","998","1498","0","4.618527782440651E-14","1.7763568394002505E-14","true","true","true"
"109","310109","B-good","true","500","310109","B-good","500","125","5000","0.8588821376227943","1","95","0.7033893805798699","0.85","44.4","75","0.9999999999999488","0.9372","1.569999999999999","0.556","468.6","1403.8","0","0","false","0.8588821376227943","1","0.76","1.5000000000000013","0.76","0.5286624203821656","0.5578318395219803","0.43333333333333335","0.5473684210526316","998","1498","0","9.237055564881302E-14","2.042810365310288E-14","true","true","true"
"110","310110","B-good","true","500","310110","B-good","500","125","5000","0.9955840597339484","1","99","0.6954277503267522","0.9","37.5","75","0.999428146263668","0.8218","4.455","0.5402","410.9","1230.7","0.004","0","false","0.9955840597339484","1","0.792","1.3000000000000012","0.792","0.5050505050505051","0.5478218544658068","0.38461538461538464","0.6363636363636364","998","1498","0","7.105427357601002E-14","2.3092638912203256E-14","true","true","true"
"111","310111","B-good","true","500","310111","B-good","500","125","5000","0.9530265597482369","1","73","0.5409846557031627","0.6","31.5","75","0.9999999999776572","0.9416","1.4600000000000004","0.5518","470.8","1410.4","0","0","false","0.9530265597482369","1","0.584","2.5999999999999996","0.584","0.4726027397260274","0.5567119796091758","0.5384615384615384","0.6027397260273972","998","1498","0","9.947598300641403E-14","5.329070518200751E-15","true","true","true"
"112","310112","B-good","true","500","310112","B-good","500","125","5000","0.599009900990099","1","66","0.5003914487938003","0.4","38.4","75","0.9999999993556765","0.8992","2.519999999999998","0.5446","449.6","1346.8","0","0","false","0.599009900990099","1","0.528","2.9499999999999984","0.528","0.5119047619047619","0.5482651245551602","0.4576271186440678","0.5151515151515151","998","1498","0","6.394884621840902E-14","1.9539925233402755E-14","true","true","true"
"113","310113","B-good","true","500","310113","B-good","500","125","5000","0.8588821376227943","1","63","0.5510167858626992","0.45","41.4","75","0.9999986578699573","0.9286","1.7849999999999997","0.5408","464.3","1390.9","0","0","false","0.8588821376227943","1","0.504","3.099999999999998","0.504","0.4565826330532213","0.5472754684471247","0.43548387096774194","0.5714285714285714","998","1498","0","7.815970093361102E-14","5.329070518200751E-15","true","true","true"
"115","310115","B-good","true","500","310115","B-good","500","125","5000","0.2682825988187187","0","85","0.6986132597187014","0.65","41.1","75","0.9999999999417645","0.9518","1.2050000000000005","0.5448","475.9","1425.7","0","0","false","0.2682825988187187","0","0.68","2.0000000000000018","0.68","0.5020746887966805","0.5469636478251734","0.375","0.47058823529411764","998","1498","0","7.815970093361102E-14","3.552713678800501E-15","true","true","true"
"114","310114","B-good","true","500","310114","B-good","500","125","5000","0.9530265597482369","1","99","0.5795448926052738","0.55","45","75","0.9999999537315022","0.9012","2.4699999999999966","0.537","450.6","1349.8","0","0","false","0.9530265597482369","1","0.792","1.3000000000000012","0.792","0.48785425101214575","0.5423879272081669","0.4230769230769231","0.5757575757575758","998","1498","0","6.394884621840902E-14","2.4868995751603507E-14","true","true","true"
"116","310116","B-good","true","500","310116","B-good","500","125","5000","0.9314206186232206","1","101","0.33900458344285445","0","30","75","0.9999997663612497","0.8574","3.5649999999999964","0.5256","428.7","1284.1","0","0","false","0.9314206186232206","1","0.808","1.200000000000001","0.808","0.43478260869565216","0.5407044553300676","0.5833333333333334","0.5643564356435643","998","1498","0","5.6843418860808015E-14","1.4210854715202004E-14","true","true","true"
"117","310117","B-good","true","500","310117","B-good","500","125","5000","0.9822491904206395","1","110","0.5716343016151564","0.5","39.6","75","0.9999999995524289","0.9034","2.4149999999999974","0.5558","451.7","1353.1","0","0","false","0.9822491904206395","1","0.88","0.7500000000000007","0.88","0.5175983436853002","0.5598848793446978","0.6666666666666666","0.5909090909090909","998","1498","0","1.0658141036401503E-13","2.1316282072803006E-14","true","true","true"
"118","310118","B-good","true","500","310118","B-good","500","125","5000","0.2682825988187187","0","35","0.8132509536301826","1","53.7","75","0.9999999999987093","0.9684","0.7900000000000007","0.5566","484.2","1450.6","0","0","false","0.2682825988187187","0","0.28","4.499999999999993","0.28","0.5253164556962026","0.5576208178438662","0.4666666666666667","0.42857142857142855","998","1498","0","8.526512829121202E-14","1.0658141036401503E-14","true","true","true"
"119","310119","B-good","true","500","310119","B-good","500","125","5000","0.44999999999999996","0","65","0.4704873594155531","0.35","35.4","75","0.9999073598294956","0.815","4.6249999999999964","0.5284","407.5","1220.5","0","0","false","0.44999999999999996","0","0.52","2.9999999999999982","0.52","0.4983783783783784","0.5352147239263804","0.5333333333333333","0.49230769230769234","998","1498","0","4.263256414560601E-14","2.3092638912203256E-14","true","true","true"
"120","310120","B-good","true","500","310120","B-good","500","125","5000","0.44999999999999996","0","49","0.7823350457273597","0.9","48.3","75","0.9999999999987594","0.9622","0.9450000000000001","0.5504","481.1","1441.3","0","0","false","0.44999999999999996","0","0.392","3.7999999999999954","0.392","0.4656084656084656","0.5537310330492621","0.5","0.4897959183673469","998","1498","0","7.815970093361102E-14","7.993605777301127E-15","true","true","true"
"121","310121","B-good","true","500","310121","B-good","500","125","5000","0.353883495145631","0","45","0.5638588193866889","0.65","39.9","75","0.9999999998610922","0.9272","1.8200000000000003","0.5424","463.6","1388.8","0","0","false","0.353883495145631","0","0.36","3.9999999999999947","0.36","0.5137362637362637","0.5446505608283002","0.6125","0.4666666666666667","998","1498","0","4.973799150320701E-14","8.881784197001252E-15","true","true","true"
"122","310122","B-good","true","500","310122","B-good","500","125","5000","0.8814994686598715","1","78","0.8372903267036922","0.9","54.6","75","0.9999999999370894","0.9846","0.38500000000000034","0.549","492.3","1474.9","0","0","false","0.8814994686598715","1","0.624","2.3500000000000005","0.624","0.45454545454545453","0.5504773512086126","0.425531914893617","0.5641025641025641","998","1498","0","9.237055564881302E-14","1.7763568394002505E-15","true","true","true"
"123","310123","B-good","true","500","310123","B-good","500","125","5000","0.9970395529930917","1","111","0.5618922091597346","0.5","45","75","0.9964434370854127","0.7694","5.765000000000017","0.5236","384.7","1152.1","0.01","0","false","0.9970395529930917","1","0.888","0.7000000000000006","0.888","0.48742411101474414","0.5344424226670133","0.5","0.6306306306306306","998","1498","0","4.973799150320701E-14","8.171241461241152E-14","true","true","true"
"124","310124","B-good","true","500","310124","B-good","500","125","5000","0.3094519384963682","0","74","0.5127711377787509","0.45","41.1","75","0.9999999999994265","0.895","2.6249999999999982","0.5548","447.5","1340.5","0","0","false","0.3094519384963682","0","0.592","2.55","0.592","0.5466666666666666","0.5557541899441341","0.5294117647058824","0.47297297297297297","998","1498","0","7.105427357601002E-14","2.220446049250313E-14","true","true","true"
"125","310125","B-good","true","500","310125","B-good","500","125","5000","0.9174389747697416","1","92","0.9049873631314179","1","53.4","75","0.9999996594732268","0.9136","2.159999999999997","0.5404","456.8","1368.4","0","0","false","0.9174389747697416","1","0.736","1.6500000000000015","0.736","0.5115740740740741","0.5431260945709282","0.48484848484848486","0.5652173913043478","998","1498","0","9.237055564881302E-14","2.5757174171303632E-14","true","true","true"
"126","310126","B-good","true","500","310126","B-good","500","125","5000","0.9783898101507787","1","87","0.7666321554874925","0.8","48.6","75","0.9999999999465554","0.9712","0.7200000000000006","0.557","485.6","1454.8","0","0","false","0.9783898101507787","1","0.696","1.9000000000000017","0.696","0.5347222222222222","0.557660626029654","0.631578947368421","0.6091954022988506","998","1498","0","9.947598300641403E-14","0","true","true","true"
"127","310127","B-good","true","500","310127","B-good","500","125","5000","0.9955840597339484","1","115","0.7406252774966275","1","50.4","75","0.9999999801719929","0.9642","0.8950000000000005","0.5486","482.1","1444.3","0","0","false","0.9955840597339484","1","0.92","0.5000000000000004","0.92","0.5307262569832403","0.5492636382493259","0.2","0.6173913043478261","998","1498","0","8.526512829121202E-14","3.552713678800501E-15","true","true","true"
"128","310128","B-good","true","500","310128","B-good","500","125","5000","0.4009900990099009","0","40","0.4535560988718519","0.4","33.9","75","0.9999990527496239","0.8822","2.945000000000001","0.542","441.1","1321.3","0","0","false","0.4009900990099009","0","0.32","4.249999999999994","0.32","0.4906621392190153","0.5488551348900476","0.5647058823529412","0.475","998","1498","0","8.526512829121202E-14","2.042810365310288E-14","true","true","true"
"129","310129","B-good","true","500","310129","B-good","500","125","5000","0.9174389747697416","1","106","0.5551947387955065","0.7","36","75","0.9999999772630153","0.9092","2.2699999999999987","0.5432","454.6","1361.8","0","0","false","0.9174389747697416","1","0.848","0.9500000000000008","0.848","0.47577092511013214","0.5499340079190497","0.3684210526315789","0.5566037735849056","998","1498","0","9.947598300641403E-14","1.4210854715202004E-14","true","true","true"
"130","310130","B-good","true","500","310130","B-good","500","125","5000","0.9901990435157576","1","95","0.7352574329486501","0.8","48.9","75","0.9999999999998987","0.9748","0.6300000000000006","0.5572","487.4","1460.2","0","0","false","0.9901990435157576","1","0.76","1.5000000000000013","0.76","0.5396825396825397","0.5576528518670496","0.3333333333333333","0.6210526315789474","998","1498","0","8.526512829121202E-14","0","true","true","true"
"131","310131","B-good","true","500","310131","B-good","500","125","5000","0.9314206186232206","1","99","0.39604419400222923","0.45","35.7","75","0.9999999997243914","0.9","2.4999999999999987","0.55","450","1348","0","0","false","0.9314206186232206","1","0.792","1.3000000000000012","0.792","0.524","0.5528888888888889","0.46153846153846156","0.5656565656565656","998","1498","0","8.526512829121202E-14","2.042810365310288E-14","true","true","true"
"132","310132","B-good","true","500","310132","B-good","500","125","5000","0.8029278364278081","1","103","0.5584849539196858","0.55","43.8","75","0.9999999999904116","0.9464","1.3400000000000003","0.5508","473.2","1417.6","0","0","false","0.8029278364278081","1","0.824","1.100000000000001","0.824","0.47388059701492535","0.555156382079459","0.45454545454545453","0.5339805825242718","998","1498","0","7.815970093361102E-14","3.9968028886505635E-15","true","true","true"
"133","310133","B-good","true","500","310133","B-good","500","125","5000","0.8814994686598715","1","94","0.654620348133229","0.65","45","75","0.9999999999400639","0.9092","2.269999999999998","0.5556","454.6","1361.8","0","0","false","0.8814994686598715","1","0.752","1.5500000000000014","0.752","0.5066079295154186","0.5604927408710955","0.6129032258064516","0.5531914893617021","998","1498","0","9.237055564881302E-14","1.9539925233402755E-14","true","true","true"
"134","310134","B-good","true","500","310134","B-good","500","125","5000","0.9946080309222399","1","94","0.7741799203990685","0.95","43.8","75","0.994107361970529","0.8486","3.785000000000008","0.5416","424.3","1270.9","0.006","0","false","0.9946080309222399","1","0.752","1.5500000000000014","0.752","0.5165125495376486","0.5460758897006834","0.3225806451612903","0.6382978723404256","998","1498","0","8.526512829121202E-14","3.375077994860476E-14","true","true","true"
"135","310135","B-good","true","500","310135","B-good","500","125","5000","0.4009900990099009","0","38","0.8600343802866977","1","49.2","75","0.9999999869591611","0.9618","0.9550000000000007","0.5488","480.9","1440.7","0","0","false","0.4009900990099009","0","0.304","4.349999999999993","0.304","0.5392670157068062","0.5491786234144312","0.5747126436781609","0.47368421052631576","998","1498","0","7.105427357601002E-14","1.0658141036401503E-14","true","true","true"
"136","310136","B-good","true","500","310136","B-good","500","125","5000","0.9431811237123936","1","96","0.5191183449586667","0.6","36.3","75","0.9998912315782491","0.8314","4.2149999999999945","0.5324","415.7","1245.1","0","0","false","0.9431811237123936","1","0.768","1.4500000000000013","0.768","0.49110320284697506","0.5407745970651913","0.5172413793103449","0.5729166666666666","998","1498","0","5.6843418860808015E-14","2.4868995751603507E-14","true","true","true"
"137","310137","B-good","true","500","310137","B-good","500","125","5000","0.4009900990099009","0","44","0.5903972189925056","0.5","42","75","0.9999999998651775","0.919","2.024999999999998","0.5504","459.5","1376.5","0","0","false","0.4009900990099009","0","0.352","4.0499999999999945","0.352","0.5185185185185185","0.5532100108813928","0.5308641975308642","0.4772727272727273","998","1498","0","8.526512829121202E-14","2.6645352591003757E-14","true","true","true"
"138","310138","B-good","true","500","310138","B-good","500","125","5000","0.9822491904206395","1","86","0.537039047975387","0.5","38.7","75","0.9999941174970735","0.8448","3.8800000000000052","0.5466","422.4","1265.2","0","0","false","0.9822491904206395","1","0.688","1.9500000000000017","0.688","0.4832474226804124","0.5582386363636364","0.4358974358974359","0.6162790697674418","998","1498","0","1.1368683772161603E-13","5.1514348342607263E-14","true","true","true"
"139","310139","B-good","true","500","310139","B-good","500","125","5000","0.832766961303352","1","66","0.6984237462742253","0.8","47.4","75","0.9999999988000777","0.9596","1.0100000000000005","0.542","479.8","1437.4","0","0","false","0.832766961303352","1","0.528","2.9499999999999984","0.528","0.4801980198019802","0.5446019174656107","0.5084745762711864","0.5606060606060606","998","1498","0","6.394884621840902E-14","6.217248937900877E-15","true","true","true"
"140","310140","B-good","true","500","310140","B-good","500","125","5000","0.5","0.5","60","0.6555368288218888","0.85","37.8","75","0.9999999999998179","0.9438","1.4050000000000007","0.5602","471.9","1413.7","0","0","false","0.5","0.5","0.48","3.2499999999999973","0.48","0.5231316725978647","0.562407289680017","0.47692307692307695","0.5","998","1498","0","9.947598300641403E-14","5.329070518200751E-15","true","true","true"
"141","310141","B-good","true","500","310141","B-good","500","125","5000","0.353883495145631","0","63","0.6177685333422489","0.7","48.3","75","0.9999999981908939","0.8524","3.690000000000006","0.5496","426.2","1276.6","0","0","false","0.353883495145631","0","0.504","3.099999999999998","0.504","0.5121951219512195","0.5560769591740967","0.5161290322580645","0.47619047619047616","998","1498","0","9.947598300641403E-14","3.019806626980426E-14","true","true","true"
"142","310142","B-good","true","500","310142","B-good","500","125","5000","0.9946080309222399","1","108","0.7526935932973234","0.9","41.1","75","0.9999999999961059","0.962","0.9500000000000007","0.5544","481","1441","0","0","false","0.9946080309222399","1","0.864","0.8500000000000008","0.864","0.46842105263157896","0.5577962577962577","0.5294117647058824","0.6203703703703703","998","1498","0","9.237055564881302E-14","8.881784197001252E-16","true","true","true"
"143","310143","B-good","true","500","310143","B-good","500","125","5000","0.9174389747697416","1","90","0.5014943480953133","0.6","37.2","75","0.9768913297179346","0.8126","4.685000000000011","0.5322","406.3","1216.9","0.026","0","false","0.9174389747697416","1","0.72","1.7500000000000016","0.72","0.5026680896478122","0.539010583312823","0.4857142857142857","0.5666666666666667","998","1498","0","5.3290705182007514E-14","7.993605777301127E-14","true","true","true"
"144","310144","B-good","true","500","310144","B-good","500","125","5000","0.3094519384963682","0","80","0.5647773837941605","0.6","40.8","75","0.9999999999671735","0.9442","1.3950000000000002","0.5602","472.1","1414.3","0","0","false","0.3094519384963682","0","0.64","2.250000000000001","0.64","0.5017921146953405","0.5636517686930735","0.4222222222222222","0.475","998","1498","0","1.1368683772161603E-13","6.661338147750939E-15","true","true","true"
"145","310145","B-good","true","500","310145","B-good","500","125","5000","0.832766961303352","1","76","0.6741075959879311","0.7","50.7","75","0.9999999999999967","0.9636","0.9100000000000005","0.5644","481.8","1443.4","0","0","false","0.832766961303352","1","0.608","2.45","0.608","0.5769230769230769","0.5639269406392694","0.5510204081632653","0.5526315789473685","998","1498","0","1.0658141036401503E-13","2.6645352591003757E-15","true","true","true"
"146","310146","B-good","true","500","310146","B-good","500","125","5000","0.44999999999999996","0","61","0.585186736166076","0.6","45.3","75","0.9999999992012686","0.969","0.7750000000000008","0.546","484.5","1451.5","0","0","false","0.44999999999999996","0","0.488","3.1999999999999975","0.488","0.5032258064516129","0.5473684210526316","0.53125","0.4918032786885246","998","1498","0","8.526512829121202E-14","5.329070518200751E-15","true","true","true"
"147","310147","B-good","true","500","310147","B-good","500","125","5000","0.9955840597339484","1","117","0.7752867058086544","0.9","46.8","75","0.9999999999995343","0.965","0.8750000000000007","0.553","482.5","1445.5","0","0","false","0.9955840597339484","1","0.936","0.40000000000000036","0.936","0.5142857142857142","0.5544041450777202","0.875","0.6153846153846154","998","1498","0","7.815970093361102E-14","0","true","true","true"
"148","310148","B-good","true","500","310148","B-good","500","125","5000","0.9009100727155935","1","91","0.7908052625947358","1","45.3","75","0.9999999955709391","0.9688","0.7800000000000006","0.548","484.4","1451.2","0","0","false","0.9009100727155935","1","0.728","1.7000000000000015","0.728","0.42948717948717946","0.5518166804293972","0.4411764705882353","0.5604395604395604","998","1498","0","8.526512829121202E-14","0","true","true","true"
"149","310149","B-good","true","500","310149","B-good","500","125","5000","0.9880470865159074","1","100","0.46182231377065486","0.45","36.3","75","0.9999999982441226","0.8838","2.9049999999999967","0.5532","441.9","1323.7","0","0","false","0.9880470865159074","1","0.8","1.250000000000001","0.8","0.49225473321858865","0.5612129441050011","0.56","0.61","998","1498","0","9.237055564881302E-14","2.1316282072803006E-14","true","true","true"
"150","310150","B-good","true","500","310150","B-good","500","125","5000","0.9880470865159074","1","90","0.718616530115489","0.8","46.5","75","0.9999999944855296","0.8624","3.4400000000000026","0.5412","431.2","1291.6","0","0","false","0.9880470865159074","1","0.72","1.7500000000000016","0.72","0.502906976744186","0.5473098330241187","0.6571428571428571","0.6222222222222222","998","1498","0","7.815970093361102E-14","2.6645352591003757E-14","true","true","true"
"151","310151","B-good","true","500","310151","B-good","500","125","5000","0.6905480615036318","1","32","0.8200852759082853","1","45.3","75","0.9999999999696968","0.9716","0.7100000000000006","0.5464","485.8","1455.4","0","0","false","0.6905480615036318","1","0.256","4.649999999999992","0.256","0.4859154929577465","0.5481679703581721","0.5053763440860215","0.5625","998","1498","0","7.105427357601002E-14","1.1546319456101628E-14","true","true","true"
"152","310152","B-good","true","500","310152","B-good","500","125","5000","0.44999999999999996","0","51","0.5446573595654938","0.5","43.5","75","0.9999999940469463","0.8816","2.9599999999999973","0.532","440.8","1320.4","0","0","false","0.44999999999999996","0","0.408","3.6999999999999957","0.408","0.46790540540540543","0.5406079854809437","0.5135135135135135","0.49019607843137253","998","1498","0","4.973799150320701E-14","1.687538997430238E-14","true","true","true"
"153","310153","B-good","true","500","310153","B-good","500","125","5000","0.832766961303352","1","66","0.826726447155471","0.85","51.9","75","0.9999999998796865","0.9726","0.6850000000000007","0.5412","486.3","1456.9","0","0","false","0.832766961303352","1","0.528","2.9499999999999984","0.528","0.5109489051094891","0.5420522311330455","0.5932203389830508","0.5606060606060606","998","1498","0","5.3290705182007514E-14","4.440892098500626E-15","true","true","true"
"154","310154","B-good","true","500","310154","B-good","500","125","5000","0.9822491904206395","1","90","0.7502444924593122","1","48.9","75","0.9999934340871031","0.9038","2.405000000000005","0.542","451.9","1353.7","0.002","0","false","0.9822491904206395","1","0.72","1.7500000000000016","0.72","0.5051975051975052","0.5459172383270635","0.4","0.6111111111111112","998","1498","0","7.815970093361102E-14","3.197442310920451E-14","true","true","true"
"155","310155","B-good","true","500","310155","B-good","500","125","5000","0.7692398877638839","1","78","0.8964592263228773","1","53.1","75","0.9999999999852667","0.9558","1.1050000000000006","0.5508","477.9","1431.7","0","0","false","0.7692398877638839","1","0.624","2.3500000000000005","0.624","0.5113122171945701","0.5526260724000837","0.6170212765957447","0.5384615384615384","998","1498","0","8.526512829121202E-14","1.7763568394002505E-15","true","true","true"
"156","310156","B-good","true","500","310156","B-good","500","125","5000","0.8814994686598715","1","86","0.7236491968319805","0.7","54","75","0.9999999999995929","0.9746","0.6350000000000006","0.5564","487.3","1459.9","0","0","false","0.8814994686598715","1","0.688","1.9500000000000017","0.688","0.48031496062992124","0.5583829263287503","0.5128205128205128","0.5581395348837209","998","1498","0","1.0658141036401503E-13","0","true","true","true"
"157","310157","B-good","true","500","310157","B-good","500","125","5000","0.832766961303352","1","86","0.6379974009068475","0.75","34.5","75","0.9999999926232539","0.9314","1.7149999999999999","0.5414","465.7","1395.1","0","0","false","0.832766961303352","1","0.688","1.9500000000000017","0.688","0.4868804664723032","0.5454155035430535","0.38461538461538464","0.5465116279069767","998","1498","0","6.039613253960852E-14","7.993605777301127E-15","true","true","true"
"158","310158","B-good","true","500","310158","B-good","500","125","5000","0.9919667203630474","1","88","0.6205822862790882","0.75","41.7","75","0.9999999882652784","0.8942","2.6449999999999987","0.5412","447.1","1339.3","0","0","false","0.9919667203630474","1","0.704","1.8500000000000016","0.704","0.500945179584121","0.5459628718407515","0.5675675675675675","0.6363636363636364","998","1498","0","6.394884621840902E-14","1.9539925233402755E-14","true","true","true"
"159","310159","B-good","true","500","310159","B-good","500","125","5000","0.353883495145631","0","47","0.8497301863887368","1","55.8","75","0.9999999999215057","0.9806","0.48500000000000043","0.5518","490.3","1468.9","0","0","false","0.353883495145631","0","0.376","3.899999999999995","0.376","0.5051546391752577","0.5527228227615746","0.41025641025641024","0.46808510638297873","998","1498","0","8.526512829121202E-14","8.43769498715119E-15","true","true","true"
"160","310160","B-good","true","500","310160","B-good","500","125","5000","0.9975765116109027","1","112","0.5005523508546899","0.55","39.6","75","0.999999995967983","0.9392","1.5200000000000002","0.5462","469.6","1406.8","0","0","false","0.9975765116109027","1","0.896","0.6500000000000006","0.896","0.506578947368421","0.5487649063032368","0.38461538461538464","0.6339285714285714","998","1498","0","8.526512829121202E-14","4.440892098500626E-15","true","true","true"
"161","310161","B-good","true","500","310161","B-good","500","125","5000","0.5","0.5","52","0.792852912950996","0.9","45","75","0.9999999813165997","0.9442","1.3949999999999996","0.5452","472.1","1414.3","0","0","false","0.5","0.5","0.416","3.649999999999996","0.416","0.5340501792114696","0.5458589281931794","0.4657534246575342","0.5","998","1498","0","7.815970093361102E-14","8.881784197001252E-15","true","true","true"
"162","310162","B-good","true","500","310162","B-good","500","125","5000","0.1970721635721919","0","37","0.5517274292685339","0.55","49.8","75","0.9999999998923481","0.9204","1.9899999999999984","0.553","460.2","1378.6","0","0","false","0.1970721635721919","0","0.296","4.399999999999993","0.296","0.4899497487437186","0.5584528465884399","0.4090909090909091","0.40540540540540543","998","1498","0","8.526512829121202E-14","1.1546319456101628E-14","true","true","true"
"163","310163","B-good","true","500","310163","B-good","500","125","5000","0.9822491904206395","1","94","0.8219598094641622","1","48","75","0.999999523410921","0.9532","1.1700000000000004","0.5442","476.6","1427.8","0","0","false","0.9822491904206395","1","0.752","1.5500000000000014","0.752","0.49145299145299143","0.5467897608057071","0.5161290322580645","0.6063829787234043","998","1498","0","8.526512829121202E-14","3.552713678800501E-15","true","true","true"
"164","310164","B-good","true","500","310164","B-good","500","125","5000","0.2682825988187187","0","25","0.6822267460016336","0.75","45.6","75","0.9999999997634849","0.9618","0.9550000000000007","0.5512","480.9","1440.7","0","0","false","0.2682825988187187","0","0.2","4.999999999999991","0.2","0.5026178010471204","0.5531295487627366","0.44","0.4","998","1498","0","7.815970093361102E-14","1.3322676295501878E-14","true","true","true"
"165","310165","B-good","true","500","310165","B-good","500","125","5000","0.353883495145631","0","59","0.4144095545878116","0.1","33.6","75","0.9999999999357438","0.9058","2.3549999999999995","0.5472","452.9","1356.7","0","0","false","0.353883495145631","0","0.472","3.299999999999997","0.472","0.4861995753715499","0.5535438286597483","0.5606060606060606","0.4745762711864407","998","1498","0","7.105427357601002E-14","1.5987211554602254E-14","true","true","true"
"166","310166","B-good","true","500","310166","B-good","500","125","5000","0.2682825988187187","0","57","0.7110928689289759","0.8","48.9","75","0.9999999804548295","0.9634","0.9150000000000007","0.5528","481.7","1443.1","0","0","false","0.2682825988187187","0","0.456","3.399999999999997","0.456","0.4808743169398907","0.5555324891011003","0.5","0.45614035087719296","998","1498","0","9.237055564881302E-14","6.217248937900877E-15","true","true","true"
"167","310167","B-good","true","500","310167","B-good","500","125","5000","0.44999999999999996","0","61","0.49711680111427226","0.5","30","75","0.9999999999979499","0.8326","4.184999999999994","0.5482","416.3","1246.9","0","0","false","0.44999999999999996","0","0.488","3.1999999999999975","0.488","0.4970131421744325","0.5584914724957963","0.5","0.4918032786885246","998","1498","0","7.105427357601002E-14","2.6645352591003757E-14","true","true","true"
"169","310169","B-good","true","500","310169","B-good","500","125","5000","0.2682825988187187","0","43","0.8304907482056281","1","54.6","75","0.9999999999834882","0.9696","0.7600000000000007","0.5536","484.8","1452.4","0","0","false","0.2682825988187187","0","0.344","4.099999999999994","0.344","0.48026315789473684","0.5558993399339934","0.524390243902439","0.4418604651162791","998","1498","0","1.0658141036401503E-13","8.881784197001252E-15","true","true","true"
"168","310168","B-good","true","500","310168","B-good","500","125","5000","0.9431811237123936","1","86","0.6129403875294664","0.65","43.2","75","0.9999999600524333","0.9216","1.959999999999998","0.5446","460.8","1380.4","0","0","false","0.9431811237123936","1","0.688","1.9500000000000017","0.688","0.5637755102040817","0.54296875","0.38461538461538464","0.5813953488372093","998","1498","0","7.105427357601002E-14","1.9539925233402755E-14","true","true","true"
"170","310170","B-good","true","500","310170","B-good","500","125","5000","0.646116504854369","1","75","0.4644752486065025","0.3","37.8","75","0.9999998222365674","0.8586","3.5349999999999966","0.5408","429.3","1285.9","0","0","false","0.646116504854369","1","0.6","2.5","0.6","0.49222065063649223","0.5488003726997438","0.54","0.52","998","1498","0","7.815970093361102E-14","2.220446049250313E-14","true","true","true"
"171","310171","B-good","true","500","310171","B-good","500","125","5000","0.8029278364278081","1","85","0.7381807885935561","0.9","46.8","75","0.9999999206191955","0.9318","1.7049999999999987","0.544","465.9","1395.7","0","0","false","0.8029278364278081","1","0.68","2.0000000000000018","0.68","0.4574780058651026","0.5503326894183301","0.475","0.5411764705882353","998","1498","0","7.105427357601002E-14","2.4868995751603507E-14","true","true","true"
"172","310172","B-good","true","500","310172","B-good","500","125","5000","0.9822491904206395","1","72","0.7387087159963653","0.9","44.7","75","0.9999999984981484","0.9724","0.6900000000000006","0.5438","486.2","1456.6","0","0","false","0.9822491904206395","1","0.576","2.6499999999999995","0.576","0.42028985507246375","0.5473056355409297","0.5094339622641509","0.6388888888888888","998","1498","0","9.237055564881302E-14","2.6645352591003757E-15","true","true","true"
"173","310173","B-good","true","500","310173","B-good","500","125","5000","0.9009100727155935","1","83","0.7864489122831604","0.9","51.3","75","0.9999998814489575","0.9698","0.7550000000000006","0.5492","484.9","1452.7","0","0","false","0.9009100727155935","1","0.664","2.1000000000000014","0.664","0.5165562913907285","0.5502165394926789","0.5","0.5662650602409639","998","1498","0","9.947598300641403E-14","4.440892098500626E-16","true","true","true"
"174","310174","B-good","true","500","310174","B-good","500","125","5000","0.5","0.5","102","0.8372652431451904","1","43.8","75","0.9999999999935459","0.9604","0.9900000000000005","0.5674","480.2","1438.6","0","0","false","0.5","0.5","0.816","1.150000000000001","0.816","0.5707070707070707","0.5672636401499376","0.5652173913043478","0.5","998","1498","0","1.1368683772161603E-13","2.6645352591003757E-15","true","true","true"
"175","310175","B-good","true","500","310175","B-good","500","125","5000","0.832766961303352","1","72","0.4841692183063304","0.5","42.3","75","0.9999999995302089","0.883","2.925","0.5534","441.5","1322.5","0","0","false","0.832766961303352","1","0.576","2.6499999999999995","0.576","0.5247863247863248","0.5571913929784824","0.4716981132075472","0.5555555555555556","998","1498","0","9.237055564881302E-14","2.042810365310288E-14","true","true","true"
"176","310176","B-good","true","500","310176","B-good","500","125","5000","0.3094519384963682","0","44","0.5435354013527987","0.6","46.2","75","0.9999999998934742","0.9304","1.7399999999999984","0.5516","465.2","1393.6","0","0","false","0.3094519384963682","0","0.352","4.0499999999999945","0.352","0.5172413793103449","0.554170249355116","0.4444444444444444","0.45454545454545453","998","1498","0","7.815970093361102E-14","1.687538997430238E-14","true","true","true"
"177","310177","B-good","true","500","310177","B-good","500","125","5000","0.6905480615036318","1","72","0.7600322905563546","1","54.6","75","0.9999999999637927","0.9344","1.6400000000000001","0.5582","467.2","1399.6","0","0","false","0.6905480615036318","1","0.576","2.6499999999999995","0.576","0.5609756097560976","0.5580051369863014","0.39622641509433965","0.5277777777777778","998","1498","0","9.947598300641403E-14","7.993605777301127E-15","true","true","true"
"178","310178","B-good","true","500","310178","B-good","500","125","5000","0.5","0.5","60","0.7024959617372722","0.8","42","75","0.9999970315022813","0.8962","2.5950000000000006","0.5464","448.1","1342.3","0","0","false","0.5","0.5","0.48","3.2499999999999973","0.48","0.5375722543352601","0.547422450345905","0.5230769230769231","0.5","998","1498","0","7.815970093361102E-14","1.0658141036401503E-14","true","true","true"
"179","310179","B-good","true","500","310179","B-good","500","125","5000","0.9680589764391282","1","111","0.5471163515272773","0.5","40.2","75","0.9999999975788976","0.948","1.300000000000001","0.5476","474","1420","0","0","false","0.9680589764391282","1","0.888","0.7000000000000006","0.888","0.5269230769230769","0.5487341772151899","0.7142857142857143","0.5765765765765766","998","1498","0","7.815970093361102E-14","8.881784197001252E-16","true","true","true"
"181","310181","B-good","true","500","310181","B-good","500","125","5000","0.5990099009900991","1","60","0.693906572963862","0.75","46.2","75","0.998789178826869","0.8162","4.595000000000004","0.526","408.1","1222.3","0.006","0","false","0.5990099009900991","1","0.48","3.2499999999999973","0.48","0.49510337323177367","0.5329576084293065","0.6","0.5166666666666667","998","1498","0","4.973799150320701E-14","2.3092638912203256E-14","true","true","true"
"180","310180","B-good","true","500","310180","B-good","500","125","5000","0.9431811237123936","1","94","0.6746180162551987","0.8","45.3","75","0.9999999834753298","0.949","1.2750000000000001","0.5512","474.5","1421.5","0","0","false","0.9431811237123936","1","0.752","1.5500000000000014","0.752","0.5254901960784314","0.552581664910432","0.5483870967741935","0.574468085106383","998","1498","0","9.237055564881302E-14","4.440892098500626E-15","true","true","true"
"182","310182","B-good","true","500","310182","B-good","500","125","5000","0.9822491904206395","1","104","0.6569293560493006","0.7","46.8","75","0.9999999578487438","0.9074","2.314999999999997","0.542","453.7","1359.1","0","0","false","0.9822491904206395","1","0.832","1.050000000000001","0.832","0.4816414686825054","0.548159576812872","0.5238095238095238","0.5961538461538461","998","1498","0","7.815970093361102E-14","2.4868995751603507E-14","true","true","true"
"183","310183","B-good","true","500","310183","B-good","500","125","5000","0.8814994686598715","1","86","0.7770026104696321","0.9","49.2","75","0.9999999998703452","0.9498","1.2550000000000003","0.55","474.9","1422.7","0","0","false","0.8814994686598715","1","0.688","1.9500000000000017","0.688","0.47410358565737054","0.5540113708149084","0.5128205128205128","0.5581395348837209","998","1498","0","8.526512829121202E-14","7.993605777301127E-15","true","true","true"
"184","310184","B-good","true","500","310184","B-good","500","125","5000","0.7317174011812813","1","85","0.6271187624768986","0.7","40.2","75","0.9999999999999994","0.9628","0.9300000000000008","0.57","481.4","1442.2","0","0","false","0.7317174011812813","1","0.68","2.0000000000000018","0.68","0.5376344086021505","0.5712505193186539","0.475","0.5294117647058824","998","1498","0","1.1368683772161603E-13","0","true","true","true"
"185","310185","B-good","true","500","310185","B-good","500","125","5000","0.23076011223611606","0","50","0.6638156885944815","0.7","43.2","75","0.9999999971404776","0.923","1.9249999999999994","0.5466","461.5","1382.5","0","0","false","0.23076011223611606","0","0.4","3.7499999999999956","0.4","0.4857142857142857","0.5516793066088841","0.44","0.44","998","1498","0","9.237055564881302E-14","8.881784197001252E-15","true","true","true"
"186","310186","B-good","true","500","310186","B-good","500","125","5000","0.5990099009900991","1","64","0.7368610094355484","1","45","75","0.9999999997538733","0.9468","1.3300000000000005","0.5538","473.4","1418.2","0","0","false","0.5990099009900991","1","0.512","3.049999999999998","0.512","0.49624060150375937","0.5570342205323194","0.4426229508196721","0.515625","998","1498","0","8.526512829121202E-14","8.881784197001252E-15","true","true","true"
"187","310187","B-good","true","500","310187","B-good","500","125","5000","0.9680589764391282","1","71","0.7498818944632396","0.85","45.3","75","0.9999999999998993","0.9668","0.8300000000000007","0.5548","483.4","1448.2","0","0","false","0.9680589764391282","1","0.568","2.6999999999999993","0.568","0.5180722891566265","0.5560612329333885","0.46296296296296297","0.6197183098591549","998","1498","0","9.237055564881302E-14","3.1086244689504383E-15","true","true","true"
"189","310189","B-good","true","500","310189","B-good","500","125","5000","0.9612361174447144","1","88","0.48070269907731394","0.4","46.2","75","0.9998790613740628","0.8072","4.820000000000013","0.5388","403.6","1208.8","0.002","0","false","0.9612361174447144","1","0.704","1.8500000000000016","0.704","0.5155601659751037","0.5443508424182358","0.6486486486486487","0.5909090909090909","998","1498","0","8.526512829121202E-14","7.815970093361102E-14","true","true","true"
"188","310188","B-good","true","500","310188","B-good","500","125","5000","0.3094519384963682","0","38","0.749898366355667","0.95","44.4","75","0.9999992770095767","0.9094","2.2649999999999992","0.5396","454.7","1362.1","0","0","false","0.3094519384963682","0","0.304","4.349999999999993","0.304","0.5099337748344371","0.5425555311194193","0.5172413793103449","0.4473684210526316","998","1498","0","6.394884621840902E-14","1.0658141036401503E-14","true","true","true"
"190","310190","B-good","true","500","310190","B-good","500","125","5000","0.832766961303352","1","60","0.7461787242257067","0.8","43.5","75","0.9999999789489774","0.9636","0.9100000000000007","0.5392","481.8","1443.4","0","0","false","0.832766961303352","1","0.48","3.2499999999999973","0.48","0.4945054945054945","0.5408883354088834","0.5538461538461539","0.5666666666666667","998","1498","0","5.6843418860808015E-14","5.329070518200751E-15","true","true","true"
"191","310191","B-good","true","500","310191","B-good","500","125","5000","0.8814994686598715","1","92","0.811625369041265","1","48.9","75","0.9999999735694114","0.9734","0.6650000000000006","0.5504","486.7","1458.1","0","0","false","0.8814994686598715","1","0.736","1.6500000000000015","0.736","0.518796992481203","0.5512636120813643","0.696969696969697","0.5543478260869565","998","1498","0","1.0658141036401503E-13","0","true","true","true"
"192","310192","B-good","true","500","310192","B-good","500","125","5000","0.9783898101507787","1","95","0.6544386750136211","0.75","39.9","75","0.9999999025970296","0.953","1.1750000000000005","0.5408","476.5","1427.5","0","0","false","0.9783898101507787","1","0.76","1.5000000000000013","0.76","0.46808510638297873","0.544386149003148","0.6","0.6","998","1498","0","7.105427357601002E-14","4.440892098500626E-15","true","true","true"
"193","310193","B-good","true","500","310193","B-good","500","125","5000","0.3094519384963682","0","42","0.8867521297766828","0.9","54.3","75","0.9999999980777783","0.92","1.999999999999999","0.5548","460","1378","0","0","false","0.3094519384963682","0","0.336","4.149999999999994","0.336","0.51","0.558695652173913","0.5060240963855421","0.4523809523809524","998","1498","0","9.947598300641403E-14","1.3322676295501878E-14","true","true","true"
"194","310194","B-good","true","500","310194","B-good","500","125","5000","0.353883495145631","0","37","0.8147431013165292","0.85","50.4","75","0.9999999999754792","0.9572","1.07","0.5468","478.6","1433.8","0","0","false","0.353883495145631","0","0.296","4.399999999999993","0.296","0.49065420560747663","0.5493104889260343","0.48863636363636365","0.4594594594594595","998","1498","0","8.526512829121202E-14","1.0658141036401503E-14","true","true","true"
"195","310195","B-good","true","500","310195","B-good","500","125","5000","0.9822491904206395","1","96","0.5579848960746843","0.5","34.5","75","0.9997605491315212","0.7584","6.040000000000019","0.5324","379.2","1135.6","0.01","0","false","0.9822491904206395","1","0.768","1.4500000000000013","0.768","0.5049668874172185","0.5411392405063291","0.5517241379310345","0.6041666666666666","998","1498","0","6.039613253960852E-14","8.526512829121202E-14","true","true","true"
"196","310196","B-good","true","500","310196","B-good","500","125","5000","0.9530265597482369","1","71","0.41859435875887535","0.35","33","75","0.9832499789431595","0.8518","3.7050000000000116","0.537","425.9","1275.7","0.01","0","false","0.9530265597482369","1","0.568","2.6999999999999993","0.568","0.4966261808367072","0.5440244188776708","0.46296296296296297","0.6056338028169014","998","1498","0","8.526512829121202E-14","1.1013412404281553E-13","true","true","true"
"197","310197","B-good","true","500","310197","B-good","500","125","5000","0.8029278364278081","1","87","0.752691801838727","0.7","52.8","75","0.999999999990222","0.9608","0.9800000000000008","0.5498","480.4","1439.2","0","0","false","0.8029278364278081","1","0.696","1.9000000000000017","0.696","0.5","0.5518318068276437","0.39473684210526316","0.5402298850574713","998","1498","0","7.815970093361102E-14","0","true","true","true"
"198","310198","B-good","true","500","310198","B-good","500","125","5000","0.9009100727155935","1","97","0.7294982904238754","0.7","49.5","75","0.9999404082878283","0.9352","1.6199999999999988","0.5492","467.6","1400.8","0","0","false","0.9009100727155935","1","0.776","1.4000000000000012","0.776","0.5030864197530864","0.5523952095808383","0.39285714285714285","0.5567010309278351","998","1498","0","9.947598300641403E-14","2.398081733190338E-14","true","true","true"
"199","310199","B-good","true","500","310199","B-good","500","125","5000","0.2682825988187187","0","37","0.7608330511206163","0.8","55.5","75","0.9999401245080071","0.8888","2.780000000000008","0.5568","444.4","1331.2","0","0","false","0.2682825988187187","0","0.296","4.399999999999993","0.296","0.5251798561151079","0.5607560756075608","0.5","0.43243243243243246","998","1498","0","1.2789769243681803E-13","7.993605777301127E-14","true","true","true"
"200","310200","B-good","true","500","310200","B-good","500","125","5000","0.1411178623772057","0","31","0.5220348055650066","0.45","43.8","75","0.9999999999971075","0.96","1.000000000000001","0.5586","480","1438","0","0","false","0.1411178623772057","0","0.248","4.699999999999992","0.248","0.505","0.5608333333333333","0.5638297872340425","0.3548387096774194","998","1498","0","9.947598300641403E-14","1.2434497875801753E-14","true","true","true"
"201","310201","B-good","true","500","310201","B-good","500","125","5000","0.55","1","73","0.5373484219933672","0.5","33.3","75","0.902159157423012","0.7502","6.245000000000022","0.5444","375.1","1123.7","0.114","0.1","false","0.55","1","0.584","2.5999999999999996","0.584","0.5292233787029623","0.5494534790722474","0.5769230769230769","0.5068493150684932","998","1498","0","9.947598300641403E-14","1.8118839761882555E-13","true","true","true"
"202","310202","B-good","true","500","310202","B-good","500","125","5000","0.09908992728440649","0","23","0.7389126865776698","1","40.8","75","0.999999805805469","0.9208","1.979999999999998","0.5402","460.4","1379.2","0","0","false","0.09908992728440649","0","0.184","5.099999999999991","0.184","0.5050505050505051","0.5432232841007819","0.5392156862745098","0.2608695652173913","998","1498","0","7.815970093361102E-14","1.4210854715202004E-14","true","true","true"
"203","310203","B-good","true","500","310203","B-good","500","125","5000","0.23076011223611606","0","32","0.6299400682436385","0.7","46.2","75","0.9999999930209578","0.8382","4.044999999999998","0.5376","419.1","1255.3","0","0","false","0.23076011223611606","0","0.256","4.649999999999992","0.256","0.49814585908529047","0.5452159389167264","0.5053763440860215","0.40625","998","1498","0","5.6843418860808015E-14","2.1316282072803006E-14","true","true","true"
"204","310204","B-good","true","500","310204","B-good","500","125","5000","0.9530265597482369","1","91","0.712979724519979","0.8","49.8","75","0.9999996017134805","0.9558","1.1050000000000006","0.5398","477.9","1431.7","0","0","false","0.9530265597482369","1","0.728","1.7000000000000015","0.728","0.502262443438914","0.5415358861686546","0.5","0.5824175824175825","998","1498","0","7.105427357601002E-14","2.6645352591003757E-15","true","true","true"
"206","310206","B-good","true","500","310206","B-good","500","125","5000","0.9680589764391282","1","103","0.8165612646666874","1","55.5","75","0.9999999349366624","0.965","0.8750000000000003","0.5478","482.5","1445.5","0","0","false","0.9680589764391282","1","0.824","1.100000000000001","0.824","0.4857142857142857","0.5500518134715026","0.45454545454545453","0.5825242718446602","998","1498","0","8.526512829121202E-14","3.552713678800501E-15","true","true","true"
"205","310205","B-good","true","500","310205","B-good","500","125","5000","0.8814994686598715","1","98","0.7027194052648683","0.8","44.1","75","0.9999932952540627","0.9284","1.7899999999999985","0.539","464.2","1390.6","0","0","false","0.8814994686598715","1","0.784","1.3500000000000012","0.784","0.5251396648044693","0.540068935803533","0.5185185185185185","0.5510204081632653","998","1498","0","7.815970093361102E-14","1.9539925233402755E-14","true","true","true"
"207","310207","B-good","true","500","310207","B-good","500","125","5000","0.9314206186232206","1","93","0.8500331633603485","1","53.1","75","0.9999931966171365","0.9628","0.9300000000000004","0.5376","481.4","1442.2","0","0","false","0.9314206186232206","1","0.744","1.6000000000000014","0.744","0.5376344086021505","0.5375986705442459","0.625","0.5698924731182796","998","1498","0","6.039613253960852E-14","3.1086244689504383E-15","true","true","true"
"208","310208","B-good","true","500","310208","B-good","500","125","5000","0.8588821376227943","1","75","0.3368053582156368","0.2","30.3","75","0.9997565300403888","0.8548","3.6300000000000003","0.5322","427.4","1280.2","0","0","false","0.8588821376227943","1","0.6","2.5","0.6","0.48484848484848486","0.5402433317735142","0.5","0.56","998","1498","0","6.394884621840902E-14","1.0658141036401503E-14","true","true","true"
"209","310209","B-good","true","500","310209","B-good","500","125","5000","0.3094519384963682","0","64","0.6375840178824167","0.65","44.1","75","0.9999903750445821","0.89","2.750000000000004","0.5462","445","1333","0","0","false","0.3094519384963682","0","0.512","3.049999999999998","0.512","0.4818181818181818","0.5541573033707865","0.4426229508196721","0.46875","998","1498","0","9.237055564881302E-14","1.5987211554602254E-14","true","true","true"
"210","310210","B-good","true","500","310210","B-good","500","125","5000","0.7692398877638839","1","86","0.5915446586397307","0.7","43.8","75","0.9999999983896384","0.8702","3.2449999999999983","0.531","435.1","1303.3","0","0","false","0.7692398877638839","1","0.688","1.9500000000000017","0.688","0.44838212634822805","0.543323373937026","0.5128205128205128","0.5348837209302325","998","1498","0","5.6843418860808015E-14","2.3092638912203256E-14","true","true","true"
"211","310211","B-good","true","500","310211","B-good","500","125","5000","0.8588821376227943","1","89","0.7250020052812935","0.9","41.4","75","0.9999990884843202","0.9638","0.9050000000000009","0.5378","481.9","1443.7","0","0","false","0.8588821376227943","1","0.712","1.8000000000000016","0.712","0.44751381215469616","0.5411911184893131","0.5","0.550561797752809","998","1498","0","8.526512829121202E-14","0","true","true","true"
"213","310213","B-good","true","500","310213","B-good","500","125","5000","0.9612361174447144","1","116","0.5611749112920154","0.4","42","75","0.9999882533865471","0.831","4.225000000000006","0.525","415.5","1244.5","0","0","false","0.9612361174447144","1","0.928","0.4500000000000004","0.928","0.463905325443787","0.537424789410349","0.5555555555555556","0.5689655172413793","998","1498","0","5.3290705182007514E-14","6.572520305780927E-14","true","true","true"
"212","310212","B-good","true","500","310212","B-good","500","125","5000","0.8588821376227943","1","81","0.7516114563042369","0.7","52.8","75","0.9999997042228419","0.8936","2.6599999999999993","0.5404","446.8","1338.4","0","0","false","0.8588821376227943","1","0.648","2.200000000000001","0.648","0.5225563909774437","0.5425246195165622","0.5","0.5555555555555556","998","1498","0","7.105427357601002E-14","2.4868995751603507E-14","true","true","true"
"214","310214","B-good","true","500","310214","B-good","500","125","5000","0.9934177025814358","1","115","0.5435065741083974","0.4","37.2","75","0.9499856218509926","0.8546","3.635000000000008","0.5326","427.3","1279.9","0.066","0.1","false","0.9934177025814358","1","0.92","0.5000000000000004","0.92","0.48418156808803303","0.5408378188626258","0.6","0.6086956521739131","998","1498","0","6.394884621840902E-14","8.526512829121202E-14","true","true","true"
"215","310215","B-good","true","500","310215","B-good","500","125","5000","0.832766961303352","1","90","0.5357395637277614","0.55","45.9","75","0.9999999999874378","0.9438","1.4050000000000007","0.5476","471.9","1413.7","0","0","false","0.832766961303352","1","0.72","1.7500000000000016","0.72","0.5088967971530249","0.5499046408137317","0.4","0.5444444444444444","998","1498","0","7.105427357601002E-14","4.884981308350689E-15","true","true","true"
"217","310217","B-good","true","500","310217","B-good","500","125","5000","0.8588821376227943","1","77","0.6680014034183183","0.7","50.7","75","0.9999999995715949","0.9662","0.8450000000000009","0.5454","483.1","1447.3","0","0","false","0.8588821376227943","1","0.616","2.4000000000000004","0.616","0.591715976331361","0.5437797557441524","0.5","0.5584415584415584","998","1498","0","6.039613253960852E-14","1.7763568394002505E-15","true","true","true"
"216","310216","B-good","true","500","310216","B-good","500","125","5000","0.3094519384963682","0","46","0.7638990299077717","0.9","54","75","0.9999999997255798","0.9694","0.7650000000000008","0.555","484.7","1452.1","0","0","false","0.3094519384963682","0","0.368","3.949999999999995","0.368","0.5686274509803921","0.5545698370125851","0.5569620253164557","0.45652173913043476","998","1498","0","1.0658141036401503E-13","8.881784197001252E-15","true","true","true"
"218","310218","B-good","true","500","310218","B-good","500","125","5000","0.3094519384963682","0","50","0.4570481145759243","0.4","34.5","75","0.9999999951075678","0.8946","2.634999999999999","0.541","447.3","1339.9","0","0","false","0.3094519384963682","0","0.4","3.7499999999999956","0.4","0.5161290322580645","0.5439302481556003","0.4666666666666667","0.46","998","1498","0","5.3290705182007514E-14","1.1546319456101628E-14","true","true","true"
"219","310219","B-good","true","500","310219","B-good","500","125","5000","0.8588821376227943","1","63","0.6900588613963969","0.8","42","75","0.999999999999635","0.914","2.1499999999999986","0.5548","457","1369","0","0","false","0.8588821376227943","1","0.504","3.099999999999998","0.504","0.5162790697674419","0.5584245076586434","0.43548387096774194","0.5714285714285714","998","1498","0","8.526512829121202E-14","1.5987211554602254E-14","true","true","true"
"220","310220","B-good","true","500","310220","B-good","500","125","5000","0.5","0.5","46","0.6517661459889005","0.8","45.3","75","0.9999999992116354","0.9008","2.480000000000001","0.5504","450.4","1349.2","0","0","false","0.5","0.5","0.368","3.949999999999995","0.368","0.5161290322580645","0.5541740674955595","0.5189873417721519","0.5","998","1498","0","7.815970093361102E-14","1.1546319456101628E-14","true","true","true"
"221","310221","B-good","true","500","310221","B-good","500","125","5000","0.2682825988187187","0","47","0.4841822393941289","0.4","38.7","75","0.999999999873286","0.8606","3.484999999999995","0.5444","430.3","1288.9","0","0","false","0.2682825988187187","0","0.376","3.899999999999995","0.376","0.5222381635581061","0.5479897745758773","0.4358974358974359","0.44680851063829785","998","1498","0","6.039613253960852E-14","2.4868995751603507E-14","true","true","true"
"222","310222","B-good","true","500","310222","B-good","500","125","5000","0.8029278364278081","1","85","0.8143609162368755","0.95","53.7","75","0.9999999927905773","0.959","1.025","0.5478","479.5","1436.5","0","0","false","0.8029278364278081","1","0.68","2.0000000000000018","0.68","0.5170731707317073","0.5491136600625651","0.6","0.5411764705882353","998","1498","0","9.947598300641403E-14","6.217248937900877E-15","true","true","true"
"223","310223","B-good","true","500","310223","B-good","500","125","5000","0.5990099009900991","1","86","0.5853924256102083","0.8","36.6","75","0.9999999999920087","0.9104","2.2399999999999993","0.5506","455.2","1363.6","0","0","false","0.5990099009900991","1","0.688","1.9500000000000017","0.688","0.49107142857142855","0.5564586994727593","0.38461538461538464","0.5116279069767442","998","1498","0","8.526512829121202E-14","2.3092638912203256E-14","true","true","true"
"224","310224","B-good","true","500","310224","B-good","500","125","5000","0.5","0.5","50","0.5143441457639362","0.55","35.7","75","0.9999999799800076","0.898","2.5499999999999985","0.5408","449","1345","0","0","false","0.5","0.5","0.4","3.7499999999999956","0.4","0.5235294117647059","0.542761692650334","0.49333333333333335","0.5","998","1498","0","7.105427357601002E-14","2.3092638912203256E-14","true","true","true"
"225","310225","B-good","true","500","310225","B-good","500","125","5000","0.167233038696648","0","20","0.806327122854932","0.9","57.6","75","0.9999999798253422","0.9292","1.769999999999999","0.5418","464.6","1391.8","0","0","false","0.167233038696648","0","0.16","5.24999999999999","0.16","0.4915254237288136","0.5456306500215239","0.4666666666666667","0.3","998","1498","0","7.815970093361102E-14","1.5987211554602254E-14","true","true","true"
"226","310226","B-good","true","500","310226","B-good","500","125","5000","0.23076011223611606","0","58","0.7050046094393547","0.7","45.9","75","0.9999999991236038","0.9068","2.329999999999997","0.5524","453.4","1358.2","0","0","false","0.23076011223611606","0","0.464","3.349999999999997","0.464","0.5128755364806867","0.5564622849580944","0.5522388059701493","0.4482758620689655","998","1498","0","8.526512829121202E-14","2.4868995751603507E-14","true","true","true"
"227","310227","B-good","true","500","310227","B-good","500","125","5000","0.6905480615036318","1","90","0.6247276159414451","0.7","46.2","75","0.9999670836786334","0.7876","5.310000000000006","0.532","393.8","1179.4","0","0","false","0.6905480615036318","1","0.72","1.7500000000000016","0.72","0.4915254237288136","0.542915185373286","0.42857142857142855","0.5222222222222223","998","1498","0","5.6843418860808015E-14","7.638334409421077E-14","true","true","true"
"228","310228","B-good","true","500","310228","B-good","500","125","5000","0.08256102523025849","0","46","0.6240282977943297","0.65","50.4","75","0.9999999999605308","0.922","1.9499999999999982","0.5566","461","1381","0","0","false","0.08256102523025849","0","0.368","3.949999999999995","0.368","0.4948717948717949","0.561822125813449","0.5822784810126582","0.3695652173913043","998","1498","0","1.2079226507921703E-13","1.3322676295501878E-14","true","true","true"
"230","310230","B-good","true","500","310230","B-good","500","125","5000","0.9174389747697416","1","80","0.5028001436436906","0.55","46.8","75","0.999999955340038","0.9092","2.269999999999999","0.5484","454.6","1361.8","0","0","false","0.9174389747697416","1","0.64","2.250000000000001","0.64","0.5","0.5532336119665641","0.35555555555555557","0.575","998","1498","0","8.526512829121202E-14","8.881784197001252E-15","true","true","true"
"229","310229","B-good","true","500","310229","B-good","500","125","5000","0.3094519384963682","0","38","0.8154526182108273","0.9","49.2","75","0.999999999996861","0.934","1.6499999999999992","0.5448","467","1399","0","0","false","0.3094519384963682","0","0.304","4.349999999999993","0.304","0.44242424242424244","0.55203426124197","0.4482758620689655","0.4473684210526316","998","1498","0","7.105427357601002E-14","1.0658141036401503E-14","true","true","true"
"231","310231","B-good","true","500","310231","B-good","500","125","5000","0.8029278364278081","1","83","0.7474528680415724","0.85","45.3","75","0.9999999707522044","0.9436","1.41","0.5498","471.8","1413.4","0","0","false","0.8029278364278081","1","0.664","2.1000000000000014","0.664","0.49645390070921985","0.552988554472234","0.40476190476190477","0.5421686746987951","998","1498","0","1.1368683772161603E-13","1.2434497875801753E-14","true","true","true"
"232","310232","B-good","true","500","310232","B-good","500","125","5000","0.9174389747697416","1","92","0.6782408536001684","0.8","45.6","75","0.9999486527038997","0.9366","1.5850000000000004","0.5292","468.3","1402.9","0.004","0","false","0.9174389747697416","1","0.736","1.6500000000000015","0.736","0.5299684542586751","0.5291479820627802","0.5757575757575758","0.5652173913043478","998","1498","0","4.618527782440651E-14","3.9968028886505635E-15","true","true","true"
"234","310234","B-good","true","500","310234","B-good","500","125","5000","0.7692398877638839","1","72","0.6429429750488916","0.6","37.8","75","0.9999998872256619","0.8808","2.979999999999995","0.546","440.4","1319.2","0","0","false","0.7692398877638839","1","0.576","2.6499999999999995","0.576","0.5285234899328859","0.5483651226158038","0.41509433962264153","0.5416666666666666","998","1498","0","9.237055564881302E-14","2.3092638912203256E-14","true","true","true"
"233","310233","B-good","true","500","310233","B-good","500","125","5000","0.9612361174447144","1","104","0.6411780457360561","0.7","42.9","75","0.9999999999282421","0.9656","0.8600000000000009","0.5574","482.8","1446.4","0","0","false","0.9612361174447144","1","0.832","1.050000000000001","0.832","0.5290697674418605","0.5584092792046396","0.6190476190476191","0.5769230769230769","998","1498","0","9.947598300641403E-14","0","true","true","true"
"235","310235","B-good","true","500","310235","B-good","500","125","5000","0.7692398877638839","1","84","0.7370635389529246","1","47.1","75","0.9999999999940223","0.9646","0.8850000000000009","0.5552","482.3","1444.9","0","0","false","0.7692398877638839","1","0.672","2.0500000000000016","0.672","0.5649717514124294","0.5548413850300643","0.43902439024390244","0.5357142857142857","998","1498","0","8.526512829121202E-14","0","true","true","true"
"236","310236","B-good","true","500","310236","B-good","500","125","5000","0.9174389747697416","1","68","0.8342626163302771","0.95","49.5","75","0.9999999999182201","0.9334","1.6649999999999991","0.5496","466.7","1398.1","0","0","false","0.9174389747697416","1","0.544","2.8499999999999988","0.544","0.4954954954954955","0.5534604671094921","0.5087719298245614","0.5882352941176471","998","1498","0","9.237055564881302E-14","1.1546319456101628E-14","true","true","true"
"238","310238","B-good","true","500","310238","B-good","500","125","5000","0.2682825988187187","0","35","0.7315006819735415","0.85","39.6","75","0.9999999994471656","0.9234","1.9149999999999998","0.5484","461.7","1383.1","0","0","false","0.2682825988187187","0","0.28","4.499999999999993","0.28","0.4960835509138381","0.5527398743773013","0.5","0.42857142857142855","998","1498","0","8.526512829121202E-14","1.0658141036401503E-14","true","true","true"
"237","310237","B-good","true","500","310237","B-good","500","125","5000","0.11850053134012864","0","40","0.6815559729679536","0.8","43.2","75","0.9999999923788506","0.952","1.200000000000001","0.5448","476","1426","0","0","false","0.11850053134012864","0","0.32","4.249999999999994","0.32","0.4625","0.5489495798319328","0.43529411764705883","0.375","998","1498","0","8.526512829121202E-14","9.769962616701378E-15","true","true","true"
"239","310239","B-good","true","500","310239","B-good","500","125","5000","0.9737137791228572","1","104","0.5362448886573504","0.55","39.9","75","0.9999998274294704","0.9034","2.414999999999999","0.5372","451.7","1353.1","0","0","false","0.9737137791228572","1","0.832","1.050000000000001","0.832","0.47619047619047616","0.5437237104272747","0.47619047619047616","0.5865384615384616","998","1498","0","6.394884621840902E-14","1.865174681370263E-14","true","true","true"
"240","310240","B-good","true","500","310240","B-good","500","125","5000","0.7317174011812813","1","83","0.893715204707191","1","49.8","75","0.9999999999992264","0.9768","0.5800000000000006","0.557","488.4","1463.2","0","0","false","0.7317174011812813","1","0.664","2.1000000000000014","0.664","0.5689655172413793","0.5567158067158067","0.5238095238095238","0.5301204819277109","998","1498","0","8.526512829121202E-14","4.440892098500626E-16","true","true","true"
"241","310241","B-good","true","500","310241","B-good","500","125","5000","0.9946080309222399","1","112","0.6174457724883348","0.65","42","75","0.9999999999834219","0.9394","1.515","0.5454","469.7","1407.1","0","0","false","0.9946080309222399","1","0.896","0.6500000000000006","0.896","0.5379537953795379","0.5458803491590377","0.3076923076923077","0.6160714285714286","998","1498","0","5.6843418860808015E-14","9.769962616701378E-15","true","true","true"
"242","310242","B-good","true","500","310242","B-good","500","125","5000","0.9530265597482369","1","73","0.6293636778398214","0.7","45","75","0.9982204094615674","0.8822","2.944999999999996","0.5384","441.1","1321.3","0.012","0","false","0.9530265597482369","1","0.584","2.5999999999999996","0.584","0.5161290322580645","0.5413738381319428","0.5961538461538461","0.6027397260273972","998","1498","0","8.526512829121202E-14","2.3092638912203256E-14","true","true","true"
"243","310243","B-good","true","500","310243","B-good","500","125","5000","0.9314206186232206","1","115","0.44490523615919936","0.3","41.4","75","0.9998376347125022","0.8854","2.8649999999999984","0.5376","442.7","1326.1","0","0","false","0.9314206186232206","1","0.92","0.5000000000000004","0.92","0.5043630017452007","0.5419019652134628","0.4","0.5565217391304348","998","1498","0","6.039613253960852E-14","1.0658141036401503E-14","true","true","true"
"244","310244","B-good","true","500","310244","B-good","500","125","5000","0.1411178623772057","0","27","0.5381875259567649","0.6","33.9","75","0.9999967485423398","0.9108","2.2299999999999986","0.531","455.4","1364.2","0","0","false","0.1411178623772057","0","0.216","4.8999999999999915","0.216","0.47085201793721976","0.5368906455862977","0.5408163265306123","0.3333333333333333","998","1498","0","6.394884621840902E-14","2.3092638912203256E-14","true","true","true"
"245","310245","B-good","true","500","310245","B-good","500","125","5000","0.646116504854369","1","83","0.8241450378885504","0.9","49.8","75","0.9999999999976886","0.9694","0.7650000000000007","0.5502","484.7","1452.1","0","0","false","0.646116504854369","1","0.664","2.1000000000000014","0.664","0.49019607843137253","0.5520940788116361","0.47619047619047616","0.5180722891566265","998","1498","0","7.815970093361102E-14","4.440892098500626E-16","true","true","true"
"246","310246","B-good","true","500","310246","B-good","500","125","5000","0.9680589764391282","1","107","0.6151550401111704","0.7","34.8","75","0.9999999999782722","0.919","2.0249999999999995","0.552","459.5","1376.5","0","0","false","0.9680589764391282","1","0.856","0.9000000000000008","0.856","0.5061728395061729","0.5560391730141458","0.6111111111111112","0.5794392523364486","998","1498","0","7.815970093361102E-14","1.509903313490213E-14","true","true","true"
"247","310247","B-good","true","500","310247","B-good","500","125","5000","0.167233038696648","0","54","0.5452620938763569","0.5","41.7","75","0.9999999995841083","0.9198","2.005","0.5424","459.9","1377.7","0","0","false","0.167233038696648","0","0.432","3.5499999999999963","0.432","0.5411471321695761","0.5425092411393782","0.6056338028169014","0.42592592592592593","998","1498","0","4.618527782440651E-14","7.993605777301127E-15","true","true","true"
"248","310248","B-good","true","500","310248","B-good","500","125","5000","0.44999999999999996","0","53","0.6000083063315386","0.7","35.7","75","0.9999999893084149","0.93","1.7499999999999996","0.544","465","1393","0","0","false","0.44999999999999996","0","0.424","3.599999999999996","0.424","0.4828571428571429","0.5486021505376344","0.4722222222222222","0.49056603773584906","998","1498","0","6.394884621840902E-14","1.0658141036401503E-14","true","true","true"
"250","310250","B-good","true","500","310250","B-good","500","125","5000","0.5990099009900991","1","74","0.48392563920146614","0.35","29.7","75","0.9999999998027661","0.8614","3.4649999999999954","0.5458","430.7","1290.1","0","0","false","0.5990099009900991","1","0.592","2.55","0.592","0.48484848484848486","0.5556071511492918","0.5098039215686274","0.5135135135135135","998","1498","0","9.237055564881302E-14","2.042810365310288E-14","true","true","true"
"249","310249","B-good","true","500","310249","B-good","500","125","5000","0.4009900990099009","0","46","0.5767311167044525","0.6","32.4","75","0.9999989031108478","0.8952","2.6199999999999983","0.5374","447.6","1340.8","0","0","false","0.4009900990099009","0","0.368","3.949999999999995","0.368","0.4961832061068702","0.542225201072386","0.45569620253164556","0.4782608695652174","998","1498","0","7.815970093361102E-14","1.2434497875801753E-14","true","true","true"
"251","310251","B-good","true","500","310251","B-good","500","125","5000","0.832766961303352","1","94","0.6565778868132846","0.6","43.2","75","0.9999999717606081","0.963","0.9250000000000009","0.5456","481.5","1442.5","0","0","false","0.832766961303352","1","0.752","1.5500000000000014","0.752","0.5135135135135135","0.5468328141225337","0.6129032258064516","0.5425531914893617","998","1498","0","7.815970093361102E-14","0","true","true","true"
"252","310252","B-good","true","500","310252","B-good","500","125","5000","0.7692398877638839","1","92","0.8147453971794276","1","46.5","75","0.9999999997118568","0.9734","0.6650000000000006","0.5498","486.7","1458.1","0","0","false","0.7692398877638839","1","0.736","1.6500000000000015","0.736","0.47368421052631576","0.5518800082186152","0.696969696969697","0.532608695652174","998","1498","0","7.815970093361102E-14","0","true","true","true"
"253","310253","B-good","true","500","310253","B-good","500","125","5000","0.9174389747697416","1","94","0.6158198152275871","0.7","42.3","75","0.999999988295713","0.9058","2.3549999999999973","0.5444","452.9","1356.7","0","0","false","0.9174389747697416","1","0.752","1.5500000000000014","0.752","0.5498938428874734","0.5438286597482888","0.4838709677419355","0.5638297872340425","998","1498","0","7.815970093361102E-14","2.220446049250313E-14","true","true","true"
"254","310254","B-good","true","500","310254","B-good","500","125","5000","0.9530265597482369","1","81","0.6455228272162387","0.8","38.1","75","0.9999999978153824","0.9526","1.1850000000000012","0.5436","476.3","1426.9","0","0","false","0.9530265597482369","1","0.648","2.200000000000001","0.648","0.45147679324894513","0.5481839176989293","0.4090909090909091","0.5925925925925926","998","1498","0","7.815970093361102E-14","8.881784197001252E-16","true","true","true"
"255","310255","B-good","true","500","310255","B-good","500","125","5000","0.5","0.5","54","0.601226121112333","0.65","41.4","75","0.9999999976833012","0.903","2.424999999999998","0.5396","451.5","1352.5","0","0","false","0.5","0.5","0.432","3.5499999999999963","0.432","0.5154639175257731","0.5421926910299003","0.49295774647887325","0.5","998","1498","0","7.105427357601002E-14","1.865174681370263E-14","true","true","true"
"256","310256","B-good","true","500","310256","B-good","500","125","5000","0.9783898101507787","1","105","0.6066919846336722","0.55","39.3","75","0.9999999453146003","0.9264","1.8399999999999999","0.546","463.2","1387.6","0","0","false","0.9783898101507787","1","0.84","1.0000000000000009","0.84","0.5190217391304348","0.5481433506044905","0.55","0.5904761904761905","998","1498","0","8.526512829121202E-14","8.881784197001252E-15","true","true","true"
"257","310257","B-good","true","500","310257","B-good","500","125","5000","0.832766961303352","1","90","0.7878348914983259","1","46.5","75","0.9999999970381444","0.972","0.7000000000000005","0.5438","486","1456","0","0","false","0.832766961303352","1","0.72","1.7500000000000016","0.72","0.42142857142857143","0.5473251028806584","0.5428571428571428","0.5444444444444444","998","1498","0","7.815970093361102E-14","0","true","true","true"
"258","310258","B-good","true","500","310258","B-good","500","125","5000","0.832766961303352","1","112","0.4171962261978502","0.3","37.8","75","0.9999999707518583","0.7878","5.304999999999999","0.544","393.9","1179.7","0","0","false","0.832766961303352","1","0.896","0.6500000000000006","0.896","0.5146088595664468","0.5519167301345519","0.5384615384615384","0.5357142857142857","998","1498","0","9.237055564881302E-14","2.3092638912203256E-14","true","true","true"
"259","310259","B-good","true","500","310259","B-good","500","125","5000","0.7317174011812813","1","55","0.6178232549548792","0.5","50.1","75","0.9999999978985381","0.93","1.75","0.5396","465","1393","0","0","false","0.7317174011812813","1","0.44","3.4999999999999964","0.44","0.44571428571428573","0.5466666666666666","0.4","0.5454545454545454","998","1498","0","7.105427357601002E-14","7.105427357601002E-15","true","true","true"
"260","310260","B-good","true","500","310260","B-good","500","125","5000","0.353883495145631","0","73","0.6432265382232958","0.7","38.7","75","0.9999998122691443","0.9448","1.380000000000001","0.5496","472.4","1415.2","0","0","false","0.353883495145631","0","0.584","2.5999999999999996","0.584","0.4927536231884058","0.5529212531752752","0.4423076923076923","0.4794520547945205","998","1498","0","9.237055564881302E-14","3.552713678800501E-15","true","true","true"
"261","310261","B-good","true","500","310261","B-good","500","125","5000","0.55","1","63","0.4616027716166358","0.6","35.4","75","0.99999999999848","0.8906","2.7349999999999977","0.5524","445.3","1333.9","0","0","false","0.55","1","0.504","3.099999999999998","0.504","0.5173674588665448","0.5567033460588368","0.5645161290322581","0.5079365079365079","998","1498","0","7.815970093361102E-14","1.865174681370263E-14","true","true","true"
"262","310262","B-good","true","500","310262","B-good","500","125","5000","0.9737137791228572","1","90","0.6503708429403664","0.7","42.9","75","0.999999999406503","0.9472","1.3200000000000007","0.5436","473.6","1418.8","0","0","false","0.9737137791228572","1","0.72","1.7500000000000016","0.72","0.4810606060606061","0.5470861486486487","0.4","0.6","998","1498","0","6.394884621840902E-14","2.220446049250313E-15","true","true","true"
"263","310263","B-good","true","500","310263","B-good","500","125","5000","0.646116504854369","1","91","0.34988690181553567","0.25","24.6","75","0.9935904274131386","0.7738","5.655000000000003","0.5254","386.9","1158.7","0.018","0","false","0.646116504854369","1","0.728","1.7000000000000015","0.728","0.502210433244916","0.5321788575859395","0.5294117647058824","0.5164835164835165","998","1498","0","5.3290705182007514E-14","8.526512829121202E-14","true","true","true"
"264","310264","B-good","true","500","310264","B-good","500","125","5000","0.8588821376227943","1","73","0.7797323050393276","0.9","43.5","75","0.9999999999970498","0.8626","3.434999999999996","0.551","431.3","1291.9","0","0","false","0.8588821376227943","1","0.584","2.5999999999999996","0.584","0.48034934497816595","0.5622536517505217","0.5","0.5616438356164384","998","1498","0","1.0658141036401503E-13","2.3092638912203256E-14","true","true","true"
"265","310265","B-good","true","500","310265","B-good","500","125","5000","0.9854295854981023","1","117","0.600351907171053","0.5","44.7","75","0.9999975495344507","0.9046","2.3849999999999976","0.5446","452.3","1354.9","0","0","false","0.9854295854981023","1","0.936","0.40000000000000036","0.936","0.49266247379454925","0.550077382268406","0.375","0.5897435897435898","998","1498","0","7.815970093361102E-14","1.9539925233402755E-14","true","true","true"
"266","310266","B-good","true","500","310266","B-good","500","125","5000","0.3094519384963682","0","58","0.7292791762496174","1","45.6","75","0.9999999999875296","0.9094","2.264999999999997","0.5482","454.7","1362.1","0","0","false","0.3094519384963682","0","0.464","3.349999999999997","0.464","0.48344370860927155","0.5546514185177039","0.4925373134328358","0.46551724137931033","998","1498","0","7.815970093361102E-14","2.1316282072803006E-14","true","true","true"
"267","310267","B-good","true","500","310267","B-good","500","125","5000","0.832766961303352","1","98","0.6468662657387654","0.6","45.9","75","0.999999999993571","0.9456","1.359999999999999","0.5518","472.8","1416.4","0","0","false","0.832766961303352","1","0.784","1.3500000000000012","0.784","0.4742647058823529","0.5562605752961083","0.5185185185185185","0.5408163265306123","998","1498","0","8.526512829121202E-14","1.687538997430238E-14","true","true","true"
"268","310268","B-good","true","500","310268","B-good","500","125","5000","0.5990099009900991","1","66","0.6602975538920398","0.75","39.3","75","0.9999271646273009","0.8906","2.7350000000000008","0.5398","445.3","1333.9","0","0","false","0.5990099009900991","1","0.528","2.9499999999999984","0.528","0.5137111517367459","0.5430047159218504","0.5084745762711864","0.5151515151515151","998","1498","0","7.815970093361102E-14","2.1316282072803006E-14","true","true","true"
"269","310269","B-good","true","500","310269","B-good","500","125","5000","0.9854295854981023","1","99","0.5799306781032136","0.65","38.4","75","0.9999999999851525","0.8904","2.739999999999997","0.5462","445.2","1333.6","0","0","false","0.9854295854981023","1","0.792","1.3000000000000012","0.792","0.5091240875912408","0.550763701707098","0.5384615384615384","0.6060606060606061","998","1498","0","6.394884621840902E-14","2.4868995751603507E-14","true","true","true"
"270","310270","B-good","true","500","310270","B-good","500","125","5000","0.4009900990099009","0","36","0.8612945727535409","0.9","51.9","75","0.999997587116775","0.968","0.8000000000000007","0.5344","484","1450","0","0","false","0.4009900990099009","0","0.288","4.449999999999993","0.288","0.53125","0.5345041322314049","0.5168539325842697","0.4722222222222222","998","1498","0","7.105427357601002E-14","1.0658141036401503E-14","true","true","true"
"271","310271","B-good","true","500","310271","B-good","500","125","5000","0.2682825988187187","0","51","0.38372327370042314","0.3","29.7","75","0.9999994924783582","0.808","4.7999999999999945","0.5394","404","1210","0","0","false","0.2682825988187187","0","0.408","3.6999999999999957","0.408","0.49375","0.5502475247524753","0.47297297297297297","0.45098039215686275","998","1498","0","7.815970093361102E-14","2.220446049250313E-14","true","true","true"
"272","310272","B-good","true","500","310272","B-good","500","125","5000","0.5990099009900991","1","78","0.60982007172332","0.7","37.5","75","0.9999999996123654","0.9072","2.3199999999999976","0.5448","453.6","1358.8","0","0","false","0.5990099009900991","1","0.624","2.3500000000000005","0.624","0.5043103448275862","0.548941798941799","0.48936170212765956","0.5128205128205128","998","1498","0","7.105427357601002E-14","1.7763568394002505E-14","true","true","true"
"273","310273","B-good","true","500","310273","B-good","500","125","5000","0.832766961303352","1","76","0.7445822478937514","0.9","48.9","75","0.9999999463563671","0.9166","2.084999999999998","0.5464","458.3","1372.9","0","0","false","0.832766961303352","1","0.608","2.45","0.608","0.5299760191846523","0.5478943923194414","0.40816326530612246","0.5526315789473685","998","1498","0","8.526512829121202E-14","1.1546319456101628E-14","true","true","true"
"274","310274","B-good","true","500","310274","B-good","500","125","5000","0.9680589764391282","1","91","0.6366329828725636","0.8","39","75","0.9999999966589161","0.9092","2.2699999999999987","0.5472","454.6","1361.8","0","0","false","0.9680589764391282","1","0.728","1.7000000000000015","0.728","0.5176211453744494","0.5501539815222173","0.6176470588235294","0.5934065934065934","998","1498","0","8.526512829121202E-14","1.3322676295501878E-14","true","true","true"
"275","310275","B-good","true","500","310275","B-good","500","125","5000","0.353883495145631","0","71","0.45285808878476386","0.45","34.8","75","0.9999999999999887","0.9216","1.9600000000000004","0.5582","460.8","1380.4","0","0","false","0.353883495145631","0","0.568","2.6999999999999993","0.568","0.5229591836734694","0.5611979166666666","0.46296296296296297","0.4788732394366197","998","1498","0","8.526512829121202E-14","5.329070518200751E-15","true","true","true"
"276","310276","B-good","true","500","310276","B-good","500","125","5000","0.55","1","65","0.7775506702251139","0.95","49.2","75","0.9999999998407224","0.978","0.5500000000000005","0.5554","489","1465","0","0","false","0.55","1","0.52","2.9999999999999982","0.52","0.5272727272727272","0.5560327198364008","0.5833333333333334","0.5076923076923077","998","1498","0","9.237055564881302E-14","4.440892098500626E-15","true","true","true"
"277","310277","B-good","true","500","310277","B-good","500","125","5000","0.3094519384963682","0","48","0.5088494951243618","0.45","37.5","75","0.9999999999900361","0.9066","2.334999999999998","0.5506","453.3","1357.9","0","0","false","0.3094519384963682","0","0.384","3.849999999999995","0.384","0.48394004282655245","0.557467460842709","0.45454545454545453","0.4583333333333333","998","1498","0","9.237055564881302E-14","1.865174681370263E-14","true","true","true"
"278","310278","B-good","true","500","310278","B-good","500","125","5000","0.1970721635721919","0","39","0.3884497132420824","0.2","30.9","75","0.9999999960108873","0.9158","2.1049999999999986","0.5466","457.9","1371.7","0","0","false","0.1970721635721919","0","0.312","4.299999999999994","0.312","0.503562945368171","0.5505568901506879","0.5465116279069767","0.41025641025641024","998","1498","0","8.526512829121202E-14","1.3322676295501878E-14","true","true","true"
"279","310279","B-good","true","500","310279","B-good","500","125","5000","0.9783898101507787","1","91","0.6188188372533444","0.65","39.9","75","0.9999999994324391","0.8934","2.664999999999997","0.5448","446.7","1338.1","0","0","false","0.9783898101507787","1","0.728","1.7000000000000015","0.728","0.49343339587242024","0.5509290351466308","0.35294117647058826","0.6043956043956044","998","1498","0","8.526512829121202E-14","2.220446049250313E-14","true","true","true"
"280","310280","B-good","true","500","310280","B-good","500","125","5000","0.5","0.5","68","0.5974067895917187","0.7","45.6","75","0.9999979339236955","0.8614","3.4649999999999976","0.5392","430.7","1290.1","0","0","false","0.5","0.5","0.544","2.8499999999999988","0.544","0.48773448773448774","0.5474808451358254","0.47368421052631576","0.5","998","1498","0","7.815970093361102E-14","2.5757174171303632E-14","true","true","true"
"281","310281","B-good","true","500","310281","B-good","500","125","5000","0.2682825988187187","0","77","0.6956249218699776","0.9","46.5","75","0.9999999950908872","0.9688","0.7800000000000008","0.5578","484.4","1451.2","0","0","false","0.2682825988187187","0","0.616","2.4000000000000004","0.616","0.5576923076923077","0.5578034682080925","0.3958333333333333","0.4675324675324675","998","1498","0","9.947598300641403E-14","1.7763568394002505E-15","true","true","true"
"282","310282","B-good","true","500","310282","B-good","500","125","5000","0.646116504854369","1","61","0.6599956579324829","0.75","47.7","75","0.9999999985713615","0.953","1.1750000000000005","0.5406","476.5","1427.5","0","0","false","0.646116504854369","1","0.488","3.1999999999999975","0.488","0.49361702127659574","0.5429171038824764","0.46875","0.5245901639344263","998","1498","0","7.105427357601002E-14","5.329070518200751E-15","true","true","true"
"283","310283","B-good","true","500","310283","B-good","500","125","5000","0.8588821376227943","1","97","0.6025164672268829","0.6","47.4","75","0.9999999994575373","0.9614","0.965000000000001","0.5406","480.7","1440.1","0","0","false","0.8588821376227943","1","0.776","1.4000000000000012","0.776","0.44559585492227977","0.5444143956729769","0.5714285714285714","0.5463917525773195","998","1498","0","5.3290705182007514E-14","0","true","true","true"
"284","310284","B-good","true","500","310284","B-good","500","125","5000","0.6905480615036318","1","64","0.5263110192499412","0.45","36.3","75","0.9999731894882125","0.8868","2.8299999999999974","0.5472","443.4","1328.2","0","0","false","0.6905480615036318","1","0.512","3.049999999999998","0.512","0.4876325088339223","0.5548037889039242","0.45901639344262296","0.53125","998","1498","0","1.0658141036401503E-13","2.3092638912203256E-14","true","true","true"
"285","310285","B-good","true","500","310285","B-good","500","125","5000","0.1970721635721919","0","51","0.7684026926042576","0.9","40.2","75","0.9999999996717909","0.9656","0.8600000000000009","0.5476","482.8","1446.4","0","0","false","0.1970721635721919","0","0.408","3.6999999999999957","0.408","0.5058139534883721","0.5490886495443248","0.36486486486486486","0.43137254901960786","998","1498","0","7.105427357601002E-14","7.549516567451064E-15","true","true","true"
"286","310286","B-good","true","500","310286","B-good","500","125","5000","0.9963840547280801","1","110","0.737537903964048","0.8","49.5","75","0.9999999999912601","0.9658","0.8550000000000008","0.5534","482.9","1446.7","0","0","false","0.9963840547280801","1","0.88","0.7500000000000007","0.88","0.5263157894736842","0.5543590805549803","0.6","0.6272727272727273","998","1498","0","8.526512829121202E-14","0","true","true","true"
"287","310287","B-good","true","500","310287","B-good","500","125","5000","0.9783898101507787","1","113","0.5716315422560799","0.65","43.8","75","0.9999124365602483","0.927","1.8250000000000004","0.5318","463.5","1388.5","0.002","0","false","0.9783898101507787","1","0.904","0.6000000000000005","0.904","0.4931506849315068","0.5348435814455232","0.5833333333333334","0.584070796460177","998","1498","0","5.3290705182007514E-14","4.440892098500626E-15","true","true","true"
"288","310288","B-good","true","500","310288","B-good","500","125","5000","0.5","0.5","64","0.6392170522828493","0.6","39","75","0.9997563513800707","0.854","3.650000000000007","0.539","427","1279","0.018","0","false","0.5","0.5","0.512","3.049999999999998","0.512","0.4904109589041096","0.5473067915690867","0.47540983606557374","0.5","998","1498","0","9.947598300641403E-14","7.815970093361102E-14","true","true","true"
"289","310289","B-good","true","500","310289","B-good","500","125","5000","0.646116504854369","1","83","0.8362548722430985","1","61.2","75","0.9999999989359194","0.9874","0.3150000000000002","0.5554","493.7","1479.1","0","0","false","0.646116504854369","1","0.664","2.1000000000000014","0.664","0.5238095238095238","0.5558031193032206","0.5476190476190477","0.5180722891566265","998","1498","0","1.2079226507921703E-13","4.440892098500626E-16","true","true","true"
"290","310290","B-good","true","500","310290","B-good","500","125","5000","0.646116504854369","1","73","0.4775012450693765","0.5","37.2","75","0.9999999999782233","0.9276","1.81","0.549","463.8","1389.4","0","0","false","0.646116504854369","1","0.584","2.5999999999999996","0.584","0.4889502762430939","0.553686934023286","0.46153846153846156","0.5205479452054794","998","1498","0","7.105427357601002E-14","5.773159728050814E-15","true","true","true"
"291","310291","B-good","true","500","310291","B-good","500","125","5000","0.44999999999999996","0","51","0.7599894809945608","0.9","39.6","75","0.9999880045664347","0.9566","1.0850000000000009","0.5448","478.3","1432.9","0","0","false","0.44999999999999996","0","0.408","3.6999999999999957","0.408","0.5391705069124424","0.5450554045578089","0.5675675675675675","0.49019607843137253","998","1498","0","9.947598300641403E-14","7.549516567451064E-15","true","true","true"
"292","310292","B-good","true","500","310292","B-good","500","125","5000","0.832766961303352","1","92","0.7457768477152078","0.75","47.4","75","0.9999999991932373","0.9732","0.6700000000000006","0.5468","486.6","1457.8","0","0","false","0.832766961303352","1","0.736","1.6500000000000015","0.736","0.5074626865671642","0.5478832716810522","0.45454545454545453","0.5434782608695652","998","1498","0","8.526512829121202E-14","0","true","true","true"
"293","310293","B-good","true","500","310293","B-good","500","125","5000","0.353883495145631","0","49","0.700815643344056","0.7","49.5","75","0.9999999999955131","0.9582","1.0450000000000008","0.5594","479.1","1435.3","0","0","false","0.353883495145631","0","0.392","3.7999999999999954","0.392","0.5598086124401914","0.559382174911292","0.5526315789473685","0.46938775510204084","998","1498","0","1.0658141036401503E-13","7.993605777301127E-15","true","true","true"
"294","310294","B-good","true","500","310294","B-good","500","125","5000","0.9934177025814358","1","107","0.5696707899592145","0.7","43.8","75","0.9999999995457103","0.9422","1.4449999999999998","0.5536","471.1","1411.3","0","0","false","0.9934177025814358","1","0.856","0.9000000000000008","0.856","0.5397923875432526","0.5544470388452558","0.5","0.616822429906542","998","1498","0","9.947598300641403E-14","7.549516567451064E-15","true","true","true"
"295","310295","B-good","true","500","310295","B-good","500","125","5000","0.7692398877638839","1","86","0.7776728176093753","0.9","51.3","75","0.9999999999789797","0.9662","0.8450000000000006","0.5442","483.1","1447.3","0","0","false","0.7692398877638839","1","0.688","1.9500000000000017","0.688","0.46153846153846156","0.5470916994411095","0.46153846153846156","0.5348837209302325","998","1498","0","7.105427357601002E-14","1.7763568394002505E-15","true","true","true"
"296","310296","B-good","true","500","310296","B-good","500","125","5000","0.9975765116109027","1","94","0.7035474985247491","0.8","48.3","75","0.9997561167487936","0.8136","4.66000000000002","0.5394","406.8","1218.4","0.004","0","false","0.9975765116109027","1","0.752","1.5500000000000014","0.752","0.5429184549356223","0.5385939036381514","0.4838709677419355","0.6595744680851063","998","1498","0","4.973799150320701E-14","9.592326932761353E-14","true","true","true"
"297","310297","B-good","true","500","310297","B-good","500","125","5000","0.353883495145631","0","39","0.702927765367873","0.8","38.4","75","0.9999999999846108","0.9612","0.9700000000000009","0.5508","480.6","1439.8","0","0","false","0.353883495145631","0","0.312","4.299999999999994","0.312","0.5154639175257731","0.5522263836870579","0.5348837209302325","0.46153846153846156","998","1498","0","7.815970093361102E-14","1.0658141036401503E-14","true","true","true"
"298","310298","B-good","true","500","310298","B-good","500","125","5000","0.646116504854369","1","67","0.7348088364107517","1","40.2","75","0.9999999999998381","0.9654","0.8650000000000008","0.5542","482.7","1446.1","0","0","false","0.646116504854369","1","0.536","2.8999999999999986","0.536","0.45664739884393063","0.5576962916925626","0.4827586206896552","0.5223880597014925","998","1498","0","9.237055564881302E-14","3.9968028886505635E-15","true","true","true"
"300","310300","B-good","true","500","310300","B-good","500","125","5000","0.8588821376227943","1","75","0.47271132591410686","0.45","38.4","75","0.9999999999660162","0.9426","1.435000000000001","0.548","471.3","1411.9","0","0","false","0.8588821376227943","1","0.6","2.5","0.6","0.5121951219512195","0.5501803522172714","0.48","0.56","998","1498","0","7.105427357601002E-14","2.220446049250313E-15","true","true","true"
"299","310299","B-good","true","500","310299","B-good","500","125","5000","0.1970721635721919","0","35","0.6195387210225143","0.7","47.7","75","0.9999999998458196","0.9202","1.994999999999998","0.553","460.1","1378.3","0","0","false","0.1970721635721919","0","0.28","4.499999999999993","0.28","0.5162907268170426","0.5561834383829602","0.5666666666666667","0.4","998","1498","0","9.947598300641403E-14","1.7763568394002505E-14","true","true","true"
"301","310301","B-good","true","500","310301","B-good","500","125","5000","0.8588821376227943","1","99","0.6398373947638247","0.8","40.2","75","0.9999333527115963","0.927","1.8249999999999993","0.5418","463.5","1388.5","0","0","false","0.8588821376227943","1","0.792","1.3000000000000012","0.792","0.5068493150684932","0.5445523193096009","0.46153846153846156","0.5454545454545454","998","1498","0","8.526512829121202E-14","2.220446049250313E-14","true","true","true"
"303","310303","B-good","true","500","310303","B-good","500","125","5000","0.9822491904206395","1","94","0.666214246182152","0.65","45","75","0.99999998937454","0.95","1.2499999999999996","0.551","475","1423","0","0","false","0.9822491904206395","1","0.752","1.5500000000000014","0.752","0.496","0.5538947368421052","0.5161290322580645","0.6063829787234043","998","1498","0","9.237055564881302E-14","1.4210854715202004E-14","true","true","true"
"302","310302","B-good","true","500","310302","B-good","500","125","5000","0.8029278364278081","1","83","0.6172577390508673","0.8","41.7","75","0.9999999997602105","0.9466","1.3350000000000002","0.5466","473.3","1417.9","0","0","false","0.8029278364278081","1","0.664","2.1000000000000014","0.664","0.44569288389513106","0.5522924149587999","0.5238095238095238","0.5421686746987951","998","1498","0","7.815970093361102E-14","6.217248937900877E-15","true","true","true"
"304","310304","B-good","true","500","310304","B-good","500","125","5000","0.9919667203630474","1","86","0.7969513512203059","1","46.5","75","0.9999999761915846","0.9534","1.1650000000000005","0.5516","476.7","1428.1","0","0","false","0.9919667203630474","1","0.688","1.9500000000000017","0.688","0.5064377682403434","0.5538074260541221","0.38461538461538464","0.6395348837209303","998","1498","0","9.947598300641403E-14","3.1086244689504383E-15","true","true","true"
"305","310305","B-good","true","500","310305","B-good","500","125","5000","0.9880470865159074","1","104","0.8045878580740476","0.95","48.9","75","0.9999992784519437","0.9494","1.2650000000000001","0.5452","474.7","1422.1","0","0","false","0.9880470865159074","1","0.832","1.050000000000001","0.832","0.5019762845849802","0.5475036865388666","0.38095238095238093","0.6057692307692307","998","1498","0","7.105427357601002E-14","8.881784197001252E-15","true","true","true"
"307","310307","B-good","true","500","310307","B-good","500","125","5000","0.3094519384963682","0","56","0.4855520812870666","0.3","35.7","75","0.9999946454716193","0.9008","2.479999999999998","0.5414","450.4","1349.2","0","0","false","0.3094519384963682","0","0.448","3.4499999999999966","0.448","0.532258064516129","0.5424067495559503","0.5217391304347826","0.4642857142857143","998","1498","0","8.526512829121202E-14","1.5987211554602254E-14","true","true","true"
"306","310306","B-good","true","500","310306","B-good","500","125","5000","0.3094519384963682","0","50","0.5972994752172196","0.75","38.7","75","0.999999996793651","0.9576","1.060000000000001","0.553","478.8","1434.4","0","0","false","0.3094519384963682","0","0.4","3.7499999999999956","0.4","0.4811320754716981","0.5561821219715957","0.49333333333333335","0.46","998","1498","0","1.0658141036401503E-13","7.993605777301127E-15","true","true","true"
"308","310308","B-good","true","500","310308","B-good","500","125","5000","0.9737137791228572","1","96","0.6251221609506172","0.6","41.4","75","0.9999971860503274","0.8482","3.7950000000000044","0.5426","424.1","1270.3","0","0","false","0.9737137791228572","1","0.768","1.4500000000000013","0.768","0.5046113306982872","0.5493987267153974","0.4827586206896552","0.59375","998","1498","0","9.237055564881302E-14","5.861977570020827E-14","true","true","true"
"309","310309","B-good","true","500","310309","B-good","500","125","5000","0.9996010028164327","1","115","0.7812361433182076","0.95","50.7","75","0.9999999999886813","0.9606","0.9850000000000005","0.5526","480.3","1438.9","0","0","false","0.9996010028164327","1","0.92","0.5000000000000004","0.92","0.5482233502538071","0.5527795128044972","0.6","0.6695652173913044","998","1498","0","7.815970093361102E-14","4.440892098500626E-15","true","true","true"
"311","310311","B-good","true","500","310311","B-good","500","125","5000","0.5","0.5","66","0.6754060301056057","0.65","39.6","75","0.9999363931917088","0.8648","3.3800000000000034","0.5322","432.4","1295.2","0","0","false","0.5","0.5","0.528","2.9499999999999984","0.528","0.4822485207100592","0.540009250693802","0.4576271186440678","0.5","998","1498","0","6.394884621840902E-14","1.4210854715202004E-14","true","true","true"
"312","310312","B-good","true","500","310312","B-good","500","125","5000","0.7692398877638839","1","76","0.6217939607753913","0.75","45.6","75","0.9999997179892304","0.8956","2.610000000000002","0.542","447.8","1341.4","0","0","false","0.7692398877638839","1","0.608","2.45","0.608","0.5363984674329502","0.5426529700759267","0.5510204081632653","0.5394736842105263","998","1498","0","7.815970093361102E-14","1.2434497875801753E-14","true","true","true"
"310","310310","B-good","true","500","310310","B-good","500","125","5000","0.7692398877638839","1","60","0.7801064223446359","0.95","44.7","75","0.9999999940786315","0.9464","1.3399999999999999","0.5488","473.2","1417.6","0","0","false","0.7692398877638839","1","0.48","3.2499999999999973","0.48","0.4664179104477612","0.5534657650042265","0.4461538461538462","0.55","998","1498","0","8.526512829121202E-14","9.769962616701378E-15","true","true","true"
"313","310313","B-good","true","500","310313","B-good","500","125","5000","0.7692398877638839","1","86","0.6471751997523174","0.75","45","75","0.9999999996851099","0.9556","1.1100000000000008","0.5474","477.8","1431.4","0","0","false","0.7692398877638839","1","0.688","1.9500000000000017","0.688","0.4369369369369369","0.5525324403516115","0.5641025641025641","0.5348837209302325","998","1498","0","9.947598300641403E-14","2.220446049250313E-15","true","true","true"
"314","310314","B-good","true","500","310314","B-good","500","125","5000","0.9783898101507787","1","95","0.6338767005032647","0.85","36.6","75","0.9999999992087478","0.9032","2.4199999999999986","0.547","451.6","1352.8","0","0","false","0.9783898101507787","1","0.76","1.5000000000000013","0.76","0.49586776859504134","0.5524800708591674","0.4666666666666667","0.6","998","1498","0","9.237055564881302E-14","1.4210854715202004E-14","true","true","true"
"316","310316","B-good","true","500","310316","B-good","500","125","5000","0.9946080309222399","1","90","0.2871902774176939","0.15","32.4","75","0.9999999979150512","0.8748","3.1299999999999977","0.541","437.4","1310.2","0","0","false","0.9946080309222399","1","0.72","1.7500000000000016","0.72","0.4936102236421725","0.547782350251486","0.5714285714285714","0.6444444444444445","998","1498","0","7.815970093361102E-14","1.865174681370263E-14","true","true","true"
"315","310315","B-good","true","500","310315","B-good","500","125","5000","0.7317174011812813","1","81","0.6975490525221482","0.75","40.2","75","0.9999999999503926","0.957","1.0750000000000008","0.5444","478.5","1433.5","0","0","false","0.7317174011812813","1","0.648","2.200000000000001","0.648","0.4790697674418605","0.5473354231974922","0.5454545454545454","0.5308641975308642","998","1498","0","7.815970093361102E-14","8.881784197001252E-16","true","true","true"
"317","310317","B-good","true","500","310317","B-good","500","125","5000","0.9854295854981023","1","73","0.6098094265003999","0.55","42.6","75","0.9999403285274016","0.9094","2.264999999999999","0.5346","454.7","1362.1","0","0","false","0.9854295854981023","1","0.584","2.5999999999999996","0.584","0.44150110375275936","0.5438750824719595","0.5384615384615384","0.6438356164383562","998","1498","0","8.526512829121202E-14","2.4868995751603507E-14","true","true","true"
"318","310318","B-good","true","500","310318","B-good","500","125","5000","0.646116504854369","1","53","0.3615512838878568","0.4","26.4","75","0.9076446090435445","0.7644","5.890000000000013","0.528","382.2","1144.6","0.08","0.1","false","0.646116504854369","1","0.424","3.599999999999996","0.424","0.50169779286927","0.5361067503924647","0.5277777777777778","0.5283018867924528","998","1498","0","6.394884621840902E-14","1.5987211554602254E-13","true","true","true"
"319","310319","B-good","true","500","310319","B-good","500","125","5000","0.55","1","53","0.3220549765003011","0.2","25.5","75","0.999927095538508","0.8074","4.814999999999999","0.5308","403.7","1209.1","0","0","false","0.55","1","0.424","3.599999999999996","0.424","0.48078920041536866","0.5427297498142185","0.4861111111111111","0.5094339622641509","998","1498","0","5.6843418860808015E-14","2.4868995751603507E-14","true","true","true"
"320","310320","B-good","true","500","310320","B-good","500","125","5000","0.2682825988187187","0","27","0.640477746819349","0.8","40.2","75","0.9999998010168263","0.9016","2.459999999999998","0.5444","450.8","1350.4","0","0","false","0.2682825988187187","0","0.216","4.8999999999999915","0.216","0.5060975609756098","0.5485803016858918","0.5612244897959183","0.4074074074074074","998","1498","0","9.237055564881302E-14","1.865174681370263E-14","true","true","true"
"321","310321","B-good","true","500","310321","B-good","500","125","5000","0.3094519384963682","0","62","0.5990502475501402","0.65","35.4","75","0.9999999992131474","0.9616","0.9600000000000009","0.5492","480.8","1440.4","0","0","false","0.3094519384963682","0","0.496","3.1499999999999977","0.496","0.4635416666666667","0.5526206322795341","0.49206349206349204","0.46774193548387094","998","1498","0","7.815970093361102E-14","5.329070518200751E-15","true","true","true"
"324","310324","B-good","true","500","310324","B-good","500","125","5000","0.9880470865159074","1","96","0.49674105686850983","0.5","43.2","75","0.9999999999917218","0.9356","1.6100000000000008","0.5496","467.8","1401.4","0","0","false","0.9880470865159074","1","0.768","1.4500000000000013","0.768","0.5031055900621118","0.5528003420265071","0.5517241379310345","0.6145833333333334","998","1498","0","7.815970093361102E-14","2.6645352591003757E-15","true","true","true"
"323","310323","B-good","true","500","310323","B-good","500","125","5000","0.5","0.5","58","0.740905146856881","0.7","47.4","75","0.9999999991543221","0.9086","2.2849999999999997","0.544","454.3","1360.9","0","0","false","0.5","0.5","0.464","3.349999999999997","0.464","0.5010940919037199","0.548316090688972","0.5970149253731343","0.5","998","1498","0","6.039613253960852E-14","1.509903313490213E-14","true","true","true"
"322","310322","B-good","true","500","310322","B-good","500","125","5000","0.8588821376227943","1","85","0.7558430690441701","0.75","48.6","75","0.9999999821969207","0.8874","2.814999999999997","0.5474","443.7","1329.1","0","0","false","0.8588821376227943","1","0.68","2.0000000000000018","0.68","0.5275310834813499","0.5499211178724364","0.6","0.5529411764705883","998","1498","0","7.815970093361102E-14","1.9539925233402755E-14","true","true","true"
"325","310325","B-good","true","500","310325","B-good","500","125","5000","0.9174389747697416","1","90","0.5004578344340836","0.5","30","75","0.9994281533574281","0.8536","3.660000000000008","0.5418","426.8","1278.4","0.018","0","false","0.9174389747697416","1","0.72","1.7500000000000016","0.72","0.49863387978142076","0.549203373945642","0.5428571428571428","0.5666666666666667","998","1498","0","7.815970093361102E-14","7.283063041541027E-14","true","true","true"
"326","310326","B-good","true","500","310326","B-good","500","125","5000","0.9314206186232206","1","77","0.5540097681630075","0.5","42.6","75","0.9999999999375753","0.9288","1.7799999999999994","0.5518","464.4","1391.2","0","0","false","0.9314206186232206","1","0.616","2.4000000000000004","0.616","0.5112359550561798","0.5549095607235142","0.5416666666666666","0.5844155844155844","998","1498","0","9.237055564881302E-14","1.4210854715202004E-14","true","true","true"
"327","310327","B-good","true","500","310327","B-good","500","125","5000","0.8029278364278081","1","57","0.44641518032543315","0.6","33.3","75","0.9999999973604332","0.9192","2.0199999999999996","0.5492","459.6","1376.8","0","0","false","0.8029278364278081","1","0.456","3.399999999999997","0.456","0.5247524752475248","0.5513489991296779","0.5735294117647058","0.5614035087719298","998","1498","0","8.526512829121202E-14","1.0658141036401503E-14","true","true","true"
"328","310328","B-good","true","500","310328","B-good","500","125","5000","0.9174389747697416","1","66","0.6079997954708277","0.8","51.6","75","0.9999999999009053","0.931","1.7249999999999992","0.5484","465.5","1394.5","0","0","false","0.9174389747697416","1","0.528","2.9499999999999984","0.528","0.4753623188405797","0.5538131041890441","0.4915254237288136","0.5909090909090909","998","1498","0","9.947598300641403E-14","1.0658141036401503E-14","true","true","true"
"329","310329","B-good","true","500","310329","B-good","500","125","5000","0.44999999999999996","0","59","0.7766701779681147","0.9","46.2","75","0.9999999999999967","0.9628","0.9300000000000008","0.5604","481.4","1442.2","0","0","false","0.44999999999999996","0","0.472","3.299999999999997","0.472","0.510752688172043","0.5623182384711258","0.3939393939393939","0.4915254237288136","998","1498","0","8.526512829121202E-14","5.773159728050814E-15","true","true","true"
"331","310331","B-good","true","500","310331","B-good","500","125","5000","0.9174389747697416","1","74","0.8762098358769563","1","52.2","75","0.9999999985094805","0.9772","0.5700000000000005","0.5486","488.6","1463.8","0","0","false","0.9174389747697416","1","0.592","2.55","0.592","0.49122807017543857","0.5499386000818666","0.6078431372549019","0.581081081081081","998","1498","0","9.947598300641403E-14","2.6645352591003757E-15","true","true","true"
"330","310330","B-good","true","500","310330","B-good","500","125","5000","0.23076011223611606","0","50","0.5281717401181282","0.6","37.2","75","0.9999999999995612","0.9308","1.73","0.5528","465.4","1394.2","0","0","false","0.23076011223611606","0","0.4","3.7499999999999956","0.4","0.5","0.5567253975075204","0.56","0.44","998","1498","0","8.526512829121202E-14","7.993605777301127E-15","true","true","true"
"332","310332","B-good","true","500","310332","B-good","500","125","5000","0.4009900990099009","0","48","0.3165135812665031","0.1","28.2","75","0.9999949654989102","0.8346","4.135","0.532","417.3","1249.9","0","0","false","0.4009900990099009","0","0.384","3.849999999999995","0.384","0.49818621523579204","0.5387011742151929","0.4935064935064935","0.4791666666666667","998","1498","0","6.394884621840902E-14","2.3092638912203256E-14","true","true","true"
"333","310333","B-good","true","500","310333","B-good","500","125","5000","0.1970721635721919","0","35","0.542684380702575","0.6","39.3","75","0.9999999999999873","0.9504","1.2400000000000007","0.5686","475.2","1423.6","0","0","false","0.1970721635721919","0","0.28","4.499999999999993","0.28","0.532258064516129","0.570496632996633","0.5111111111111111","0.4","998","1498","0","1.1368683772161603E-13","1.0658141036401503E-14","true","true","true"
"334","310334","B-good","true","500","310334","B-good","500","125","5000","0.3094519384963682","0","38","0.5446522693081678","0.5","40.8","75","0.999999999535305","0.9214","1.9649999999999987","0.5492","460.7","1380.1","0","0","false","0.3094519384963682","0","0.304","4.349999999999993","0.304","0.539440203562341","0.5500325591491209","0.45977011494252873","0.4473684210526316","998","1498","0","7.815970093361102E-14","1.4210854715202004E-14","true","true","true"
"335","310335","B-good","true","500","310335","B-good","500","125","5000","0.08256102523025849","0","30","0.5800026651047434","0.7","36.6","75","0.9999997215242395","0.9364","1.5900000000000007","0.5364","468.2","1402.6","0","0","false","0.08256102523025849","0","0.24","4.749999999999992","0.24","0.48742138364779874","0.5397266125587356","0.4421052631578947","0.3","998","1498","0","7.815970093361102E-14","1.2434497875801753E-14","true","true","true"
"336","310336","B-good","true","500","310336","B-good","500","125","5000","0.1970721635721919","0","49","0.7335844880097453","0.85","49.8","75","0.9999999999900784","0.964","0.9000000000000006","0.5498","482","1444","0","0","false","0.1970721635721919","0","0.392","3.7999999999999954","0.392","0.5388888888888889","0.5502074688796681","0.5263157894736842","0.42857142857142855","998","1498","0","7.105427357601002E-14","7.993605777301127E-15","true","true","true"
"337","310337","B-good","true","500","310337","B-good","500","125","5000","0.9431811237123936","1","92","0.25175853925999214","0","29.1","75","0.999999989290297","0.7776","5.5600000000000005","0.5526","388.8","1164.4","0","0","false","0.9431811237123936","1","0.736","1.6500000000000015","0.736","0.5197841726618705","0.5619855967078189","0.5454545454545454","0.5760869565217391","998","1498","0","8.526512829121202E-14","3.019806626980426E-14","true","true","true"
"338","310338","B-good","true","500","310338","B-good","500","125","5000","0.4009900990099009","0","50","0.5178417275201374","0.3","40.2","75","0.9999999999996632","0.945","1.375000000000001","0.555","472.5","1415.5","0","0","false","0.4009900990099009","0","0.4","3.7499999999999956","0.4","0.45454545454545453","0.5608465608465608","0.49333333333333335","0.48","998","1498","0","9.237055564881302E-14","7.993605777301127E-15","true","true","true"
"339","310339","B-good","true","500","310339","B-good","500","125","5000","0.3094519384963682","0","56","0.6204699118624749","0.65","50.4","75","0.9436062921165739","0.732","6.700000000000034","0.5392","366","1096","0.056","0","false","0.3094519384963682","0","0.448","3.4499999999999966","0.448","0.5067164179104477","0.5510928961748633","0.5072463768115942","0.4642857142857143","998","1498","0","1.1368683772161603E-13","1.4921397450962104E-13","true","true","true"
"340","310340","B-good","true","500","310340","B-good","500","125","5000","0.1970721635721919","0","41","0.5899161194789252","0.6","44.4","75","0.9999998940995896","0.8696","3.259999999999996","0.5404","434.8","1302.4","0","0","false","0.1970721635721919","0","0.328","4.199999999999994","0.328","0.5122699386503068","0.5446182152713891","0.5476190476190477","0.4146341463414634","998","1498","0","7.105427357601002E-14","1.9539925233402755E-14","true","true","true"
"341","310341","B-good","true","500","310341","B-good","500","125","5000","0.353883495145631","0","61","0.6099380352053324","0.75","45","75","0.9351466657286233","0.8896","2.760000000000011","0.5326","444.8","1332.6","0.032","0","false","0.353883495145631","0","0.488","3.1999999999999975","0.488","0.5163043478260869","0.5346223021582733","0.53125","0.47540983606557374","998","1498","0","6.039613253960852E-14","8.526512829121202E-14","true","true","true"
"343","310343","B-good","true","500","310343","B-good","500","125","5000","0.353883495145631","0","45","0.5803074311388733","0.55","36.3","75","0.9999999162136051","0.873","3.1749999999999994","0.5394","436.5","1307.5","0","0","false","0.353883495145631","0","0.36","3.9999999999999947","0.36","0.5338582677165354","0.5402061855670103","0.5","0.4666666666666667","998","1498","0","6.039613253960852E-14","1.9539925233402755E-14","true","true","true"
"342","310342","B-good","true","500","310342","B-good","500","125","5000","0.9963840547280801","1","112","0.6411168570200394","0.75","47.7","75","0.9999999999999355","0.9458","1.355","0.561","472.9","1416.7","0","0","false","0.9963840547280801","1","0.896","0.6500000000000006","0.896","0.5055350553505535","0.5641784732501586","0.5384615384615384","0.625","998","1498","0","9.947598300641403E-14","1.2434497875801753E-14","true","true","true"
"344","310344","B-good","true","500","310344","B-good","500","125","5000","0.2682825988187187","0","49","0.5378438563600615","0.65","38.7","75","0.9690539267625358","0.8198","4.50500000000001","0.5348","409.9","1227.9","0.072","0.1","false","0.2682825988187187","0","0.392","3.7999999999999954","0.392","0.4894561598224195","0.5447670163454501","0.5","0.4489795918367347","998","1498","0","7.815970093361102E-14","1.0302869668521453E-13","true","true","true"
"345","310345","B-good","true","500","310345","B-good","500","125","5000","0.9970395529930917","1","103","0.5731637374886973","0.65","45","75","0.9999999998761895","0.9292","1.7700000000000002","0.5478","464.6","1391.8","0","0","false","0.9970395529930917","1","0.824","1.100000000000001","0.824","0.4717514124293785","0.553594489883771","0.36363636363636365","0.6407766990291263","998","1498","0","9.237055564881302E-14","8.881784197001252E-15","true","true","true"
"346","310346","B-good","true","500","310346","B-good","500","125","5000","0.6905480615036318","1","68","0.7324818120487696","0.9","41.1","75","0.999999999034826","0.944","1.4000000000000004","0.5458","472","1414","0","0","false","0.6905480615036318","1","0.544","2.8499999999999988","0.544","0.4928571428571429","0.5489406779661017","0.5263157894736842","0.5294117647058824","998","1498","0","7.105427357601002E-14","4.440892098500626E-15","true","true","true"
"347","310347","B-good","true","500","310347","B-good","500","125","5000","0.4009900990099009","0","64","0.733522171477122","0.8","45","75","0.9999999999995399","0.9652","0.8700000000000007","0.5508","482.6","1445.8","0","0","false","0.4009900990099009","0","0.512","3.049999999999998","0.512","0.4942528735632184","0.5528387898881061","0.4426229508196721","0.484375","998","1498","0","7.815970093361102E-14","4.440892098500626E-15","true","true","true"
"348","310348","B-good","true","500","310348","B-good","500","125","5000","0.9174389747697416","1","74","0.6931911340806058","0.8","44.7","75","0.9999999999999994","0.9544","1.1400000000000001","0.5646","477.2","1429.6","0","0","false","0.9174389747697416","1","0.592","2.55","0.592","0.5789473684210527","0.5639145012573344","0.5490196078431373","0.581081081081081","998","1498","0","8.526512829121202E-14","7.105427357601002E-15","true","true","true"
"349","310349","B-good","true","500","310349","B-good","500","125","5000","0.646116504854369","1","71","0.5686917355570802","0.7","38.1","75","0.9999997577667932","0.9254","1.8649999999999998","0.5376","462.7","1386.1","0","0","false","0.646116504854369","1","0.568","2.6999999999999993","0.568","0.4879356568364611","0.5416036308623298","0.48148148148148145","0.5211267605633803","998","1498","0","5.6843418860808015E-14","1.0658141036401503E-14","true","true","true"
"351","310351","B-good","true","500","310351","B-good","500","125","5000","0.55","1","53","0.725790056084849","0.95","47.1","75","0.999999970743177","0.944","1.4000000000000004","0.5436","472","1414","0","0","false","0.55","1","0.424","3.599999999999996","0.424","0.46785714285714286","0.548093220338983","0.4722222222222222","0.5094339622641509","998","1498","0","8.526512829121202E-14","7.105427357601002E-15","true","true","true"
"350","310350","B-good","true","500","310350","B-good","500","125","5000","0.599009900990099","1","46","0.5746584019220268","0.7","36.3","75","0.9999999999815268","0.8746","3.1349999999999962","0.5572","437.3","1309.9","0","0","false","0.599009900990099","1","0.368","3.949999999999995","0.368","0.507177033492823","0.5643722844729019","0.4936708860759494","0.5217391304347826","998","1498","0","9.237055564881302E-14","2.4868995751603507E-14","true","true","true"
"352","310352","B-good","true","500","310352","B-good","500","125","5000","0.9431811237123936","1","112","0.5902617632729492","0.7","41.1","75","0.9999999966658365","0.9218","1.9549999999999994","0.5452","460.9","1380.7","0","0","false","0.9431811237123936","1","0.896","0.6500000000000006","0.896","0.47570332480818417","0.5510956823605988","0.6923076923076923","0.5625","998","1498","0","9.237055564881302E-14","1.5987211554602254E-14","true","true","true"
"353","310353","B-good","true","500","310353","B-good","500","125","5000","0.8588821376227943","1","87","0.6895594550602349","0.9","41.1","75","0.9999999999904217","0.9654","0.8650000000000008","0.5532","482.7","1446.1","0","0","false","0.8588821376227943","1","0.696","1.9000000000000017","0.696","0.5433526011560693","0.5535529314273876","0.4473684210526316","0.5517241379310345","998","1498","0","7.105427357601002E-14","0","true","true","true"
"354","310354","B-good","true","500","310354","B-good","500","125","5000","0.44999999999999996","0","87","0.6150508483576368","0.65","42.6","75","0.9999998808946442","0.9352","1.6199999999999992","0.5498","467.6","1400.8","0","0","false","0.44999999999999996","0","0.696","1.9000000000000017","0.696","0.5617283950617284","0.5489734816082121","0.6578947368421053","0.4942528735632184","998","1498","0","8.526512829121202E-14","1.5987211554602254E-14","true","true","true"
"356","310356","B-good","true","500","310356","B-good","500","125","5000","0.9612361174447144","1","114","0.9275321436929396","1","60.6","75","0.9999999999982467","0.9858","0.3550000000000003","0.5572","492.9","1476.7","0","0","false","0.9612361174447144","1","0.912","0.5500000000000005","0.912","0.4647887323943662","0.5585311422195172","0.6363636363636364","0.5701754385964912","998","1498","0","1.2079226507921703E-13","0","true","true","true"
"355","310355","B-good","true","500","310355","B-good","500","125","5000","0.353883495145631","0","47","0.7598530915206488","0.8","45","75","0.9997575838974446","0.8632","3.4200000000000115","0.5404","431.6","1292.8","0.004","0","false","0.353883495145631","0","0.376","3.899999999999995","0.376","0.5014619883040936","0.5465708989805376","0.4230769230769231","0.46808510638297873","998","1498","0","7.815970093361102E-14","1.2079226507921703E-13","true","true","true"
"357","310357","B-good","true","500","310357","B-good","500","125","5000","0.23076011223611606","0","36","0.46364487496150425","0.4","33.9","75","0.9999897960302586","0.8532","3.6699999999999973","0.5328","426.6","1277.8","0","0","false","0.23076011223611606","0","0.288","4.449999999999993","0.288","0.48092643051771117","0.5417252695733709","0.5168539325842697","0.4166666666666667","998","1498","0","7.105427357601002E-14","2.3092638912203256E-14","true","true","true"
"358","310358","B-good","true","500","310358","B-good","500","125","5000","0.9901990435157576","1","101","0.5413354698218226","0.55","43.5","75","0.9999999999757103","0.8966","2.5849999999999964","0.5414","448.3","1342.9","0","0","false","0.9901990435157576","1","0.808","1.200000000000001","0.808","0.46421663442940037","0.5503011376310506","0.4583333333333333","0.6138613861386139","998","1498","0","6.394884621840902E-14","2.4868995751603507E-14","true","true","true"
"359","310359","B-good","true","500","310359","B-good","500","125","5000","0.646116504854369","1","87","0.6786704239167317","0.8","42.6","75","0.9999999994273736","0.9478","1.305000000000001","0.542","473.9","1419.7","0","0","false","0.646116504854369","1","0.696","1.9000000000000017","0.696","0.4827586206896552","0.5452627136526693","0.47368421052631576","0.5172413793103449","998","1498","0","6.394884621840902E-14","1.7763568394002505E-15","true","true","true"
"360","310360","B-good","true","500","310360","B-good","500","125","5000","0.2682825988187187","0","51","0.5115273171059906","0.55","34.5","75","0.9999999541480943","0.8436","3.910000000000005","0.5324","421.8","1263.4","0","0","false","0.2682825988187187","0","0.408","3.6999999999999957","0.408","0.4948849104859335","0.5393551446183025","0.4594594594594595","0.45098039215686275","998","1498","0","4.263256414560601E-14","5.861977570020827E-14","true","true","true"
"361","310361","B-good","true","500","310361","B-good","500","125","5000","0.5990099009900991","1","60","0.4198018171752856","0.35","34.8","75","0.9427396266658328","0.7384","6.540000000000023","0.5368","369.2","1105.8","0.09","0.1","false","0.5990099009900991","1","0.48","3.2499999999999973","0.48","0.4984709480122324","0.5503791982665223","0.49230769230769234","0.5166666666666667","998","1498","0","9.237055564881302E-14","1.3500311979441904E-13","true","true","true"
"362","310362","B-good","true","500","310362","B-good","500","125","5000","0.9009100727155935","1","71","0.7455078350911417","0.9","56.7","75","0.9978354432491157","0.8662","3.345000000000013","0.543","433.1","1297.3","0.022","0","false","0.9009100727155935","1","0.568","2.6999999999999993","0.568","0.5411061285500748","0.5432925421380743","0.48148148148148145","0.5774647887323944","998","1498","0","7.105427357601002E-14","1.2079226507921703E-13","true","true","true"
"363","310363","B-good","true","500","310363","B-good","500","125","5000","0.9612361174447144","1","76","0.6725002221921528","0.7","45","75","0.9999999999826932","0.9148","2.129999999999997","0.5462","457.4","1370.2","0","0","false","0.9612361174447144","1","0.608","2.45","0.608","0.45305164319248825","0.5548753825972891","0.46938775510204084","0.6052631578947368","998","1498","0","8.526512829121202E-14","2.4868995751603507E-14","true","true","true"
"364","310364","B-good","true","500","310364","B-good","500","125","5000","0.9980162717648575","1","119","0.6403935426877372","0.7","40.2","75","0.9999999999934021","0.9422","1.4450000000000007","0.5484","471.1","1411.3","0","0","false","0.9980162717648575","1","0.952","0.30000000000000027","0.952","0.47058823529411764","0.5531734239015071","0.5","0.6302521008403361","998","1498","0","8.526512829121202E-14","7.105427357601002E-15","true","true","true"
"365","310365","B-good","true","500","310365","B-good","500","125","5000","0.4009900990099009","0","66","0.7613255488146446","0.85","54","75","0.9999999984927811","0.956","1.1000000000000003","0.5468","478","1432","0","0","false","0.4009900990099009","0","0.528","2.9499999999999984","0.528","0.5045454545454545","0.548744769874477","0.5932203389830508","0.48484848484848486","998","1498","0","7.815970093361102E-14","4.884981308350689E-15","true","true","true"
"366","310366","B-good","true","500","310366","B-good","500","125","5000","0.9174389747697416","1","86","0.7538712020795668","0.9","45.6","75","0.9999999993282817","0.9342","1.644999999999999","0.543","467.1","1399.3","0","0","false","0.9174389747697416","1","0.688","1.9500000000000017","0.688","0.47720364741641336","0.547634339541854","0.5384615384615384","0.5697674418604651","998","1498","0","7.105427357601002E-14","1.3322676295501878E-14","true","true","true"
"367","310367","B-good","true","500","310367","B-good","500","125","5000","0.8814994686598715","1","84","0.6069290475218179","0.7","42.6","75","0.9999998992084398","0.833","4.174999999999997","0.536","416.5","1247.5","0","0","false","0.8814994686598715","1","0.672","2.0500000000000016","0.672","0.4754491017964072","0.548139255702281","0.4634146341463415","0.5595238095238095","998","1498","0","7.815970093361102E-14","2.3092638912203256E-14","true","true","true"
"368","310368","B-good","true","500","310368","B-good","500","125","5000","0.9431811237123936","1","70","0.6516718412394471","0.7","45","75","0.9999999492917923","0.9266","1.8349999999999986","0.5368","463.3","1387.9","0","0","false","0.9431811237123936","1","0.56","2.749999999999999","0.56","0.5122615803814714","0.5387437945175912","0.6","0.6","998","1498","0","6.039613253960852E-14","2.1316282072803006E-14","true","true","true"
"369","310369","B-good","true","500","310369","B-good","500","125","5000","0.6905480615036318","1","62","0.6038417833615366","0.55","38.7","75","0.9999999996728643","0.9146","2.134999999999998","0.5442","457.3","1369.9","0","0","false","0.6905480615036318","1","0.496","3.1499999999999977","0.496","0.4847775175644028","0.5497485239448939","0.49206349206349204","0.532258064516129","998","1498","0","7.105427357601002E-14","2.042810365310288E-14","true","true","true"
"370","310370","B-good","true","500","310370","B-good","500","125","5000","0.9612361174447144","1","88","0.8120383552066267","0.95","56.1","75","0.9999999998611366","0.9616","0.9600000000000009","0.5438","480.8","1440.4","0","0","false","0.9612361174447144","1","0.704","1.8500000000000016","0.704","0.5260416666666666","0.5445091514143094","0.7297297297297297","0.5909090909090909","998","1498","0","6.039613253960852E-14","1.3322676295501878E-15","true","true","true"
"371","310371","B-good","true","500","310371","B-good","500","125","5000","0.9946080309222399","1","108","0.4866361008563028","0.5","35.7","75","0.9999960494083145","0.8874","2.8149999999999977","0.5366","443.7","1329.1","0","0","false","0.9946080309222399","1","0.864","0.8500000000000008","0.864","0.49023090586145646","0.5424836601307189","0.5882352941176471","0.6203703703703703","998","1498","0","7.105427357601002E-14","2.3092638912203256E-14","true","true","true"
"372","310372","B-good","true","500","310372","B-good","500","125","5000","0.9737137791228572","1","86","0.6061801354156147","0.65","33.3","75","0.9999999709055254","0.9216","1.9599999999999997","0.5464","460.8","1380.4","0","0","false","0.9737137791228572","1","0.688","1.9500000000000017","0.688","0.49489795918367346","0.55078125","0.46153846153846156","0.6046511627906976","998","1498","0","7.815970093361102E-14","9.769962616701378E-15","true","true","true"
"373","310373","B-good","true","500","310373","B-good","500","125","5000","0.23076011223611606","0","32","0.4415305981124642","0.3","34.2","75","0.9999999448379434","0.814","4.650000000000002","0.5408","407","1219","0","0","false","0.23076011223611606","0","0.256","4.649999999999992","0.256","0.4978494623655914","0.5506142506142506","0.5053763440860215","0.40625","998","1498","0","7.105427357601002E-14","2.6645352591003757E-14","true","true","true"
"374","310374","B-good","true","500","310374","B-good","500","125","5000","0.353883495145631","0","55","0.4768113623524262","0.4","32.7","75","0.9999999993180324","0.9092","2.2699999999999987","0.547","454.6","1361.8","0","0","false","0.353883495145631","0","0.44","3.4999999999999964","0.44","0.4845814977973568","0.5532336119665641","0.6","0.4727272727272727","998","1498","0","8.526512829121202E-14","1.0658141036401503E-14","true","true","true"
"375","310375","B-good","true","500","310375","B-good","500","125","5000","0.6905480615036318","1","76","0.5101761278451553","0.4","41.4","75","0.9999999954646347","0.8836","2.9099999999999984","0.5454","441.8","1323.4","0","0","false","0.6905480615036318","1","0.608","2.45","0.608","0.5274914089347079","0.5477591670439113","0.46938775510204084","0.5263157894736842","998","1498","0","6.394884621840902E-14","2.398081733190338E-14","true","true","true"
"376","310376","B-good","true","500","310376","B-good","500","125","5000","0.6905480615036318","1","88","0.6170790834993826","0.65","45.9","75","0.9999997181476772","0.8736","3.1599999999999975","0.5446","436.8","1308.4","0","0","false","0.6905480615036318","1","0.704","1.8500000000000016","0.704","0.5379746835443038","0.545558608058608","0.4594594594594595","0.5227272727272727","998","1498","0","6.039613253960852E-14","2.3092638912203256E-14","true","true","true"
"377","310377","B-good","true","500","310377","B-good","500","125","5000","0.4009900990099009","0","60","0.7058602883193925","0.75","50.1","75","0.9999999999673003","0.9534","1.1650000000000003","0.551","476.7","1428.1","0","0","false","0.4009900990099009","0","0.48","3.2499999999999973","0.48","0.5107296137339056","0.552968323893434","0.6","0.48333333333333334","998","1498","0","8.526512829121202E-14","8.881784197001252E-15","true","true","true"
"378","310378","B-good","true","500","310378","B-good","500","125","5000","0.8588821376227943","1","101","0.8675583044840721","1","55.5","75","0.9999999867088027","0.9792","0.5200000000000005","0.5498","489.6","1466.8","0","0","false","0.8588821376227943","1","0.808","1.200000000000001","0.808","0.4807692307692308","0.5512663398692811","0.6666666666666666","0.5445544554455446","998","1498","0","9.237055564881302E-14","0","true","true","true"
"379","310379","B-good","true","500","310379","B-good","500","125","5000","0.5","0.5","48","0.5892265556151693","0.6","45.3","75","0.9999999867556069","0.9506","1.2350000000000005","0.5482","475.3","1423.9","0","0","false","0.5","0.5","0.384","3.849999999999995","0.384","0.5060728744939271","0.5503892278560909","0.4935064935064935","0.5","998","1498","0","8.526512829121202E-14","7.993605777301127E-15","true","true","true"
"380","310380","B-good","true","500","310380","B-good","500","125","5000","0.9612361174447144","1","94","0.510735131631567","0.45","31.2","75","0.9999999999976223","0.9198","2.004999999999999","0.548","459.9","1377.7","0","0","false","0.9612361174447144","1","0.752","1.5500000000000014","0.752","0.4937655860349127","0.5527288540987171","0.5806451612903226","0.5851063829787234","998","1498","0","7.105427357601002E-14","7.993605777301127E-15","true","true","true"
"381","310381","B-good","true","500","310381","B-good","500","125","5000","0.8814994686598715","1","92","0.6825949715243087","0.9","45.3","75","0.9999999870179582","0.9438","1.4049999999999998","0.5494","471.9","1413.7","0","0","false","0.8814994686598715","1","0.736","1.6500000000000015","0.736","0.48398576512455516","0.5532951896588261","0.5151515151515151","0.5543478260869565","998","1498","0","7.815970093361102E-14","1.0658141036401503E-14","true","true","true"
"382","310382","B-good","true","500","310382","B-good","500","125","5000","0.9680589764391282","1","93","0.8660769286932075","1","52.2","75","0.9999999999847204","0.9788","0.5300000000000005","0.5518","489.4","1466.2","0","0","false","0.9680589764391282","1","0.744","1.6000000000000014","0.744","0.5377358490566038","0.5521046178994687","0.5","0.5913978494623656","998","1498","0","8.526512829121202E-14","0","true","true","true"
"383","310383","B-good","true","500","310383","B-good","500","125","5000","0.8029278364278081","1","91","0.41888016994578037","0.35","36","75","0.9999999912724551","0.849","3.7749999999999972","0.5568","424.5","1271.5","0","0","false","0.8029278364278081","1","0.728","1.7000000000000015","0.728","0.5139072847682119","0.5644287396937574","0.4411764705882353","0.5384615384615384","998","1498","0","1.0658141036401503E-13","2.3092638912203256E-14","true","true","true"
"385","310385","B-good","true","500","310385","B-good","500","125","5000","0.2682825988187187","0","63","0.5744523806586052","0.45","44.4","75","0.9999999994784462","0.9412","1.4700000000000006","0.5468","470.6","1409.8","0","0","false","0.2682825988187187","0","0.504","3.099999999999998","0.504","0.4931972789115646","0.5501487462813429","0.532258064516129","0.4603174603174603","998","1498","0","8.526512829121202E-14","4.884981308350689E-15","true","true","true"
"384","310384","B-good","true","500","310384","B-good","500","125","5000","0.5","0.5","34","0.49928717417520463","0.4","36.6","75","0.9195416072474012","0.7772","5.5700000000000145","0.539","388.6","1164","0.078","0.1","false","0.5","0.5","0.272","4.549999999999993","0.272","0.5062836624775583","0.5483787956767885","0.5164835164835165","0.5","998","1498","0","8.526512829121202E-14","1.5987211554602254E-13","true","true","true"
"387","310387","B-good","true","500","310387","B-good","500","125","5000","0.4009900990099009","0","84","0.5268701331918348","0.45","42.6","75","0.9999488151774252","0.8496","3.760000000000011","0.5378","424.8","1272.4","0","0","false","0.4009900990099009","0","0.672","2.0500000000000016","0.672","0.48936170212765956","0.5463747645951036","0.4878048780487805","0.4880952380952381","998","1498","0","1.0658141036401503E-13","1.0658141036401503E-13","true","true","true"
"386","310386","B-good","true","500","310386","B-good","500","125","5000","0.9854295854981023","1","93","0.6083355230640792","0.6","39","75","0.99999999999439","0.9512","1.22","0.5608","475.6","1424.8","0","0","false","0.9854295854981023","1","0.744","1.6000000000000014","0.744","0.5409836065573771","0.5618166526492852","0.46875","0.6129032258064516","998","1498","0","9.947598300641403E-14","1.0658141036401503E-14","true","true","true"
"388","310388","B-good","true","500","310388","B-good","500","125","5000","0.9980162717648575","1","109","0.8618964009905306","1","49.5","75","0.9999993090735521","0.9664","0.8400000000000007","0.5372","483.2","1447.6","0","0","false","0.9980162717648575","1","0.872","0.8000000000000007","0.872","0.5178571428571429","0.5378725165562914","0.375","0.6422018348623854","998","1498","0","5.6843418860808015E-14","0","true","true","true"
"389","310389","B-good","true","500","310389","B-good","500","125","5000","0.9880470865159074","1","100","0.5022487578427166","0.45","39.6","75","0.9999999989548265","0.9374","1.565","0.5516","468.7","1404.1","0","0","false","0.9880470865159074","1","0.8","1.250000000000001","0.8","0.5623003194888179","0.5508854277789631","0.52","0.61","998","1498","0","8.526512829121202E-14","6.217248937900877E-15","true","true","true"
"390","310390","B-good","true","500","310390","B-good","500","125","5000","0.55","1","63","0.6072778450788096","0.55","35.1","75","0.9999999998709338","0.9554","1.115000000000001","0.5574","477.7","1431.1","0","0","false","0.55","1","0.504","3.099999999999998","0.504","0.5067264573991032","0.5597655432279673","0.43548387096774194","0.5079365079365079","998","1498","0","1.1368683772161603E-13","4.884981308350689E-15","true","true","true"
"392","310392","B-good","true","500","310392","B-good","500","125","5000","0.7317174011812813","1","85","0.5545388845594428","0.6","46.8","75","0.999999964467864","0.9192","2.0199999999999996","0.5376","459.6","1376.8","0","0","false","0.7317174011812813","1","0.68","2.0000000000000018","0.68","0.49504950495049505","0.5413402959094865","0.525","0.5294117647058824","998","1498","0","5.3290705182007514E-14","1.2434497875801753E-14","true","true","true"
"391","310391","B-good","true","500","310391","B-good","500","125","5000","0.9955840597339484","1","99","0.5450020813616419","0.6","42.9","75","0.9999998280178787","0.9102","2.244999999999998","0.5562","455.1","1363.3","0","0","false","0.9955840597339484","1","0.792","1.3000000000000012","0.792","0.5278396436525612","0.5589980224126566","0.5769230769230769","0.6363636363636364","998","1498","0","1.1368683772161603E-13","2.398081733190338E-14","true","true","true"
"393","310393","B-good","true","500","310393","B-good","500","125","5000","0.9530265597482369","1","87","0.3325125110229551","0.05","31.8","75","0.9999999991834974","0.8782","3.0449999999999973","0.5442","439.1","1315.3","0","0","false","0.9530265597482369","1","0.696","1.9000000000000017","0.696","0.4614121510673235","0.555682076975632","0.5","0.5862068965517241","998","1498","0","9.947598300641403E-14","2.3092638912203256E-14","true","true","true"
"394","310394","B-good","true","500","310394","B-good","500","125","5000","0.6905480615036318","1","76","0.42990427110548346","0.2","42.3","75","0.9999999956831521","0.9344","1.6400000000000012","0.5466","467.2","1399.6","0","0","false","0.6905480615036318","1","0.608","2.45","0.608","0.5457317073170732","0.5466609589041096","0.5510204081632653","0.5263157894736842","998","1498","0","8.526512829121202E-14","2.220446049250313E-15","true","true","true"
"396","310396","B-good","true","500","310396","B-good","500","125","5000","0.9431811237123936","1","102","0.5880293863303949","0.65","38.7","75","0.9999999998653418","0.9514","1.215000000000001","0.5476","475.7","1425.1","0","0","false","0.9431811237123936","1","0.816","1.150000000000001","0.816","0.4773662551440329","0.5511877233550557","0.6086956521739131","0.5686274509803921","998","1498","0","1.0658141036401503E-13","2.6645352591003757E-15","true","true","true"
"395","310395","B-good","true","500","310395","B-good","500","125","5000","0.9975765116109027","1","96","0.4963369873934078","0.4","46.2","75","0.9999944524281814","0.7572","6.070000000000027","0.5414","378.6","1133.8","0","0","false","0.9975765116109027","1","0.768","1.4500000000000013","0.768","0.49835255354200986","0.5552033808769149","0.5517241379310345","0.65625","998","1498","0","9.947598300641403E-14","9.237055564881302E-14","true","true","true"
"397","310397","B-good","true","500","310397","B-good","500","125","5000","0.9174389747697416","1","94","0.5697442614635417","0.65","42.3","75","0.9999999999921279","0.9606","0.9850000000000009","0.554","480.3","1438.9","0","0","false","0.9174389747697416","1","0.752","1.5500000000000014","0.752","0.4619289340101523","0.5577763897564022","0.41935483870967744","0.5638297872340425","998","1498","0","9.947598300641403E-14","0","true","true","true"
"398","310398","B-good","true","500","310398","B-good","500","125","5000","0.23076011223611606","0","64","0.7513288725336553","0.8","43.8","75","0.9999999999999851","0.9592","1.0200000000000007","0.56","479.6","1436.8","0","0","false","0.23076011223611606","0","0.512","3.049999999999998","0.512","0.4852941176470588","0.5631776480400333","0.5409836065573771","0.453125","998","1498","0","9.237055564881302E-14","4.440892098500626E-15","true","true","true"
"399","310399","B-good","true","500","310399","B-good","500","125","5000","0.9919667203630474","1","110","0.5284751618695014","0.6","34.2","75","0.9999999563693276","0.8816","2.9599999999999964","0.5408","440.8","1320.4","0","0","false","0.9919667203630474","1","0.88","0.7500000000000007","0.88","0.5016891891891891","0.5460526315789473","0.2","0.6090909090909091","998","1498","0","6.394884621840902E-14","2.4868995751603507E-14","true","true","true"
"400","310400","B-good","true","500","310400","B-good","500","125","5000","0.23076011223611606","0","44","0.8483923241856199","1","57.3","75","0.9999999999927679","0.9754","0.6150000000000005","0.5516","487.7","1461.1","0","0","false","0.23076011223611606","0","0.352","4.0499999999999945","0.352","0.4634146341463415","0.5538240721755178","0.5555555555555556","0.4318181818181818","998","1498","0","8.526512829121202E-14","8.881784197001252E-15","true","true","true"
"401","310401","B-good","true","500","310401","B-good","500","125","5000","0.9009100727155935","1","89","0.4599052361591993","0.45","39.9","75","0.9999814664676464","0.9014","2.4650000000000016","0.5354","450.7","1350.1","0","0","false","0.9009100727155935","1","0.712","1.8000000000000016","0.712","0.513184584178499","0.5378300421566452","0.5833333333333334","0.5617977528089888","998","1498","0","5.6843418860808015E-14","3.552713678800501E-15","true","true","true"
"402","310402","B-good","true","500","310402","B-good","500","125","5000","0.5990099009900991","1","76","0.5441700137236538","0.45","41.4","75","0.999997119199348","0.9446","1.3850000000000005","0.544","472.3","1414.9","0","0","false","0.5990099009900991","1","0.608","2.45","0.608","0.5451263537906137","0.5439339402921872","0.5306122448979592","0.5131578947368421","998","1498","0","9.237055564881302E-14","8.881784197001252E-15","true","true","true"
"404","310404","B-good","true","500","310404","B-good","500","125","5000","0.9530265597482369","1","113","0.6952662016745694","0.7","49.8","75","0.9999999998367091","0.9702","0.7450000000000008","0.5458","485.1","1453.3","0","0","false","0.9530265597482369","1","0.904","0.6000000000000005","0.904","0.5369127516778524","0.5460729746444032","0.4166666666666667","0.5663716814159292","998","1498","0","7.815970093361102E-14","0","true","true","true"
"403","310403","B-good","true","500","310403","B-good","500","125","5000","0.9174389747697416","1","66","0.6547389448442029","0.8","56.1","75","0.999999999965939","0.9646","0.8850000000000005","0.5472","482.3","1444.9","0","0","false","0.9174389747697416","1","0.528","2.9499999999999984","0.528","0.519774011299435","0.5482065104706614","0.4576271186440678","0.5909090909090909","998","1498","0","7.815970093361102E-14","4.440892098500626E-15","true","true","true"
"405","310405","B-good","true","500","310405","B-good","500","125","5000","0.9009100727155935","1","69","0.5300187839306586","0.4","40.5","75","0.9999999785012903","0.8736","3.16","0.547","436.8","1308.4","0","0","false","0.9009100727155935","1","0.552","2.799999999999999","0.552","0.509493670886076","0.55242673992674","0.48214285714285715","0.5797101449275363","998","1498","0","8.526512829121202E-14","1.2434497875801753E-14","true","true","true"
"406","310406","B-good","true","500","310406","B-good","500","125","5000","0.8029278364278081","1","71","0.6358051698538639","0.55","42.9","75","0.9999999992119177","0.9116","2.209999999999998","0.5506","455.8","1365.4","0","0","false","0.8029278364278081","1","0.568","2.6999999999999993","0.568","0.5248868778280543","0.5530934620447565","0.3333333333333333","0.5492957746478874","998","1498","0","7.815970093361102E-14","1.5987211554602254E-14","true","true","true"
"407","310407","B-good","true","500","310407","B-good","500","125","5000","0.11850053134012864","0","48","0.7138317422158776","0.9","48","75","0.9999999999509679","0.9524","1.1899999999999997","0.5478","476.2","1426.6","0","0","false","0.11850053134012864","0","0.384","3.849999999999995","0.384","0.5462184873949579","0.5478790424191516","0.5714285714285714","0.3958333333333333","998","1498","0","7.105427357601002E-14","1.3322676295501878E-14","true","true","true"
"408","310408","B-good","true","500","310408","B-good","500","125","5000","0.646116504854369","1","97","0.5597219905670594","0.55","40.5","75","0.9999999978540377","0.928","1.7999999999999994","0.5476","464","1390","0","0","false","0.646116504854369","1","0.776","1.4000000000000012","0.776","0.4666666666666667","0.5538793103448276","0.21428571428571427","0.5154639175257731","998","1498","0","7.815970093361102E-14","2.1316282072803006E-14","true","true","true"
"409","310409","B-good","true","500","310409","B-good","500","125","5000","0.5990099009900991","1","84","0.44500328100647357","0.4","44.4","75","0.9999999468817938","0.813","4.674999999999999","0.5516","406.5","1217.5","0","0","false","0.5990099009900991","1","0.672","2.0500000000000016","0.672","0.5283422459893048","0.556949569495695","0.7073170731707317","0.5119047619047619","998","1498","0","7.105427357601002E-14","2.398081733190338E-14","true","true","true"
"410","310410","B-good","true","500","310410","B-good","500","125","5000","0.7692398877638839","1","62","0.5673649172285616","0.6","42.9","75","0.9999999997467736","0.8848","2.8799999999999977","0.5474","442.4","1325.2","0","0","false","0.7692398877638839","1","0.496","3.1499999999999977","0.496","0.5052083333333334","0.5528933092224232","0.5555555555555556","0.5483870967741935","998","1498","0","9.237055564881302E-14","2.6645352591003757E-14","true","true","true"
"411","310411","B-good","true","500","310411","B-good","500","125","5000","0.9314206186232206","1","91","0.7009686426402266","0.7","40.2","75","0.9994599202796703","0.9296","1.7599999999999987","0.5374","464.8","1392.4","0","0","false","0.9314206186232206","1","0.728","1.7000000000000015","0.728","0.46875","0.5425989672977625","0.5588235294117647","0.5714285714285714","998","1498","0","7.105427357601002E-14","1.9539925233402755E-14","true","true","true"
"412","310412","B-good","true","500","310412","B-good","500","125","5000","0.6905480615036318","1","82","0.6911288909644732","0.75","40.2","75","0.9999999982087301","0.9504","1.2400000000000007","0.5426","475.2","1423.6","0","0","false","0.6905480615036318","1","0.656","2.1500000000000012","0.656","0.5241935483870968","0.5435606060606061","0.5581395348837209","0.524390243902439","998","1498","0","6.039613253960852E-14","4.440892098500626E-15","true","true","true"
"413","310413","B-good","true","500","310413","B-good","500","125","5000","0.23076011223611606","0","66","0.6602051885547454","0.75","45.6","75","0.9999999866550418","0.9532","1.1700000000000008","0.5514","476.6","1427.8","0","0","false","0.23076011223611606","0","0.528","2.9499999999999984","0.528","0.5213675213675214","0.5528745279060009","0.5084745762711864","0.45454545454545453","998","1498","0","9.237055564881302E-14","4.440892098500626E-15","true","true","true"
"414","310414","B-good","true","500","310414","B-good","500","125","5000","0.832766961303352","1","96","0.4584875649812174","0.5","36","75","0.9999726516328102","0.8412","3.969999999999999","0.5286","420.6","1259.8","0","0","false","0.832766961303352","1","0.768","1.4500000000000013","0.768","0.5062972292191436","0.5328102710413695","0.6206896551724138","0.5416666666666666","998","1498","0","3.552713678800501E-14","2.398081733190338E-14","true","true","true"
"415","310415","B-good","true","500","310415","B-good","500","125","5000","0.7692398877638839","1","94","0.6289814817232647","0.6","36.3","75","0.999886781099981","0.8736","3.159999999999998","0.5268","436.8","1308.4","0.002","0","false","0.7692398877638839","1","0.752","1.5500000000000014","0.752","0.4889240506329114","0.5322802197802198","0.5806451612903226","0.5319148936170213","998","1498","0","6.039613253960852E-14","1.4210854715202004E-14","true","true","true"
"416","310416","B-good","true","500","310416","B-good","500","125","5000","0.9946080309222399","1","98","0.5696333826113131","0.5","35.7","75","0.9999999308024394","0.849","3.775000000000001","0.5454","424.5","1271.5","0","0","false","0.9946080309222399","1","0.784","1.3500000000000012","0.784","0.49801324503311256","0.5538280329799764","0.5185185185185185","0.6326530612244898","998","1498","0","8.526512829121202E-14","2.3092638912203256E-14","true","true","true"
"417","310417","B-good","true","500","310417","B-good","500","125","5000","0.9174389747697416","1","86","0.4758064251824699","0.35","38.7","75","0.8749044126828709","0.8052","4.8700000000000045","0.5322","402.6","1206","0.116","0.1","false","0.9174389747697416","1","0.688","1.9500000000000017","0.688","0.5082135523613963","0.5380029806259314","0.46153846153846156","0.5697674418604651","998","1498","0","9.947598300641403E-14","7.105427357601002E-14","true","true","true"
"418","310418","B-good","true","500","310418","B-good","500","125","5000","0.9174389747697416","1","68","0.657458964499645","0.8","45.9","75","0.9999999999813302","0.947","1.3250000000000008","0.5456","473.5","1418.5","0","0","false","0.9174389747697416","1","0.544","2.8499999999999988","0.544","0.5132075471698113","0.5474128827877508","0.45614035087719296","0.5882352941176471","998","1498","0","6.394884621840902E-14","3.552713678800501E-15","true","true","true"
"420","310420","B-good","true","500","310420","B-good","500","125","5000","0.832766961303352","1","78","0.3575545653015994","0.2","35.7","75","0.9995038634463846","0.8342","4.14500000000001","0.5278","417.1","1249.3","0.004","0","false","0.832766961303352","1","0.624","2.3500000000000005","0.624","0.49095295536791317","0.5351234715895469","0.44680851063829785","0.5512820512820513","998","1498","0","5.6843418860808015E-14","6.394884621840902E-14","true","true","true"
"419","310419","B-good","true","500","310419","B-good","500","125","5000","0.55","1","73","0.6724133809172879","0.85","41.7","75","0.9999999999845937","0.9034","2.4149999999999983","0.5524","451.7","1353.1","0","0","false","0.55","1","0.584","2.5999999999999996","0.584","0.5113871635610766","0.5567854770865619","0.5576923076923077","0.5068493150684932","998","1498","0","1.0658141036401503E-13","1.687538997430238E-14","true","true","true"
"421","310421","B-good","true","500","310421","B-good","500","125","5000","0.646116504854369","1","45","0.4880138834062098","0.5","41.1","75","0.9999999937637284","0.8638","3.405000000000001","0.5366","431.9","1293.7","0","0","false","0.646116504854369","1","0.36","3.9999999999999947","0.36","0.4713656387665198","0.5468858532067609","0.4875","0.5333333333333333","998","1498","0","7.105427357601002E-14","1.509903313490213E-14","true","true","true"
"422","310422","B-good","true","500","310422","B-good","500","125","5000","0.9314206186232206","1","79","0.6084769627149744","0.7","43.8","75","0.9999678021958814","0.8354","4.115000000000009","0.538","417.7","1251.1","0","0","false","0.9314206186232206","1","0.632","2.3000000000000007","0.632","0.4896719319562576","0.5475221450802011","0.5652173913043478","0.5822784810126582","998","1498","0","8.526512829121202E-14","7.460698725481052E-14","true","true","true"
"423","310423","B-good","true","500","310423","B-good","500","125","5000","0.23076011223611606","0","28","0.481438499376407","0.45","39.9","75","0.9928289912281698","0.7986","5.035000000000008","0.5372","399.3","1195.9","0.026","0","false","0.23076011223611606","0","0.224","4.849999999999992","0.224","0.5124131082423039","0.5434510393188079","0.4742268041237113","0.39285714285714285","998","1498","0","9.947598300641403E-14","1.0658141036401503E-13","true","true","true"
"425","310425","B-good","true","500","310425","B-good","500","125","5000","0.353883495145631","0","51","0.5373936300981002","0.55","38.7","75","0.9999999756958768","0.8782","3.0449999999999964","0.5394","439.1","1315.3","0","0","false","0.353883495145631","0","0.408","3.6999999999999957","0.408","0.5090311986863711","0.5436119335003416","0.5135135135135135","0.47058823529411764","998","1498","0","6.394884621840902E-14","2.398081733190338E-14","true","true","true"
"424","310424","B-good","true","500","310424","B-good","500","125","5000","0.55","1","47","0.7382924037171857","0.9","45.3","75","0.9999999999997515","0.9548","1.1300000000000006","0.5568","477.4","1430.2","0","0","false","0.55","1","0.376","3.899999999999995","0.376","0.4823008849557522","0.5603267700041894","0.48717948717948717","0.5106382978723404","998","1498","0","9.947598300641403E-14","8.43769498715119E-15","true","true","true"
"426","310426","B-good","true","500","310426","B-good","500","125","5000","0.9314206186232206","1","95","0.6872276364078718","0.85","49.8","75","0.9999999999751885","0.9636","0.9100000000000008","0.5454","481.8","1443.4","0","0","false","0.9314206186232206","1","0.76","1.5000000000000013","0.76","0.5","0.5471149854711499","0.5","0.5684210526315789","998","1498","0","6.039613253960852E-14","0","true","true","true"
"427","310427","B-good","true","500","310427","B-good","500","125","5000","0.3094519384963682","0","66","0.6759778823812088","0.6","40.5","75","0.9999999999565453","0.9504","1.2400000000000002","0.5508","475.2","1423.6","0","0","false","0.3094519384963682","0","0.528","2.9499999999999984","0.528","0.4838709677419355","0.5542929292929293","0.4406779661016949","0.4696969696969697","998","1498","0","9.237055564881302E-14","7.105427357601002E-15","true","true","true"
"429","310429","B-good","true","500","310429","B-good","500","125","5000","0.9612361174447144","1","96","0.6840680368579717","0.8","40.5","75","0.999999937856126","0.9432","1.4200000000000004","0.5374","471.6","1412.8","0","0","false","0.9612361174447144","1","0.768","1.4500000000000013","0.768","0.4753521126760563","0.5411365564037319","0.6206896551724138","0.5833333333333334","998","1498","0","6.039613253960852E-14","7.549516567451064E-15","true","true","true"
"428","310428","B-good","true","500","310428","B-good","500","125","5000","0.9612361174447144","1","84","0.8030947896860784","1","45.6","75","0.9999999999658492","0.9692","0.7700000000000007","0.5574","484.6","1451.8","0","0","false","0.9612361174447144","1","0.672","2.0500000000000016","0.672","0.564935064935065","0.5571605447791993","0.5853658536585366","0.5952380952380952","998","1498","0","9.947598300641403E-14","0","true","true","true"
"430","310430","B-good","true","500","310430","B-good","500","125","5000","0.832766961303352","1","62","0.6021859659004665","0.6","43.2","75","0.9999997796295222","0.9426","1.435","0.5444","471.3","1411.9","0","0","false","0.832766961303352","1","0.496","3.1499999999999977","0.496","0.5226480836236934","0.5457245915552726","0.5238095238095238","0.5645161290322581","998","1498","0","8.526512829121202E-14","9.769962616701378E-15","true","true","true"
"431","310431","B-good","true","500","310431","B-good","500","125","5000","0.832766961303352","1","80","0.721187363174822","0.8","41.7","75","0.9999999999682538","0.9442","1.3950000000000002","0.545","472.1","1414.3","0","0","false","0.832766961303352","1","0.64","2.250000000000001","0.64","0.44802867383512546","0.5507307773776742","0.4888888888888889","0.55","998","1498","0","7.815970093361102E-14","4.884981308350689E-15","true","true","true"
"432","310432","B-good","true","500","310432","B-good","500","125","5000","0.11850053134012864","0","42","0.7584380817148277","0.95","45.3","75","0.9999999564921739","0.9256","1.859999999999998","0.5466","462.8","1386.4","0","0","false","0.11850053134012864","0","0.336","4.149999999999994","0.336","0.521505376344086","0.5486171132238548","0.5421686746987951","0.38095238095238093","998","1498","0","7.105427357601002E-14","1.9539925233402755E-14","true","true","true"
"433","310433","B-good","true","500","310433","B-good","500","125","5000","0.5990099009900991","1","84","0.6954883065285379","0.9","40.2","75","0.9999999908371136","0.9536","1.1599999999999997","0.5414","476.8","1428.4","0","0","false","0.5990099009900991","1","0.672","2.0500000000000016","0.672","0.47413793103448276","0.5446728187919463","0.43902439024390244","0.5119047619047619","998","1498","0","8.526512829121202E-14","1.1546319456101628E-14","true","true","true"
"434","310434","B-good","true","500","310434","B-good","500","125","5000","0.3094519384963682","0","58","0.4319238257536542","0.35","32.1","75","0.8945030579606434","0.7038","7.405000000000042","0.5262","351.9","1053.9","0.11","0.1","false","0.3094519384963682","0","0.464","3.349999999999997","0.464","0.48683322079675895","0.5427678317703893","0.5074626865671642","0.46551724137931033","998","1498","0","7.815970093361102E-14","1.7763568394002505E-13","true","true","true"
"435","310435","B-good","true","500","310435","B-good","500","125","5000","0.9963840547280801","1","116","0.5987664157662099","0.7","42.3","75","0.9999999980707012","0.8482","3.7949999999999995","0.5412","424.1","1270.3","0","0","false","0.9963840547280801","1","0.928","0.4500000000000004","0.928","0.4927536231884058","0.5498703136052818","0.2222222222222222","0.6206896551724138","998","1498","0","6.394884621840902E-14","1.7763568394002505E-14","true","true","true"
"436","310436","B-good","true","500","310436","B-good","500","125","5000","0.9901990435157576","1","111","0.4881894582119696","0.45","38.7","75","0.9999999998601554","0.8938","2.6549999999999976","0.5424","446.9","1338.7","0","0","false","0.9901990435157576","1","0.888","0.7000000000000006","0.888","0.4821092278719397","0.5495636607742225","0.42857142857142855","0.6036036036036037","998","1498","0","7.105427357601002E-14","2.1316282072803006E-14","true","true","true"
"437","310437","B-good","true","500","310437","B-good","500","125","5000","0.9880470865159074","1","116","0.3729145006697893","0.3","33.9","75","0.7740358573212172","0.475","13.125000000000068","0.522","237.5","710.9","0.258","0.3","false","0.9880470865159074","1","0.928","0.4500000000000004","0.928","0.52","0.5242105263157895","0.4444444444444444","0.5948275862068966","998","1498","0","3.907985046680551E-14","1.8118839761882555E-13","true","true","true"
"438","310438","B-good","true","500","310438","B-good","500","125","5000","0.55","1","73","0.636807883673211","0.55","39.3","75","0.9999999999999648","0.955","1.1250000000000009","0.559","477.5","1430.5","0","0","false","0.55","1","0.584","2.5999999999999996","0.584","0.49777777777777776","0.5618848167539267","0.4807692307692308","0.5068493150684932","998","1498","0","9.947598300641403E-14","2.6645352591003757E-15","true","true","true"
"439","310439","B-good","true","500","310439","B-good","500","125","5000","0.4009900990099009","0","38","0.5665706230125573","0.5","40.8","75","0.9999999754573812","0.93","1.7500000000000007","0.5388","465","1393","0","0","false","0.4009900990099009","0","0.304","4.349999999999993","0.304","0.46","0.5447311827956989","0.5747126436781609","0.47368421052631576","998","1498","0","7.815970093361102E-14","1.0658141036401503E-14","true","true","true"
"440","310440","B-good","true","500","310440","B-good","500","125","5000","0.7317174011812813","1","77","0.7767817302206818","0.95","46.8","75","0.999999995301156","0.961","0.9750000000000009","0.5428","480.5","1439.5","0","0","false","0.7317174011812813","1","0.616","2.4000000000000004","0.616","0.5435897435897435","0.5427679500520292","0.6041666666666666","0.5324675324675324","998","1498","0","7.815970093361102E-14","1.7763568394002505E-15","true","true","true"
"441","310441","B-good","true","500","310441","B-good","500","125","5000","0.3094519384963682","0","50","0.7939111642918161","0.95","48.6","75","0.9999837531249902","0.8018","4.955000000000011","0.5382","400.9","1200.7","0","0","false","0.3094519384963682","0","0.4","3.7499999999999956","0.4","0.49747729566094856","0.5482664005986531","0.48","0.46","998","1498","0","7.105427357601002E-14","5.861977570020827E-14","true","true","true"
"442","310442","B-good","true","500","310442","B-good","500","125","5000","0.9174389747697416","1","92","0.7024918678847284","0.75","44.4","75","0.9999917780009572","0.8466","3.8350000000000044","0.5394","423.3","1267.9","0","0","false","0.9174389747697416","1","0.736","1.6500000000000015","0.736","0.5019556714471969","0.5461847389558233","0.5757575757575758","0.5652173913043478","998","1498","0","7.105427357601002E-14","4.618527782440651E-14","true","true","true"
"443","310443","B-good","true","500","310443","B-good","500","125","5000","0.9946080309222399","1","94","0.451238251621853","0.35","40.5","75","0.9999999906772489","0.874","3.149999999999999","0.5358","437","1309","0","0","false","0.9946080309222399","1","0.752","1.5500000000000014","0.752","0.4777777777777778","0.5441647597254005","0.5483870967741935","0.6382978723404256","998","1498","0","6.039613253960852E-14","2.042810365310288E-14","true","true","true"
"444","310444","B-good","true","500","310444","B-good","500","125","5000","0.55","1","51","0.6580139788526329","0.7","39.9","75","0.9999999999750585","0.9238","1.905","0.5502","461.9","1383.7","0","0","false","0.55","1","0.408","3.6999999999999957","0.408","0.5511811023622047","0.5501190733925092","0.527027027027027","0.5098039215686274","998","1498","0","6.039613253960852E-14","1.2434497875801753E-14","true","true","true"
"445","310445","B-good","true","500","310445","B-good","500","125","5000","0.9009100727155935","1","73","0.7717284082058413","1","45.6","75","0.9999999999881467","0.9682","0.7950000000000007","0.5518","484.1","1450.3","0","0","false","0.9009100727155935","1","0.584","2.5999999999999996","0.584","0.5094339622641509","0.5531914893617021","0.4230769230769231","0.5753424657534246","998","1498","0","8.526512829121202E-14","2.6645352591003757E-15","true","true","true"
"446","310446","B-good","true","500","310446","B-good","500","125","5000","0.9431811237123936","1","100","0.5536905469479457","0.6","33.3","75","0.9999996767044506","0.9466","1.3350000000000013","0.544","473.3","1417.9","0","0","false","0.9431811237123936","1","0.8","1.250000000000001","0.8","0.4794007490636704","0.5476442002957955","0.56","0.57","998","1498","0","7.815970093361102E-14","4.440892098500626E-16","true","true","true"
"447","310447","B-good","true","500","310447","B-good","500","125","5000","0.9901990435157576","1","113","0.6029712837388459","0.6","44.1","75","0.9999999999115877","0.955","1.1250000000000004","0.5474","477.5","1430.5","0","0","false","0.9901990435157576","1","0.904","0.6000000000000005","0.904","0.48444444444444446","0.5503664921465968","0.4166666666666667","0.6017699115044248","998","1498","0","7.815970093361102E-14","2.6645352591003757E-15","true","true","true"
"448","310448","B-good","true","500","310448","B-good","500","125","5000","0.7692398877638839","1","84","0.6559136557062938","0.75","40.2","75","0.9999989064635113","0.9478","1.3050000000000008","0.541","473.9","1419.7","0","0","false","0.7692398877638839","1","0.672","2.0500000000000016","0.672","0.5134099616858238","0.5425195188858409","0.3902439024390244","0.5357142857142857","998","1498","0","7.105427357601002E-14","1.7763568394002505E-15","true","true","true"
"449","310449","B-good","true","500","310449","B-good","500","125","5000","0.646116504854369","1","65","0.5946214008548514","0.7","38.4","75","0.9999999859278835","0.927","1.8249999999999988","0.5386","463.5","1388.5","0","0","false","0.646116504854369","1","0.52","2.9999999999999982","0.52","0.44931506849315067","0.545631067961165","0.45","0.5230769230769231","998","1498","0","7.105427357601002E-14","1.687538997430238E-14","true","true","true"
"450","310450","B-good","true","500","310450","B-good","500","125","5000","0.8029278364278081","1","69","0.7106038243448641","0.7","50.1","75","0.9999999999262673","0.9654","0.8650000000000005","0.5562","482.7","1446.1","0","0","false","0.8029278364278081","1","0.552","2.799999999999999","0.552","0.5953757225433526","0.5547959395069402","0.4642857142857143","0.5507246376811594","998","1498","0","8.526512829121202E-14","3.552713678800501E-15","true","true","true"
"451","310451","B-good","true","500","310451","B-good","500","125","5000","0.646116504854369","1","95","0.38022340660062814","0.3","31.2","75","0.9999999999024448","0.9042","2.3949999999999996","0.5436","452.1","1354.3","0","0","false","0.646116504854369","1","0.76","1.5000000000000013","0.76","0.5093945720250522","0.5472240654722407","0.4","0.5157894736842106","998","1498","0","5.6843418860808015E-14","8.881784197001252E-15","true","true","true"
"452","310452","B-good","true","500","310452","B-good","500","125","5000","0.9174389747697416","1","104","0.5461726156287342","0.55","43.5","75","0.9999999999214519","0.8738","3.1549999999999963","0.5414","436.9","1308.7","0","0","false","0.9174389747697416","1","0.832","1.050000000000001","0.832","0.46909667194928684","0.5518425268940261","0.5714285714285714","0.5576923076923077","998","1498","0","7.815970093361102E-14","2.6645352591003757E-14","true","true","true"
"454","310454","B-good","true","500","310454","B-good","500","125","5000","0.5","0.5","78","0.6000040760956453","0.85","36.9","75","0.9999999995570544","0.9388","1.5300000000000011","0.542","469.4","1406.2","0","0","false","0.5","0.5","0.624","2.3500000000000005","0.624","0.48366013071895425","0.5458031529612271","0.3617021276595745","0.5","998","1498","0","7.105427357601002E-14","1.7763568394002505E-15","true","true","true"
"453","310453","B-good","true","500","310453","B-good","500","125","5000","0.9822491904206395","1","86","0.5771404108600823","0.55","39","75","0.9999999997894014","0.92","1.9999999999999987","0.5458","460","1378","0","0","false","0.9822491904206395","1","0.688","1.9500000000000017","0.688","0.475","0.5519565217391305","0.5641025641025641","0.6162790697674418","998","1498","0","7.815970093361102E-14","1.1546319456101628E-14","true","true","true"
"455","310455","B-good","true","500","310455","B-good","500","125","5000","0.2682825988187187","0","29","0.7098866638728426","0.7","51","75","0.9978381146663396","0.9322","1.6950000000000034","0.54","466.1","1396.3","0.002","0","false","0.2682825988187187","0","0.232","4.799999999999992","0.232","0.5073746312684366","0.5423728813559322","0.4479166666666667","0.41379310344827586","998","1498","0","7.815970093361102E-14","2.1316282072803006E-14","true","true","true"
"456","310456","B-good","true","500","310456","B-good","500","125","5000","0.9854295854981023","1","93","0.40195153195566746","0.3","32.1","75","0.9999999999989482","0.909","2.2749999999999995","0.5524","454.5","1361.5","0","0","false","0.9854295854981023","1","0.744","1.6000000000000014","0.744","0.5032967032967033","0.5573157315731573","0.5625","0.6129032258064516","998","1498","0","8.526512829121202E-14","7.993605777301127E-15","true","true","true"
"457","310457","B-good","true","500","310457","B-good","500","125","5000","0.5990099009900991","1","60","0.802892351402192","0.9","48.9","75","0.9999999998873264","0.9674","0.8150000000000006","0.5464","483.7","1449.1","0","0","false","0.5990099009900991","1","0.48","3.2499999999999973","0.48","0.49079754601226994","0.5482737233822618","0.5538461538461539","0.5166666666666667","998","1498","0","8.526512829121202E-14","5.329070518200751E-15","true","true","true"
"458","310458","B-good","true","500","310458","B-good","500","125","5000","0.9612361174447144","1","96","0.6075800060351864","0.7","36","75","0.999999412010516","0.9188","2.03","0.547","459.4","1376.2","0","0","false","0.9612361174447144","1","0.768","1.4500000000000013","0.768","0.49014778325123154","0.5520243796255986","0.5862068965517241","0.5833333333333334","998","1498","0","9.947598300641403E-14","7.993605777301127E-15","true","true","true"
"459","310459","B-good","true","500","310459","B-good","500","125","5000","0.6905480615036318","1","64","0.7494762121738527","0.9","47.7","75","0.9999999998052435","0.9216","1.959999999999999","0.5488","460.8","1380.4","0","0","false","0.6905480615036318","1","0.512","3.049999999999998","0.512","0.4872448979591837","0.5540364583333334","0.5081967213114754","0.53125","998","1498","0","8.526512829121202E-14","8.881784197001252E-15","true","true","true"
"460","310460","B-good","true","500","310460","B-good","500","125","5000","0.9737137791228572","1","110","0.6216219908427456","0.6","44.4","75","0.9999999999997204","0.9316","1.7099999999999997","0.5538","465.8","1395.4","0","0","false","0.9737137791228572","1","0.88","0.7500000000000007","0.88","0.4824561403508772","0.5590382138256763","0.6","0.5818181818181818","998","1498","0","9.237055564881302E-14","6.661338147750939E-15","true","true","true"
"461","310461","B-good","true","500","310461","B-good","500","125","5000","0.5","0.5","70","0.4637364005799906","0.35","36.6","75","0.9999999997637264","0.9136","2.1599999999999993","0.5516","456.8","1368.4","0","0","false","0.5","0.5","0.56","2.749999999999999","0.56","0.5069444444444444","0.5558231173380035","0.36363636363636365","0.5","998","1498","0","9.237055564881302E-14","1.0658141036401503E-14","true","true","true"
"462","310462","B-good","true","500","310462","B-good","500","125","5000","0.9854295854981023","1","99","0.8619199790581922","0.95","59.4","75","0.9999999999999979","0.984","0.40000000000000024","0.5642","492","1474","0","0","false","0.9854295854981023","1","0.792","1.3000000000000012","0.792","0.5375","0.5646341463414634","0.34615384615384615","0.6060606060606061","998","1498","0","9.947598300641403E-14","0","true","true","true"
"463","310463","B-good","true","500","310463","B-good","500","125","5000","0.8588821376227943","1","87","0.7435978407495959","0.9","45.9","75","0.9999999978857751","0.956","1.100000000000001","0.5404","478","1432","0","0","false","0.8588821376227943","1","0.696","1.9000000000000017","0.696","0.4409090909090909","0.5449790794979079","0.5526315789473685","0.5517241379310345","998","1498","0","7.105427357601002E-14","0","true","true","true"
"464","310464","B-good","true","500","310464","B-good","500","125","5000","0.55","1","41","0.6534665577365606","0.8","41.4","75","0.9999999999991436","0.9536","1.160000000000001","0.5472","476.8","1428.4","0","0","false","0.55","1","0.328","4.199999999999994","0.328","0.4224137931034483","0.5532718120805369","0.5","0.5121951219512195","998","1498","0","7.815970093361102E-14","9.769962616701378E-15","true","true","true"
"465","310465","B-good","true","500","310465","B-good","500","125","5000","0.4009900990099009","0","44","0.6509609867288646","0.7","43.2","75","0.9999999996473031","0.9424","1.4400000000000004","0.5432","471.2","1411.6","0","0","false","0.4009900990099009","0","0.352","4.0499999999999945","0.352","0.5104166666666666","0.5452037351443124","0.5308641975308642","0.4772727272727273","998","1498","0","7.105427357601002E-14","8.881784197001252E-15","true","true","true"
"466","310466","B-good","true","500","310466","B-good","500","125","5000","0.9174389747697416","1","108","0.7681107747202427","1","42.6","75","0.9999999999776712","0.97","0.7500000000000007","0.5488","485","1453","0","0","false","0.9174389747697416","1","0.864","0.8500000000000008","0.864","0.47333333333333333","0.5511340206185567","0.5294117647058824","0.5555555555555556","998","1498","0","9.237055564881302E-14","0","true","true","true"
"467","310467","B-good","true","500","310467","B-good","500","125","5000","0.9680589764391282","1","115","0.48548735941555315","0.5","39.3","75","0.9999999999676706","0.8986","2.5349999999999993","0.5516","449.3","1345.9","0","0","false","0.9680589764391282","1","0.92","0.5000000000000004","0.92","0.5187376725838264","0.5553082572891164","0.3","0.5739130434782609","998","1498","0","7.815970093361102E-14","1.2434497875801753E-14","true","true","true"
"468","310468","B-good","true","500","310468","B-good","500","125","5000","0.44999999999999996","0","31","0.9154636301729887","1","61.2","75","0.9999999998697394","0.9872","0.3200000000000003","0.5532","493.6","1478.8","0","0","false","0.44999999999999996","0","0.248","4.699999999999992","0.248","0.65625","0.5518638573743923","0.5425531914893617","0.4838709677419355","998","1498","0","8.526512829121202E-14","1.2434497875801753E-14","true","true","true"
"469","310469","B-good","true","500","310469","B-good","500","125","5000","0.44999999999999996","0","39","0.721322323593804","0.8","47.1","75","0.9981921993949561","0.8294","4.265000000000016","0.5356","414.7","1242.1","0.016","0","false","0.44999999999999996","0","0.312","4.299999999999994","0.312","0.49941383352872215","0.5430431637328189","0.5348837209302325","0.48717948717948717","998","1498","0","6.394884621840902E-14","1.1723955140041653E-13","true","true","true"
"470","310470","B-good","true","500","310470","B-good","500","125","5000","0.646116504854369","1","63","0.6932765472295833","0.7","43.2","75","0.9999951978138503","0.8806","2.9849999999999977","0.5368","440.3","1318.9","0","0","false","0.646116504854369","1","0.504","3.099999999999998","0.504","0.507537688442211","0.5407676584147172","0.5483870967741935","0.5238095238095238","998","1498","0","7.815970093361102E-14","1.9539925233402755E-14","true","true","true"
"471","310471","B-good","true","500","310471","B-good","500","125","5000","0.5990099009900991","1","70","0.7016528374012199","0.8","48.9","75","0.999940135852453","0.814","4.650000000000008","0.5288","407","1219","0","0","false","0.5990099009900991","1","0.56","2.749999999999999","0.56","0.46774193548387094","0.5427518427518427","0.4909090909090909","0.5142857142857142","998","1498","0","5.6843418860808015E-14","6.394884621840902E-14","true","true","true"
"472","310472","B-good","true","500","310472","B-good","500","125","5000","0.7317174011812813","1","63","0.5355521523376984","0.5","44.1","75","0.9999999840543096","0.9566","1.0850000000000009","0.5476","478.3","1432.9","0","0","false","0.7317174011812813","1","0.504","3.099999999999998","0.504","0.4930875576036866","0.5500731758310684","0.5483870967741935","0.5396825396825397","998","1498","0","9.237055564881302E-14","4.884981308350689E-15","true","true","true"
"473","310473","B-good","true","500","310473","B-good","500","125","5000","0.23076011223611606","0","44","0.5790277076644947","0.55","39.3","75","0.9999999988310101","0.8894","2.764999999999997","0.558","444.7","1332.1","0","0","false","0.23076011223611606","0","0.352","4.0499999999999945","0.352","0.5443037974683544","0.5597031706768608","0.5061728395061729","0.4318181818181818","998","1498","0","1.0658141036401503E-13","1.7763568394002505E-14","true","true","true"
"474","310474","B-good","true","500","310474","B-good","500","125","5000","0.8814994686598715","1","54","0.6533672936804484","0.75","43.2","75","0.9999999998812823","0.9532","1.170000000000001","0.549","476.6","1427.8","0","0","false","0.8814994686598715","1","0.432","3.5499999999999963","0.432","0.5170940170940171","0.5505665127989928","0.5352112676056338","0.5925925925925926","998","1498","0","7.815970093361102E-14","7.105427357601002E-15","true","true","true"
"475","310475","B-good","true","500","310475","B-good","500","125","5000","0.9880470865159074","1","106","0.5798292835145297","0.5","44.1","75","0.9999978346444806","0.8352","4.120000000000005","0.5362","417.6","1250.8","0","0","false","0.9880470865159074","1","0.848","0.9500000000000008","0.848","0.5121359223300971","0.540948275862069","0.5263157894736842","0.6037735849056604","998","1498","0","6.394884621840902E-14","7.283063041541027E-14","true","true","true"
"476","310476","B-good","true","500","310476","B-good","500","125","5000","0.44999999999999996","0","67","0.5763835414551945","0.7","42.9","75","0.8902486657747168","0.72","7.000000000000021","0.5224","360","1078.2","0.108","0.1","false","0.44999999999999996","0","0.536","2.8999999999999986","0.536","0.485","0.5369444444444444","0.5","0.4925373134328358","998","1498","0","8.526512829121202E-14","1.4921397450962104E-13","true","true","true"
"477","310477","B-good","true","500","310477","B-good","500","125","5000","0.2682825988187187","0","47","0.7873390238162405","0.9","52.5","75","0.9999999997599085","0.9716","0.7100000000000007","0.5508","485.8","1455.4","0","0","false","0.2682825988187187","0","0.376","3.899999999999995","0.376","0.5422535211267606","0.5510498147385755","0.48717948717948717","0.44680851063829785","998","1498","0","7.815970093361102E-14","8.43769498715119E-15","true","true","true"
"478","310478","B-good","true","500","310478","B-good","500","125","5000","0.55","1","49","0.6669222653506172","0.8","41.4","75","0.9999999998842386","0.9164","2.089999999999999","0.5492","458.2","1372.6","0","0","false","0.55","1","0.392","3.7999999999999954","0.392","0.4904306220095694","0.554561326931471","0.4342105263157895","0.5102040816326531","998","1498","0","8.526512829121202E-14","1.2434497875801753E-14","true","true","true"
"479","310479","B-good","true","500","310479","B-good","500","125","5000","0.8029278364278081","1","83","0.798232556842694","0.9","45","75","0.9999999987672071","0.973","0.6750000000000005","0.5472","486.5","1457.5","0","0","false","0.8029278364278081","1","0.664","2.1000000000000014","0.664","0.45925925925925926","0.5496402877697841","0.5","0.5421686746987951","998","1498","0","8.526512829121202E-14","4.440892098500626E-16","true","true","true"
"480","310480","B-good","true","500","310480","B-good","500","125","5000","0.9530265597482369","1","81","0.5461682787998664","0.5","42","75","0.9999999996900673","0.9106","2.234999999999998","0.5448","455.3","1363.9","0","0","false","0.9530265597482369","1","0.648","2.200000000000001","0.648","0.5078299776286354","0.5484296068526247","0.4772727272727273","0.5925925925925926","998","1498","0","7.105427357601002E-14","1.0658141036401503E-14","true","true","true"
"481","310481","B-good","true","500","310481","B-good","500","125","5000","0.2682825988187187","0","79","0.6729889721703295","1","38.7","75","0.9999999999377781","0.9446","1.3850000000000005","0.5442","472.3","1414.9","0","0","false","0.2682825988187187","0","0.632","2.3000000000000007","0.632","0.5234657039711191","0.5454160491213212","0.5","0.46835443037974683","998","1498","0","5.6843418860808015E-14","4.440892098500626E-15","true","true","true"
"483","310483","B-good","true","500","310483","B-good","500","125","5000","0.646116504854369","1","79","0.770305719183211","0.8","48.6","75","0.9999999999998502","0.9642","0.8950000000000007","0.5546","482.1","1444.3","0","0","false","0.646116504854369","1","0.632","2.3000000000000007","0.632","0.4748603351955307","0.5575606720597387","0.4782608695652174","0.5189873417721519","998","1498","0","7.815970093361102E-14","1.3322676295501878E-15","true","true","true"
"482","310482","B-good","true","500","310482","B-good","500","125","5000","0.9174389747697416","1","96","0.7307850779588039","0.8","43.5","75","0.9999996760357952","0.9404","1.4900000000000002","0.5392","470.2","1408.6","0","0","false","0.9174389747697416","1","0.768","1.4500000000000013","0.768","0.48322147651006714","0.5427477669076989","0.3793103448275862","0.5625","998","1498","0","8.526512829121202E-14","7.105427357601002E-15","true","true","true"
"484","310484","B-good","true","500","310484","B-good","500","125","5000","0.9901990435157576","1","81","0.7450662017133862","0.85","43.8","75","0.9999999999811884","0.9694","0.7650000000000008","0.552","484.7","1452.1","0","0","false","0.9901990435157576","1","0.648","2.200000000000001","0.648","0.4444444444444444","0.5553950897462347","0.5909090909090909","0.6419753086419753","998","1498","0","1.0658141036401503E-13","8.881784197001252E-16","true","true","true"
"485","310485","B-good","true","500","310485","B-good","500","125","5000","0.23076011223611606","0","38","0.3791771950615959","0.15","33.9","75","0.9992527751602639","0.7902","5.2449999999999966","0.545","395.1","1183.3","0.002","0","false","0.23076011223611606","0","0.304","4.349999999999993","0.304","0.5109628217349858","0.55403695267021","0.5057471264367817","0.42105263157894735","998","1498","0","9.237055564881302E-14","2.398081733190338E-14","true","true","true"
"486","310486","B-good","true","500","310486","B-good","500","125","5000","0.7692398877638839","1","100","0.7592374628722796","1","42.6","75","0.9999999787596175","0.9392","1.5199999999999994","0.545","469.6","1406.8","0","0","false","0.7692398877638839","1","0.8","1.250000000000001","0.8","0.4967105263157895","0.5481260647359455","0.6","0.53","998","1498","0","7.815970093361102E-14","1.0658141036401503E-14","true","true","true"
"487","310487","B-good","true","500","310487","B-good","500","125","5000","0.167233038696648","0","28","0.89634125676029","1","50.1","75","0.9999999960494602","0.9734","0.6650000000000007","0.551","486.7","1458.1","0","0","false","0.167233038696648","0","0.224","4.849999999999992","0.224","0.46616541353383456","0.5533182658722006","0.4020618556701031","0.35714285714285715","998","1498","0","9.947598300641403E-14","1.2434497875801753E-14","true","true","true"
"488","310488","B-good","true","500","310488","B-good","500","125","5000","0.9314206186232206","1","97","0.5579688245934527","0.7","37.8","75","0.9999999906983383","0.893","2.6749999999999976","0.5444","446.5","1337.5","0","0","false","0.9314206186232206","1","0.776","1.4000000000000012","0.776","0.508411214953271","0.5487122060470325","0.4642857142857143","0.5670103092783505","998","1498","0","9.237055564881302E-14","1.7763568394002505E-14","true","true","true"
"489","310489","B-good","true","500","310489","B-good","500","125","5000","0.832766961303352","1","80","0.8701480258978057","1","51","75","0.9999999999999941","0.9742","0.6450000000000005","0.5646","487.1","1459.3","0","0","false","0.832766961303352","1","0.64","2.250000000000001","0.64","0.4418604651162791","0.5678505440361322","0.5333333333333333","0.55","998","1498","0","1.1368683772161603E-13","8.881784197001252E-16","true","true","true"
"490","310490","B-good","true","500","310490","B-good","500","125","5000","0.646116504854369","1","77","0.5522585502254527","0.6","38.4","75","0.9999999940217545","0.872","3.1999999999999966","0.5382","436","1306","0","0","false","0.646116504854369","1","0.616","2.4000000000000004","0.616","0.5109375","0.5422018348623853","0.6041666666666666","0.5194805194805194","998","1498","0","6.039613253960852E-14","2.042810365310288E-14","true","true","true"
"491","310491","B-good","true","500","310491","B-good","500","125","5000","0.8588821376227943","1","91","0.7284346301237095","0.95","42.6","75","0.9999999999999993","0.961","0.9750000000000009","0.5638","480.5","1439.5","0","0","false","0.8588821376227943","1","0.728","1.7000000000000015","0.728","0.517948717948718","0.5656607700312175","0.29411764705882354","0.5494505494505495","998","1498","0","9.237055564881302E-14","0","true","true","true"
"492","310492","B-good","true","500","310492","B-good","500","125","5000","0.832766961303352","1","80","0.873647752500758","1","51.6","75","0.9999999998472398","0.9706","0.7350000000000008","0.5458","485.3","1453.9","0","0","false","0.832766961303352","1","0.64","2.250000000000001","0.64","0.5510204081632653","0.5456418710076242","0.4666666666666667","0.55","998","1498","0","7.105427357601002E-14","8.881784197001252E-16","true","true","true"
"493","310493","B-good","true","500","310493","B-good","500","125","5000","0.9854295854981023","1","93","0.6329056887857191","0.7","35.1","75","0.9999999992051029","0.9426","1.435000000000001","0.5412","471.3","1411.9","0","0","false","0.9854295854981023","1","0.744","1.6000000000000014","0.744","0.4564459930313589","0.546361128792701","0.5","0.6129032258064516","998","1498","0","7.815970093361102E-14","3.552713678800501E-15","true","true","true"
"494","310494","B-good","true","500","310494","B-good","500","125","5000","0.6905480615036318","1","82","0.7250148100521895","0.9","43.8","75","0.9999999999988993","0.9122","2.1949999999999985","0.5532","456.1","1366.3","0","0","false","0.6905480615036318","1","0.656","2.1500000000000012","0.656","0.5193621867881549","0.556456917342688","0.5116279069767442","0.524390243902439","998","1498","0","7.815970093361102E-14","1.7763568394002505E-14","true","true","true"
"496","310496","B-good","true","500","310496","B-good","500","125","5000","0.9737137791228572","1","116","0.37703280122105876","0.3","28.2","75","0.9999999593051168","0.7804","5.490000000000001","0.5402","390.2","1168.6","0","0","false","0.9737137791228572","1","0.928","0.4500000000000004","0.928","0.5154826958105647","0.5471553049718093","0.4444444444444444","0.5775862068965517","998","1498","0","5.6843418860808015E-14","3.197442310920451E-14","true","true","true"
"495","310495","B-good","true","500","310495","B-good","500","125","5000","0.832766961303352","1","76","0.6621527547560969","0.75","40.5","75","0.999999999924834","0.9228","1.929999999999999","0.5434","461.4","1382.2","0","0","false","0.832766961303352","1","0.608","2.45","0.608","0.48186528497409326","0.5485478977026441","0.4897959183673469","0.5526315789473685","998","1498","0","7.105427357601002E-14","1.2434497875801753E-14","true","true","true"
"497","310497","B-good","true","500","310497","B-good","500","125","5000","0.9431811237123936","1","82","0.6665123495165678","0.75","39.6","75","0.9999999999987301","0.9554","1.1150000000000007","0.5592","477.7","1431.1","0","0","false","0.9431811237123936","1","0.656","2.1500000000000012","0.656","0.48878923766816146","0.562486916474775","0.4186046511627907","0.5853658536585366","998","1498","0","1.1368683772161603E-13","3.1086244689504383E-15","true","true","true"
"498","310498","B-good","true","500","310498","B-good","500","125","5000","0.9737137791228572","1","90","0.8386008491420844","1","44.4","75","0.9999999999996574","0.9662","0.8450000000000006","0.5462","483.1","1447.3","0","0","false","0.9737137791228572","1","0.72","1.7500000000000016","0.72","0.41420118343195267","0.5508176361001863","0.4","0.6","998","1498","0","6.394884621840902E-14","1.7763568394002505E-15","true","true","true"
"499","310499","B-good","true","500","310499","B-good","500","125","5000","0.167233038696648","0","40","0.6107747172509089","0.65","39.3","75","0.9999999999970386","0.9486","1.2850000000000008","0.5562","474.3","1420.9","0","0","false","0.167233038696648","0","0.32","4.249999999999994","0.32","0.5252918287937743","0.5578747628083491","0.5411764705882353","0.4","998","1498","0","8.526512829121202E-14","9.769962616701378E-15","true","true","true"
"500","310500","B-good","true","500","310500","B-good","500","125","5000","0.6905480615036318","1","62","0.5610692294541306","0.5","40.5","75","0.9999976624634108","0.795","5.124999999999995","0.5412","397.5","1190.5","0","0","false","0.6905480615036318","1","0.496","3.1499999999999977","0.496","0.5229268292682927","0.5459119496855346","0.6190476190476191","0.532258064516129","998","1498","0","8.526512829121202E-14","2.5757174171303632E-14","true","true","true"
"501","310001","B-bad","true","500","310001","B-bad","500","125","5000","0.6905480615036318","1","32","0.6173373639944553","0.75","31.5","75","0.9786055096378805","0.8722","3.194999999999996","0.5058","63.9","191.3","0.03","0","false","0.6905480615036318","1","0.744","1.6000000000000008","0.256","0.5157074065581289","0.4381846635367762","0.4838709677419355","0.4375","998","1498","0","4.440892098500626E-15","9.769962616701378E-15","true","true","true"
"502","310002","B-bad","true","500","310002","B-bad","500","125","5000","0.5990099009900991","1","46","0.42480464013697716","0.3","44.7","75","0.9758305365563771","0.8648","3.3799999999999955","0.4874","67.6","202.8","0.044","0","false","0.5990099009900991","1","0.632","2.3","0.368","0.4935245143385754","0.44822485207100593","0.569620253164557","0.4782608695652174","998","1498","0","2.6645352591003757E-15","1.865174681370263E-14","true","true","true"
"503","310003","B-bad","true","500","310003","B-bad","500","125","5000","0.353883495145631","0","69","0.7082317934713692","0.8","24.9","75","0.962785894612483","0.9108","2.2299999999999986","0.4844","44.6","133.2","0.044","0","false","0.353883495145631","0","0.448","3.4499999999999957","0.552","0.4898989898989899","0.4282511210762332","0.5178571428571429","0.5217391304347826","998","1498","0","1.7763568394002505E-15","6.217248937900877E-15","true","true","true"
"504","310004","B-bad","true","500","310004","B-bad","500","125","5000","0.1185005313401285","0","104","0.6754053605742866","0.8","30.3","75","0.8681604999020436","0.7922","5.194999999999998","0.4918","103.9","311.1","0.098","0","false","0.1185005313401285","0","0.168","5.1999999999999895","0.832","0.49558192375662713","0.4773820981713186","0.6666666666666666","0.5480769230769231","998","1498","0","2.6645352591003757E-15","1.5987211554602254E-14","true","true","true"
"505","310005","B-bad","true","500","310005","B-bad","500","125","5000","0.55","1","57","0.5617747238237223","0.55","31.5","75","0.8507417641817607","0.7028","7.430000000000033","0.5016","148.6","445.6","0.128","0.1","false","0.55","1","0.544","2.849999999999998","0.456","0.5099601593625498","0.48183041722745623","0.4852941176470588","0.49122807017543857","998","1498","0","1.7763568394002505E-15","1.8118839761882555E-13","true","true","true"
"506","310006","B-bad","true","500","310006","B-bad","500","125","5000","0.832766961303352","1","60","0.768695954845361","1","26.1","75","0.9842366781734422","0.9248","1.8799999999999997","0.479","37.6","112.8","0.012","0","false","0.832766961303352","1","0.52","2.9999999999999973","0.48","0.4850778546712803","0.40425531914893614","0.5538461538461539","0.43333333333333335","998","1498","0","1.7763568394002505E-15","3.9968028886505635E-15","true","true","true"
"507","310007","B-bad","true","500","310007","B-bad","500","125","5000","0.832766961303352","1","54","0.6661713865784724","0.7","35.7","75","0.9528996979603395","0.8562","3.5949999999999953","0.4892","71.9","215.7","0.042","0","false","0.832766961303352","1","0.568","2.6999999999999984","0.432","0.4940434477925718","0.4603616133518776","0.4507042253521127","0.42592592592592593","998","1498","0","8.881784197001252E-16","1.2434497875801753E-14","true","true","true"
"508","310008","B-bad","true","500","310008","B-bad","500","125","5000","0.646116504854369","1","51","0.6150078128347878","0.7","29.1","75","0.9686384768410787","0.8228","4.429999999999994","0.489","88.6","265.8","0.034","0","false","0.646116504854369","1","0.592","2.549999999999999","0.408","0.4948954788526981","0.4616252821670429","0.5405405405405406","0.47058823529411764","998","1498","0","3.552713678800501E-15","1.5987211554602254E-14","true","true","true"
"509","310009","B-bad","true","500","310009","B-bad","500","125","5000","0.9009100727155935","1","39","0.5244839195511926","0.6","37.5","75","0.9473659518780586","0.858","3.5499999999999945","0.4886","71","213","0.062","0","false","0.9009100727155935","1","0.688","1.950000000000001","0.312","0.4937062937062937","0.45774647887323944","0.4883720930232558","0.358974358974359","998","1498","0","2.6645352591003757E-15","1.2434497875801753E-14","true","true","true"
"510","310010","B-bad","true","500","310010","B-bad","500","125","5000","0.8029278364278081","1","39","0.5053503031498007","0.55","36.9","75","0.9696623343644643","0.8166","4.585","0.4934","91.7","274.9","0.036","0","false","0.8029278364278081","1","0.688","1.950000000000001","0.312","0.4996326230712711","0.46564885496183206","0.46511627906976744","0.41025641025641024","998","1498","0","8.881784197001252E-16","5.5067062021407764E-14","true","true","true"
"511","310011","B-bad","true","500","310011","B-bad","500","125","5000","0.8029278364278081","1","25","0.7522129835057607","1","27.6","75","0.9125987540764251","0.874","3.149999999999996","0.4794","63","188.8","0.124","0","false","0.8029278364278081","1","0.8","1.2500000000000004","0.2","0.4821510297482838","0.4603174603174603","0.42","0.36","998","1498","0","8.881784197001252E-16","1.3322676295501878E-14","true","true","true"
"512","310012","B-bad","true","500","310012","B-bad","500","125","5000","0.8588821376227943","1","31","0.4861355235622197","0.5","29.1","75","0.8974875050486792","0.8492","3.7699999999999947","0.4928","75.4","225.8","0.096","0","false","0.8588821376227943","1","0.752","1.5500000000000007","0.248","0.49788035798398494","0.46419098143236076","0.43617021276595747","0.3548387096774194","998","1498","0","8.881784197001252E-16","1.7763568394002505E-14","true","true","true"
"513","310013","B-bad","true","500","310013","B-bad","500","125","5000","0.769239887763884","1","52","0.6256625101016468","0.8","29.7","75","0.9420758002073997","0.8094","4.7649999999999935","0.483","95.3","285.7","0.078","0","false","0.769239887763884","1","0.584","2.5999999999999988","0.416","0.4855448480355819","0.472193074501574","0.4657534246575342","0.4423076923076923","998","1498","0","8.881784197001252E-16","1.2434497875801753E-14","true","true","true"
"514","310014","B-bad","true","500","310014","B-bad","500","125","5000","0.6905480615036318","1","48","0.7368656509262619","0.9","27.6","75","0.9660872937634156","0.8712","3.219999999999996","0.4906","64.4","193","0.028","0","false","0.6905480615036318","1","0.616","2.3999999999999995","0.384","0.4970156106519743","0.4472049689440994","0.4675324675324675","0.4583333333333333","998","1498","0","2.6645352591003757E-15","1.0658141036401503E-14","true","true","true"
"515","310015","B-bad","true","500","310015","B-bad","500","125","5000","0.08256102523025843","0","104","0.46304339373362674","0.3","36.6","75","0.9723168233963783","0.8128","4.680000000000005","0.4896","93.6","280.6","0.03","0","false","0.08256102523025843","0","0.168","5.1999999999999895","0.832","0.4987696850393701","0.4497863247863248","0.47619047619047616","0.5576923076923077","998","1498","0","5.329070518200751E-15","5.3290705182007514E-14","true","true","true"
"516","310016","B-bad","true","500","310016","B-bad","500","125","5000","0.400990099009901","0","44","0.7414525220925061","1","29.7","75","0.9709065377632091","0.8826","2.934999999999997","0.4918","58.7","176.1","0.032","0","false","0.400990099009901","0","0.648","2.2","0.352","0.4983004758667573","0.44293015332197616","0.5802469135802469","0.5227272727272727","998","1498","0","2.6645352591003757E-15","1.3322676295501878E-14","true","true","true"
"517","310017","B-bad","true","500","310017","B-bad","500","125","5000","0.769239887763884","1","24","0.5896799242740656","0.6","41.7","75","0.9649150404526402","0.8428","3.9299999999999953","0.499","78.6","235.8","0.036","0","false","0.769239887763884","1","0.808","1.2000000000000004","0.192","0.50640721404841","0.4592875318066158","0.504950495049505","0.375","998","1498","0","8.881784197001252E-16","1.0658141036401503E-14","true","true","true"
"518","310018","B-bad","true","500","310018","B-bad","500","125","5000","0.7317174011812813","1","31","0.6079279887756746","0.75","35.1","75","0.9745847752999129","0.8762","3.0949999999999958","0.4992","61.9","185.7","0.032","0","false","0.7317174011812813","1","0.752","1.5500000000000007","0.248","0.5067336224606255","0.4458804523424879","0.46808510638297873","0.41935483870967744","998","1498","0","2.6645352591003757E-15","1.3322676295501878E-14","true","true","true"
"519","310019","B-bad","true","500","310019","B-bad","500","125","5000","0.832766961303352","1","48","0.5497158081164715","0.6","37.8","75","0.968248213509533","0.8666","3.334999999999996","0.4848","66.7","200.1","0.022","0","false","0.832766961303352","1","0.616","2.3999999999999995","0.384","0.49019155319639973","0.4497751124437781","0.4805194805194805","0.4166666666666667","998","1498","0","1.7763568394002505E-15","1.3322676295501878E-14","true","true","true"
"520","310020","B-bad","true","500","310020","B-bad","500","125","5000","0.8814994686598714","1","26","0.6606291942193476","0.8","33.6","75","0.9733786381379138","0.8618","3.4549999999999974","0.4976","69.1","207.1","0.022","0","false","0.8814994686598714","1","0.792","1.3000000000000005","0.208","0.5049895567417034","0.4515195369030391","0.494949494949495","0.3076923076923077","998","1498","0","1.7763568394002505E-15","1.7763568394002505E-14","true","true","true"
"521","310021","B-bad","true","500","310021","B-bad","500","125","5000","0.8814994686598714","1","30","0.5936582975026996","0.7","34.5","75","0.8984285095494977","0.841","3.974999999999997","0.4946","79.5","238.5","0.07","0","false","0.8814994686598714","1","0.76","1.5000000000000007","0.24","0.4991676575505351","0.47044025157232705","0.4842105263157895","0.3333333333333333","998","1498","0","8.881784197001252E-16","1.687538997430238E-14","true","true","true"
"522","310022","B-bad","true","500","310022","B-bad","500","125","5000","0.8814994686598714","1","28","0.7043611568236597","0.9","29.7","75","0.9692928268319868","0.8628","3.429999999999997","0.4892","68.6","205.8","0.04","0","false","0.8814994686598714","1","0.776","1.4000000000000006","0.224","0.4960593416782568","0.446064139941691","0.4845360824742268","0.32142857142857145","998","1498","0","3.552713678800501E-15","1.3322676295501878E-14","true","true","true"
"523","310023","B-bad","true","500","310023","B-bad","500","125","5000","0.8814994686598714","1","50","0.5698414420515456","0.65","30.9","75","0.9713628992097375","0.8066","4.835000000000005","0.5022","96.7","290.1","0.03","0","false","0.8814994686598714","1","0.6","2.499999999999999","0.4","0.5105380609967766","0.4674250258531541","0.4533333333333333","0.4","998","1498","0","8.881784197001252E-16","4.796163466380676E-14","true","true","true"
"524","310024","B-bad","true","500","310024","B-bad","500","125","5000","0.5990099009900991","1","44","0.5084368687950112","0.5","38.1","75","0.9620447665839377","0.8676","3.309999999999995","0.4838","66.2","198.4","0.028","0","false","0.5990099009900991","1","0.648","2.2","0.352","0.48939603503918855","0.4471299093655589","0.5925925925925926","0.4772727272727273","998","1498","0","5.329070518200751E-15","1.5987211554602254E-14","true","true","true"
"525","310025","B-bad","true","500","310025","B-bad","500","125","5000","0.031941023560871806","0","85","0.752728443241554","1","35.7","75","0.9747037977713866","0.8994","2.5149999999999975","0.501","50.3","150.9","0.024","0","false","0.031941023560871806","0","0.32","4.249999999999993","0.68","0.5087836335334668","0.43141153081510936","0.425","0.6","998","1498","0","1.7763568394002505E-15","7.993605777301127E-15","true","true","true"
"526","310026","B-bad","true","500","310026","B-bad","500","125","5000","0.832766961303352","1","34","0.5844398746584527","0.85","32.4","75","0.8481751284796559","0.7786","5.535000000000006","0.5016","110.7","331.7","0.126","0.1","false","0.832766961303352","1","0.728","1.7000000000000008","0.272","0.5093758027228359","0.4742547425474255","0.5384615384615384","0.38235294117647056","998","1498","0","3.552713678800501E-15","5.861977570020827E-14","true","true","true"
"527","310027","B-bad","true","500","310027","B-bad","500","125","5000","0.8588821376227943","1","23","0.5885362398623364","0.6","34.2","75","0.973237089688053","0.8438","3.9049999999999976","0.486","78.1","234.3","0.032","0","false","0.8588821376227943","1","0.816","1.1500000000000004","0.184","0.4927707987674804","0.4494238156209987","0.45098039215686275","0.30434782608695654","998","1498","0","2.6645352591003757E-15","2.1316282072803006E-14","true","true","true"
"528","310028","B-bad","true","500","310028","B-bad","500","125","5000","0.9174389747697416","1","32","0.7348722204994291","0.9","29.4","75","0.9749917038751036","0.9156","2.1099999999999985","0.4944","42.2","126.6","0.022","0","false","0.9174389747697416","1","0.744","1.6000000000000008","0.256","0.5019659239842726","0.41232227488151657","0.5591397849462365","0.3125","998","1498","0","2.6645352591003757E-15","7.993605777301127E-15","true","true","true"
"529","310029","B-bad","true","500","310029","B-bad","500","125","5000","0.769239887763884","1","54","0.8295797004373219","1","26.4","75","0.9771481678460716","0.9352","1.6200000000000003","0.4804","32.4","97","0.034","0","false","0.769239887763884","1","0.568","2.6999999999999984","0.432","0.4865269461077844","0.39197530864197533","0.5774647887323944","0.4444444444444444","998","1498","0","1.7763568394002505E-15","3.1086244689504383E-15","true","true","true"
"530","310030","B-bad","true","500","310030","B-bad","500","125","5000","0.9174389747697416","1","28","0.5592326474164241","0.55","38.1","75","0.9726961606979391","0.9108","2.2299999999999986","0.4796","44.6","133.8","0.034","0","false","0.9174389747697416","1","0.776","1.4000000000000006","0.224","0.48462889767237594","0.4282511210762332","0.44329896907216493","0.2857142857142857","998","1498","0","8.881784197001252E-16","5.329070518200751E-15","true","true","true"
"531","310031","B-bad","true","500","310031","B-bad","500","125","5000","0.8588821376227943","1","27","0.7563803936823373","0.9","24.9","75","0.9150683855449506","0.8988","2.5299999999999976","0.4928","50.6","151.6","0.116","0.1","false","0.8588821376227943","1","0.784","1.3500000000000005","0.216","0.4975522919448153","0.4505928853754941","0.47959183673469385","0.3333333333333333","998","1498","0","8.881784197001252E-16","1.5987211554602254E-14","true","true","true"
"532","310032","B-bad","true","500","310032","B-bad","500","125","5000","0.55","1","69","0.6061763867090345","0.7","30","75","0.97447915129601","0.8774","3.064999999999996","0.4938","61.3","183.9","0.044","0","false","0.55","1","0.448","3.4499999999999957","0.552","0.5003419193070435","0.4469820554649266","0.5357142857142857","0.4927536231884058","998","1498","0","8.881784197001252E-16","1.1546319456101628E-14","true","true","true"
"533","310033","B-bad","true","500","310033","B-bad","500","125","5000","0.8588821376227943","1","45","0.47475859391308683","0.55","34.5","75","0.9659235213994902","0.7954","5.1149999999999975","0.49","102.3","306.9","0.054","0","false","0.8588821376227943","1","0.64","2.25","0.36","0.4961025898918783","0.4662756598240469","0.4625","0.4","998","1498","0","2.6645352591003757E-15","2.1316282072803006E-14","true","true","true"
"534","310034","B-bad","true","500","310034","B-bad","500","125","5000","0.646116504854369","1","81","0.4213283956341556","0.3","45","75","0.9665700070854097","0.893","2.674999999999998","0.4932","53.5","160.5","0.026","0","false","0.646116504854369","1","0.352","4.049999999999994","0.648","0.49944008958566627","0.4411214953271028","0.4090909090909091","0.48148148148148145","998","1498","0","8.881784197001252E-16","6.217248937900877E-15","true","true","true"
"535","310035","B-bad","true","500","310035","B-bad","500","125","5000","0.646116504854369","1","55","0.7799339323377785","1","28.2","75","0.8031432892181372","0.8802","2.9949999999999974","0.4814","59.9","179.1","0.186","0.1","false","0.646116504854369","1","0.56","2.7499999999999982","0.44","0.483072029084299","0.4691151919866444","0.44285714285714284","0.4727272727272727","998","1498","0","8.881784197001252E-16","1.0658141036401503E-14","true","true","true"
"536","310036","B-bad","true","500","310036","B-bad","500","125","5000","0.8588821376227943","1","27","0.5325794246903679","0.6","33","75","0.9726362485208353","0.8922","2.694999999999998","0.4966","53.9","161.7","0.04","0","false","0.8588821376227943","1","0.784","1.3500000000000005","0.216","0.5030262273032953","0.44341372912801486","0.5","0.3333333333333333","998","1498","0","8.881784197001252E-16","9.769962616701378E-15","true","true","true"
"537","310037","B-bad","true","500","310037","B-bad","500","125","5000","0.8588821376227943","1","39","0.7638524317083422","1","24","75","0.9052894935468595","0.8728","3.179999999999999","0.5014","63.6","190.4","0.098","0","false","0.8588821376227943","1","0.688","1.950000000000001","0.312","0.5077910174152154","0.45754716981132076","0.5465116279069767","0.38461538461538464","998","1498","0","1.7763568394002505E-15","1.2434497875801753E-14","true","true","true"
"538","310038","B-bad","true","500","310038","B-bad","500","125","5000","0.832766961303352","1","28","0.6031962675362821","0.7","37.8","75","0.8786496110950319","0.8306","4.234999999999994","0.4992","84.7","253.5","0.128","0.1","false","0.832766961303352","1","0.776","1.4000000000000006","0.224","0.5054177702865399","0.46871310507674147","0.4639175257731959","0.35714285714285715","998","1498","0","2.6645352591003757E-15","1.9539925233402755E-14","true","true","true"
"539","310039","B-bad","true","500","310039","B-bad","500","125","5000","0.832766961303352","1","38","0.7147336477725793","0.75","28.5","75","0.9137337934951695","0.8374","4.065000000000002","0.4992","81.3","243.7","0.064","0.1","false","0.832766961303352","1","0.696","1.900000000000001","0.304","0.5072844518748507","0.4575645756457565","0.4942528735632184","0.39473684210526316","998","1498","0","3.552713678800501E-15","2.8421709430404007E-14","true","true","true"
"540","310040","B-bad","true","500","310040","B-bad","500","125","5000","0.9314206186232206","1","33","0.6011528175363948","0.85","32.1","75","0.865115205203167","0.7656","5.8599999999999905","0.487","117.2","351.2","0.228","0.2","false","0.9314206186232206","1","0.736","1.6500000000000008","0.264","0.4895506792058516","0.4786689419795222","0.45652173913043476","0.30303030303030304","998","1498","0","3.552713678800501E-15","1.687538997430238E-14","true","true","true"
"541","310041","B-bad","true","500","310041","B-bad","500","125","5000","0.769239887763884","1","34","0.6207735810453869","0.7","28.5","75","0.9520886855905208","0.8344","4.1399999999999935","0.486","82.8","248.4","0.032","0","false","0.769239887763884","1","0.728","1.7000000000000008","0.272","0.4901725790987536","0.46497584541062803","0.37362637362637363","0.4117647058823529","998","1498","0","8.881784197001252E-16","1.687538997430238E-14","true","true","true"
"542","310042","B-bad","true","500","310042","B-bad","500","125","5000","0.5","0.5","48","0.6936401344090181","0.9","30.9","75","0.9363708662855261","0.8938","2.654999999999997","0.4986","53.1","159.3","0.044","0","false","0.5","0.5","0.616","2.3999999999999995","0.384","0.5063772656075185","0.4331450094161959","0.5324675324675324","0.5","998","1498","0","3.552713678800501E-15","7.993605777301127E-15","true","true","true"
"543","310043","B-bad","true","500","310043","B-bad","500","125","5000","0.44999999999999996","0","87","0.5806788172045863","0.65","31.8","75","0.9321460495961158","0.8846","2.8849999999999967","0.4956","57.7","173.1","0.072","0","false","0.44999999999999996","0","0.304","4.3499999999999925","0.696","0.5021478634411033","0.44540727902946275","0.5526315789473685","0.5057471264367817","998","1498","0","3.552713678800501E-15","1.1546319456101628E-14","true","true","true"
"544","310044","B-bad","true","500","310044","B-bad","500","125","5000","0.769239887763884","1","36","0.5733540672012802","0.65","39.6","75","0.9278502599776595","0.8702","3.244999999999995","0.5012","64.9","194.5","0.084","0","false","0.769239887763884","1","0.712","1.800000000000001","0.288","0.506780050563089","0.4637904468412943","0.4157303370786517","0.4166666666666667","998","1498","0","4.440892098500626E-16","1.5987211554602254E-14","true","true","true"
"545","310045","B-bad","true","500","310045","B-bad","500","125","5000","0.5990099009900991","1","38","0.7391895795955692","1","25.5","75","0.9672508483646027","0.859","3.524999999999995","0.498","70.5","211.5","0.04","0","false","0.5990099009900991","1","0.696","1.900000000000001","0.304","0.5054714784633294","0.4524822695035461","0.4827586206896552","0.47368421052631576","998","1498","0","2.6645352591003757E-15","1.865174681370263E-14","true","true","true"
"546","310046","B-bad","true","500","310046","B-bad","500","125","5000","0.8814994686598714","1","46","0.6749284474852619","0.9","29.1","75","0.9714822665493733","0.8642","3.3949999999999996","0.4958","67.9","203.5","0.026","0","false","0.8814994686598714","1","0.632","2.3","0.368","0.5033557046979866","0.4477172312223859","0.43037974683544306","0.391304347826087","998","1498","0","3.552713678800501E-15","1.9539925233402755E-14","true","true","true"
"547","310047","B-bad","true","500","310047","B-bad","500","125","5000","0.646116504854369","1","61","0.4357497164070095","0.35","31.5","75","0.9233506066225518","0.8576","3.5599999999999943","0.4878","71.2","213.6","0.05","0","false","0.646116504854369","1","0.512","3.049999999999997","0.488","0.4920708955223881","0.46207865168539325","0.46875","0.47540983606557374","998","1498","0","1.7763568394002505E-15","1.4210854715202004E-14","true","true","true"
"548","310048","B-bad","true","500","310048","B-bad","500","125","5000","0.832766961303352","1","24","0.6732915296624326","0.9","28.5","75","0.9475174127269186","0.8518","3.7049999999999956","0.4882","74.1","222.3","0.054","0","false","0.832766961303352","1","0.808","1.2000000000000004","0.192","0.49354308523127494","0.4574898785425101","0.4752475247524752","0.3333333333333333","998","1498","0","3.552713678800501E-15","1.7763568394002505E-14","true","true","true"
"549","310049","B-bad","true","500","310049","B-bad","500","125","5000","0.769239887763884","1","40","0.7530097278630276","0.95","25.8","75","0.9794103337127915","0.8834","2.914999999999998","0.4854","58.3","174.9","0.026","0","false","0.769239887763884","1","0.68","2.000000000000001","0.32","0.49105727869594745","0.4425385934819897","0.4117647058823529","0.425","998","1498","0","8.881784197001252E-16","8.881784197001252E-15","true","true","true"
"550","310050","B-bad","true","500","310050","B-bad","500","125","5000","0.8588821376227943","1","29","0.6277933274756214","0.9","36.3","75","0.9739925564460197","0.8926","2.6849999999999974","0.495","53.7","161.1","0.028","0","false","0.8588821376227943","1","0.768","1.4500000000000006","0.232","0.5021286130405557","0.43575418994413406","0.4895833333333333","0.3448275862068966","998","1498","0","8.881784197001252E-16","7.105427357601002E-15","true","true","true"
"551","310051","B-bad","true","500","310051","B-bad","500","125","5000","0.08256102523025843","0","100","0.653620570389704","0.85","31.8","75","0.9860659053909131","0.8944","2.639999999999998","0.4972","52.8","158.4","0.032","0","false","0.08256102523025843","0","0.2","4.99999999999999","0.8","0.5053667262969589","0.42803030303030304","0.52","0.56","998","1498","0","2.6645352591003757E-15","1.2434497875801753E-14","true","true","true"
"552","310052","B-bad","true","500","310052","B-bad","500","125","5000","0.769239887763884","1","32","0.6485636966846332","0.85","26.1","75","0.9760836633475515","0.8752","3.119999999999995","0.4894","62.4","187","0.02","0","false","0.769239887763884","1","0.744","1.6000000000000008","0.256","0.4956581352833638","0.44551282051282054","0.4838709677419355","0.40625","998","1498","0","2.6645352591003757E-15","1.4210854715202004E-14","true","true","true"
"553","310053","B-bad","true","500","310053","B-bad","500","125","5000","0.769239887763884","1","40","0.3877984849450661","0.4","46.2","75","0.9785192317011653","0.8098","4.755","0.4904","95.1","285.1","0.022","0","false","0.769239887763884","1","0.68","2.000000000000001","0.32","0.49691281797974807","0.46267087276551","0.5411764705882353","0.425","998","1498","0","1.7763568394002505E-15","3.375077994860476E-14","true","true","true"
"555","310055","B-bad","true","500","310055","B-bad","500","125","5000","0.5","0.5","52","0.3718449943885834","0.2","44.4","75","0.9628327680389628","0.7836","5.409999999999997","0.4884","108.2","324.6","0.052","0","false","0.5","0.5","0.584","2.5999999999999988","0.416","0.49310872894333846","0.4713493530499076","0.4520547945205479","0.5","998","1498","0","3.552713678800501E-15","1.5987211554602254E-14","true","true","true"
"554","310054","B-bad","true","500","310054","B-bad","500","125","5000","0.1185005313401285","0","82","0.6171069555892706","0.7","35.7","75","0.98420823822588","0.8594","3.5149999999999935","0.4866","70.3","210.9","0.012","0","false","0.1185005313401285","0","0.344","4.099999999999993","0.656","0.49313474517104955","0.4466571834992888","0.5348837209302325","0.5609756097560976","998","1498","0","1.7763568394002505E-15","1.865174681370263E-14","true","true","true"
"556","310056","B-bad","true","500","310056","B-bad","500","125","5000","0.5990099009900991","1","50","0.5652962276719886","0.6","41.7","75","0.9745612316164062","0.8934","2.664999999999998","0.4926","53.3","159.9","0.014","0","false","0.5990099009900991","1","0.6","2.499999999999999","0.4","0.4989926124916051","0.43902439024390244","0.4666666666666667","0.48","998","1498","0","1.7763568394002505E-15","3.1086244689504383E-15","true","true","true"
"557","310057","B-bad","true","500","310057","B-bad","500","125","5000","0.8814994686598714","1","30","0.6317180344782866","0.6","41.1","75","0.8253517475716603","0.825","4.374999999999992","0.4896","87.5","262.3","0.222","0.1","false","0.8814994686598714","1","0.76","1.5000000000000007","0.24","0.49163636363636365","0.48","0.6","0.3333333333333333","998","1498","0","8.881784197001252E-16","1.7763568394002505E-14","true","true","true"
"558","310058","B-bad","true","500","310058","B-bad","500","125","5000","0.9174389747697416","1","58","0.7129655922227413","1","32.4","75","0.9472456600986101","0.9092","2.2699999999999987","0.5064","45.4","136","0.04","0","false","0.9174389747697416","1","0.536","2.8999999999999977","0.464","0.5134183897932248","0.43612334801762115","0.5970149253731343","0.39655172413793105","998","1498","0","8.881784197001252E-16","3.9968028886505635E-15","true","true","true"
"559","310059","B-bad","true","500","310059","B-bad","500","125","5000","0.5990099009900991","1","36","0.7683542882957483","0.95","26.1","75","0.9814982045742779","0.9148","2.1299999999999986","0.487","42.6","127.8","0.012","0","false","0.5990099009900991","1","0.712","1.800000000000001","0.288","0.4934411893310013","0.41784037558685444","0.43820224719101125","0.4722222222222222","998","1498","0","8.881784197001252E-16","6.217248937900877E-15","true","true","true"
"560","310060","B-bad","true","500","310060","B-bad","500","125","5000","0.8588821376227943","1","47","0.581341063489053","0.6","33","75","0.9843048559334052","0.8708","3.229999999999996","0.4958","64.6","193.8","0.016","0","false","0.8588821376227943","1","0.624","2.3499999999999996","0.376","0.5041341295360589","0.43962848297213625","0.5256410256410257","0.40425531914893614","998","1498","0","3.552713678800501E-15","8.881784197001252E-15","true","true","true"
"561","310061","B-bad","true","500","310061","B-bad","500","125","5000","0.769239887763884","1","36","0.5715714420239877","0.65","35.7","75","0.9769552178774117","0.9148","2.13","0.4826","42.6","127.8","0.026","0","false","0.769239887763884","1","0.712","1.800000000000001","0.288","0.48841276781810233","0.42018779342723006","0.47191011235955055","0.4166666666666667","998","1498","0","1.7763568394002505E-15","3.9968028886505635E-15","true","true","true"
"563","310063","B-bad","true","500","310063","B-bad","500","125","5000","0.646116504854369","1","37","0.5857863411769001","0.65","27.9","75","0.9757238510817942","0.8124","4.6899999999999915","0.4896","93.8","281.2","0.034","0","false","0.646116504854369","1","0.704","1.850000000000001","0.296","0.4958148695224028","0.4626865671641791","0.5568181818181818","0.4594594594594595","998","1498","0","3.552713678800501E-15","1.865174681370263E-14","true","true","true"
"562","310062","B-bad","true","500","310062","B-bad","500","125","5000","0.769239887763884","1","50","0.7071410500968597","0.8","27.6","75","0.9790924144101373","0.9124","2.19","0.4894","43.8","131.4","0.034","0","false","0.769239887763884","1","0.6","2.499999999999999","0.4","0.49561595791319596","0.4246575342465753","0.56","0.44","998","1498","0","8.881784197001252E-16","1.7763568394002505E-15","true","true","true"
"564","310064","B-bad","true","500","310064","B-bad","500","125","5000","0.6905480615036318","1","64","0.8056083005000394","1","21.3","75","0.9565291979401603","0.8426","3.9349999999999965","0.4942","78.7","236.1","0.044","0","false","0.6905480615036318","1","0.488","3.1999999999999966","0.512","0.5013054830287206","0.45616264294790343","0.5573770491803278","0.46875","998","1498","0","1.7763568394002505E-15","1.0658141036401503E-14","true","true","true"
"565","310065","B-bad","true","500","310065","B-bad","500","125","5000","0.6905480615036318","1","40","0.616993684278208","0.75","34.2","75","0.9640217120756456","0.8874","2.814999999999997","0.4964","56.3","168.7","0.032","0","false","0.6905480615036318","1","0.68","2.000000000000001","0.32","0.5032679738562091","0.4422735346358792","0.5176470588235295","0.45","998","1498","0","2.6645352591003757E-15","1.7763568394002505E-14","true","true","true"
"566","310066","B-bad","true","500","310066","B-bad","500","125","5000","0.5","0.5","66","0.650309739197799","0.75","27","75","0.963254694404387","0.8564","3.589999999999995","0.493","71.8","215.2","0.024","0","false","0.5","0.5","0.472","3.2999999999999963","0.528","0.5","0.45125348189415043","0.576271186440678","0.5","998","1498","0","1.7763568394002505E-15","1.4210854715202004E-14","true","true","true"
"567","310067","B-bad","true","500","310067","B-bad","500","125","5000","0.832766961303352","1","46","0.6723395581382617","0.85","30","75","0.9728291305633523","0.8716","3.209999999999995","0.4908","64.2","192.6","0.02","0","false","0.832766961303352","1","0.632","2.3","0.368","0.4972464433226251","0.4470404984423676","0.43037974683544306","0.41304347826086957","998","1498","0","4.440892098500626E-15","1.3322676295501878E-14","true","true","true"
"568","310068","B-bad","true","500","310068","B-bad","500","125","5000","0.5990099009900991","1","62","0.7248526989155415","0.95","26.7","75","0.9216430793106486","0.8184","4.540000000000001","0.5","90.8","272.2","0.1","0.1","false","0.5990099009900991","1","0.504","3.099999999999997","0.496","0.5070869990224829","0.46806167400881055","0.6349206349206349","0.4838709677419355","998","1498","0","2.6645352591003757E-15","3.197442310920451E-14","true","true","true"
"569","310069","B-bad","true","500","310069","B-bad","500","125","5000","0.9174389747697416","1","36","0.6752088583438913","1","27.9","75","0.9731540067638237","0.8884","2.7899999999999974","0.4858","55.8","167.4","0.042","0","false","0.9174389747697416","1","0.712","1.800000000000001","0.288","0.4918955425484016","0.43727598566308246","0.42696629213483145","0.3333333333333333","998","1498","0","1.7763568394002505E-15","1.4210854715202004E-14","true","true","true"
"570","310070","B-bad","true","500","310070","B-bad","500","125","5000","0.23076011223611614","0","84","0.5533655138599188","0.55","31.8","75","0.9538752872161688","0.8886","2.784999999999998","0.4862","55.7","167.1","0.046","0","false","0.23076011223611614","0","0.328","4.199999999999993","0.672","0.491334683772226","0.4452423698384201","0.5609756097560976","0.5357142857142857","998","1498","0","2.6645352591003757E-15","7.993605777301127E-15","true","true","true"
"571","310071","B-bad","true","500","310071","B-bad","500","125","5000","0.9314206186232206","1","27","0.5767627913239446","0.7","33","75","0.9615950461747159","0.8892","2.7699999999999987","0.4918","55.4","166","0.022","0","false","0.9314206186232206","1","0.784","1.3500000000000005","0.216","0.4979757085020243","0.44223826714801445","0.5306122448979592","0.25925925925925924","998","1498","0","1.7763568394002505E-15","7.993605777301127E-15","true","true","true"
"572","310072","B-bad","true","500","310072","B-bad","500","125","5000","0.832766961303352","1","56","0.5392363270673399","0.55","34.5","75","0.9639026405485721","0.852","3.6999999999999957","0.4888","74","222","0.028","0","false","0.832766961303352","1","0.552","2.799999999999998","0.448","0.4955399061032864","0.45","0.5072463768115942","0.42857142857142855","998","1498","0","3.552713678800501E-15","1.2434497875801753E-14","true","true","true"
"573","310073","B-bad","true","500","310073","B-bad","500","125","5000","0.26828259881871874","0","101","0.7820943545369463","1","24.3","75","0.9817895866969693","0.9274","1.8149999999999988","0.4978","36.3","108.9","0.02","0","false","0.26828259881871874","0","0.192","5.04999999999999","0.808","0.5059305585507872","0.3939393939393939","0.5416666666666666","0.5247524752475248","998","1498","0","2.6645352591003757E-15","8.881784197001252E-15","true","true","true"
"574","310074","B-bad","true","500","310074","B-bad","500","125","5000","0.009800956484242396","0","113","0.6220388816606518","0.8","33.9","75","0.9300585287908678","0.8736","3.1599999999999957","0.4942","63.2","189.4","0.066","0","false","0.009800956484242396","0","0.096","5.649999999999988","0.904","0.5006868131868132","0.44936708860759494","0.6666666666666666","0.6017699115044248","998","1498","0","4.440892098500626E-15","1.4210854715202004E-14","true","true","true"
"575","310075","B-bad","true","500","310075","B-bad","500","125","5000","0.8588821376227943","1","25","0.4677274042642818","0.45","42.9","75","0.9849627886312426","0.8952","2.6199999999999983","0.4998","52.4","157.2","0.012","0","false","0.8588821376227943","1","0.8","1.2500000000000004","0.2","0.5087131367292225","0.42366412213740456","0.5","0.32","998","1498","0","2.6645352591003757E-15","1.2434497875801753E-14","true","true","true"
"576","310076","B-bad","true","500","310076","B-bad","500","125","5000","0.7317174011812813","1","49","0.705377277224729","0.95","27.9","75","0.961661022997802","0.836","4.099999999999998","0.4894","82","246","0.058","0","false","0.7317174011812813","1","0.608","2.4499999999999993","0.392","0.495933014354067","0.4560975609756098","0.5131578947368421","0.4489795918367347","998","1498","0","4.440892098500626E-15","2.3092638912203256E-14","true","true","true"
"577","310077","B-bad","true","500","310077","B-bad","500","125","5000","0.6905480615036318","1","38","0.5137679686187994","0.6","31.5","75","0.9667714724298003","0.7888","5.280000000000005","0.4904","105.6","316.6","0.022","0","false","0.6905480615036318","1","0.696","1.900000000000001","0.304","0.4977180527383367","0.4630681818181818","0.4827586206896552","0.4473684210526316","998","1498","0","4.440892098500626E-15","7.638334409421077E-14","true","true","true"
"578","310078","B-bad","true","500","310078","B-bad","500","125","5000","0.02628622087714283","0","102","0.6935925761387909","0.85","30.9","75","0.9393162974049934","0.9254","1.8649999999999989","0.4906","37.3","111.9","0.042","0","false","0.02628622087714283","0","0.184","5.09999999999999","0.816","0.4960017289820618","0.42359249329758714","0.5217391304347826","0.5882352941176471","998","1498","0","8.881784197001252E-16","8.881784197001252E-15","true","true","true"
"579","310079","B-bad","true","500","310079","B-bad","500","125","5000","0.646116504854369","1","41","0.6942338608276801","0.9","27.9","75","0.986103936741405","0.883","2.9249999999999963","0.4914","58.5","175.5","0.012","0","false","0.646116504854369","1","0.672","2.0500000000000007","0.328","0.49898074745186866","0.4341880341880342","0.5952380952380952","0.4634146341463415","998","1498","0","2.6645352591003757E-15","1.687538997430238E-14","true","true","true"
"580","310080","B-bad","true","500","310080","B-bad","500","125","5000","0.5990099009900991","1","82","0.639677426994712","0.75","27.9","75","0.9754221475567422","0.9102","2.2449999999999988","0.494","44.9","134.5","0.026","0","false","0.5990099009900991","1","0.344","4.099999999999993","0.656","0.5005493298176225","0.42761692650334077","0.5813953488372093","0.4878048780487805","998","1498","0","8.881784197001252E-16","9.769962616701378E-15","true","true","true"
"581","310081","B-bad","true","500","310081","B-bad","500","125","5000","0.9431811237123936","1","30","0.6041565470341943","0.75","31.2","75","0.9138770012777175","0.8402","3.994999999999993","0.497","79.9","239.3","0.12","0","false","0.9431811237123936","1","0.76","1.5000000000000007","0.24","0.5022613663413473","0.4693366708385482","0.5263157894736842","0.26666666666666666","998","1498","0","8.881784197001252E-16","1.3322676295501878E-14","true","true","true"
"583","310083","B-bad","true","500","310083","B-bad","500","125","5000","0.832766961303352","1","44","0.6136763935078565","0.8","35.4","75","0.9757152274753702","0.9058","2.354999999999998","0.4884","47.1","141.3","0.034","0","false","0.832766961303352","1","0.648","2.2","0.352","0.4945904173106646","0.4288747346072187","0.48148148148148145","0.4090909090909091","998","1498","0","8.881784197001252E-16","6.217248937900877E-15","true","true","true"
"582","310082","B-bad","true","500","310082","B-bad","500","125","5000","0.7317174011812813","1","53","0.6558045825224653","0.65","29.7","75","0.9558152377797489","0.8982","2.544999999999998","0.5032","50.9","152.7","0.04","0","false","0.7317174011812813","1","0.576","2.6499999999999986","0.424","0.5101313738588288","0.44204322200392926","0.4027777777777778","0.4528301886792453","998","1498","0","1.7763568394002505E-15","1.4210854715202004E-14","true","true","true"
"584","310084","B-bad","true","500","310084","B-bad","500","125","5000","0.9174389747697416","1","36","0.7666740255565554","1","23.1","75","0.939917950557874","0.9082","2.294999999999999","0.4972","45.9","137.7","0.07","0","false","0.9174389747697416","1","0.712","1.800000000000001","0.288","0.5031931292666814","0.43790849673202614","0.4943820224719101","0.3333333333333333","998","1498","0","8.881784197001252E-16","1.1546319456101628E-14","true","true","true"
"585","310085","B-bad","true","500","310085","B-bad","500","125","5000","0.353883495145631","0","61","0.682930539452139","0.8","30.6","75","0.973592849450729","0.8972","2.5699999999999985","0.4872","51.4","154","0.032","0","false","0.353883495145631","0","0.512","3.049999999999997","0.488","0.4933125278644672","0.433852140077821","0.46875","0.5245901639344263","998","1498","0","3.552713678800501E-15","4.440892098500626E-15","true","true","true"
"586","310086","B-bad","true","500","310086","B-bad","500","125","5000","0.353883495145631","0","67","0.5287654665367902","0.6","44.4","75","0.9300084655197208","0.858","3.5499999999999945","0.4908","71","213","0.086","0","false","0.353883495145631","0","0.464","3.349999999999996","0.536","0.496037296037296","0.4591549295774648","0.4482758620689655","0.5223880597014925","998","1498","0","2.6645352591003757E-15","1.687538997430238E-14","true","true","true"
"587","310087","B-bad","true","500","310087","B-bad","500","125","5000","0.8029278364278081","1","47","0.6710751051660867","0.8","27.3","75","0.9469908113039555","0.8994","2.514999999999998","0.4856","50.3","150.9","0.076","0","false","0.8029278364278081","1","0.624","2.3499999999999996","0.376","0.49054925505892816","0.441351888667992","0.48717948717948717","0.425531914893617","998","1498","0","8.881784197001252E-16","7.993605777301127E-15","true","true","true"
"588","310088","B-bad","true","500","310088","B-bad","500","125","5000","0.1411178623772057","0","105","0.6977506638510875","0.8","33.6","75","0.9629679543352296","0.893","2.6749999999999976","0.5016","53.5","160.5","0.046","0","false","0.1411178623772057","0","0.16","5.249999999999989","0.84","0.5086226203807391","0.44299065420560746","0.5","0.5428571428571428","998","1498","0","8.881784197001252E-16","1.1546319456101628E-14","true","true","true"
"589","310089","B-bad","true","500","310089","B-bad","500","125","5000","0.7317174011812813","1","47","0.709469083038285","1","31.8","75","0.9544069031353558","0.863","3.424999999999995","0.485","68.5","205.5","0.068","0","false","0.7317174011812813","1","0.624","2.3499999999999996","0.376","0.48968713789107765","0.4554744525547445","0.46153846153846156","0.44680851063829785","998","1498","0","1.7763568394002505E-15","1.509903313490213E-14","true","true","true"
"590","310090","B-bad","true","500","310090","B-bad","500","125","5000","0.8029278364278081","1","43","0.42934006966829097","0.35","45.9","75","0.9619143391621826","0.8352","4.119999999999993","0.4914","82.4","247","0.04","0","false","0.8029278364278081","1","0.656","2.1500000000000004","0.344","0.49736590038314177","0.46116504854368934","0.4146341463414634","0.4186046511627907","998","1498","0","8.881784197001252E-16","1.4210854715202004E-14","true","true","true"
"591","310091","B-bad","true","500","310091","B-bad","500","125","5000","0.8588821376227943","1","33","0.7036208430380615","0.9","28.2","75","0.9716324890771947","0.8882","2.7949999999999973","0.4978","55.9","167.7","0.028","0","false","0.8588821376227943","1","0.736","1.6500000000000008","0.264","0.504841251970277","0.4418604651162791","0.5","0.36363636363636365","998","1498","0","8.881784197001252E-16","7.105427357601002E-15","true","true","true"
"592","310092","B-bad","true","500","310092","B-bad","500","125","5000","0.832766961303352","1","54","0.7244511315224484","1","25.5","75","0.9637522271845503","0.8798","3.0049999999999963","0.5034","60.1","179.9","0.036","0","false","0.832766961303352","1","0.568","2.6999999999999984","0.432","0.5114798817913162","0.4442595673876872","0.5352112676056338","0.42592592592592593","998","1498","0","2.6645352591003757E-15","1.4210854715202004E-14","true","true","true"
"593","310093","B-bad","true","500","310093","B-bad","500","125","5000","0.9009100727155935","1","29","0.66827751340273","0.8","30.9","75","0.9687705053974744","0.8542","3.644999999999994","0.4978","72.9","218.7","0.026","0","false","0.9009100727155935","1","0.768","1.4500000000000006","0.232","0.5064387731210489","0.44718792866941015","0.5729166666666666","0.3103448275862069","998","1498","0","4.440892098500626E-15","1.7763568394002505E-14","true","true","true"
"594","310094","B-bad","true","500","310094","B-bad","500","125","5000","0.8588821376227943","1","25","0.5846452515625516","0.75","39","75","0.9369260655152895","0.8526","3.6849999999999943","0.4862","73.7","221.1","0.074","0","false","0.8588821376227943","1","0.8","1.2500000000000004","0.2","0.4904996481351161","0.46132971506105835","0.57","0.32","998","1498","0","8.881784197001252E-16","1.5987211554602254E-14","true","true","true"
"595","310095","B-bad","true","500","310095","B-bad","500","125","5000","0.8588821376227943","1","35","0.6790885702502122","0.9","24.3","75","0.9667519436621734","0.8636","3.4099999999999953","0.4938","68.2","204.6","0.032","0","false","0.8588821376227943","1","0.72","1.7500000000000009","0.28","0.500463177396943","0.45161290322580644","0.4222222222222222","0.37142857142857144","998","1498","0","2.6645352591003757E-15","1.4210854715202004E-14","true","true","true"
"596","310096","B-bad","true","500","310096","B-bad","500","125","5000","0.7317174011812813","1","33","0.6838416073218936","1","28.5","75","0.9675999557257444","0.8802","2.9949999999999966","0.495","59.9","179.7","0.042","0","false","0.7317174011812813","1","0.736","1.6500000000000008","0.264","0.5019313792319927","0.44407345575959933","0.5217391304347826","0.42424242424242425","998","1498","0","2.6645352591003757E-15","1.687538997430238E-14","true","true","true"
"598","310098","B-bad","true","500","310098","B-bad","500","125","5000","0.8814994686598714","1","46","0.38824042994847713","0.2","41.4","75","0.9810174009179888","0.8664","3.3399999999999954","0.493","66.8","200.4","0.02","0","false","0.8814994686598714","1","0.632","2.3","0.368","0.5004616805170822","0.44461077844311375","0.4810126582278481","0.391304347826087","998","1498","0","2.6645352591003757E-15","1.2434497875801753E-14","true","true","true"
"597","310097","B-bad","true","500","310097","B-bad","500","125","5000","0.5990099009900991","1","70","0.5842787369400609","0.7","34.2","75","0.9756381015654814","0.8716","3.2099999999999995","0.5016","64.2","192.6","0.034","0","false","0.5990099009900991","1","0.44","3.4999999999999956","0.56","0.5096374483708123","0.4470404984423676","0.509090909090909","0.4857142857142857","998","1498","0","2.6645352591003757E-15","1.4210854715202004E-14","true","true","true"
"599","310099","B-bad","true","500","310099","B-bad","500","125","5000","0.400990099009901","0","46","0.5727907477056838","0.75","32.1","75","0.95774558057263","0.847","3.8249999999999944","0.4906","76.5","229.3","0.038","0","false","0.400990099009901","0","0.632","2.3","0.368","0.49634002361275087","0.4588235294117647","0.5063291139240507","0.5217391304347826","998","1498","0","1.7763568394002505E-15","1.2434497875801753E-14","true","true","true"
"600","310100","B-bad","true","500","310100","B-bad","500","125","5000","0.5","0.5","60","0.6244490522836866","0.7","30","75","0.9258633400802907","0.8784","3.0399999999999965","0.4814","60.8","182.2","0.088","0","false","0.5","0.5","0.52","2.9999999999999973","0.48","0.48474499089253187","0.45723684210526316","0.6","0.5","998","1498","0","2.6645352591003757E-15","1.509903313490213E-14","true","true","true"
"601","310101","B-bad","true","500","310101","B-bad","500","125","5000","0.769239887763884","1","50","0.6322383540934651","0.85","24","75","0.9124527927798904","0.8142","4.644999999999997","0.4844","92.9","278.5","0.074","0","false","0.769239887763884","1","0.6","2.499999999999999","0.4","0.4880864652419553","0.4682454251883746","0.5333333333333333","0.44","998","1498","0","3.552713678800501E-15","3.375077994860476E-14","true","true","true"
"602","310102","B-bad","true","500","310102","B-bad","500","125","5000","0.6905480615036318","1","40","0.5502731316092796","0.55","37.2","75","0.9715202335674814","0.8524","3.689999999999999","0.487","73.8","221.4","0.034","0","false","0.6905480615036318","1","0.68","2.000000000000001","0.32","0.49296105114969496","0.45257452574525747","0.43529411764705883","0.45","998","1498","0","3.552713678800501E-15","3.019806626980426E-14","true","true","true"
"603","310103","B-bad","true","500","310103","B-bad","500","125","5000","0.646116504854369","1","59","0.5652962276719886","0.6","36.3","75","0.9780815886440626","0.8372","4.069999999999995","0.4992","81.4","244.2","0.034","0","false","0.646116504854369","1","0.528","2.9499999999999975","0.472","0.5076445293836598","0.4557739557739558","0.4696969696969697","0.4745762711864407","998","1498","0","2.6645352591003757E-15","1.509903313490213E-14","true","true","true"
"604","310104","B-bad","true","500","310104","B-bad","500","125","5000","0.55","1","47","0.6258343191160975","0.8","36.9","75","0.9535780520662248","0.8564","3.589999999999997","0.4884","71.8","215.2","0.042","0","false","0.55","1","0.624","2.3499999999999996","0.376","0.4936945352638954","0.4568245125348189","0.46153846153846156","0.48936170212765956","998","1498","0","3.552713678800501E-15","7.993605777301127E-15","true","true","true"
"605","310105","B-bad","true","500","310105","B-bad","500","125","5000","0.646116504854369","1","51","0.5261399326451435","0.55","34.8","75","0.967375996840422","0.8644","3.3899999999999957","0.5002","67.8","203.4","0.038","0","false","0.646116504854369","1","0.592","2.549999999999999","0.408","0.507403979639056","0.45427728613569324","0.581081081081081","0.47058823529411764","998","1498","0","8.881784197001252E-16","1.0658141036401503E-14","true","true","true"
"606","310106","B-bad","true","500","310106","B-bad","500","125","5000","0.5990099009900991","1","40","0.5773574827963225","0.65","34.2","75","0.8495464991063967","0.8314","4.2149999999999945","0.4852","84.3","252.9","0.108","0","false","0.5990099009900991","1","0.68","2.000000000000001","0.32","0.48809237430839547","0.4709371293001186","0.47058823529411764","0.475","998","1498","0","1.7763568394002505E-15","1.4210854715202004E-14","true","true","true"
"607","310107","B-bad","true","500","310107","B-bad","500","125","5000","0.9009100727155935","1","29","0.6558660576927594","0.95","24.9","75","0.973291312334912","0.862","3.4499999999999957","0.4976","69","207","0.034","0","false","0.9009100727155935","1","0.768","1.4500000000000006","0.232","0.505800464037123","0.4463768115942029","0.53125","0.3103448275862069","998","1498","0","3.552713678800501E-15","1.5987211554602254E-14","true","true","true"
"608","310108","B-bad","true","500","310108","B-bad","500","125","5000","0.353883495145631","0","73","0.6869317126265612","0.9","33.6","75","0.9820651677392253","0.922","1.9499999999999993","0.494","39","117","0.028","0","false","0.353883495145631","0","0.416","3.649999999999995","0.584","0.5013015184381778","0.4076923076923077","0.5192307692307693","0.5205479452054794","998","1498","0","1.7763568394002505E-15","3.9968028886505635E-15","true","true","true"
"609","310109","B-bad","true","500","310109","B-bad","500","125","5000","0.769239887763884","1","42","0.6731220261339269","0.8","28.2","75","0.9646274256689619","0.8414","3.964999999999994","0.4926","79.3","237.9","0.046","0","false","0.769239887763884","1","0.664","2.1000000000000005","0.336","0.49821725695269786","0.46279949558638084","0.5421686746987951","0.42857142857142855","998","1498","0","8.881784197001252E-16","1.4210854715202004E-14","true","true","true"
"610","310110","B-bad","true","500","310110","B-bad","500","125","5000","0.3094519384963682","0","80","0.6959699902663392","1","23.1","75","0.9598164318287947","0.927","1.8249999999999997","0.487","36.5","109.5","0.044","0","false","0.3094519384963682","0","0.36","3.999999999999994","0.64","0.49341963322545845","0.4054794520547945","0.4666666666666667","0.525","998","1498","0","5.329070518200751E-15","5.329070518200751E-15","true","true","true"
"611","310111","B-bad","true","500","310111","B-bad","500","125","5000","0.5990099009900991","1","54","0.5779514726743564","0.55","25.8","75","0.9777654041335287","0.8478","3.804999999999995","0.4938","76.1","228.3","0.026","0","false","0.5990099009900991","1","0.568","2.6999999999999984","0.432","0.500825666430762","0.45466491458607095","0.5211267605633803","0.48148148148148145","998","1498","0","1.7763568394002505E-15","1.687538997430238E-14","true","true","true"
"612","310112","B-bad","true","500","310112","B-bad","500","125","5000","0.9530265597482369","1","29","0.636976585914861","0.7","30.6","75","0.9040934319066656","0.8324","4.189999999999998","0.4942","83.8","251","0.086","0","false","0.9530265597482369","1","0.768","1.4500000000000006","0.232","0.4987986544930322","0.4713603818615752","0.4479166666666667","0.2413793103448276","998","1498","0","1.7763568394002505E-15","2.3092638912203256E-14","true","true","true"
"613","310113","B-bad","true","500","310113","B-bad","500","125","5000","0.832766961303352","1","24","0.5929403953985408","0.7","31.8","75","0.9789978762262592","0.8604","3.4899999999999958","0.4926","69.8","209.4","0.014","0","false","0.832766961303352","1","0.808","1.2000000000000004","0.192","0.499302649930265","0.4512893982808023","0.46534653465346537","0.3333333333333333","998","1498","0","8.881784197001252E-16","1.2434497875801753E-14","true","true","true"
"614","310114","B-bad","true","500","310114","B-bad","500","125","5000","0.5990099009900991","1","72","0.6636870028571192","0.8","33","75","0.9547182719220657","0.84","3.999999999999994","0.4954","80","239.8","0.052","0","false","0.5990099009900991","1","0.424","3.599999999999995","0.576","0.5023809523809524","0.45875","0.39622641509433965","0.4861111111111111","998","1498","0","1.7763568394002505E-15","1.5987211554602254E-14","true","true","true"
"615","310115","B-bad","true","500","310115","B-bad","500","125","5000","0.832766961303352","1","58","0.6205832513328039","0.7","29.7","75","0.971795081273181","0.853","3.6749999999999936","0.491","73.5","220.5","0.026","0","false","0.832766961303352","1","0.536","2.8999999999999977","0.464","0.4973036342321219","0.454421768707483","0.3582089552238806","0.43103448275862066","998","1498","0","3.552713678800501E-15","1.687538997430238E-14","true","true","true"
"616","310116","B-bad","true","500","310116","B-bad","500","125","5000","0.5990099009900991","1","72","0.7595366703271322","1","23.4","75","0.9825693080853725","0.9344","1.6400000000000006","0.4934","32.8","98.4","0.016","0","false","0.5990099009900991","1","0.424","3.599999999999995","0.576","0.5004280821917808","0.3932926829268293","0.5283018867924528","0.4861111111111111","998","1498","0","8.881784197001252E-16","3.9968028886505635E-15","true","true","true"
"617","310117","B-bad","true","500","310117","B-bad","500","125","5000","0.1185005313401285","0","100","0.6546469647614941","0.8","32.7","75","0.9348114264432192","0.866","3.349999999999997","0.5026","67","201","0.056","0","false","0.1185005313401285","0","0.2","4.99999999999999","0.8","0.5094688221709007","0.4582089552238806","0.52","0.55","998","1498","0","1.7763568394002505E-15","1.2434497875801753E-14","true","true","true"
"618","310118","B-bad","true","500","310118","B-bad","500","125","5000","0.8029278364278081","1","29","0.32866774707616964","0.05","43.8","75","0.9661394522448505","0.8246","4.3850000000000025","0.4978","87.7","262.9","0.038","0","false","0.8029278364278081","1","0.768","1.4500000000000006","0.232","0.5056997332039777","0.4606613454960091","0.4583333333333333","0.3793103448275862","998","1498","0","4.440892098500626E-15","5.861977570020827E-14","true","true","true"
"619","310119","B-bad","true","500","310119","B-bad","500","125","5000","0.7317174011812813","1","47","0.8332552276871429","1","22.8","75","0.9811058706646281","0.9318","1.7049999999999996","0.4896","34.1","102.1","0.02","0","false","0.7317174011812813","1","0.624","2.3499999999999996","0.376","0.4966731058166989","0.39296187683284456","0.5","0.44680851063829785","998","1498","0","3.552713678800501E-15","2.6645352591003757E-15","true","true","true"
"620","310120","B-bad","true","500","310120","B-bad","500","125","5000","0.6905480615036318","1","44","0.6073125013136856","0.7","33","75","0.9737113361379945","0.8976","2.5599999999999974","0.4936","51.2","153.6","0.028","0","false","0.6905480615036318","1","0.648","2.2","0.352","0.5006684491978609","0.431640625","0.48148148148148145","0.45454545454545453","998","1498","0","3.552713678800501E-15","8.881784197001252E-15","true","true","true"
"621","310121","B-bad","true","500","310121","B-bad","500","125","5000","0.832766961303352","1","34","0.6768726210503214","0.9","28.8","75","0.852010948354013","0.8848","2.8799999999999963","0.5066","57.6","172.4","0.092","0","false","0.832766961303352","1","0.728","1.7000000000000008","0.272","0.5122061482820977","0.4635416666666667","0.6043956043956044","0.38235294117647056","998","1498","0","1.7763568394002505E-15","1.509903313490213E-14","true","true","true"
"622","310122","B-bad","true","500","310122","B-bad","500","125","5000","0.6905480615036318","1","42","0.47574771299428525","0.55","42.9","75","0.9773573899731158","0.8404","3.989999999999996","0.4852","79.8","239.2","0.038","0","false","0.6905480615036318","1","0.664","2.1000000000000005","0.336","0.4930985245121371","0.44360902255639095","0.40963855421686746","0.4523809523809524","998","1498","0","4.440892098500626E-15","1.3322676295501878E-14","true","true","true"
"623","310123","B-bad","true","500","310123","B-bad","500","125","5000","0.3094519384963682","0","76","0.6418755345701856","0.7","38.7","75","0.9744629291216033","0.8742","3.1449999999999956","0.494","62.9","188.7","0.022","0","false","0.3094519384963682","0","0.392","3.7999999999999945","0.608","0.5012582932967284","0.4435612082670906","0.5306122448979592","0.5263157894736842","998","1498","0","1.7763568394002505E-15","1.5987211554602254E-14","true","true","true"
"624","310124","B-bad","true","500","310124","B-bad","500","125","5000","0.8588821376227943","1","55","0.7210666650188529","0.9","32.4","75","0.9667423660670671","0.9094","2.264999999999998","0.4932","45.3","135.9","0.04","0","false","0.8588821376227943","1","0.56","2.7499999999999982","0.44","0.5001099626127117","0.423841059602649","0.5571428571428572","0.41818181818181815","998","1498","0","1.7763568394002505E-15","8.881784197001252E-15","true","true","true"
"625","310125","B-bad","true","500","310125","B-bad","500","125","5000","0.44999999999999996","0","65","0.603190689219294","0.65","31.8","75","0.9830634052274208","0.8588","3.5299999999999954","0.496","70.6","211.8","0.018","0","false","0.44999999999999996","0","0.48","3.2499999999999964","0.52","0.504424778761062","0.4447592067988669","0.5166666666666667","0.5076923076923077","998","1498","0","3.552713678800501E-15","1.7763568394002505E-14","true","true","true"
"626","310126","B-bad","true","500","310126","B-bad","500","125","5000","0.353883495145631","0","51","0.7305633813243674","0.8","27.6","75","0.9189952571946944","0.7522","6.195000000000017","0.5014","123.9","371.5","0.084","0","false","0.353883495145631","0","0.592","2.549999999999999","0.408","0.5097048657272002","0.47619047619047616","0.6351351351351351","0.5294117647058824","998","1498","0","3.552713678800501E-15","1.0302869668521453E-13","true","true","true"
"627","310127","B-bad","true","500","310127","B-bad","500","125","5000","0.09908992728440646","0","91","0.6016670726710235","0.7","34.2","75","0.9674421049768988","0.844","3.8999999999999986","0.4904","78","234","0.042","0","false","0.09908992728440646","0","0.272","4.549999999999992","0.728","0.49691943127962085","0.4551282051282051","0.4117647058823529","0.5604395604395604","998","1498","0","1.7763568394002505E-15","2.1316282072803006E-14","true","true","true"
"628","310128","B-bad","true","500","310128","B-bad","500","125","5000","0.769239887763884","1","26","0.7394101658280958","1","25.2","75","0.9765542744513025","0.8844","2.889999999999996","0.492","57.8","173.2","0.034","0","false","0.769239887763884","1","0.792","1.3000000000000005","0.208","0.49909543193125283","0.43771626297577854","0.5454545454545454","0.38461538461538464","998","1498","0","1.7763568394002505E-15","1.0658141036401503E-14","true","true","true"
"629","310129","B-bad","true","500","310129","B-bad","500","125","5000","0.769239887763884","1","58","0.7095703384927718","0.9","28.2","75","0.9374597647108045","0.885","2.874999999999998","0.4924","57.5","172.3","0.056","0","false","0.769239887763884","1","0.536","2.8999999999999977","0.464","0.4969491525423729","0.4573913043478261","0.4626865671641791","0.4482758620689655","998","1498","0","8.881784197001252E-16","6.217248937900877E-15","true","true","true"
"630","310130","B-bad","true","500","310130","B-bad","500","125","5000","0.646116504854369","1","43","0.6495663976909031","0.8","35.4","75","0.9711915640974755","0.9024","2.4399999999999986","0.494","48.8","146.2","0.052","0","false","0.646116504854369","1","0.656","2.1500000000000004","0.344","0.5004432624113475","0.4344262295081967","0.45121951219512196","0.46511627906976744","998","1498","0","8.881784197001252E-16","4.440892098500626E-15","true","true","true"
"631","310131","B-bad","true","500","310131","B-bad","500","125","5000","0.8588821376227943","1","39","0.6340553952801846","0.65","33.9","75","0.9247188742316729","0.8864","2.839999999999997","0.498","56.8","170.4","0.08","0","false","0.8588821376227943","1","0.688","1.950000000000001","0.312","0.5038357400722022","0.4524647887323944","0.43023255813953487","0.38461538461538464","998","1498","0","1.7763568394002505E-15","8.881784197001252E-15","true","true","true"
"632","310132","B-bad","true","500","310132","B-bad","500","125","5000","0.7317174011812813","1","63","0.7623831820271079","1","26.1","75","0.964384052381563","0.8516","3.7099999999999937","0.508","74.2","222.6","0.032","0","false","0.7317174011812813","1","0.496","3.149999999999997","0.504","0.5166744950681071","0.4582210242587601","0.5","0.4603174603174603","998","1498","0","8.881784197001252E-16","1.7763568394002505E-14","true","true","true"
"633","310133","B-bad","true","500","310133","B-bad","500","125","5000","0.4009900990099009","0","74","0.5754145481998186","0.65","36.9","75","0.9734300889836784","0.8122","4.695000000000015","0.4842","93.9","281.7","0.044","0","false","0.4009900990099009","0","0.408","3.699999999999995","0.592","0.4895345973898055","0.46112886048988283","0.5882352941176471","0.5135135135135135","998","1498","0","1.7763568394002505E-15","9.592326932761353E-14","true","true","true"
"634","310134","B-bad","true","500","310134","B-bad","500","125","5000","0.4009900990099009","0","52","0.544162810976211","0.7","32.1","75","0.9266396251840436","0.8296","4.260000000000002","0.4828","85.2","255.6","0.09","0","false","0.4009900990099009","0","0.584","2.5999999999999988","0.416","0.4872227579556413","0.4612676056338028","0.4657534246575342","0.5192307692307693","998","1498","0","4.440892098500626E-15","6.039613253960852E-14","true","true","true"
"635","310135","B-bad","true","500","310135","B-bad","500","125","5000","0.769239887763884","1","34","0.45717936872481424","0.5","42","75","0.973715957524106","0.8834","2.914999999999997","0.484","58.3","174.9","0.028","0","false","0.769239887763884","1","0.728","1.7000000000000008","0.272","0.48901969662666966","0.44596912521440824","0.5604395604395604","0.4117647058823529","998","1498","0","8.881784197001252E-16","8.881784197001252E-15","true","true","true"
"637","310137","B-bad","true","500","310137","B-bad","500","125","5000","0.8588821376227943","1","27","0.6173510870981106","0.7","32.7","75","0.9674102474616537","0.8412","3.9699999999999953","0.4934","79.4","237.8","0.036","0","false","0.8588821376227943","1","0.784","1.3500000000000005","0.216","0.5","0.45843828715365237","0.5306122448979592","0.3333333333333333","998","1498","0","1.7763568394002505E-15","1.5987211554602254E-14","true","true","true"
"636","310136","B-bad","true","500","310136","B-bad","500","125","5000","0.832766961303352","1","30","0.7140443372812726","0.9","28.5","75","0.9591642812619394","0.8902","2.744999999999997","0.4904","54.9","164.7","0.038","0","false","0.832766961303352","1","0.76","1.5000000000000007","0.24","0.4958436306447989","0.44626593806921677","0.5368421052631579","0.36666666666666664","998","1498","0","8.881784197001252E-16","1.7763568394002505E-14","true","true","true"
"638","310138","B-bad","true","500","310138","B-bad","500","125","5000","0.7317174011812813","1","39","0.8030732597929274","1","22.8","75","0.960112469439091","0.9294","1.7649999999999992","0.5036","35.3","105.9","0.022","0","false","0.7317174011812813","1","0.688","1.950000000000001","0.312","0.5106520335700452","0.41076487252124644","0.46511627906976744","0.4358974358974359","998","1498","0","8.881784197001252E-16","4.884981308350689E-15","true","true","true"
"639","310139","B-bad","true","500","310139","B-bad","500","125","5000","0.7317174011812813","1","37","0.510270527400351","0.45","41.7","75","0.982181490733027","0.8492","3.7699999999999947","0.4834","75.4","226.2","0.036","0","false","0.7317174011812813","1","0.704","1.850000000000001","0.296","0.49105040037682524","0.4403183023872679","0.5227272727272727","0.43243243243243246","998","1498","0","5.329070518200751E-15","1.7763568394002505E-14","true","true","true"
"640","310140","B-bad","true","500","310140","B-bad","500","125","5000","0.6905480615036318","1","44","0.5618164035017873","0.55","30.9","75","0.9517443028143703","0.8626","3.434999999999995","0.4958","68.7","205.9","0.044","0","false","0.6905480615036318","1","0.648","2.2","0.352","0.5015070716438674","0.45997088791848617","0.4691358024691358","0.45454545454545453","998","1498","0","8.881784197001252E-16","1.3322676295501878E-14","true","true","true"
"641","310141","B-bad","true","500","310141","B-bad","500","125","5000","0.8029278364278081","1","45","0.6552715136423636","0.7","36.3","75","0.9835827698209574","0.879","3.025","0.494","60.5","181.5","0.016","0","false","0.8029278364278081","1","0.64","2.25","0.36","0.50193401592719","0.43636363636363634","0.5","0.4222222222222222","998","1498","0","1.7763568394002505E-15","1.7763568394002505E-14","true","true","true"
"642","310142","B-bad","true","500","310142","B-bad","500","125","5000","0.6905480615036318","1","38","0.6148864451342742","0.65","28.2","75","0.9743234153475522","0.9142","2.1449999999999982","0.5006","42.9","128.7","0.026","0","false","0.6905480615036318","1","0.696","1.900000000000001","0.304","0.507985123605338","0.4219114219114219","0.5747126436781609","0.4473684210526316","998","1498","0","8.881784197001252E-16","7.993605777301127E-15","true","true","true"
"643","310143","B-bad","true","500","310143","B-bad","500","125","5000","0.6905480615036318","1","54","0.7718230489005578","1","27.3","75","0.9583063039695243","0.9106","2.2349999999999985","0.4994","44.7","134.1","0.038","0","false","0.6905480615036318","1","0.568","2.6999999999999984","0.432","0.5062596090489787","0.42953020134228187","0.5211267605633803","0.46296296296296297","998","1498","0","1.7763568394002505E-15","9.769962616701378E-15","true","true","true"
"645","310145","B-bad","true","500","310145","B-bad","500","125","5000","0.769239887763884","1","44","0.7449856773802555","1","38.1","75","0.9540420549298687","0.84","3.9999999999999942","0.4934","80","240","0.04","0","false","0.769239887763884","1","0.648","2.2","0.352","0.49976190476190474","0.46","0.5679012345679012","0.4318181818181818","998","1498","0","3.552713678800501E-15","1.4210854715202004E-14","true","true","true"
"644","310144","B-bad","true","500","310144","B-bad","500","125","5000","0.8029278364278081","1","51","0.6562403893793847","0.8","36","75","0.8661748140247496","0.877","3.074999999999996","0.4958","61.5","184.3","0.084","0.1","false","0.8029278364278081","1","0.592","2.549999999999999","0.408","0.5010262257696694","0.4585365853658537","0.43243243243243246","0.43137254901960786","998","1498","0","8.881784197001252E-16","1.7763568394002505E-14","true","true","true"
"646","310146","B-bad","true","500","310146","B-bad","500","125","5000","0.6905480615036318","1","50","0.7614247909399495","1","30.9","75","0.9852505173629609","0.82","4.5","0.4856","90","270","0.018","0","false","0.6905480615036318","1","0.6","2.499999999999999","0.4","0.49146341463414633","0.4588888888888889","0.5333333333333333","0.46","998","1498","0","1.7763568394002505E-15","2.6645352591003757E-14","true","true","true"
"647","310147","B-bad","true","500","310147","B-bad","500","125","5000","0.04697344025176309","0","115","0.513538254740619","0.5","27.9","75","0.9577745281906502","0.8404","3.9899999999999936","0.4948","79.8","239.4","0.05","0","false","0.04697344025176309","0","0.08","5.749999999999988","0.92","0.5007139457401237","0.46365914786967416","0.9","0.5652173913043478","998","1498","0","8.881784197001252E-16","1.509903313490213E-14","true","true","true"
"649","310149","B-bad","true","500","310149","B-bad","500","125","5000","0.6905480615036318","1","54","0.7221625249556101","1","27.3","75","0.9446923441588353","0.8912","2.719999999999998","0.4884","54.4","163","0.048","0","false","0.6905480615036318","1","0.568","2.6999999999999984","0.432","0.49416517055655296","0.4411764705882353","0.5774647887323944","0.46296296296296297","998","1498","0","1.7763568394002505E-15","9.769962616701378E-15","true","true","true"
"650","310150","B-bad","true","500","310150","B-bad","500","125","5000","0.769239887763884","1","54","0.7351780214370844","1","28.2","75","0.9830550806606537","0.9272","1.819999999999999","0.499","36.4","109.2","0.036","0","false","0.769239887763884","1","0.568","2.6999999999999984","0.432","0.5073339085418465","0.39285714285714285","0.5633802816901409","0.4444444444444444","998","1498","0","3.552713678800501E-15","9.769962616701378E-15","true","true","true"
"648","310148","B-bad","true","500","310148","B-bad","500","125","5000","0.646116504854369","1","35","0.5762908315438942","0.65","31.8","75","0.977437530399866","0.8672","3.319999999999996","0.494","66.4","199.2","0.028","0","false","0.646116504854369","1","0.72","1.7500000000000009","0.28","0.5016143911439115","0.4442771084337349","0.4888888888888889","0.45714285714285713","998","1498","0","1.7763568394002505E-15","1.7763568394002505E-14","true","true","true"
"651","310151","B-bad","true","500","310151","B-bad","500","125","5000","0.5990099009900991","1","26","0.6104177045314885","0.8","33","75","0.9362209471155921","0.8184","4.539999999999998","0.4854","90.8","272.4","0.074","0","false","0.5990099009900991","1","0.792","1.3000000000000005","0.208","0.49071358748778104","0.46145374449339205","0.494949494949495","0.46153846153846156","998","1498","0","4.440892098500626E-15","4.085620730620576E-14","true","true","true"
"652","310152","B-bad","true","500","310152","B-bad","500","125","5000","0.55","1","51","0.6667550698362115","0.95","31.2","75","0.9524999155013836","0.8672","3.3199999999999954","0.4854","66.4","199","0.084","0","false","0.55","1","0.592","2.549999999999999","0.408","0.48985239852398527","0.4563253012048193","0.5135135135135135","0.49019607843137253","998","1498","0","8.881784197001252E-16","1.865174681370263E-14","true","true","true"
"653","310153","B-bad","true","500","310153","B-bad","500","125","5000","0.769239887763884","1","40","0.36612580772900516","0.5","44.4","75","0.9765138406281821","0.8396","4.009999999999993","0.4894","80.2","240.6","0.014","0","false","0.769239887763884","1","0.68","2.000000000000001","0.32","0.496903287279657","0.45012468827930174","0.5647058823529412","0.425","998","1498","0","3.552713678800501E-15","1.2434497875801753E-14","true","true","true"
"654","310154","B-bad","true","500","310154","B-bad","500","125","5000","0.5","0.5","46","0.7049304504861913","0.95","28.8","75","0.9510988331602277","0.907","2.3249999999999984","0.4964","46.5","139.5","0.044","0","false","0.5","0.5","0.632","2.3","0.368","0.5020948180815876","0.44086021505376344","0.46835443037974683","0.5","998","1498","0","8.881784197001252E-16","4.884981308350689E-15","true","true","true"
"655","310155","B-bad","true","500","310155","B-bad","500","125","5000","0.6905480615036318","1","64","0.3203891120533863","0.05","44.4","75","0.9704891451218012","0.8668","3.3299999999999956","0.495","66.6","199.8","0.026","0","false","0.6905480615036318","1","0.488","3.1999999999999966","0.512","0.501153668666359","0.45495495495495497","0.6065573770491803","0.46875","998","1498","0","8.881784197001252E-16","7.105427357601002E-15","true","true","true"
"656","310156","B-bad","true","500","310156","B-bad","500","125","5000","0.8588821376227943","1","41","0.7843965727581047","1","31.5","75","0.9602866707295391","0.8484","3.7899999999999934","0.4872","75.8","227.4","0.052","0","false","0.8588821376227943","1","0.672","2.0500000000000007","0.328","0.49245638849599244","0.4577836411609499","0.44047619047619047","0.3902439024390244","998","1498","0","1.7763568394002505E-15","1.7763568394002505E-14","true","true","true"
"658","310158","B-bad","true","500","310158","B-bad","500","125","5000","0.7317174011812813","1","47","0.7038654752522719","1","27.9","75","0.9432980183761307","0.8956","2.609999999999998","0.5008","52.2","156.6","0.058","0","false","0.7317174011812813","1","0.624","2.3499999999999996","0.376","0.5064761054041983","0.4521072796934866","0.5512820512820513","0.44680851063829785","998","1498","0","8.881784197001252E-16","5.329070518200751E-15","true","true","true"
"657","310157","B-bad","true","500","310157","B-bad","500","125","5000","0.8029278364278081","1","43","0.6611604788664626","0.8","27.6","75","0.9717375693959422","0.8996","2.509999999999998","0.4886","50.2","150.4","0.038","0","false","0.8029278364278081","1","0.656","2.1500000000000004","0.344","0.49444197421076036","0.4362549800796813","0.4024390243902439","0.4186046511627907","998","1498","0","8.881784197001252E-16","6.217248937900877E-15","true","true","true"
"659","310159","B-bad","true","500","310159","B-bad","500","125","5000","0.769239887763884","1","44","0.6250621636597511","0.8","36","75","0.9740648918087814","0.8916","2.7099999999999973","0.4988","54.2","162.4","0.024","0","false","0.769239887763884","1","0.648","2.2","0.352","0.5058322117541498","0.44095940959409596","0.3950617283950617","0.4318181818181818","998","1498","0","8.881784197001252E-16","9.769962616701378E-15","true","true","true"
"660","310160","B-bad","true","500","310160","B-bad","500","125","5000","0.5","0.5","66","0.678976195833599","0.8","34.2","75","0.9544979903198076","0.8498","3.7549999999999946","0.4984","75.1","225.3","0.048","0","false","0.5","0.5","0.472","3.2999999999999963","0.528","0.5050600141209697","0.4607190412782956","0.5084745762711864","0.5","998","1498","0","2.6645352591003757E-15","1.5987211554602254E-14","true","true","true"
"661","310161","B-bad","true","500","310161","B-bad","500","125","5000","0.9009100727155935","1","21","0.5534645237609089","0.6","25.2","75","0.9527639297446466","0.8912","2.7199999999999975","0.491","54.4","162.8","0.062","0","false","0.9009100727155935","1","0.832","1.0500000000000003","0.168","0.4970825852782765","0.4411764705882353","0.4807692307692308","0.23809523809523808","998","1498","0","8.881784197001252E-16","1.3322676295501878E-14","true","true","true"
"662","310162","B-bad","true","500","310162","B-bad","500","125","5000","0.8029278364278081","1","33","0.7527708313513095","1","37.8","75","0.9466865335326002","0.8064","4.839999999999996","0.4948","96.8","290.2","0.06","0","false","0.8029278364278081","1","0.736","1.6500000000000008","0.264","0.5002480158730159","0.47210743801652894","0.41304347826086957","0.3939393939393939","998","1498","0","8.881784197001252E-16","1.1546319456101628E-14","true","true","true"
"663","310163","B-bad","true","500","310163","B-bad","500","125","5000","0.16723303869664796","0","72","0.4619618964463769","0.55","36","75","0.9737352723977792","0.8986","2.5349999999999975","0.4964","50.7","152.1","0.016","0","false","0.16723303869664796","0","0.424","3.599999999999995","0.576","0.5041175161362119","0.4280078895463511","0.5094339622641509","0.5555555555555556","998","1498","0","2.6645352591003757E-15","7.993605777301127E-15","true","true","true"
"664","310164","B-bad","true","500","310164","B-bad","500","125","5000","0.8588821376227943","1","25","0.5757766932315442","0.5","33","75","0.9401899376883618","0.7672","5.819999999999994","0.4962","116.4","349.2","0.062","0","false","0.8588821376227943","1","0.8","1.2500000000000004","0.2","0.5039103232533889","0.47079037800687284","0.44","0.32","998","1498","0","3.552713678800501E-15","4.085620730620576E-14","true","true","true"
"666","310166","B-bad","true","500","310166","B-bad","500","125","5000","0.832766961303352","1","30","0.6835720604803994","0.85","33","75","0.8018257393144911","0.8562","3.5949999999999944","0.492","71.9","215.5","0.102","0","false","0.832766961303352","1","0.76","1.5000000000000007","0.24","0.4954449894884373","0.4714881780250348","0.5052631578947369","0.36666666666666664","998","1498","0","4.440892098500626E-15","1.7763568394002505E-14","true","true","true"
"665","310165","B-bad","true","500","310165","B-bad","500","125","5000","0.769239887763884","1","52","0.7597777533141482","1","30","75","0.9316629158158681","0.8912","2.719999999999998","0.4938","54.4","163","0.058","0","false","0.769239887763884","1","0.584","2.5999999999999988","0.416","0.4991023339317774","0.45036764705882354","0.5753424657534246","0.4423076923076923","998","1498","0","8.881784197001252E-16","7.105427357601002E-15","true","true","true"
"667","310167","B-bad","true","500","310167","B-bad","500","125","5000","0.769239887763884","1","52","0.802130369881699","1","20.7","75","0.9491740986354072","0.8738","3.1549999999999963","0.4934","63.1","189.3","0.042","0","false","0.769239887763884","1","0.584","2.5999999999999988","0.416","0.49965667200732433","0.4500792393026941","0.4520547945205479","0.4423076923076923","998","1498","0","8.881784197001252E-16","1.865174681370263E-14","true","true","true"
"668","310168","B-bad","true","500","310168","B-bad","500","125","5000","0.23076011223611614","0","58","0.5986265862085876","0.8","31.8","75","0.9574640748151622","0.879","3.0249999999999972","0.4956","60.5","181.5","0.038","0","false","0.23076011223611614","0","0.536","2.8999999999999977","0.464","0.50193401592719","0.44958677685950416","0.5223880597014925","0.5517241379310345","998","1498","0","2.6645352591003757E-15","9.769962616701378E-15","true","true","true"
"670","310170","B-bad","true","500","310170","B-bad","500","125","5000","0.832766961303352","1","36","0.7792768894925802","0.95","28.5","75","0.9419043242832952","0.8522","3.6949999999999954","0.5012","73.9","221.5","0.046","0","false","0.832766961303352","1","0.712","1.800000000000001","0.288","0.508566064304154","0.4587280108254398","0.5617977528089888","0.3888888888888889","998","1498","0","2.6645352591003757E-15","1.687538997430238E-14","true","true","true"
"669","310169","B-bad","true","500","310169","B-bad","500","125","5000","0.8588821376227943","1","33","0.6360568057274267","0.85","36.6","75","0.9546952251234503","0.8358","4.104999999999999","0.4954","82.1","246.3","0.038","0","false","0.8588821376227943","1","0.736","1.6500000000000008","0.264","0.5032304379038047","0.45554202192448234","0.5217391304347826","0.36363636363636365","998","1498","0","5.329070518200751E-15","1.9539925233402755E-14","true","true","true"
"671","310171","B-bad","true","500","310171","B-bad","500","125","5000","0.5990099009900991","1","56","0.4979060647096136","0.35","33.6","75","0.9555935392892042","0.8262","4.345000000000001","0.4854","86.9","260.5","0.048","0","false","0.5990099009900991","1","0.552","2.799999999999998","0.448","0.4897119341563786","0.46490218642117376","0.4927536231884058","0.48214285714285715","998","1498","0","8.881784197001252E-16","4.618527782440651E-14","true","true","true"
"672","310172","B-bad","true","500","310172","B-bad","500","125","5000","0.832766961303352","1","32","0.43422313794813955","0.4","38.7","75","0.9794276429435321","0.7924","5.190000000000008","0.4856","103.8","311.4","0.024","0","false","0.832766961303352","1","0.744","1.6000000000000008","0.256","0.49192327107521455","0.4614643545279383","0.5053763440860215","0.375","998","1498","0","4.440892098500626E-15","7.105427357601002E-14","true","true","true"
"673","310173","B-bad","true","500","310173","B-bad","500","125","5000","0.8029278364278081","1","29","0.6688871064190242","1","37.8","75","0.8385401216282335","0.7898","5.2550000000000106","0.4958","105.1","315.1","0.166","0.1","false","0.8029278364278081","1","0.768","1.4500000000000006","0.232","0.5006330716637123","0.4776403425309229","0.5208333333333334","0.3793103448275862","998","1498","0","2.6645352591003757E-15","1.2434497875801753E-13","true","true","true"
"674","310174","B-bad","true","500","310174","B-bad","500","125","5000","0.8029278364278081","1","53","0.6042021485962222","0.6","32.1","75","0.9761657708530203","0.832","4.199999999999993","0.4964","84","252","0.034","0","false","0.8029278364278081","1","0.576","2.6499999999999986","0.424","0.5045673076923077","0.45595238095238094","0.5555555555555556","0.4339622641509434","998","1498","0","4.440892098500626E-15","1.509903313490213E-14","true","true","true"
"675","310175","B-bad","true","500","310175","B-bad","500","125","5000","0.55","1","45","0.7950802196031579","1","28.5","75","0.9808812067287974","0.9158","2.1049999999999986","0.5008","42.1","126.1","0.024","0","false","0.55","1","0.64","2.25","0.36","0.5088447259226906","0.41330166270783847","0.4375","0.4888888888888889","998","1498","0","2.6645352591003757E-15","4.884981308350689E-15","true","true","true"
"676","310176","B-bad","true","500","310176","B-bad","500","125","5000","0.832766961303352","1","26","0.6972126219454735","0.8","33.6","75","0.9840590750232232","0.8812","2.9699999999999958","0.4998","59.4","178","0.02","0","false","0.832766961303352","1","0.792","1.3000000000000005","0.208","0.5083976395823877","0.43602693602693604","0.4444444444444444","0.34615384615384615","998","1498","0","1.7763568394002505E-15","1.687538997430238E-14","true","true","true"
"678","310178","B-bad","true","500","310178","B-bad","500","125","5000","0.8029278364278081","1","41","0.4488347884335765","0.45","32.4","75","0.8845878214417902","0.8072","4.820000000000007","0.5022","96.4","289","0.104","0.1","false","0.8029278364278081","1","0.672","2.0500000000000007","0.328","0.5099108027750248","0.4699170124481328","0.5119047619047619","0.4146341463414634","998","1498","0","2.6645352591003757E-15","4.973799150320701E-14","true","true","true"
"677","310177","B-bad","true","500","310177","B-bad","500","125","5000","0.769239887763884","1","44","0.5271143184889713","0.55","45.6","75","0.9141562901248488","0.8642","3.394999999999996","0.4986","67.9","203.7","0.054","0","false","0.769239887763884","1","0.648","2.2","0.352","0.5033557046979866","0.4683357879234168","0.43209876543209874","0.4318181818181818","998","1498","0","4.440892098500626E-16","1.865174681370263E-14","true","true","true"
"679","310179","B-bad","true","500","310179","B-bad","500","125","5000","0.3094519384963682","0","88","0.5565338099488393","0.7","34.2","75","0.9716161119359652","0.8652","3.369999999999996","0.5042","67.4","202.2","0.04","0","false","0.3094519384963682","0","0.296","4.399999999999992","0.704","0.5120203421174295","0.4540059347181009","0.4864864864864865","0.5227272727272727","998","1498","0","8.881784197001252E-16","1.4210854715202004E-14","true","true","true"
"680","310180","B-bad","true","500","310180","B-bad","500","125","5000","0.5","0.5","62","0.6593651764772539","0.9","36.6","75","0.9784588076014421","0.8636","3.4099999999999953","0.4976","68.2","204.6","0.02","0","false","0.5","0.5","0.504","3.099999999999997","0.496","0.5055581287633164","0.4472140762463343","0.4444444444444444","0.5","998","1498","0","2.6645352591003757E-15","1.3322676295501878E-14","true","true","true"
"681","310181","B-bad","true","500","310181","B-bad","500","125","5000","0.8588821376227943","1","27","0.6937798879292532","0.85","31.8","75","0.9098906483308408","0.8342","4.144999999999995","0.4914","82.9","248.7","0.076","0","false","0.8588821376227943","1","0.784","1.3500000000000005","0.216","0.49628386478062814","0.46682750301568154","0.5510204081632653","0.3333333333333333","998","1498","0","1.7763568394002505E-15","8.881784197001252E-15","true","true","true"
"682","310182","B-bad","true","500","310182","B-bad","500","125","5000","0.5990099009900991","1","62","0.6803764696545708","0.85","30.3","75","0.9895899957570178","0.913","2.1749999999999994","0.4866","43.5","130.5","0.014","0","false","0.5990099009900991","1","0.504","3.099999999999997","0.496","0.49441401971522453","0.4045977011494253","0.49206349206349204","0.4838709677419355","998","1498","0","2.6645352591003757E-15","3.9968028886505635E-15","true","true","true"
"683","310183","B-bad","true","500","310183","B-bad","500","125","5000","0.9009100727155935","1","35","0.6051008766245608","0.8","38.4","75","0.9600668708109115","0.8986","2.5349999999999975","0.4934","50.7","151.9","0.028","0","false","0.9009100727155935","1","0.72","1.7500000000000009","0.28","0.4996661473403071","0.4378698224852071","0.4222222222222222","0.34285714285714286","998","1498","0","8.881784197001252E-16","8.881784197001252E-15","true","true","true"
"684","310184","B-bad","true","500","310184","B-bad","500","125","5000","0.8588821376227943","1","41","0.638257108020922","0.85","31.8","75","0.9737135928503253","0.8456","3.8599999999999945","0.4924","77.2","231.6","0.038","0","false","0.8588821376227943","1","0.672","2.0500000000000007","0.328","0.4990539262062441","0.45595854922279794","0.47619047619047616","0.3902439024390244","998","1498","0","1.7763568394002505E-15","1.5987211554602254E-14","true","true","true"
"685","310185","B-bad","true","500","310185","B-bad","500","125","5000","0.832766961303352","1","38","0.5840884072274779","0.7","33","75","0.8997342427140446","0.8208","4.48","0.4796","89.6","268.6","0.124","0.1","false","0.832766961303352","1","0.696","1.900000000000001","0.304","0.4819688109161793","0.46875","0.42528735632183906","0.39473684210526316","998","1498","0","8.881784197001252E-16","5.5067062021407764E-14","true","true","true"
"686","310186","B-bad","true","500","310186","B-bad","500","125","5000","0.646116504854369","1","55","0.4836458816551514","0.45","35.7","75","0.9523636567958041","0.8248","4.379999999999999","0.5036","87.6","262.8","0.046","0","false","0.646116504854369","1","0.56","2.7499999999999982","0.44","0.5113967022308439","0.4668949771689498","0.45714285714285713","0.4727272727272727","998","1498","0","8.881784197001252E-16","3.019806626980426E-14","true","true","true"
"687","310187","B-bad","true","500","310187","B-bad","500","125","5000","0.5","0.5","44","0.47612175213522834","0.55","33.3","75","0.9486944621599098","0.7226","6.935000000000011","0.491","138.7","415.9","0.058","0","false","0.5","0.5","0.648","2.2","0.352","0.49737060614447826","0.47440519105984136","0.4567901234567901","0.5","998","1498","0","5.329070518200751E-15","7.638334409421077E-14","true","true","true"
"688","310188","B-bad","true","500","310188","B-bad","500","125","5000","0.8029278364278081","1","33","0.5661792937042237","0.65","35.7","75","0.962523519507025","0.8674","3.314999999999995","0.4836","66.3","198.9","0.038","0","false","0.8029278364278081","1","0.736","1.6500000000000008","0.264","0.4890477288448236","0.4479638009049774","0.532608695652174","0.3939393939393939","998","1498","0","2.6645352591003757E-15","1.4210854715202004E-14","true","true","true"
"689","310189","B-bad","true","500","310189","B-bad","500","125","5000","0.7317174011812813","1","43","0.7733806358927449","0.9","32.7","75","0.9217570184667359","0.8934","2.6649999999999965","0.4892","53.3","159.9","0.072","0","false","0.7317174011812813","1","0.656","2.1500000000000004","0.344","0.4945153346765167","0.4446529080675422","0.5853658536585366","0.4418604651162791","998","1498","0","2.6645352591003757E-15","1.1546319456101628E-14","true","true","true"
"690","310190","B-bad","true","500","310190","B-bad","500","125","5000","0.55","1","47","0.40022845652100214","0.35","36.9","75","0.9762276888670345","0.8028","4.92999999999999","0.4916","98.6","295.8","0.034","0","false","0.55","1","0.624","2.3499999999999996","0.376","0.49750871948181363","0.46754563894523327","0.5256410256410257","0.48936170212765956","998","1498","0","8.881784197001252E-16","1.5987211554602254E-14","true","true","true"
"691","310191","B-bad","true","500","310191","B-bad","500","125","5000","0.8029278364278081","1","45","0.6513005740612252","0.7","28.2","75","0.987499236130218","0.9176","2.059999999999998","0.4954","41.2","123.4","0.018","0","false","0.8029278364278081","1","0.64","2.25","0.36","0.5034873583260681","0.4053398058252427","0.6125","0.4222222222222222","998","1498","0","2.6645352591003757E-15","9.769962616701378E-15","true","true","true"
"692","310192","B-bad","true","500","310192","B-bad","500","125","5000","0.55","1","77","0.634262049778033","0.8","33","75","0.966206135591848","0.899","2.524999999999998","0.493","50.5","151.5","0.054","0","false","0.55","1","0.384","3.8499999999999943","0.616","0.49922135706340376","0.4376237623762376","0.6875","0.4935064935064935","998","1498","0","1.7763568394002505E-15","7.993605777301127E-15","true","true","true"
"693","310193","B-bad","true","500","310193","B-bad","500","125","5000","0.8814994686598714","1","30","0.39965924043236944","0.3","45.6","75","0.9883092676288758","0.9074","2.314999999999999","0.4854","46.3","138.9","0.008","0","false","0.8814994686598714","1","0.76","1.5000000000000007","0.24","0.49261626625523475","0.4146868250539957","0.49473684210526314","0.3333333333333333","998","1498","0","2.6645352591003757E-15","7.105427357601002E-15","true","true","true"
"694","310194","B-bad","true","500","310194","B-bad","500","125","5000","0.7317174011812813","1","33","0.4645008926976556","0.5","36.9","75","0.8767943812686692","0.7474","6.315000000000017","0.4974","126.3","378.5","0.1","0.1","false","0.7317174011812813","1","0.736","1.6500000000000008","0.264","0.5038801177415039","0.4782264449722882","0.4782608695652174","0.42424242424242425","998","1498","0","2.6645352591003757E-15","1.1013412404281553E-13","true","true","true"
"695","310195","B-bad","true","500","310195","B-bad","500","125","5000","0.8588821376227943","1","33","0.8170224853070049","1","19.8","75","0.9847481241326477","0.9384","1.5400000000000005","0.5074","30.8","92.4","0.012","0","false","0.8588821376227943","1","0.736","1.6500000000000008","0.264","0.5155583972719523","0.38311688311688313","0.5217391304347826","0.36363636363636365","998","1498","0","8.881784197001252E-16","1.5543122344752192E-15","true","true","true"
"696","310196","B-bad","true","500","310196","B-bad","500","125","5000","0.1411178623772057","0","71","0.7496776415239541","0.9","29.1","75","0.9655712949304476","0.8786","3.034999999999996","0.4962","60.7","181.9","0.044","0","false","0.1411178623772057","0","0.432","3.5499999999999954","0.568","0.502845435920783","0.44810543657331137","0.46296296296296297","0.5633802816901409","998","1498","0","2.6645352591003757E-15","1.0658141036401503E-14","true","true","true"
"697","310197","B-bad","true","500","310197","B-bad","500","125","5000","0.8029278364278081","1","63","0.5235738610596825","0.5","32.7","75","0.9488690060226688","0.8776","3.0599999999999974","0.5028","61.2","183.6","0.04","0","false","0.8029278364278081","1","0.496","3.149999999999997","0.504","0.5095715587967183","0.4542483660130719","0.41935483870967744","0.4444444444444444","998","1498","0","8.881784197001252E-16","6.217248937900877E-15","true","true","true"
"698","310198","B-bad","true","500","310198","B-bad","500","125","5000","0.353883495145631","0","69","0.6975284004626253","0.85","28.8","75","0.9653906774415134","0.9018","2.4549999999999983","0.4998","49.1","147.3","0.016","0","false","0.353883495145631","0","0.448","3.4499999999999957","0.552","0.5067642492792194","0.43584521384928715","0.39285714285714285","0.5217391304347826","998","1498","0","1.7763568394002505E-15","7.993605777301127E-15","true","true","true"
"699","310199","B-bad","true","500","310199","B-bad","500","125","5000","0.769239887763884","1","28","0.4668461817010332","0.3","38.4","75","0.9325783566833687","0.7836","5.410000000000002","0.4878","108.2","324.4","0.07","0","false","0.769239887763884","1","0.776","1.4000000000000006","0.224","0.4920877998979071","0.4722735674676525","0.5051546391752577","0.39285714285714285","998","1498","0","3.552713678800501E-15","1.0302869668521453E-13","true","true","true"
"700","310200","B-bad","true","500","310200","B-bad","500","125","5000","0.9009100727155935","1","31","0.6596282836338451","0.8","36","75","0.9778253536261428","0.8574","3.5649999999999955","0.4948","71.3","213.9","0.012","0","false","0.9009100727155935","1","0.752","1.5500000000000007","0.248","0.5022160018661068","0.45021037868162694","0.5638297872340425","0.3225806451612903","998","1498","0","1.7763568394002505E-15","1.5987211554602254E-14","true","true","true"
"701","310201","B-bad","true","500","310201","B-bad","500","125","5000","0.7317174011812813","1","53","0.5989334888735296","0.65","28.8","75","0.9735297468648001","0.8516","3.7099999999999973","0.4982","74.2","222.6","0.024","0","false","0.7317174011812813","1","0.576","2.6499999999999986","0.424","0.5065758572099577","0.4501347708894879","0.625","0.4528301886792453","998","1498","0","3.552713678800501E-15","1.509903313490213E-14","true","true","true"
"702","310202","B-bad","true","500","310202","B-bad","500","125","5000","0.9009100727155935","1","21","0.7227904833246462","1","26.7","75","0.9893906449534773","0.9122","2.194999999999998","0.5132","43.9","131.5","0.004","0","false","0.9009100727155935","1","0.832","1.0500000000000003","0.168","0.5229116421837317","0.4123006833712984","0.5384615384615384","0.23809523809523808","998","1498","0","1.7763568394002505E-15","1.1546319456101628E-14","true","true","true"
"703","310203","B-bad","true","500","310203","B-bad","500","125","5000","0.9174389747697416","1","20","0.6685475202062399","0.95","31.5","75","0.9673872327421961","0.9038","2.4049999999999985","0.4882","48.1","144.1","0.036","0","false","0.9174389747697416","1","0.84","1.0000000000000002","0.16","0.494135870767869","0.43243243243243246","0.5333333333333333","0.2","998","1498","0","2.6645352591003757E-15","6.217248937900877E-15","true","true","true"
"704","310204","B-bad","true","500","310204","B-bad","500","125","5000","0.55","1","65","0.515494716517672","0.6","40.5","75","0.9741046412740486","0.824","4.399999999999995","0.4888","88","264","0.02","0","false","0.55","1","0.48","3.2499999999999964","0.52","0.4941747572815534","0.4636363636363636","0.4166666666666667","0.49230769230769234","998","1498","0","8.881784197001252E-16","1.687538997430238E-14","true","true","true"
"705","310205","B-bad","true","500","310205","B-bad","500","125","5000","0.769239887763884","1","48","0.6401756106481089","0.8","30.9","75","0.9654707312597164","0.8448","3.879999999999994","0.4948","77.6","232.8","0.044","0","false","0.769239887763884","1","0.616","2.3999999999999995","0.384","0.5011837121212122","0.46005154639175255","0.5194805194805194","0.4375","998","1498","0","8.881784197001252E-16","1.9539925233402755E-14","true","true","true"
"707","310207","B-bad","true","500","310207","B-bad","500","125","5000","0.8588821376227943","1","37","0.5337700016571054","0.55","36.3","75","0.9845473265424541","0.8906","2.734999999999997","0.4944","54.7","163.9","0.018","0","false","0.8588821376227943","1","0.704","1.850000000000001","0.296","0.502357960925219","0.4296160877513711","0.5340909090909091","0.3783783783783784","998","1498","0","2.6645352591003757E-15","8.881784197001252E-15","true","true","true"
"706","310206","B-bad","true","500","310206","B-bad","500","125","5000","0.5990099009900991","1","60","0.5786403319886638","0.7","38.4","75","0.9767540410397018","0.9012","2.469999999999998","0.5012","49.4","148.2","0.008","0","false","0.5990099009900991","1","0.52","2.9999999999999973","0.48","0.509542831779849","0.4251012145748988","0.49230769230769234","0.48333333333333334","998","1498","0","4.440892098500626E-15","6.217248937900877E-15","true","true","true"
"708","310208","B-bad","true","500","310208","B-bad","500","125","5000","0.9009100727155935","1","27","0.6804762388023831","0.85","26.4","75","0.9521308256069844","0.8532","3.6699999999999937","0.4878","73.4","220","0.042","0","false","0.9009100727155935","1","0.784","1.3500000000000005","0.216","0.4934364744491327","0.4550408719346049","0.5918367346938775","0.2962962962962963","998","1498","0","5.329070518200751E-15","1.1546319456101628E-14","true","true","true"
"709","310209","B-bad","true","500","310209","B-bad","500","125","5000","0.8814994686598714","1","38","0.6572604169490237","0.85","34.8","75","0.952930900837119","0.7864","5.340000000000009","0.4894","106.8","320.4","0.032","0","false","0.8814994686598714","1","0.696","1.900000000000001","0.304","0.4961851475076297","0.46441947565543074","0.4482758620689655","0.3684210526315789","998","1498","0","3.552713678800501E-15","1.2434497875801753E-13","true","true","true"
"710","310210","B-bad","true","500","310210","B-bad","500","125","5000","0.6905480615036318","1","40","0.6295465112649791","0.75","37.8","75","0.9762151607013789","0.885","2.8749999999999973","0.4808","57.5","172.5","0.012","0","false","0.6905480615036318","1","0.68","2.000000000000001","0.32","0.4858757062146893","0.44173913043478263","0.49411764705882355","0.45","998","1498","0","8.881784197001252E-16","1.0658141036401503E-14","true","true","true"
"711","310211","B-bad","true","500","310211","B-bad","500","125","5000","0.5990099009900991","1","62","0.3718432101555965","0.25","39.6","75","0.9804883977589298","0.7886","5.284999999999991","0.4876","105.7","316.9","0.026","0","false","0.5990099009900991","1","0.504","3.099999999999997","0.496","0.4940400710119199","0.46357615894039733","0.4603174603174603","0.4838709677419355","998","1498","0","5.329070518200751E-15","1.509903313490213E-14","true","true","true"
"712","310212","B-bad","true","500","310212","B-bad","500","125","5000","0.832766961303352","1","48","0.601226121112333","0.65","41.4","75","0.9790385653827489","0.852","3.6999999999999944","0.5028","74","221.8","0.044","0","false","0.832766961303352","1","0.616","2.3999999999999995","0.384","0.5117370892018779","0.45135135135135135","0.5454545454545454","0.4166666666666667","998","1498","0","1.7763568394002505E-15","1.3322676295501878E-14","true","true","true"
"713","310213","B-bad","true","500","310213","B-bad","500","125","5000","0.353883495145631","0","93","0.6690503430538197","0.8","32.7","75","0.7853048596202793","0.8254","4.3649999999999975","0.4894","87.3","261.3","0.264","0.2","false","0.353883495145631","0","0.256","4.6499999999999915","0.744","0.4916404167676278","0.47880870561282934","0.40625","0.5161290322580645","998","1498","0","8.881784197001252E-16","7.105427357601002E-15","true","true","true"
"714","310214","B-bad","true","500","310214","B-bad","500","125","5000","0.646116504854369","1","83","0.654193534714884","0.85","29.4","75","0.9769023964291563","0.8256","4.359999999999995","0.4912","87.2","261.6","0.022","0","false","0.646116504854369","1","0.336","4.149999999999993","0.664","0.49830426356589147","0.45756880733944955","0.6190476190476191","0.4819277108433735","998","1498","0","3.552713678800501E-15","1.1546319456101628E-14","true","true","true"
"715","310215","B-bad","true","500","310215","B-bad","500","125","5000","0.8814994686598714","1","36","0.7448511027327338","1","25.5","75","0.9850426839406772","0.8908","2.7299999999999978","0.487","54.6","163.8","0.008","0","false","0.8814994686598714","1","0.712","1.800000000000001","0.288","0.49348899865289625","0.4340659340659341","0.449438202247191","0.3611111111111111","998","1498","0","8.881784197001252E-16","7.993605777301127E-15","true","true","true"
"716","310216","B-bad","true","500","310216","B-bad","500","125","5000","0.9314206186232206","1","31","0.645589197444021","0.8","32.7","75","0.9825423288100612","0.8862","2.844999999999997","0.4878","56.9","170.7","0.022","0","false","0.9314206186232206","1","0.752","1.5500000000000007","0.248","0.49447077409162715","0.4358523725834798","0.574468085106383","0.2903225806451613","998","1498","0","2.6645352591003757E-15","9.769962616701378E-15","true","true","true"
"717","310217","B-bad","true","500","310217","B-bad","500","125","5000","0.8029278364278081","1","35","0.5307287173066946","0.6","38.4","75","0.9357275777559311","0.7906","5.234999999999998","0.4926","104.7","313.9","0.062","0","false","0.8029278364278081","1","0.72","1.7500000000000009","0.28","0.49886162408297496","0.4689589302769819","0.5","0.4","998","1498","0","1.7763568394002505E-15","4.085620730620576E-14","true","true","true"
"718","310218","B-bad","true","500","310218","B-bad","500","125","5000","0.7317174011812813","1","37","0.6868054024823959","0.75","26.7","75","0.978415380969313","0.9072","2.3199999999999985","0.4968","46.4","139.2","0.02","0","false","0.7317174011812813","1","0.704","1.850000000000001","0.296","0.5037477954144621","0.42887931034482757","0.45454545454545453","0.43243243243243246","998","1498","0","8.881784197001252E-16","7.105427357601002E-15","true","true","true"
"719","310219","B-bad","true","500","310219","B-bad","500","125","5000","0.8029278364278081","1","35","0.4460941660923681","0.45","36.3","75","0.7668652795423612","0.8214","4.464999999999991","0.494","89.3","267.9","0.202","0.2","false","0.8029278364278081","1","0.72","1.7500000000000009","0.28","0.4979303627952277","0.47592385218365063","0.43333333333333335","0.4","998","1498","0","2.6645352591003757E-15","1.687538997430238E-14","true","true","true"
"720","310220","B-bad","true","500","310220","B-bad","500","125","5000","0.8588821376227943","1","25","0.7376047965470786","0.95","34.5","75","0.9809436495740398","0.932","1.7000000000000004","0.4952","34","101.8","0.02","0","false","0.8588821376227943","1","0.8","1.2500000000000004","0.2","0.5023605150214592","0.39705882352941174","0.51","0.32","998","1498","0","1.7763568394002505E-15","1.5543122344752192E-15","true","true","true"
"721","310221","B-bad","true","500","310221","B-bad","500","125","5000","0.8588821376227943","1","29","0.6413985476324152","0.8","33","75","0.9606832147914819","0.836","4.0999999999999925","0.4882","82","245.6","0.038","0","false","0.8588821376227943","1","0.768","1.4500000000000006","0.232","0.49354066985645934","0.4609756097560976","0.4479166666666667","0.3448275862068966","998","1498","0","2.6645352591003757E-15","1.7763568394002505E-14","true","true","true"
"722","310222","B-bad","true","500","310222","B-bad","500","125","5000","0.8814994686598714","1","28","0.7947955333037264","1","31.8","75","0.956731770962224","0.8538","3.654999999999995","0.4962","73.1","219.3","0.046","0","false","0.8814994686598714","1","0.776","1.4000000000000006","0.224","0.5024595924104006","0.45964432284541723","0.4639175257731959","0.32142857142857145","998","1498","0","8.881784197001252E-16","1.5987211554602254E-14","true","true","true"
"723","310223","B-bad","true","500","310223","B-bad","500","125","5000","0.9174389747697416","1","30","0.6435269367731264","0.75","27.3","75","0.915588004135578","0.822","4.449999999999998","0.483","89","266.8","0.102","0","false","0.9174389747697416","1","0.76","1.5000000000000007","0.24","0.4858880778588808","0.4696629213483146","0.4842105263157895","0.3","998","1498","0","1.7763568394002505E-15","2.4868995751603507E-14","true","true","true"
"724","310224","B-bad","true","500","310224","B-bad","500","125","5000","0.8588821376227943","1","41","0.7088798501000068","1","27.6","75","0.9715755193869612","0.909","2.2749999999999995","0.4968","45.5","136.5","0.016","0","false","0.8588821376227943","1","0.672","2.0500000000000007","0.328","0.5031903190319031","0.432967032967033","0.5","0.3902439024390244","998","1498","0","8.881784197001252E-16","3.9968028886505635E-15","true","true","true"
"725","310225","B-bad","true","500","310225","B-bad","500","125","5000","0.8814994686598714","1","20","0.5151666655075247","0.55","43.5","75","0.9397472337958229","0.8292","4.270000000000004","0.4952","85.4","256","0.074","0","false","0.8814994686598714","1","0.84","1.0000000000000002","0.16","0.5043415340086831","0.45081967213114754","0.4666666666666667","0.25","998","1498","0","5.329070518200751E-15","4.618527782440651E-14","true","true","true"
"726","310226","B-bad","true","500","310226","B-bad","500","125","5000","0.9009100727155935","1","37","0.516687588996877","0.45","30.6","75","0.97807077843154","0.9028","2.4299999999999984","0.4902","48.6","145.8","0.022","0","false","0.9009100727155935","1","0.704","1.850000000000001","0.296","0.4964554718653079","0.43209876543209874","0.5227272727272727","0.35135135135135137","998","1498","0","8.881784197001252E-16","5.329070518200751E-15","true","true","true"
"727","310227","B-bad","true","500","310227","B-bad","500","125","5000","0.7317174011812813","1","53","0.6668734125472648","0.9","27.6","75","0.9639749937503004","0.9132","2.169999999999999","0.492","43.4","130.2","0.038","0","false","0.7317174011812813","1","0.576","2.6499999999999986","0.424","0.49759088918090233","0.43317972350230416","0.4861111111111111","0.4528301886792453","998","1498","0","8.881784197001252E-16","7.105427357601002E-15","true","true","true"
"728","310228","B-bad","true","500","310228","B-bad","500","125","5000","0.9431811237123936","1","38","0.7580680637395473","1","33.3","75","0.9610966297712487","0.886","2.8499999999999965","0.485","57","171","0.046","0","false","0.9431811237123936","1","0.696","1.900000000000001","0.304","0.4909706546275395","0.43859649122807015","0.5747126436781609","0.3157894736842105","998","1498","0","2.6645352591003757E-15","1.5987211554602254E-14","true","true","true"
"729","310229","B-bad","true","500","310229","B-bad","500","125","5000","0.9174389747697416","1","32","0.4288626966172506","0.45","40.8","75","0.9652962416207853","0.883","2.9249999999999963","0.49","58.5","175.3","0.054","0","false","0.9174389747697416","1","0.744","1.6000000000000008","0.256","0.4955832389580974","0.4478632478632479","0.45161290322580644","0.3125","998","1498","0","8.881784197001252E-16","1.1546319456101628E-14","true","true","true"
"730","310230","B-bad","true","500","310230","B-bad","500","125","5000","0.8029278364278081","1","37","0.6344437447947476","0.75","41.1","75","0.9771403683385875","0.8766","3.0849999999999964","0.496","61.7","184.9","0.032","0","false","0.8029278364278081","1","0.704","1.850000000000001","0.296","0.5035363906000456","0.44246353322528365","0.4090909090909091","0.40540540540540543","998","1498","0","1.7763568394002505E-15","1.4210854715202004E-14","true","true","true"
"731","310231","B-bad","true","500","310231","B-bad","500","125","5000","0.4009900990099009","0","66","0.6686544017387239","0.8","30.9","75","0.9237348981668474","0.7876","5.310000000000006","0.4938","106.2","318.4","0.082","0.1","false","0.4009900990099009","0","0.472","3.2999999999999963","0.528","0.5005078720162519","0.4689265536723164","0.4745762711864407","0.5151515151515151","998","1498","0","4.440892098500626E-15","8.881784197001252E-14","true","true","true"
"732","310232","B-bad","true","500","310232","B-bad","500","125","5000","0.44999999999999996","0","59","0.6225065558221552","0.85","32.7","75","0.9312091880353626","0.9054","2.3649999999999984","0.4814","47.3","141.9","0.048","0","false","0.44999999999999996","0","0.528","2.9499999999999975","0.472","0.4855312569030263","0.4418604651162791","0.45454545454545453","0.5084745762711864","998","1498","0","1.7763568394002505E-15","4.884981308350689E-15","true","true","true"
"733","310233","B-bad","true","500","310233","B-bad","500","125","5000","0.8029278364278081","1","39","0.6333051743155114","0.75","29.1","75","0.9730306029854111","0.8912","2.7199999999999975","0.4764","54.4","163.2","0.018","0","false","0.8029278364278081","1","0.688","1.950000000000001","0.312","0.48047576301615796","0.4430147058823529","0.5116279069767442","0.41025641025641024","998","1498","0","8.881784197001252E-16","1.1546319456101628E-14","true","true","true"
"734","310234","B-bad","true","500","310234","B-bad","500","125","5000","0.5990099009900991","1","46","0.6077297886673179","0.65","31.8","75","0.9383919558214844","0.8816","2.9599999999999964","0.499","59.2","177.6","0.096","0","false","0.5990099009900991","1","0.632","2.3","0.368","0.5052177858439202","0.4527027027027027","0.3924050632911392","0.4782608695652174","998","1498","0","1.7763568394002505E-15","1.7763568394002505E-14","true","true","true"
"735","310235","B-bad","true","500","310235","B-bad","500","125","5000","0.769239887763884","1","42","0.7500830410987323","0.9","29.7","75","0.987567946176082","0.935","1.625","0.492","32.5","97.5","0.024","0","false","0.769239887763884","1","0.664","2.1000000000000005","0.336","0.49989304812834223","0.37846153846153846","0.46987951807228917","0.42857142857142855","998","1498","0","1.7763568394002505E-15","1.7763568394002505E-15","true","true","true"
"736","310236","B-bad","true","500","310236","B-bad","500","125","5000","0.44999999999999996","0","43","0.4475501550082484","0.45","40.8","75","0.9632023902860253","0.863","3.424999999999996","0.4952","68.5","205.5","0.04","0","false","0.44999999999999996","0","0.656","2.1500000000000004","0.344","0.5019698725376593","0.45255474452554745","0.524390243902439","0.5116279069767442","998","1498","0","2.6645352591003757E-15","1.865174681370263E-14","true","true","true"
"737","310237","B-bad","true","500","310237","B-bad","500","125","5000","0.8814994686598714","1","32","0.7198143739696431","1","24.9","75","0.943991038561375","0.793","5.1750000000000025","0.4978","103.5","310.3","0.074","0","false","0.8814994686598714","1","0.744","1.6000000000000008","0.256","0.5054224464060529","0.46859903381642515","0.43010752688172044","0.34375","998","1498","0","3.552713678800501E-15","6.572520305780927E-14","true","true","true"
"738","310238","B-bad","true","500","310238","B-bad","500","125","5000","0.9314206186232206","1","21","0.7164822003483124","0.95","25.8","75","0.9747594613485037","0.8954","2.6149999999999975","0.4994","52.3","156.9","0.014","0","false","0.9314206186232206","1","0.832","1.0500000000000003","0.168","0.5068125977216886","0.4359464627151052","0.5096153846153846","0.19047619047619047","998","1498","0","1.7763568394002505E-15","6.217248937900877E-15","true","true","true"
"739","310239","B-bad","true","500","310239","B-bad","500","125","5000","0.832766961303352","1","48","0.7575572799167827","1","19.5","75","0.9870114308862206","0.9324","1.689999999999999","0.4892","33.8","101.4","0.012","0","false","0.832766961303352","1","0.616","2.3999999999999995","0.384","0.49635349635349635","0.3905325443786982","0.5064935064935064","0.4166666666666667","998","1498","0","8.881784197001252E-16","4.440892098500626E-15","true","true","true"
"740","310240","B-bad","true","500","310240","B-bad","500","125","5000","0.353883495145631","0","75","0.5117948218274913","0.55","39.9","75","0.9599774191686519","0.8652","3.369999999999995","0.492","67.4","202.2","0.032","0","false","0.353883495145631","0","0.4","3.7499999999999947","0.6","0.49791955617198336","0.4540059347181009","0.5","0.52","998","1498","0","1.7763568394002505E-15","9.769962616701378E-15","true","true","true"
"741","310241","B-bad","true","500","310241","B-bad","500","125","5000","0.832766961303352","1","50","0.6765706862348455","0.9","32.7","75","0.9765822522602674","0.9006","2.4849999999999985","0.4958","49.7","149.1","0.028","0","false","0.832766961303352","1","0.6","2.499999999999999","0.4","0.5023317788141239","0.43661971830985913","0.52","0.42","998","1498","0","8.881784197001252E-16","5.329070518200751E-15","true","true","true"
"742","310242","B-bad","true","500","310242","B-bad","500","125","5000","0.353883495145631","0","61","0.717315019781336","1","33.3","75","0.9824048290368784","0.9216","1.9599999999999997","0.4916","39.2","117.6","0.016","0","false","0.353883495145631","0","0.512","3.049999999999997","0.488","0.4986979166666667","0.40816326530612246","0.5625","0.5245901639344263","998","1498","0","8.881784197001252E-16","2.220446049250313E-15","true","true","true"
"743","310243","B-bad","true","500","310243","B-bad","500","125","5000","0.769239887763884","1","54","0.7222538524304954","0.95","30.9","75","0.9555232343177013","0.8896","2.759999999999997","0.4884","55.2","165.6","0.024","0","false","0.769239887763884","1","0.568","2.6999999999999984","0.432","0.4941546762589928","0.4420289855072464","0.4225352112676056","0.4444444444444444","998","1498","0","3.552713678800501E-15","1.4210854715202004E-14","true","true","true"
"744","310244","B-bad","true","500","310244","B-bad","500","125","5000","0.8588821376227943","1","27","0.8464330703599929","1","21.9","75","0.9861795524093505","0.9434","1.4150000000000003","0.492","28.3","84.9","0.014","0","false","0.8588821376227943","1","0.784","1.3500000000000005","0.216","0.49947000211999154","0.3674911660777385","0.5408163265306123","0.3333333333333333","998","1498","0","1.7763568394002505E-15","1.5543122344752192E-15","true","true","true"
"745","310245","B-bad","true","500","310245","B-bad","500","125","5000","0.8029278364278081","1","51","0.30781589594839687","0.15","41.7","75","0.943614958359533","0.7888","5.279999999999999","0.4922","105.6","316.8","0.044","0","false","0.8029278364278081","1","0.592","2.549999999999999","0.408","0.4987322515212982","0.4678030303030303","0.527027027027027","0.43137254901960786","998","1498","0","4.440892098500626E-15","3.730349362740526E-14","true","true","true"
"746","310246","B-bad","true","500","310246","B-bad","500","125","5000","0.646116504854369","1","61","0.49628633712616466","0.4","29.4","75","0.8770946360334968","0.8718","3.204999999999996","0.482","64.1","192.1","0.092","0","false","0.646116504854369","1","0.512","3.049999999999997","0.488","0.48474420738701535","0.46333853354134164","0.578125","0.47540983606557374","998","1498","0","8.881784197001252E-16","1.1546319456101628E-14","true","true","true"
"747","310247","B-bad","true","500","310247","B-bad","500","125","5000","0.9174389747697416","1","30","0.7313979751912008","0.85","29.1","75","0.9841053187808873","0.9338","1.6549999999999998","0.498","33.1","99.3","0.014","0","false","0.9174389747697416","1","0.76","1.5000000000000007","0.24","0.5058899121867637","0.3867069486404834","0.6","0.3","998","1498","0","8.881784197001252E-16","3.552713678800501E-15","true","true","true"
"748","310248","B-bad","true","500","310248","B-bad","500","125","5000","0.8588821376227943","1","41","0.6252059001558228","0.7","26.4","75","0.9776284051312357","0.8148","4.629999999999997","0.4882","92.6","277.8","0.032","0","false","0.8588821376227943","1","0.672","2.0500000000000007","0.328","0.4945999018163967","0.46004319654427644","0.4523809523809524","0.3902439024390244","998","1498","0","4.440892098500626E-15","2.4868995751603507E-14","true","true","true"
"749","310249","B-bad","true","500","310249","B-bad","500","125","5000","0.8814994686598714","1","28","0.6420676935957547","0.75","26.1","75","0.9693181994221645","0.898","2.549999999999997","0.4972","51","153","0.03","0","false","0.8814994686598714","1","0.776","1.4000000000000006","0.224","0.5051224944320712","0.42745098039215684","0.4329896907216495","0.32142857142857145","998","1498","0","3.552713678800501E-15","9.769962616701378E-15","true","true","true"
"750","310250","B-bad","true","500","310250","B-bad","500","125","5000","0.646116504854369","1","51","0.8558938016481161","1","21.3","75","0.8500320168262588","0.8502","3.7449999999999948","0.4918","74.9","224.5","0.226","0.2","false","0.646116504854369","1","0.592","2.549999999999999","0.408","0.4956480828040461","0.4699599465954606","0.5135135135135135","0.47058823529411764","998","1498","0","8.881784197001252E-16","1.9539925233402755E-14","true","true","true"
"751","310251","B-bad","true","500","310251","B-bad","500","125","5000","0.832766961303352","1","48","0.6618537413180446","0.75","28.5","75","0.9751728670154854","0.8958","2.6049999999999978","0.4894","52.1","156.3","0.018","0","false","0.832766961303352","1","0.616","2.3999999999999995","0.384","0.4965394061174369","0.42802303262955854","0.5714285714285714","0.4166666666666667","998","1498","0","3.552713678800501E-15","9.769962616701378E-15","true","true","true"
"752","310252","B-bad","true","500","310252","B-bad","500","125","5000","0.6905480615036318","1","36","0.5605967521257855","0.7","30.6","75","0.9535160623287074","0.8122","4.694999999999997","0.4836","93.9","281.7","0.056","0","false","0.6905480615036318","1","0.712","1.800000000000001","0.288","0.48731839448411723","0.46751863684771033","0.550561797752809","0.4444444444444444","998","1498","0","2.6645352591003757E-15","2.3092638912203256E-14","true","true","true"
"754","310254","B-bad","true","500","310254","B-bad","500","125","5000","0.832766961303352","1","30","0.54356744673481","0.65","32.7","75","0.9682045232965966","0.7948","5.129999999999997","0.4898","102.6","307.8","0.038","0","false","0.832766961303352","1","0.76","1.5000000000000007","0.24","0.4964771011575239","0.46393762183235865","0.4842105263157895","0.36666666666666664","998","1498","0","4.440892098500626E-15","1.9539925233402755E-14","true","true","true"
"753","310253","B-bad","true","500","310253","B-bad","500","125","5000","0.769239887763884","1","38","0.7604348704952311","1","30.3","75","0.9613863990372249","0.9156","2.109999999999999","0.4902","42.2","126.4","0.02","0","false","0.769239887763884","1","0.696","1.900000000000001","0.304","0.49584971603320227","0.42890995260663506","0.4482758620689655","0.42105263157894735","998","1498","0","8.881784197001252E-16","3.9968028886505635E-15","true","true","true"
"755","310255","B-bad","true","500","310255","B-bad","500","125","5000","0.6905480615036318","1","48","0.5779136255370523","0.65","38.4","75","0.9809673892653104","0.8898","2.754999999999997","0.4924","55.1","165.1","0.028","0","false","0.6905480615036318","1","0.616","2.3999999999999995","0.384","0.4998876151944257","0.4319419237749546","0.45454545454545453","0.4583333333333333","998","1498","0","4.440892098500626E-15","1.2434497875801753E-14","true","true","true"
"756","310256","B-bad","true","500","310256","B-bad","500","125","5000","0.5","0.5","74","0.6859841056795302","0.9","27","75","0.9556566220877236","0.8718","3.204999999999997","0.4914","64.1","192.3","0.046","0","false","0.5","0.5","0.408","3.699999999999995","0.592","0.4969029593943565","0.4539781591263651","0.5490196078431373","0.5","998","1498","0","1.7763568394002505E-15","1.4210854715202004E-14","true","true","true"
"757","310257","B-bad","true","500","310257","B-bad","500","125","5000","0.5990099009900991","1","68","0.5261546875519666","0.6","37.2","75","0.9646669533082439","0.7726","5.684999999999996","0.4846","113.7","341.1","0.03","0","false","0.5990099009900991","1","0.456","3.399999999999996","0.544","0.48873932177064455","0.47053649956024624","0.5789473684210527","0.4852941176470588","998","1498","0","3.552713678800501E-15","3.907985046680551E-14","true","true","true"
"758","310258","B-bad","true","500","310258","B-bad","500","125","5000","0.769239887763884","1","68","0.7155336283475654","1","24","75","0.9765573705169212","0.875","3.1249999999999956","0.5064","62.5","187.5","0.012","0","false","0.769239887763884","1","0.456","3.399999999999996","0.544","0.5154285714285715","0.4432","0.42105263157894735","0.45588235294117646","998","1498","0","1.7763568394002505E-15","1.5987211554602254E-14","true","true","true"
"759","310259","B-bad","true","500","310259","B-bad","500","125","5000","0.5990099009900991","1","52","0.7154883351235275","1","31.8","75","0.9700310891067337","0.8602","3.4949999999999948","0.5008","69.9","209.7","0.028","0","false","0.5990099009900991","1","0.584","2.5999999999999988","0.416","0.5087189025807952","0.4520743919885551","0.3972602739726027","0.4807692307692308","998","1498","0","8.881784197001252E-16","1.7763568394002505E-14","true","true","true"
"760","310260","B-bad","true","500","310260","B-bad","500","125","5000","0.9314206186232206","1","25","0.5666362638790371","0.55","35.7","75","0.9746795760796407","0.8506","3.7349999999999945","0.4816","74.7","224.1","0.022","0","false","0.9314206186232206","1","0.8","1.2500000000000004","0.2","0.48695038796143897","0.45113788487282463","0.51","0.24","998","1498","0","4.440892098500626E-15","9.769962616701378E-15","true","true","true"
"761","310261","B-bad","true","500","310261","B-bad","500","125","5000","0.769239887763884","1","44","0.7260396323037838","1","26.4","75","0.9771880836156127","0.9306","1.735","0.4952","34.7","104.1","0.014","0","false","0.769239887763884","1","0.648","2.2","0.352","0.5024715237481195","0.3976945244956772","0.5555555555555556","0.4318181818181818","998","1498","0","2.6645352591003757E-15","2.6645352591003757E-15","true","true","true"
"762","310262","B-bad","true","500","310262","B-bad","500","125","5000","0.9314206186232206","1","33","0.8234297591842777","1","21.9","75","0.9401528961111939","0.9038","2.4049999999999985","0.4896","48.1","144.3","0.068","0","false","0.9314206186232206","1","0.736","1.6500000000000008","0.264","0.4945784465589732","0.44282744282744285","0.4673913043478261","0.30303030303030304","998","1498","0","8.881784197001252E-16","8.881784197001252E-15","true","true","true"
"763","310263","B-bad","true","500","310263","B-bad","500","125","5000","0.8588821376227943","1","39","0.8203523405864915","1","19.5","75","0.98310072403044","0.934","1.65","0.4924","33","99","0.01","0","false","0.8588821376227943","1","0.688","1.950000000000001","0.312","0.49957173447537473","0.39090909090909093","0.4883720930232558","0.38461538461538464","998","1498","0","1.7763568394002505E-15","5.329070518200751E-15","true","true","true"
"764","310264","B-bad","true","500","310264","B-bad","500","125","5000","0.5990099009900991","1","48","0.37452133836303714","0.3","37.5","75","0.9587189664528699","0.8788","3.0299999999999967","0.495","60.6","181.8","0.026","0","false","0.5990099009900991","1","0.616","2.3999999999999995","0.384","0.501820664542558","0.44554455445544555","0.4805194805194805","0.4791666666666667","998","1498","0","3.552713678800501E-15","1.1546319456101628E-14","true","true","true"
"766","310266","B-bad","true","500","310266","B-bad","500","125","5000","0.8029278364278081","1","41","0.45027286948789913","0.5","39.6","75","0.910099665206214","0.8436","3.909999999999993","0.4924","78.2","234.6","0.072","0","false","0.8029278364278081","1","0.672","2.0500000000000007","0.328","0.4971550497866287","0.46675191815856776","0.5119047619047619","0.4146341463414634","998","1498","0","8.881784197001252E-16","1.509903313490213E-14","true","true","true"
"765","310265","B-bad","true","500","310265","B-bad","500","125","5000","0.6905480615036318","1","74","0.6982098927011993","0.75","31.2","75","0.9605069727293181","0.8702","3.2449999999999966","0.4986","64.9","194.5","0.056","0","false","0.6905480615036318","1","0.408","3.699999999999995","0.592","0.5049413927832682","0.4560862865947612","0.39215686274509803","0.47297297297297297","998","1498","0","8.881784197001252E-16","1.687538997430238E-14","true","true","true"
"767","310267","B-bad","true","500","310267","B-bad","500","125","5000","0.7317174011812813","1","61","0.5368627617376572","0.5","38.4","75","0.9235203324731683","0.8224","4.439999999999999","0.492","88.8","266.2","0.078","0","false","0.7317174011812813","1","0.512","3.049999999999997","0.488","0.497568093385214","0.46621621621621623","0.5","0.45901639344262296","998","1498","0","8.881784197001252E-16","2.4868995751603507E-14","true","true","true"
"768","310268","B-bad","true","500","310268","B-bad","500","125","5000","0.832766961303352","1","26","0.7737133476152164","1","24.9","75","0.9735483197545086","0.8686","3.284999999999998","0.489","65.7","197.1","0.028","0","false","0.832766961303352","1","0.792","1.3000000000000005","0.208","0.49574027170158874","0.4444444444444444","0.4444444444444444","0.34615384615384615","998","1498","0","2.6645352591003757E-15","8.881784197001252E-15","true","true","true"
"769","310269","B-bad","true","500","310269","B-bad","500","125","5000","0.6905480615036318","1","58","0.7704243968904507","1","25.8","75","0.9821853322521648","0.9468","1.3300000000000005","0.4932","26.6","79.8","0.024","0","false","0.6905480615036318","1","0.536","2.8999999999999977","0.464","0.5002112378538234","0.3684210526315789","0.5522388059701493","0.46551724137931033","998","1498","0","8.881784197001252E-16","1.7763568394002505E-15","true","true","true"
"770","310270","B-bad","true","500","310270","B-bad","500","125","5000","0.5990099009900991","1","36","0.5261577360737907","0.6","31.2","75","0.9576834342029319","0.894","2.649999999999998","0.4936","53","159","0.058","0","false","0.5990099009900991","1","0.712","1.800000000000001","0.288","0.49910514541387024","0.44716981132075473","0.5168539325842697","0.4722222222222222","998","1498","0","8.881784197001252E-16","7.105427357601002E-15","true","true","true"
"771","310271","B-bad","true","500","310271","B-bad","500","125","5000","0.8814994686598714","1","40","0.804515109165278","1","24.9","75","0.8716551455508672","0.798","5.049999999999999","0.4974","101","302.6","0.146","0.1","false","0.8814994686598714","1","0.68","2.000000000000001","0.32","0.5030075187969925","0.4752475247524752","0.5058823529411764","0.375","998","1498","0","1.7763568394002505E-15","1.9539925233402755E-14","true","true","true"
"772","310272","B-bad","true","500","310272","B-bad","500","125","5000","0.7317174011812813","1","51","0.7519127215261252","1","24.6","75","0.9609348906201562","0.903","2.424999999999998","0.5004","48.5","145.3","0.06","0","false","0.7317174011812813","1","0.592","2.549999999999999","0.408","0.507641196013289","0.4329896907216495","0.527027027027027","0.45098039215686275","998","1498","0","2.6645352591003757E-15","7.993605777301127E-15","true","true","true"
"774","310274","B-bad","true","500","310274","B-bad","500","125","5000","0.6905480615036318","1","36","0.7804148790308387","1","28.2","75","0.9526016097576917","0.891","2.7249999999999988","0.5038","54.5","163.5","0.06","0","false","0.6905480615036318","1","0.712","1.800000000000001","0.288","0.510662177328844","0.44770642201834865","0.5056179775280899","0.4444444444444444","998","1498","0","8.881784197001252E-16","3.9968028886505635E-15","true","true","true"
"773","310273","B-bad","true","500","310273","B-bad","500","125","5000","0.832766961303352","1","28","0.5795413635349348","0.6","36.6","75","0.987669064484151","0.8904","2.739999999999997","0.5016","54.8","164.4","0.008","0","false","0.832766961303352","1","0.776","1.4000000000000006","0.224","0.5103324348607368","0.4306569343065693","0.4639175257731959","0.35714285714285715","998","1498","0","1.7763568394002505E-15","7.993605777301127E-15","true","true","true"
"775","310275","B-bad","true","500","310275","B-bad","500","125","5000","0.832766961303352","1","58","0.8046615967509816","1","24.6","75","0.9684661626409978","0.902","2.449999999999998","0.4946","49","147","0.024","0","false","0.832766961303352","1","0.536","2.8999999999999977","0.464","0.501330376940133","0.4326530612244898","0.43283582089552236","0.43103448275862066","998","1498","0","2.6645352591003757E-15","1.2434497875801753E-14","true","true","true"
"776","310276","B-bad","true","500","310276","B-bad","500","125","5000","0.9314206186232206","1","21","0.5263671444413147","0.5","36.6","75","0.9587620531874851","0.7934","5.164999999999993","0.483","103.3","309.9","0.062","0","false","0.9314206186232206","1","0.832","1.0500000000000003","0.168","0.4860095790269725","0.4714424007744434","0.5384615384615384","0.19047619047619047","998","1498","0","1.7763568394002505E-15","1.509903313490213E-14","true","true","true"
"777","310277","B-bad","true","500","310277","B-bad","500","125","5000","0.8814994686598714","1","28","0.5519308999413213","0.6","33.6","75","0.9549654702647477","0.8674","3.314999999999999","0.4816","66.3","198.9","0.084","0","false","0.8814994686598714","1","0.776","1.4000000000000006","0.224","0.48697256167857966","0.4464555052790347","0.4742268041237113","0.32142857142857145","998","1498","0","2.6645352591003757E-15","1.4210854715202004E-14","true","true","true"
"778","310278","B-bad","true","500","310278","B-bad","500","125","5000","0.8588821376227943","1","29","0.8511370151561704","1","21.6","75","0.9747839829096753","0.918","2.0499999999999985","0.4834","41","122.8","0.04","0","false","0.8588821376227943","1","0.768","1.4500000000000006","0.232","0.48932461873638344","0.4170731707317073","0.5208333333333334","0.3448275862068966","998","1498","0","1.7763568394002505E-15","9.769962616701378E-15","true","true","true"
"779","310279","B-bad","true","500","310279","B-bad","500","125","5000","0.3094519384963682","0","62","0.7099225362790487","0.9","25.2","75","0.9850826086027522","0.9192","2.0199999999999987","0.492","40.4","121.2","0.012","0","false","0.3094519384963682","0","0.504","3.099999999999997","0.496","0.4993472584856397","0.4084158415841584","0.38095238095238093","0.532258064516129","998","1498","0","8.881784197001252E-16","8.881784197001252E-15","true","true","true"
"780","310280","B-bad","true","500","310280","B-bad","500","125","5000","0.6905480615036318","1","56","0.7413767370966322","0.9","30.3","75","0.9780109369217929","0.918","2.0499999999999985","0.502","41","123","0.02","0","false","0.6905480615036318","1","0.552","2.799999999999998","0.448","0.5104575163398692","0.4073170731707317","0.4782608695652174","0.4642857142857143","998","1498","0","4.440892098500626E-15","7.993605777301127E-15","true","true","true"
"781","310281","B-bad","true","500","310281","B-bad","500","125","5000","0.9314206186232206","1","41","0.606637314267559","0.7","36.6","75","0.962894530397923","0.8752","3.1199999999999966","0.5016","62.4","187.2","0.05","0","false","0.9314206186232206","1","0.672","2.0500000000000007","0.328","0.5084552102376599","0.453525641025641","0.40476190476190477","0.34146341463414637","998","1498","0","8.881784197001252E-16","1.0658141036401503E-14","true","true","true"
"782","310282","B-bad","true","500","310282","B-bad","500","125","5000","0.8588821376227943","1","29","0.49134358905096975","0.65","39.6","75","0.9659021953470086","0.891","2.7249999999999983","0.496","54.5","163.5","0.028","0","false","0.8588821376227943","1","0.768","1.4500000000000006","0.232","0.5025813692480359","0.44220183486238535","0.5104166666666666","0.3448275862068966","998","1498","0","1.7763568394002505E-15","7.105427357601002E-15","true","true","true"
"783","310283","B-bad","true","500","310283","B-bad","500","125","5000","0.8029278364278081","1","47","0.7760432100382719","0.85","30.3","75","0.9411645563078531","0.8886","2.7849999999999975","0.4888","55.7","167.1","0.052","0","false","0.8029278364278081","1","0.624","2.3499999999999996","0.376","0.4933603421111861","0.4524236983842011","0.6025641025641025","0.425531914893617","998","1498","0","8.881784197001252E-16","1.4210854715202004E-14","true","true","true"
"784","310284","B-bad","true","500","310284","B-bad","500","125","5000","0.55","1","49","0.638316183584615","0.75","29.1","75","0.9792352264864164","0.8516","3.7099999999999986","0.4892","74.2","222.6","0.03","0","false","0.55","1","0.608","2.4499999999999993","0.392","0.49577266322217","0.45148247978436656","0.5","0.4897959183673469","998","1498","0","2.6645352591003757E-15","1.7763568394002505E-14","true","true","true"
"785","310285","B-bad","true","500","310285","B-bad","500","125","5000","0.8814994686598714","1","36","0.5555904454121885","0.6","30","75","0.9437474544339117","0.8664","3.3399999999999963","0.505","66.8","200.2","0.042","0","false","0.8814994686598714","1","0.712","1.800000000000001","0.288","0.51269621421976","0.4550898203592814","0.3707865168539326","0.3611111111111111","998","1498","0","1.7763568394002505E-15","9.769962616701378E-15","true","true","true"
"786","310286","B-bad","true","500","310286","B-bad","500","125","5000","0.5","0.5","46","0.4498182456610282","0.3","37.8","75","0.9751894078300666","0.8328","4.179999999999993","0.4968","83.6","250.8","0.024","0","false","0.5","0.5","0.632","2.3","0.368","0.5060038424591738","0.45095693779904306","0.4810126582278481","0.5","998","1498","0","4.440892098500626E-15","1.4210854715202004E-14","true","true","true"
"787","310287","B-bad","true","500","310287","B-bad","500","125","5000","0.5","0.5","78","0.6958484870209002","0.8","27","75","0.9645505976020896","0.9098","2.2549999999999986","0.4998","45.1","135.1","0.03","0","false","0.5","0.5","0.376","3.899999999999994","0.624","0.5064849417454386","0.43237250554323725","0.5957446808510638","0.5","998","1498","0","8.881784197001252E-16","9.769962616701378E-15","true","true","true"
"788","310288","B-bad","true","500","310288","B-bad","500","125","5000","0.769239887763884","1","44","0.5217741611055644","0.5","34.5","75","0.9760982065526778","0.8812","2.969999999999996","0.49","59.4","178.2","0.012","0","false","0.769239887763884","1","0.648","2.2","0.352","0.4968225147526101","0.4393939393939394","0.5185185185185185","0.4318181818181818","998","1498","0","1.7763568394002505E-15","1.3322676295501878E-14","true","true","true"
"789","310289","B-bad","true","500","310289","B-bad","500","125","5000","0.9009100727155935","1","33","0.6850744588940995","0.85","35.7","75","0.9883979636543027","0.8942","2.6449999999999974","0.5042","52.9","158.7","0.014","0","false","0.9009100727155935","1","0.736","1.6500000000000008","0.264","0.5135316484008052","0.42533081285444235","0.5","0.3333333333333333","998","1498","0","1.7763568394002505E-15","6.217248937900877E-15","true","true","true"
"790","310290","B-bad","true","500","310290","B-bad","500","125","5000","0.8588821376227943","1","35","0.751602077939886","1","31.5","75","0.9457335405181235","0.8514","3.714999999999995","0.4962","74.3","222.5","0.056","0","false","0.8588821376227943","1","0.72","1.7500000000000009","0.28","0.502701432933991","0.458950201884253","0.4","0.37142857142857144","998","1498","0","2.6645352591003757E-15","1.2434497875801753E-14","true","true","true"
"791","310291","B-bad","true","500","310291","B-bad","500","125","5000","0.646116504854369","1","41","0.3611620631748555","0.3","37.5","75","0.9588108177152291","0.837","4.075000000000003","0.494","81.5","244.5","0.042","0","false","0.646116504854369","1","0.672","2.0500000000000007","0.328","0.5020310633213859","0.452760736196319","0.5357142857142857","0.4634146341463415","998","1498","0","4.440892098500626E-15","6.572520305780927E-14","true","true","true"
"792","310292","B-bad","true","500","310292","B-bad","500","125","5000","0.5990099009900991","1","76","0.4572839175579323","0.4","38.7","75","0.9545920752053819","0.8318","4.204999999999993","0.4884","84.1","252.1","0.048","0","false","0.5990099009900991","1","0.392","3.7999999999999945","0.608","0.49314739119980766","0.464922711058264","0.4897959183673469","0.4868421052631579","998","1498","0","2.6645352591003757E-15","1.3322676295501878E-14","true","true","true"
"794","310294","B-bad","true","500","310294","B-bad","500","125","5000","0.353883495145631","0","65","0.691491367731951","0.8","35.1","75","0.8174012047234805","0.862","3.449999999999995","0.5028","69","207","0.15","0.1","false","0.353883495145631","0","0.48","3.2499999999999964","0.52","0.5078886310904872","0.47101449275362317","0.5","0.5230769230769231","998","1498","0","8.881784197001252E-16","9.769962616701378E-15","true","true","true"
"793","310293","B-bad","true","500","310293","B-bad","500","125","5000","0.9174389747697416","1","24","0.7362507900515165","0.95","31.5","75","0.9516382707529228","0.9044","2.389999999999998","0.4944","47.8","143.4","0.102","0","false","0.9174389747697416","1","0.808","1.2000000000000004","0.192","0.5008845643520566","0.4330543933054393","0.5445544554455446","0.25","998","1498","0","2.6645352591003757E-15","1.3322676295501878E-14","true","true","true"
"795","310295","B-bad","true","500","310295","B-bad","500","125","5000","0.5","0.5","62","0.6458736413348987","0.75","32.1","75","0.9419008203509993","0.8468","3.829999999999994","0.503","76.6","229.8","0.068","0","false","0.5","0.5","0.504","3.099999999999997","0.496","0.5108644307982995","0.4595300261096606","0.4444444444444444","0.5","998","1498","0","3.552713678800501E-15","1.2434497875801753E-14","true","true","true"
"796","310296","B-bad","true","500","310296","B-bad","500","125","5000","0.7317174011812813","1","43","0.6179115880188896","0.6","34.8","75","0.9757619016360837","0.864","3.399999999999994","0.4972","68","204","0.014","0","false","0.7317174011812813","1","0.656","2.1500000000000004","0.344","0.5050925925925925","0.4470588235294118","0.43902439024390244","0.4418604651162791","998","1498","0","2.6645352591003757E-15","1.687538997430238E-14","true","true","true"
"797","310297","B-bad","true","500","310297","B-bad","500","125","5000","0.8029278364278081","1","27","0.6518601946687349","0.9","32.1","75","0.87752014527881","0.7698","5.7550000000000034","0.4816","115.1","345.3","0.184","0.2","false","0.8029278364278081","1","0.784","1.3500000000000005","0.216","0.48272278513899713","0.4778453518679409","0.5408163265306123","0.37037037037037035","998","1498","0","3.552713678800501E-15","6.572520305780927E-14","true","true","true"
"798","310298","B-bad","true","500","310298","B-bad","500","125","5000","0.646116504854369","1","39","0.5476882937754859","0.75","32.7","75","0.983837538352876","0.7992","5.019999999999991","0.4962","100.4","301","0.02","0","false","0.646116504854369","1","0.688","1.950000000000001","0.312","0.5045045045045045","0.4631474103585657","0.45348837209302323","0.46153846153846156","998","1498","0","2.6645352591003757E-15","1.7763568394002505E-14","true","true","true"
"799","310299","B-bad","true","500","310299","B-bad","500","125","5000","0.9174389747697416","1","26","0.7206088305847691","0.9","33","75","0.9833083187390086","0.8974","2.5649999999999973","0.4984","51.3","153.7","0.016","0","false","0.9174389747697416","1","0.792","1.3000000000000005","0.208","0.5063516826387341","0.42884990253411304","0.5656565656565656","0.2692307692307692","998","1498","0","2.6645352591003757E-15","1.1546319456101628E-14","true","true","true"
"800","310300","B-bad","true","500","310300","B-bad","500","125","5000","0.646116504854369","1","49","0.7596585414648535","1","29.4","75","0.9583047675424312","0.8554","3.614999999999995","0.4948","72.3","216.9","0.058","0","false","0.646116504854369","1","0.608","2.4499999999999993","0.392","0.5005845218611176","0.4605809128630705","0.4868421052631579","0.46938775510204084","998","1498","0","8.881784197001252E-16","1.0658141036401503E-14","true","true","true"
"801","310301","B-bad","true","500","310301","B-bad","500","125","5000","0.769239887763884","1","64","0.6052022996229451","0.7","33.6","75","0.9768632528060734","0.8948","2.629999999999997","0.498","52.6","157.6","0.038","0","false","0.769239887763884","1","0.488","3.1999999999999966","0.512","0.505811354492624","0.43155893536121676","0.5245901639344263","0.453125","998","1498","0","2.6645352591003757E-15","9.769962616701378E-15","true","true","true"
"802","310302","B-bad","true","500","310302","B-bad","500","125","5000","0.5","0.5","60","0.6319365611276064","0.85","36","75","0.9744174540849457","0.865","3.374999999999995","0.4828","67.5","202.5","0.028","0","false","0.5","0.5","0.52","2.9999999999999973","0.48","0.4890173410404624","0.44296296296296295","0.47692307692307695","0.5","998","1498","0","3.552713678800501E-15","1.509903313490213E-14","true","true","true"
"803","310303","B-bad","true","500","310303","B-bad","500","125","5000","0.26828259881871874","0","51","0.6153799371636863","0.7","33.9","75","0.9700779554852057","0.865","3.3749999999999956","0.4848","67.5","202.5","0.048","0","false","0.26828259881871874","0","0.592","2.549999999999999","0.408","0.4904046242774566","0.4488888888888889","0.5405405405405406","0.5490196078431373","998","1498","0","3.552713678800501E-15","1.5987211554602254E-14","true","true","true"
"804","310304","B-bad","true","500","310304","B-bad","500","125","5000","0.8029278364278081","1","31","0.6202978423882104","0.8","32.7","75","0.9158459430250474","0.799","5.02499999999999","0.4954","100.5","301.5","0.102","0","false","0.8029278364278081","1","0.752","1.5500000000000007","0.248","0.5011264080100125","0.472636815920398","0.43617021276595747","0.3870967741935484","998","1498","0","2.6645352591003757E-15","1.7763568394002505E-14","true","true","true"
"805","310305","B-bad","true","500","310305","B-bad","500","125","5000","0.55","1","61","0.5672956927688549","0.55","38.4","75","0.9800367933588301","0.859","3.524999999999994","0.4916","70.5","211.5","0.034","0","false","0.55","1","0.512","3.049999999999997","0.488","0.49848661233993014","0.44964539007092197","0.4375","0.4918032786885246","998","1498","0","3.552713678800501E-15","1.509903313490213E-14","true","true","true"
"806","310306","B-bad","true","500","310306","B-bad","500","125","5000","0.8814994686598714","1","42","0.6496795912867872","0.9","29.1","75","0.975180763649349","0.877","3.0749999999999953","0.4794","61.5","184.3","0.03","0","false","0.8814994686598714","1","0.664","2.1000000000000005","0.336","0.48529076396807297","0.4373983739837398","0.4939759036144578","0.38095238095238093","998","1498","0","4.440892098500626E-15","1.687538997430238E-14","true","true","true"
"807","310307","B-bad","true","500","310307","B-bad","500","125","5000","0.769239887763884","1","44","0.6575448608399015","0.8","30.6","75","0.9324737769000603","0.8226","4.434999999999997","0.4888","88.7","265.9","0.056","0","false","0.769239887763884","1","0.648","2.2","0.352","0.4938001458789205","0.46561443066516345","0.5185185185185185","0.4318181818181818","998","1498","0","3.552713678800501E-15","2.6645352591003757E-14","true","true","true"
"808","310308","B-bad","true","500","310308","B-bad","500","125","5000","0.8029278364278081","1","47","0.5939260003678013","0.7","34.2","75","0.9579708069046193","0.8742","3.1449999999999956","0.4998","62.9","188.5","0.048","0","false","0.8029278364278081","1","0.624","2.3499999999999996","0.376","0.5067490276824526","0.45151033386327505","0.5128205128205128","0.425531914893617","998","1498","0","8.881784197001252E-16","1.1546319456101628E-14","true","true","true"
"809","310309","B-bad","true","500","310309","B-bad","500","125","5000","0.1185005313401285","0","80","0.5518342836810172","0.5","33","75","0.9333824684468057","0.8318","4.204999999999993","0.4946","84.1","252.1","0.052","0","false","0.1185005313401285","0","0.36","3.999999999999994","0.64","0.5001202212070209","0.46730083234244946","0.4444444444444444","0.5625","998","1498","0","8.881784197001252E-16","1.9539925233402755E-14","true","true","true"
"810","310310","B-bad","true","500","310310","B-bad","500","125","5000","0.8588821376227943","1","37","0.5358882137622794","0.55","33.9","75","0.9796762814211991","0.8494","3.7649999999999935","0.4864","75.3","225.9","0.018","0","false","0.8588821376227943","1","0.704","1.850000000000001","0.296","0.4923475394396044","0.45285524568393093","0.48863636363636365","0.3783783783783784","998","1498","0","1.7763568394002505E-15","1.687538997430238E-14","true","true","true"
"811","310311","B-bad","true","500","310311","B-bad","500","125","5000","0.8814994686598714","1","34","0.625708888906343","0.65","29.4","75","0.927776251960706","0.8498","3.754999999999998","0.4944","75.1","225.1","0.102","0","false","0.8814994686598714","1","0.728","1.7000000000000008","0.272","0.5001176747469993","0.4620505992010652","0.4945054945054945","0.35294117647058826","998","1498","0","1.7763568394002505E-15","2.1316282072803006E-14","true","true","true"
"812","310312","B-bad","true","500","310312","B-bad","500","125","5000","0.55","1","47","0.586845553856047","0.75","34.2","75","0.959652397707506","0.8842","2.894999999999997","0.4892","57.9","173.7","0.048","0","false","0.55","1","0.624","2.3499999999999996","0.376","0.4951368468672246","0.4438687392055268","0.48717948717948717","0.48936170212765956","998","1498","0","1.7763568394002505E-15","1.0658141036401503E-14","true","true","true"
"813","310313","B-bad","true","500","310313","B-bad","500","125","5000","0.646116504854369","1","59","0.5847289017319922","0.6","39.3","75","0.9475386063938748","0.8586","3.535","0.4844","70.7","212.1","0.026","0","false","0.646116504854369","1","0.528","2.9499999999999975","0.472","0.4901001630561379","0.4497878359264498","0.48484848484848486","0.4745762711864407","998","1498","0","4.440892098500626E-15","2.6645352591003757E-14","true","true","true"
"814","310314","B-bad","true","500","310314","B-bad","500","125","5000","0.5990099009900991","1","58","0.7194536816668041","1","23.1","75","0.9669094749654302","0.8922","2.6949999999999963","0.4898","53.9","161.7","0.052","0","false","0.5990099009900991","1","0.536","2.8999999999999977","0.464","0.4958529477695584","0.4397031539888683","0.4925373134328358","0.4827586206896552","998","1498","0","1.7763568394002505E-15","1.2434497875801753E-14","true","true","true"
"815","310315","B-bad","true","500","310315","B-bad","500","125","5000","0.8029278364278081","1","41","0.6728649676055295","0.9","26.1","75","0.9235605770739357","0.8934","2.6649999999999974","0.4914","53.3","159.7","0.066","0","false","0.8029278364278081","1","0.672","2.0500000000000007","0.328","0.4956346541302888","0.45590994371482174","0.5238095238095238","0.4146341463414634","998","1498","0","8.881784197001252E-16","7.993605777301127E-15","true","true","true"
"816","310316","B-bad","true","500","310316","B-bad","500","125","5000","0.8814994686598714","1","28","0.8952602072425332","1","20.1","75","0.9637609441273337","0.9214","1.964999999999998","0.493","39.3","117.9","0.036","0","false","0.8814994686598714","1","0.776","1.4000000000000006","0.224","0.49967440850879097","0.41475826972010177","0.5051546391752577","0.32142857142857145","998","1498","0","8.881784197001252E-16","1.1546319456101628E-14","true","true","true"
"817","310317","B-bad","true","500","310317","B-bad","500","125","5000","0.5990099009900991","1","32","0.5824203200102821","0.7","36","75","0.9767360708670578","0.892","2.6999999999999966","0.4806","54","162","0.042","0","false","0.5990099009900991","1","0.744","1.6000000000000008","0.256","0.48654708520179374","0.43148148148148147","0.4838709677419355","0.46875","998","1498","0","2.6645352591003757E-15","1.7763568394002505E-14","true","true","true"
"818","310318","B-bad","true","500","310318","B-bad","500","125","5000","0.769239887763884","1","38","0.7310572820750834","0.85","24.3","75","0.9514165433120318","0.9226","1.9349999999999998","0.495","38.7","115.7","0.058","0","false","0.769239887763884","1","0.696","1.900000000000001","0.304","0.5005419466724474","0.4289405684754522","0.5057471264367817","0.42105263157894735","998","1498","0","8.881784197001252E-16","1.7763568394002505E-15","true","true","true"
"819","310319","B-bad","true","500","310319","B-bad","500","125","5000","0.769239887763884","1","42","0.7779119854942114","1","21.3","75","0.9885148658916693","0.9336","1.6600000000000006","0.4896","33.2","99.4","0.01","0","false","0.769239887763884","1","0.664","2.1000000000000005","0.336","0.49700085689802914","0.3855421686746988","0.5180722891566265","0.42857142857142855","998","1498","0","1.7763568394002505E-15","1.1102230246251565E-15","true","true","true"
"820","310320","B-bad","true","500","310320","B-bad","500","125","5000","0.7317174011812813","1","25","0.5772742379358708","0.7","31.8","75","0.9309055493944289","0.8518","3.704999999999994","0.4942","74.1","222.1","0.044","0","false","0.7317174011812813","1","0.8","1.2500000000000004","0.2","0.4996478046489786","0.46288798920377866","0.56","0.4","998","1498","0","2.6645352591003757E-15","1.2434497875801753E-14","true","true","true"
"821","310321","B-bad","true","500","310321","B-bad","500","125","5000","0.8029278364278081","1","39","0.6694746095982552","0.9","29.1","75","0.9312430985825537","0.7986","5.034999999999998","0.4928","100.7","302.1","0.068","0","false","0.8029278364278081","1","0.688","1.950000000000001","0.312","0.49837215126471324","0.47070506454816285","0.45348837209302323","0.41025641025641024","998","1498","0","2.6645352591003757E-15","4.973799150320701E-14","true","true","true"
"822","310322","B-bad","true","500","310322","B-bad","500","125","5000","0.55","1","47","0.508997493907998","0.6","35.1","75","0.9870916973653392","0.9056","2.359999999999998","0.4958","47.2","141.6","0.014","0","false","0.55","1","0.624","2.3499999999999996","0.376","0.5037544169611308","0.4194915254237288","0.5897435897435898","0.48936170212765956","998","1498","0","1.7763568394002505E-15","7.993605777301127E-15","true","true","true"
"823","310323","B-bad","true","500","310323","B-bad","500","125","5000","0.8814994686598714","1","26","0.6487707114114712","0.8","30.9","75","0.9180553151386868","0.8642","3.394999999999997","0.4966","67.9","203.7","0.052","0","false","0.8814994686598714","1","0.792","1.3000000000000005","0.208","0.5012728535061328","0.46686303387334316","0.5454545454545454","0.3076923076923077","998","1498","0","8.881784197001252E-16","1.3322676295501878E-14","true","true","true"
"824","310324","B-bad","true","500","310324","B-bad","500","125","5000","0.26828259881871874","0","73","0.6929673410035772","0.85","33.9","75","0.9715326249568423","0.9186","2.034999999999999","0.4968","40.7","121.9","0.052","0","false","0.26828259881871874","0","0.416","3.649999999999995","0.584","0.504245591116917","0.41277641277641275","0.5769230769230769","0.5342465753424658","998","1498","0","1.7763568394002505E-15","7.105427357601002E-15","true","true","true"
"825","310325","B-bad","true","500","310325","B-bad","500","125","5000","0.5990099009900991","1","68","0.6665279655580691","0.8","22.5","75","0.9446328958500823","0.8794","3.014999999999996","0.4914","60.3","180.5","0.054","0","false","0.5990099009900991","1","0.456","3.399999999999996","0.544","0.4969297248123721","0.45107794361525705","0.5087719298245614","0.4852941176470588","998","1498","0","1.7763568394002505E-15","1.3322676295501878E-14","true","true","true"
"826","310326","B-bad","true","500","310326","B-bad","500","125","5000","0.8029278364278081","1","25","0.6781482721232706","0.85","36.9","75","0.956398135406444","0.8262","4.344999999999994","0.497","86.9","260.7","0.048","0","false","0.8029278364278081","1","0.8","1.2500000000000004","0.2","0.5035100459937061","0.4660529344073648","0.56","0.36","998","1498","0","1.7763568394002505E-15","1.2434497875801753E-14","true","true","true"
"827","310327","B-bad","true","500","310327","B-bad","500","125","5000","0.8588821376227943","1","31","0.6882401521065649","1","27.9","75","0.9366183554663113","0.7796","5.509999999999995","0.4992","110.2","330.2","0.088","0","false","0.8588821376227943","1","0.752","1.5500000000000007","0.248","0.5064135454079015","0.47368421052631576","0.5212765957446809","0.3548387096774194","998","1498","0","2.6645352591003757E-15","3.907985046680551E-14","true","true","true"
"828","310328","B-bad","true","500","310328","B-bad","500","125","5000","0.8814994686598714","1","32","0.7234571617985538","1","29.7","75","0.9718485175338284","0.8844","2.8899999999999975","0.4788","57.8","173.4","0.026","0","false","0.8814994686598714","1","0.744","1.6000000000000008","0.256","0.4830393487109905","0.4463667820069204","0.4946236559139785","0.34375","998","1498","0","8.881784197001252E-16","1.509903313490213E-14","true","true","true"
"829","310329","B-bad","true","500","310329","B-bad","500","125","5000","0.8814994686598714","1","32","0.41038959748273063","0.4","36.9","75","0.9611291944856847","0.8562","3.5949999999999944","0.5036","71.9","215.5","0.066","0","false","0.8814994686598714","1","0.744","1.6000000000000008","0.256","0.5110955384256015","0.45897079276773295","0.41935483870967744","0.34375","998","1498","0","8.881784197001252E-16","1.7763568394002505E-14","true","true","true"
"830","310330","B-bad","true","500","310330","B-bad","500","125","5000","0.8814994686598714","1","24","0.7891387031029865","1","22.5","75","0.9644652185979179","0.8834","2.9149999999999983","0.4872","58.3","174.7","0.052","0","false","0.8814994686598714","1","0.808","1.2000000000000004","0.192","0.49241566674213266","0.44768439108061747","0.5346534653465347","0.2916666666666667","998","1498","0","2.6645352591003757E-15","5.329070518200751E-15","true","true","true"
"831","310331","B-bad","true","500","310331","B-bad","500","125","5000","0.400990099009901","0","38","0.5146116504854369","0.55","38.7","75","0.9888935208272647","0.884","2.8999999999999977","0.4858","58","173.8","0.014","0","false","0.400990099009901","0","0.696","1.900000000000001","0.304","0.49298642533936654","0.43103448275862066","0.5977011494252874","0.5263157894736842","998","1498","0","2.6645352591003757E-15","8.881784197001252E-15","true","true","true"
"832","310332","B-bad","true","500","310332","B-bad","500","125","5000","0.8029278364278081","1","35","0.8238176127642799","1","19.2","75","0.9768723983421228","0.9254","1.8649999999999998","0.49","37.3","111.7","0.024","0","false","0.8029278364278081","1","0.72","1.7500000000000009","0.28","0.49665009725524095","0.4075067024128686","0.4777777777777778","0.4","998","1498","0","8.881784197001252E-16","1.7763568394002505E-15","true","true","true"
"833","310333","B-bad","true","500","310333","B-bad","500","125","5000","0.8029278364278081","1","27","0.6473831847089173","0.85","32.7","75","0.8339509027821194","0.8498","3.7549999999999946","0.4954","75.1","224.9","0.17","0.1","false","0.8029278364278081","1","0.784","1.3500000000000005","0.216","0.49917627677100496","0.474034620505992","0.4897959183673469","0.37037037037037035","998","1498","0","8.881784197001252E-16","1.7763568394002505E-14","true","true","true"
"834","310334","B-bad","true","500","310334","B-bad","500","125","5000","0.8588821376227943","1","21","0.6201140945030909","0.8","34.5","75","0.9638395294363553","0.8822","2.944999999999998","0.5052","58.9","176.7","0.056","0","false","0.8588821376227943","1","0.832","1.0500000000000003","0.168","0.5139424166855588","0.4397283531409168","0.4423076923076923","0.2857142857142857","998","1498","0","2.6645352591003757E-15","7.105427357601002E-15","true","true","true"
"835","310335","B-bad","true","500","310335","B-bad","500","125","5000","0.9174389747697416","1","30","0.7170658235801829","1","28.8","75","0.9865283153043138","0.9246","1.8849999999999998","0.4922","37.7","113.1","0.026","0","false","0.9174389747697416","1","0.76","1.5000000000000007","0.24","0.49967553536664505","0.4005305039787798","0.4421052631578947","0.3","998","1498","0","1.7763568394002505E-15","2.6645352591003757E-15","true","true","true"
"836","310336","B-bad","true","500","310336","B-bad","500","125","5000","0.9431811237123936","1","40","0.6051377587081492","0.75","37.2","75","0.9657470001413999","0.8796","3.009999999999996","0.4952","60.2","180.4","0.05","0","false","0.9431811237123936","1","0.68","2.000000000000001","0.32","0.5036380172805821","0.4335548172757475","0.49411764705882355","0.325","998","1498","0","4.440892098500626E-15","1.4210854715202004E-14","true","true","true"
"837","310337","B-bad","true","500","310337","B-bad","500","125","5000","0.5990099009900991","1","54","0.8033527416666745","1","24.9","75","0.9726105009084055","0.9","2.499999999999998","0.4962","50","150","0.06","0","false","0.5990099009900991","1","0.568","2.6999999999999984","0.432","0.5035555555555555","0.43","0.4788732394366197","0.48148148148148145","998","1498","0","2.6645352591003757E-15","1.3322676295501878E-14","true","true","true"
"838","310338","B-bad","true","500","310338","B-bad","500","125","5000","0.8588821376227943","1","27","0.607700616129835","0.7","34.2","75","0.9369059956355661","0.869","3.274999999999996","0.497","65.5","196.5","0.09","0","false","0.8588821376227943","1","0.784","1.3500000000000005","0.216","0.5028768699654775","0.4580152671755725","0.5306122448979592","0.3333333333333333","998","1498","0","2.6645352591003757E-15","8.881784197001252E-15","true","true","true"
"839","310339","B-bad","true","500","310339","B-bad","500","125","5000","0.832766961303352","1","30","0.6761593671756535","0.8","39.6","75","0.9699184025479394","0.8478","3.805000000000001","0.4898","76.1","228.3","0.038","0","false","0.832766961303352","1","0.76","1.5000000000000007","0.24","0.49587166784619013","0.4559789750328515","0.47368421052631576","0.36666666666666664","998","1498","0","1.7763568394002505E-15","5.3290705182007514E-14","true","true","true"
"840","310340","B-bad","true","500","310340","B-bad","500","125","5000","0.9314206186232206","1","27","0.6876141991223288","0.8","36.9","75","0.9821752957516339","0.905","2.374999999999998","0.4872","47.5","142.5","0.008","0","false","0.9314206186232206","1","0.784","1.3500000000000005","0.216","0.49370165745856354","0.42526315789473684","0.5510204081632653","0.25925925925925924","998","1498","0","8.881784197001252E-16","8.881784197001252E-15","true","true","true"
"841","310341","B-bad","true","500","310341","B-bad","500","125","5000","0.8588821376227943","1","45","0.819434750130346","1","24.3","75","0.9808023598626884","0.9206","1.984999999999999","0.4808","39.7","119.1","0.018","0","false","0.8588821376227943","1","0.64","2.25","0.36","0.4868563980013035","0.4105793450881612","0.55","0.4","998","1498","0","8.881784197001252E-16","4.440892098500626E-15","true","true","true"
"842","310342","B-bad","true","500","310342","B-bad","500","125","5000","0.06857938137677944","0","107","0.741293681854595","0.95","32.7","75","0.9759344420239853","0.9094","2.2649999999999992","0.4942","45.3","135.9","0.024","0","false","0.06857938137677944","0","0.144","5.349999999999989","0.856","0.5007697382889817","0.4282560706401766","0.5555555555555556","0.5607476635514018","998","1498","0","8.881784197001252E-16","9.769962616701378E-15","true","true","true"
"843","310343","B-bad","true","500","310343","B-bad","500","125","5000","0.769239887763884","1","36","0.7376247009535626","1","24","75","0.9795492455100684","0.9352","1.6200000000000003","0.4948","32.4","97","0.012","0","false","0.769239887763884","1","0.712","1.800000000000001","0.288","0.5021385799828914","0.3888888888888889","0.5393258426966292","0.4166666666666667","998","1498","0","2.6645352591003757E-15","3.1086244689504383E-15","true","true","true"
"844","310344","B-bad","true","500","310344","B-bad","500","125","5000","0.8029278364278081","1","37","0.801159410085396","1","28.2","75","0.9853081487506875","0.9454","1.3649999999999998","0.4858","27.3","81.7","0.014","0","false","0.8029278364278081","1","0.704","1.850000000000001","0.296","0.49333615400888514","0.3553113553113553","0.45454545454545453","0.40540540540540543","998","1498","0","3.552713678800501E-15","1.3322676295501878E-15","true","true","true"
"845","310345","B-bad","true","500","310345","B-bad","500","125","5000","0.6905480615036318","1","54","0.7371221477555614","0.9","27.6","75","0.9819494605595092","0.8416","3.959999999999998","0.4916","79.2","237.4","0.032","0","false","0.6905480615036318","1","0.568","2.6999999999999984","0.432","0.49881178707224333","0.4532828282828283","0.43661971830985913","0.46296296296296297","998","1498","0","1.7763568394002505E-15","1.4210854715202004E-14","true","true","true"
"846","310346","B-bad","true","500","310346","B-bad","500","125","5000","0.769239887763884","1","46","0.6173510870981106","0.7","29.1","75","0.9732842077181069","0.8922","2.6949999999999967","0.4858","53.9","161.7","0.016","0","false","0.769239887763884","1","0.632","2.3","0.368","0.4918179780318314","0.4359925788497217","0.5316455696202531","0.43478260869565216","998","1498","0","2.6645352591003757E-15","7.105427357601002E-15","true","true","true"
"847","310347","B-bad","true","500","310347","B-bad","500","125","5000","0.832766961303352","1","40","0.6007682866782493","0.65","31.2","75","0.9737557620110486","0.8416","3.959999999999995","0.4866","79.2","237.6","0.034","0","false","0.832766961303352","1","0.68","2.000000000000001","0.32","0.4928707224334601","0.4532828282828283","0.4588235294117647","0.4","998","1498","0","2.6645352591003757E-15","1.509903313490213E-14","true","true","true"
"848","310348","B-bad","true","500","310348","B-bad","500","125","5000","0.5","0.5","44","0.5696865099197537","0.7","36","75","0.9624720633768378","0.8762","3.0949999999999953","0.4946","61.9","185.7","0.05","0","false","0.5","0.5","0.648","2.2","0.352","0.503081488244693","0.4345718901453958","0.48148148148148145","0.5","998","1498","0","3.552713678800501E-15","1.509903313490213E-14","true","true","true"
"849","310349","B-bad","true","500","310349","B-bad","500","125","5000","0.8588821376227943","1","39","0.6472491220373251","0.9","29.7","75","0.96703812184249","0.9012","2.469999999999998","0.4926","49.4","148.2","0.032","0","false","0.8588821376227943","1","0.688","1.950000000000001","0.312","0.49844651575676874","0.4392712550607287","0.43023255813953487","0.38461538461538464","998","1498","0","8.881784197001252E-16","7.105427357601002E-15","true","true","true"
"850","310350","B-bad","true","500","310350","B-bad","500","125","5000","0.5990099009900991","1","42","0.7550630700250563","0.95","27.9","75","0.9521740068543936","0.8874","2.814999999999997","0.5056","56.3","168.7","0.05","0","false","0.5990099009900991","1","0.664","2.1000000000000005","0.336","0.513184584178499","0.44582593250444047","0.5060240963855421","0.47619047619047616","998","1498","0","1.7763568394002505E-15","1.865174681370263E-14","true","true","true"
"851","310351","B-bad","true","500","310351","B-bad","500","125","5000","0.9174389747697416","1","24","0.5006558542360637","0.6","37.2","75","0.9777452703454351","0.8748","3.129999999999997","0.495","62.6","187.8","0.018","0","false","0.9174389747697416","1","0.808","1.2000000000000004","0.192","0.5020576131687243","0.44568690095846647","0.48514851485148514","0.25","998","1498","0","8.881784197001252E-16","6.217248937900877E-15","true","true","true"
"852","310352","B-bad","true","500","310352","B-bad","500","125","5000","0.646116504854369","1","61","0.5692495449458697","0.7","33.9","75","0.9049667896317656","0.8896","2.759999999999997","0.489","55.2","165.4","0.094","0","false","0.646116504854369","1","0.512","3.049999999999997","0.488","0.49348021582733814","0.4528985507246377","0.46875","0.47540983606557374","998","1498","0","8.881784197001252E-16","8.881784197001252E-15","true","true","true"
"853","310353","B-bad","true","500","310353","B-bad","500","125","5000","0.7317174011812813","1","61","0.5520614954771885","0.45","33.6","75","0.977300693825838","0.8734","3.164999999999998","0.4966","63.3","189.9","0.04","0","false","0.7317174011812813","1","0.512","3.049999999999997","0.488","0.5040073276849095","0.44549763033175355","0.453125","0.45901639344262296","998","1498","0","1.7763568394002505E-15","5.329070518200751E-15","true","true","true"
"855","310355","B-bad","true","500","310355","B-bad","500","125","5000","0.7317174011812813","1","39","0.4846042933833181","0.45","35.7","75","0.9569236724105386","0.8358","4.104999999999998","0.4974","82.1","246.3","0.052","0","false","0.7317174011812813","1","0.688","1.950000000000001","0.312","0.5049054797798517","0.4591961023142509","0.4186046511627907","0.4358974358974359","998","1498","0","2.6645352591003757E-15","2.3092638912203256E-14","true","true","true"
"854","310354","B-bad","true","500","310354","B-bad","500","125","5000","0.8588821376227943","1","33","0.5769698511307819","0.75","37.8","75","0.9450106323613101","0.8038","4.905000000000001","0.5012","98.1","294.1","0.072","0","false","0.8588821376227943","1","0.736","1.6500000000000008","0.264","0.5105747698432446","0.46279306829765543","0.5760869565217391","0.36363636363636365","998","1498","0","3.552713678800501E-15","7.460698725481052E-14","true","true","true"
"856","310356","B-bad","true","500","310356","B-bad","500","125","5000","0.832766961303352","1","52","0.4638329083989715","0.25","40.8","75","0.9346966477051278","0.7174","7.065","0.4926","141.3","423.5","0.072","0","false","0.832766961303352","1","0.584","2.5999999999999988","0.416","0.49707276275439083","0.48124557678697805","0.5068493150684932","0.4230769230769231","998","1498","0","8.881784197001252E-16","5.3290705182007514E-14","true","true","true"
"857","310357","B-bad","true","500","310357","B-bad","500","125","5000","0.8814994686598714","1","28","0.8067171755235909","1","26.1","75","0.9770552667706236","0.9412","1.47","0.4846","29.4","88.2","0.012","0","false","0.8814994686598714","1","0.776","1.4000000000000006","0.224","0.49107522311942203","0.38095238095238093","0.5154639175257731","0.32142857142857145","998","1498","0","1.7763568394002505E-15","3.552713678800501E-15","true","true","true"
"858","310358","B-bad","true","500","310358","B-bad","500","125","5000","0.6905480615036318","1","48","0.7297489673915941","1","33","75","0.9761448007795449","0.8942","2.644999999999997","0.5018","52.9","158.7","0.016","0","false","0.6905480615036318","1","0.616","2.3999999999999995","0.384","0.5092820398121226","0.43856332703213613","0.5454545454545454","0.4583333333333333","998","1498","0","8.881784197001252E-16","1.2434497875801753E-14","true","true","true"
"859","310359","B-bad","true","500","310359","B-bad","500","125","5000","0.9431811237123936","1","28","0.676656799101435","0.7","33.9","75","0.9783055550483398","0.848","3.799999999999996","0.4928","76","228","0.03","0","false","0.9431811237123936","1","0.776","1.4000000000000006","0.224","0.5009433962264151","0.4473684210526316","0.4845360824742268","0.25","998","1498","0","4.440892098500626E-15","1.687538997430238E-14","true","true","true"
"860","310360","B-bad","true","500","310360","B-bad","500","125","5000","0.7317174011812813","1","49","0.6558620262293345","0.95","28.5","75","0.9609381920580311","0.8882","2.794999999999997","0.494","55.9","167.7","0.044","0","false","0.7317174011812813","1","0.608","2.4499999999999993","0.392","0.5003377617653681","0.44364937388193204","0.4473684210526316","0.4489795918367347","998","1498","0","8.881784197001252E-16","1.7763568394002505E-14","true","true","true"
"861","310361","B-bad","true","500","310361","B-bad","500","125","5000","0.8029278364278081","1","37","0.7317761409602981","0.95","32.4","75","0.9779967008789014","0.9184","2.0399999999999987","0.4872","40.8","122.4","0.018","0","false","0.8029278364278081","1","0.704","1.850000000000001","0.296","0.49390243902439024","0.4117647058823529","0.5113636363636364","0.40540540540540543","998","1498","0","3.552713678800501E-15","5.329070518200751E-15","true","true","true"
"862","310362","B-bad","true","500","310362","B-bad","500","125","5000","0.400990099009901","0","52","0.6077535947219933","0.75","45.3","75","0.9720137517098204","0.8876","2.809999999999998","0.4956","56.2","168.6","0.024","0","false","0.400990099009901","0","0.584","2.5999999999999988","0.416","0.5024785939612438","0.4412811387900356","0.3972602739726027","0.5192307692307693","998","1498","0","8.881784197001252E-16","1.4210854715202004E-14","true","true","true"
"863","310363","B-bad","true","500","310363","B-bad","500","125","5000","0.646116504854369","1","35","0.4728026262689916","0.5","37.8","75","0.9776850420214901","0.839","4.024999999999997","0.496","80.5","241.5","0.032","0","false","0.646116504854369","1","0.72","1.7500000000000009","0.28","0.5044100119189512","0.45217391304347826","0.4666666666666667","0.45714285714285713","998","1498","0","3.552713678800501E-15","1.687538997430238E-14","true","true","true"
"864","310364","B-bad","true","500","310364","B-bad","500","125","5000","0.5990099009900991","1","42","0.62935378791171","0.8","31.8","75","0.9604164814509613","0.8458","3.854999999999994","0.4838","77.1","231.3","0.05","0","false","0.5990099009900991","1","0.664","2.1000000000000005","0.336","0.48876803026720267","0.4565499351491569","0.5542168674698795","0.47619047619047616","998","1498","0","2.6645352591003757E-15","1.7763568394002505E-14","true","true","true"
"865","310365","B-bad","true","500","310365","B-bad","500","125","5000","0.9009100727155935","1","41","0.49266876057071807","0.6","42","75","0.9762457328809235","0.823","4.424999999999993","0.495","88.5","265.5","0.038","0","false","0.9009100727155935","1","0.672","2.0500000000000007","0.328","0.5023086269744836","0.4610169491525424","0.5238095238095238","0.36585365853658536","998","1498","0","1.7763568394002505E-15","1.687538997430238E-14","true","true","true"
"866","310366","B-bad","true","500","310366","B-bad","500","125","5000","0.769239887763884","1","44","0.7057611779336707","0.95","26.4","75","0.9114645824124283","0.8864","2.839999999999996","0.4978","56.8","170","0.076","0","false","0.769239887763884","1","0.648","2.2","0.352","0.5029332129963899","0.45774647887323944","0.5432098765432098","0.4318181818181818","998","1498","0","8.881784197001252E-16","1.509903313490213E-14","true","true","true"
"867","310367","B-bad","true","500","310367","B-bad","500","125","5000","0.3094519384963682","0","58","0.7046204469073547","0.95","29.4","75","0.9622079241791741","0.8976","2.5599999999999983","0.4896","51.2","153.2","0.034","0","false","0.3094519384963682","0","0.536","2.8999999999999977","0.464","0.4946524064171123","0.4453125","0.5522388059701493","0.5344827586206896","998","1498","0","8.881784197001252E-16","4.884981308350689E-15","true","true","true"
"868","310368","B-bad","true","500","310368","B-bad","500","125","5000","0.19707216357219193","0","47","0.7345683531434218","0.9","29.1","75","0.9569200938898609","0.9062","2.3449999999999984","0.4836","46.9","140.5","0.052","0","false","0.19707216357219193","0","0.624","2.3499999999999996","0.376","0.48841315382917677","0.43710021321961623","0.5641025641025641","0.574468085106383","998","1498","0","1.7763568394002505E-15","6.217248937900877E-15","true","true","true"
"869","310369","B-bad","true","500","310369","B-bad","500","125","5000","0.4009900990099009","0","62","0.768865580622528","1","22.5","75","0.960939773847415","0.8882","2.794999999999997","0.4874","55.9","167.5","0.026","0","false","0.4009900990099009","0","0.504","3.099999999999997","0.496","0.49245665390677773","0.4472271914132379","0.49206349206349204","0.5161290322580645","998","1498","0","1.7763568394002505E-15","1.687538997430238E-14","true","true","true"
"870","310370","B-bad","true","500","310370","B-bad","500","125","5000","0.55","1","47","0.49394582543460946","0.7","47.4","75","0.9845355286739293","0.8796","3.009999999999997","0.4944","60.2","180.6","0.02","0","false","0.55","1","0.624","2.3499999999999996","0.376","0.5022737608003638","0.4368770764119601","0.6025641025641025","0.48936170212765956","998","1498","0","4.440892098500626E-15","7.993605777301127E-15","true","true","true"
"871","310371","B-bad","true","500","310371","B-bad","500","125","5000","0.646116504854369","1","49","0.6635938537325401","0.8","31.2","75","0.9606676653046285","0.838","4.049999999999997","0.4884","81","243","0.028","0","false","0.646116504854369","1","0.608","2.4499999999999993","0.392","0.494272076372315","0.4580246913580247","0.5526315789473685","0.46938775510204084","998","1498","0","4.440892098500626E-15","1.3322676295501878E-14","true","true","true"
"872","310372","B-bad","true","500","310372","B-bad","500","125","5000","0.769239887763884","1","42","0.6661576911831653","0.85","26.7","75","0.9837609772128075","0.8728","3.179999999999996","0.492","63.6","190.8","0.024","0","false","0.769239887763884","1","0.664","2.1000000000000005","0.336","0.4993125572868928","0.4418238993710692","0.46987951807228917","0.42857142857142855","998","1498","0","2.6645352591003757E-15","1.1546319456101628E-14","true","true","true"
"873","310373","B-bad","true","500","310373","B-bad","500","125","5000","0.769239887763884","1","32","0.7080828301119286","1","27.9","75","0.9809330619735084","0.897","2.5749999999999984","0.496","51.5","154.5","0.016","0","false","0.769239887763884","1","0.744","1.6000000000000008","0.256","0.5036789297658862","0.429126213592233","0.5053763440860215","0.40625","998","1498","0","2.6645352591003757E-15","1.0658141036401503E-14","true","true","true"
"874","310374","B-bad","true","500","310374","B-bad","500","125","5000","0.8588821376227943","1","37","0.6600884735128447","0.75","24.3","75","0.9676124173987292","0.929","1.775","0.4888","35.5","106.5","0.026","0","false","0.8588821376227943","1","0.704","1.850000000000001","0.296","0.4945102260495156","0.4140845070422535","0.5909090909090909","0.3783783783783784","998","1498","0","8.881784197001252E-16","1.5543122344752192E-15","true","true","true"
"875","310375","B-bad","true","500","310375","B-bad","500","125","5000","0.7317174011812813","1","51","0.683753519157743","0.8","33.3","75","0.9634041579492798","0.8992","2.5199999999999982","0.5016","50.4","151.2","0.038","0","false","0.7317174011812813","1","0.592","2.549999999999999","0.408","0.5084519572953736","0.44047619047619047","0.43243243243243246","0.45098039215686275","998","1498","0","8.881784197001252E-16","1.4210854715202004E-14","true","true","true"
"876","310376","B-bad","true","500","310376","B-bad","500","125","5000","0.832766961303352","1","50","0.5714498472393651","0.7","36.3","75","0.9484485730190897","0.901","2.4749999999999983","0.5016","49.5","148.3","0.036","0","false","0.832766961303352","1","0.6","2.499999999999999","0.4","0.5076581576026638","0.44646464646464645","0.5066666666666667","0.42","998","1498","0","4.440892098500626E-16","7.105427357601002E-15","true","true","true"
"877","310377","B-bad","true","500","310377","B-bad","500","125","5000","0.8588821376227943","1","47","0.6545543874836278","0.75","34.2","75","0.9841149978520596","0.9032","2.419999999999999","0.4966","48.4","145.2","0.02","0","false","0.8588821376227943","1","0.624","2.3499999999999996","0.376","0.504207263064659","0.4256198347107438","0.6153846153846154","0.40425531914893614","998","1498","0","1.7763568394002505E-15","3.9968028886505635E-15","true","true","true"
"878","310378","B-bad","true","500","310378","B-bad","500","125","5000","0.8029278364278081","1","49","0.6298894179763954","0.7","36","75","0.9790055643078176","0.83","4.25","0.4808","85","255","0.02","0","false","0.8029278364278081","1","0.608","2.4499999999999993","0.392","0.48843373493975906","0.4435294117647059","0.5657894736842105","0.42857142857142855","998","1498","0","5.329070518200751E-15","3.907985046680551E-14","true","true","true"
"879","310379","B-bad","true","500","310379","B-bad","500","125","5000","0.8814994686598714","1","22","0.6791306085163097","0.8","32.4","75","0.9702833350652359","0.8382","4.044999999999993","0.4946","80.9","242.5","0.038","0","false","0.8814994686598714","1","0.824","1.1000000000000003","0.176","0.5020281555714626","0.4561186650185414","0.49514563106796117","0.2727272727272727","998","1498","0","4.440892098500626E-15","1.865174681370263E-14","true","true","true"
"880","310380","B-bad","true","500","310380","B-bad","500","125","5000","0.44999999999999996","0","75","0.6513805253425788","0.85","24.3","75","0.9718364862117952","0.9084","2.289999999999998","0.4938","45.8","137.4","0.016","0","false","0.44999999999999996","0","0.4","3.7499999999999947","0.6","0.5015411712901805","0.4170305676855895","0.6","0.5066666666666667","998","1498","0","2.6645352591003757E-15","1.3322676295501878E-14","true","true","true"
"881","310381","B-bad","true","500","310381","B-bad","500","125","5000","0.769239887763884","1","40","0.5384891530196831","0.5","39.3","75","0.9677627002596869","0.841","3.9749999999999943","0.5006","79.5","238.5","0.04","0","false","0.769239887763884","1","0.68","2.000000000000001","0.32","0.5082045184304399","0.46037735849056605","0.5058823529411764","0.425","998","1498","0","1.7763568394002505E-15","1.7763568394002505E-14","true","true","true"
"882","310382","B-bad","true","500","310382","B-bad","500","125","5000","0.646116504854369","1","55","0.5864172075661572","0.8","34.8","75","0.9764342185413275","0.902","2.449999999999998","0.4954","49","146.8","0.03","0","false","0.646116504854369","1","0.56","2.7499999999999982","0.44","0.5031042128603104","0.42448979591836733","0.5571428571428572","0.4727272727272727","998","1498","0","3.552713678800501E-15","7.105427357601002E-15","true","true","true"
"884","310384","B-bad","true","500","310384","B-bad","500","125","5000","0.5","0.5","34","0.5917614169605775","0.7","30.3","75","0.9725066997140468","0.88","2.9999999999999964","0.5042","60","179.8","0.036","0","false","0.5","0.5","0.728","1.7000000000000008","0.272","0.5122727272727273","0.445","0.5164835164835165","0.5","998","1498","0","1.7763568394002505E-15","1.5987211554602254E-14","true","true","true"
"883","310383","B-bad","true","500","310383","B-bad","500","125","5000","0.5990099009900991","1","54","0.7681700222739867","1","24.6","75","0.9702802095381088","0.9132","2.1699999999999986","0.4904","43.4","130.2","0.022","0","false","0.5990099009900991","1","0.568","2.6999999999999984","0.432","0.4971528690319755","0.41935483870967744","0.49295774647887325","0.48148148148148145","998","1498","0","2.6645352591003757E-15","8.881784197001252E-15","true","true","true"
"885","310385","B-bad","true","500","310385","B-bad","500","125","5000","0.832766961303352","1","54","0.5988800203876423","0.7","35.4","75","0.9636131542984835","0.8558","3.604999999999996","0.4964","72.1","216.1","0.03","0","false","0.832766961303352","1","0.568","2.6999999999999984","0.432","0.5040897405935967","0.4507628294036061","0.49295774647887325","0.42592592592592593","998","1498","0","2.6645352591003757E-15","1.0658141036401503E-14","true","true","true"
"886","310386","B-bad","true","500","310386","B-bad","500","125","5000","0.7317174011812813","1","49","0.676526388664227","0.85","34.8","75","0.97571699384561","0.9038","2.4049999999999985","0.48","48.1","144.3","0.026","0","false","0.7317174011812813","1","0.608","2.4499999999999993","0.392","0.4852843549457845","0.4303534303534304","0.42105263157894735","0.4489795918367347","998","1498","0","8.881784197001252E-16","5.329070518200751E-15","true","true","true"
"887","310387","B-bad","true","500","310387","B-bad","500","125","5000","0.8588821376227943","1","57","0.8265584852120884","1","25.2","75","0.9720678519604485","0.885","2.8749999999999973","0.4792","57.5","172.3","0.042","0","false","0.8588821376227943","1","0.544","2.849999999999998","0.456","0.4851977401129943","0.4330434782608696","0.4264705882352941","0.42105263157894735","998","1498","0","3.552713678800501E-15","1.0658141036401503E-14","true","true","true"
"888","310388","B-bad","true","500","310388","B-bad","500","125","5000","0.03876388255528562","0","96","0.6334478560555893","0.9","32.4","75","0.9706717465279517","0.9036","2.4099999999999984","0.494","48.2","144.6","0.026","0","false","0.03876388255528562","0","0.232","4.799999999999991","0.768","0.5004426737494466","0.4336099585062241","0.3793103448275862","0.5833333333333334","998","1498","0","8.881784197001252E-16","7.993605777301127E-15","true","true","true"
"889","310389","B-bad","true","500","310389","B-bad","500","125","5000","0.6905480615036318","1","44","0.7094735765186687","1","31.2","75","0.9386660011919863","0.876","3.0999999999999956","0.502","62","186","0.062","0","false","0.6905480615036318","1","0.648","2.2","0.352","0.508675799086758","0.45483870967741935","0.5308641975308642","0.45454545454545453","998","1498","0","1.7763568394002505E-15","1.509903313490213E-14","true","true","true"
"890","310390","B-bad","true","500","310390","B-bad","500","125","5000","0.55","1","45","0.5421275363675012","0.55","31.5","75","0.9723329211568602","0.8134","4.664999999999995","0.5012","93.3","279.7","0.056","0","false","0.55","1","0.64","2.25","0.36","0.5099582001475289","0.4630225080385852","0.45","0.4888888888888889","998","1498","0","2.6645352591003757E-15","1.2434497875801753E-14","true","true","true"
"891","310391","B-bad","true","500","310391","B-bad","500","125","5000","0.5990099009900991","1","42","0.8310591570556166","1","26.4","75","0.9711939359904157","0.934","1.6499999999999997","0.4902","33","98.6","0.048","0","false","0.5990099009900991","1","0.664","2.1000000000000005","0.336","0.49657387580299783","0.4","0.5542168674698795","0.47619047619047616","998","1498","0","8.881784197001252E-16","4.440892098500626E-15","true","true","true"
"892","310392","B-bad","true","500","310392","B-bad","500","125","5000","0.8814994686598714","1","28","0.7574037199313152","1","29.1","75","0.9760292825810482","0.905","2.3749999999999987","0.4788","47.5","142.3","0.032","0","false","0.8814994686598714","1","0.776","1.4000000000000006","0.224","0.48441988950276244","0.42526315789473684","0.5154639175257731","0.32142857142857145","998","1498","0","1.7763568394002505E-15","7.993605777301127E-15","true","true","true"
"893","310393","B-bad","true","500","310393","B-bad","500","125","5000","0.6905480615036318","1","30","0.7063772443361054","0.95","27.3","75","0.9359371033453968","0.904","2.3999999999999977","0.4836","48","144","0.062","0","false","0.6905480615036318","1","0.76","1.5000000000000007","0.24","0.48805309734513275","0.44166666666666665","0.49473684210526314","0.43333333333333335","998","1498","0","8.881784197001252E-16","1.4210854715202004E-14","true","true","true"
"894","310394","B-bad","true","500","310394","B-bad","500","125","5000","0.8814994686598714","1","42","0.7286776245151808","1","32.7","75","0.9705652842662505","0.8858","2.8549999999999978","0.4896","57.1","171.3","0.034","0","false","0.8814994686598714","1","0.664","2.1000000000000005","0.336","0.4958229848724317","0.4413309982486865","0.4819277108433735","0.38095238095238093","998","1498","0","8.881784197001252E-16","1.2434497875801753E-14","true","true","true"
"895","310395","B-bad","true","500","310395","B-bad","500","125","5000","0.769239887763884","1","48","0.7392093303019183","0.8","36.6","75","0.9591050344940086","0.916","2.099999999999999","0.4846","42","125.6","0.04","0","false","0.769239887763884","1","0.616","2.3999999999999995","0.384","0.48973799126637557","0.42857142857142855","0.4805194805194805","0.4375","998","1498","0","8.881784197001252E-16","4.440892098500626E-15","true","true","true"
"896","310396","B-bad","true","500","310396","B-bad","500","125","5000","0.19707216357219193","0","93","0.722198541138971","0.95","31.5","75","0.9223099945625256","0.8904","2.739999999999997","0.4936","54.8","164.4","0.054","0","false","0.19707216357219193","0","0.256","4.6499999999999915","0.744","0.49932614555256066","0.4470802919708029","0.65625","0.5376344086021505","998","1498","0","3.552713678800501E-15","8.881784197001252E-15","true","true","true"
"897","310397","B-bad","true","500","310397","B-bad","500","125","5000","0.44999999999999996","0","79","0.7643407931890811","1","26.1","75","0.9699900753951262","0.8834","2.914999999999997","0.4818","58.3","174.9","0.024","0","false","0.44999999999999996","0","0.368","3.949999999999994","0.632","0.4869821145573919","0.4425385934819897","0.43478260869565216","0.5063291139240507","998","1498","0","3.552713678800501E-15","9.769962616701378E-15","true","true","true"
"898","310398","B-bad","true","500","310398","B-bad","500","125","5000","0.9009100727155935","1","51","0.6913760941837301","0.85","28.5","75","0.9699117832828517","0.8644","3.3899999999999944","0.489","67.8","203.4","0.036","0","false","0.9009100727155935","1","0.592","2.549999999999999","0.408","0.496760758907913","0.43952802359882004","0.5405405405405406","0.39215686274509803","998","1498","0","5.329070518200751E-15","1.687538997430238E-14","true","true","true"
"899","310399","B-bad","true","500","310399","B-bad","500","125","5000","0.646116504854369","1","83","0.6048320943093108","0.55","29.1","75","0.9666437665025944","0.8708","3.2299999999999955","0.4886","64.6","193.8","0.042","0","false","0.646116504854369","1","0.336","4.149999999999993","0.664","0.4944878272852549","0.44891640866873067","0.42857142857142855","0.4819277108433735","998","1498","0","1.7763568394002505E-15","1.4210854715202004E-14","true","true","true"
"900","310400","B-bad","true","500","310400","B-bad","500","125","5000","0.9314206186232206","1","23","0.3900619647946676","0.25","40.8","75","0.9748950443181188","0.8692","3.269999999999997","0.4972","65.4","196.2","0.028","0","false","0.9314206186232206","1","0.816","1.1500000000000004","0.184","0.5062126092959043","0.43730886850152906","0.5490196078431373","0.21739130434782608","998","1498","0","3.552713678800501E-15","9.769962616701378E-15","true","true","true"
"901","310401","B-bad","true","500","310401","B-bad","500","125","5000","0.7317174011812813","1","33","0.8049465950587361","1","24.9","75","0.9802695915444202","0.9316","1.7099999999999995","0.4972","34.2","102.6","0.022","0","false","0.7317174011812813","1","0.736","1.6500000000000008","0.264","0.5045083726921425","0.39766081871345027","0.4782608695652174","0.42424242424242425","998","1498","0","8.881784197001252E-16","3.9968028886505635E-15","true","true","true"
"902","310402","B-bad","true","500","310402","B-bad","500","125","5000","0.8588821376227943","1","39","0.6075025768711465","0.7","31.8","75","0.9626038779309868","0.8824","2.9399999999999973","0.4908","58.8","176.4","0.036","0","false","0.8588821376227943","1","0.688","1.950000000000001","0.312","0.49660018132366274","0.44727891156462585","0.5697674418604651","0.38461538461538464","998","1498","0","8.881784197001252E-16","5.329070518200751E-15","true","true","true"
"903","310403","B-bad","true","500","310403","B-bad","500","125","5000","0.55","1","41","0.6065879074886267","0.7","41.7","75","0.9851982252859344","0.8918","2.7049999999999974","0.4858","54.1","162.1","0.02","0","false","0.55","1","0.672","2.0500000000000007","0.328","0.49271137026239065","0.4288354898336414","0.4880952380952381","0.4878048780487805","998","1498","0","2.6645352591003757E-15","1.0658141036401503E-14","true","true","true"
"904","310404","B-bad","true","500","310404","B-bad","500","125","5000","0.5","0.5","80","0.6305724564182449","0.7","33.3","75","0.9589137579872424","0.8764","3.0899999999999963","0.4926","61.8","185.4","0.034","0","false","0.5","0.5","0.36","3.999999999999994","0.64","0.5004564125969877","0.4368932038834951","0.5111111111111111","0.5","998","1498","0","5.329070518200751E-15","1.3322676295501878E-14","true","true","true"
"905","310405","B-bad","true","500","310405","B-bad","500","125","5000","0.26828259881871874","0","53","0.7234569487901654","0.75","30.3","75","0.9684944550053878","0.8928","2.6799999999999975","0.504","53.6","160.8","0.074","0","false","0.26828259881871874","0","0.576","2.6499999999999986","0.424","0.5125448028673835","0.43283582089552236","0.4861111111111111","0.5471698113207547","998","1498","0","2.6645352591003757E-15","1.509903313490213E-14","true","true","true"
"906","310406","B-bad","true","500","310406","B-bad","500","125","5000","0.7317174011812813","1","41","0.6872437968032687","0.8","25.8","75","0.9717142800058094","0.8996","2.509999999999998","0.492","50.2","150.6","0.018","0","false","0.7317174011812813","1","0.672","2.0500000000000007","0.328","0.4986660738105825","0.43227091633466136","0.4166666666666667","0.43902439024390244","998","1498","0","1.7763568394002505E-15","4.440892098500626E-15","true","true","true"
"907","310407","B-bad","true","500","310407","B-bad","500","125","5000","0.8814994686598714","1","38","0.5129839124875544","0.6","36.3","75","0.9575120625693951","0.8738","3.1549999999999967","0.4906","63.1","189.3","0.072","0","false","0.8814994686598714","1","0.696","1.900000000000001","0.304","0.49713893339436943","0.44532488114104596","0.5402298850574713","0.3684210526315789","998","1498","0","3.552713678800501E-15","9.769962616701378E-15","true","true","true"
"908","310408","B-bad","true","500","310408","B-bad","500","125","5000","0.6905480615036318","1","58","0.7972872086748991","1","27.6","75","0.9834984627336633","0.8934","2.664999999999998","0.4856","53.3","159.9","0.03","0","false","0.6905480615036318","1","0.536","2.8999999999999977","0.464","0.4922766957689725","0.42964352720450283","0.373134328358209","0.46551724137931033","998","1498","0","4.440892098500626E-15","8.881784197001252E-15","true","true","true"
"909","310409","B-bad","true","500","310409","B-bad","500","125","5000","0.8029278364278081","1","67","0.6059863557541902","0.7","36.6","75","0.8060849578451601","0.8436","3.909999999999999","0.4974","78.2","234.2","0.218","0.2","false","0.8029278364278081","1","0.464","3.349999999999996","0.536","0.5021337126600285","0.4718670076726343","0.6724137931034483","0.44776119402985076","998","1498","0","8.881784197001252E-16","1.7763568394002505E-14","true","true","true"
"910","310410","B-bad","true","500","310410","B-bad","500","125","5000","0.44999999999999996","0","47","0.5802895026363072","0.6","37.8","75","0.9860004731257794","0.8976","2.559999999999998","0.4988","51.2","153.6","0.016","0","false","0.44999999999999996","0","0.624","2.3499999999999996","0.376","0.5075757575757576","0.421875","0.5641025641025641","0.5106382978723404","998","1498","0","3.552713678800501E-15","7.993605777301127E-15","true","true","true"
"911","310411","B-bad","true","500","310411","B-bad","500","125","5000","0.769239887763884","1","50","0.4781350836715322","0.45","34.8","75","0.9686464932154083","0.8164","4.589999999999991","0.4876","91.8","275.4","0.038","0","false","0.769239887763884","1","0.6","2.499999999999999","0.4","0.49338559529642334","0.46187363834422657","0.52","0.44","998","1498","0","3.552713678800501E-15","1.509903313490213E-14","true","true","true"
"912","310412","B-bad","true","500","310412","B-bad","500","125","5000","0.7317174011812813","1","37","0.7310274806059672","1","22.5","75","0.9726674535246078","0.888","2.7999999999999967","0.4978","56","168","0.04","0","false","0.7317174011812813","1","0.704","1.850000000000001","0.296","0.5056306306306306","0.4357142857142857","0.5568181818181818","0.43243243243243246","998","1498","0","2.6645352591003757E-15","7.105427357601002E-15","true","true","true"
"913","310413","B-bad","true","500","310413","B-bad","500","125","5000","0.8814994686598714","1","50","0.666718187752623","1","37.2","75","0.9656790651023763","0.8982","2.544999999999998","0.4954","50.9","152.5","0.046","0","false","0.8814994686598714","1","0.6","2.499999999999999","0.4","0.5025606769093743","0.43222003929273084","0.5333333333333333","0.4","998","1498","0","2.6645352591003757E-15","6.217248937900877E-15","true","true","true"
"914","310414","B-bad","true","500","310414","B-bad","500","125","5000","0.6905480615036318","1","50","0.7993093514983867","1","27.3","75","0.9475973154954792","0.9278","1.8049999999999993","0.4878","36.1","108.1","0.04","0","false","0.6905480615036318","1","0.6","2.499999999999999","0.4","0.49364087087734426","0.41274238227146814","0.6133333333333333","0.46","998","1498","0","2.6645352591003757E-15","6.217248937900877E-15","true","true","true"
"915","310415","B-bad","true","500","310415","B-bad","500","125","5000","0.7317174011812813","1","49","0.5911387143736511","0.7","29.1","75","0.9728817733591368","0.902","2.4499999999999984","0.4966","49","146.8","0.044","0","false","0.7317174011812813","1","0.608","2.4499999999999993","0.392","0.5033259423503326","0.4346938775510204","0.5657894736842105","0.4489795918367347","998","1498","0","8.881784197001252E-16","1.0658141036401503E-14","true","true","true"
"916","310416","B-bad","true","500","310416","B-bad","500","125","5000","0.03876388255528562","0","92","0.6215745621687224","0.7","30.6","75","0.9555927462910855","0.8514","3.7149999999999928","0.4964","74.3","222.5","0.062","0","false","0.03876388255528562","0","0.264","4.599999999999992","0.736","0.5038759689922481","0.4535666218034993","0.5151515151515151","0.5869565217391305","998","1498","0","2.6645352591003757E-15","1.865174681370263E-14","true","true","true"
"917","310417","B-bad","true","500","310417","B-bad","500","125","5000","0.8588821376227943","1","41","0.6411944672909393","0.75","33.3","75","0.9730790739557085","0.8374","4.064999999999994","0.4928","81.3","243.9","0.03","0","false","0.8588821376227943","1","0.672","2.0500000000000007","0.328","0.49964174826845","0.4575645756457565","0.5357142857142857","0.3902439024390244","998","1498","0","1.7763568394002505E-15","1.3322676295501878E-14","true","true","true"
"918","310418","B-bad","true","500","310418","B-bad","500","125","5000","0.55","1","55","0.5768164035017873","0.7","39.6","75","0.91897619307048","0.8558","3.6050000000000013","0.4882","72.1","216.1","0.084","0.1","false","0.55","1","0.56","2.7499999999999982","0.44","0.49380696424398224","0.4549237170596394","0.45714285714285713","0.4909090909090909","998","1498","0","3.552713678800501E-15","4.263256414560601E-14","true","true","true"
"919","310419","B-bad","true","500","310419","B-bad","500","125","5000","0.6905480615036318","1","36","0.6440837811082002","0.8","30.9","75","0.9634215650059922","0.9004","2.4899999999999984","0.4882","49.8","149.4","0.034","0","false","0.6905480615036318","1","0.712","1.800000000000001","0.288","0.49422478898267436","0.43373493975903615","0.5393258426966292","0.4444444444444444","998","1498","0","3.552713678800501E-15","7.105427357601002E-15","true","true","true"
"920","310420","B-bad","true","500","310420","B-bad","500","125","5000","0.7317174011812813","1","65","0.8331476701068862","1","21.9","75","0.9813611849505215","0.917","2.0749999999999984","0.4966","41.5","124.5","0.03","0","false","0.7317174011812813","1","0.48","3.2499999999999964","0.52","0.5044711014176663","0.40963855421686746","0.38333333333333336","0.46153846153846156","998","1498","0","1.7763568394002505E-15","8.881784197001252E-15","true","true","true"
"921","310421","B-bad","true","500","310421","B-bad","500","125","5000","0.9314206186232206","1","29","0.7247388333132825","1","36.9","75","0.9627203320733562","0.8846","2.8849999999999967","0.4872","57.7","172.9","0.034","0","false","0.9314206186232206","1","0.768","1.4500000000000006","0.232","0.49265204612254127","0.44540727902946275","0.4895833333333333","0.27586206896551724","998","1498","0","1.7763568394002505E-15","7.993605777301127E-15","true","true","true"
"922","310422","B-bad","true","500","310422","B-bad","500","125","5000","0.8029278364278081","1","47","0.7045178623526105","1","30.9","75","0.9751302621917306","0.8806","2.9849999999999968","0.4896","59.7","179.1","0.038","0","false","0.8029278364278081","1","0.624","2.3499999999999996","0.376","0.4957983193277311","0.4438860971524288","0.5","0.425531914893617","998","1498","0","1.7763568394002505E-15","9.769962616701378E-15","true","true","true"
"923","310423","B-bad","true","500","310423","B-bad","500","125","5000","0.8814994686598714","1","24","0.7665855004436599","1","31.5","75","0.96593253444791","0.8888","2.7799999999999976","0.4974","55.6","166.6","0.036","0","false","0.8814994686598714","1","0.808","1.2000000000000004","0.192","0.5042754275427542","0.44244604316546765","0.48514851485148514","0.2916666666666667","998","1498","0","8.881784197001252E-16","7.105427357601002E-15","true","true","true"
"924","310424","B-bad","true","500","310424","B-bad","500","125","5000","0.769239887763884","1","34","0.6247822388142701","0.85","34.2","75","0.7397841126567273","0.7924","5.189999999999989","0.5016","103.8","310.6","0.164","0","false","0.769239887763884","1","0.728","1.7000000000000008","0.272","0.5058051489146895","0.48554913294797686","0.5054945054945055","0.4117647058823529","998","1498","0","1.7763568394002505E-15","1.865174681370263E-14","true","true","true"
"925","310425","B-bad","true","500","310425","B-bad","500","125","5000","0.8814994686598714","1","44","0.6941168854126541","1","27.9","75","0.9635935929831371","0.8886","2.7849999999999966","0.4938","55.7","166.9","0.034","0","false","0.8814994686598714","1","0.648","2.2","0.352","0.4998874634256133","0.4452423698384201","0.49382716049382713","0.38636363636363635","998","1498","0","8.881784197001252E-16","1.1546319456101628E-14","true","true","true"
"926","310426","B-bad","true","500","310426","B-bad","500","125","5000","0.832766961303352","1","42","0.5743574621251868","0.7","39.3","75","0.9793471552218443","0.8724","3.1899999999999964","0.5028","63.8","191.2","0.02","0","false","0.832766961303352","1","0.664","2.1000000000000005","0.336","0.5110041265474553","0.44670846394984326","0.4578313253012048","0.40476190476190477","998","1498","0","8.881784197001252E-16","6.217248937900877E-15","true","true","true"
"927","310427","B-bad","true","500","310427","B-bad","500","125","5000","0.832766961303352","1","32","0.5146450855607761","0.55","29.7","75","0.9673537300585238","0.8418","3.954999999999996","0.49","79.1","237.1","0.032","0","false","0.832766961303352","1","0.744","1.6000000000000008","0.256","0.49631741506296034","0.4563843236409608","0.4731182795698925","0.375","998","1498","0","2.6645352591003757E-15","1.2434497875801753E-14","true","true","true"
"928","310428","B-bad","true","500","310428","B-bad","500","125","5000","0.5","0.5","74","0.45132539539436073","0.45","33.6","75","0.9654821177113003","0.8276","4.3099999999999925","0.4996","86.2","258.4","0.032","0","false","0.5","0.5","0.408","3.699999999999995","0.592","0.5072498791686805","0.462877030162413","0.5490196078431373","0.5","998","1498","0","4.440892098500626E-15","1.7763568394002505E-14","true","true","true"
"929","310429","B-bad","true","500","310429","B-bad","500","125","5000","0.8588821376227943","1","61","0.567789336714782","0.75","32.7","75","0.9781161126470936","0.9074","2.314999999999999","0.4746","46.3","138.9","0.024","0","false","0.8588821376227943","1","0.512","3.049999999999997","0.488","0.47917125854088605","0.4298056155507559","0.578125","0.4262295081967213","998","1498","0","8.881784197001252E-16","4.440892098500626E-15","true","true","true"
"930","310430","B-bad","true","500","310430","B-bad","500","125","5000","0.5990099009900991","1","52","0.6217501194197206","0.65","33.9","75","0.9762399591048512","0.8896","2.759999999999997","0.4944","55.2","165.6","0.042","0","false","0.5990099009900991","1","0.584","2.5999999999999988","0.416","0.5011241007194245","0.44021739130434784","0.5342465753424658","0.4807692307692308","998","1498","0","1.7763568394002505E-15","6.217248937900877E-15","true","true","true"
"931","310431","B-bad","true","500","310431","B-bad","500","125","5000","0.5990099009900991","1","30","0.6252978247921419","0.8","30.3","75","0.9571497103784138","0.9152","2.119999999999999","0.4948","42.4","127.2","0.036","0","false","0.5990099009900991","1","0.76","1.5000000000000007","0.24","0.5013111888111889","0.42452830188679247","0.5368421052631579","0.4666666666666667","998","1498","0","1.7763568394002505E-15","3.552713678800501E-15","true","true","true"
"932","310432","B-bad","true","500","310432","B-bad","500","125","5000","0.8814994686598714","1","28","0.6444561759638103","0.8","29.1","75","0.925708976687474","0.8922","2.6949999999999976","0.4996","53.9","161.5","0.064","0","false","0.8814994686598714","1","0.776","1.4000000000000006","0.224","0.5057162071284466","0.4489795918367347","0.5154639175257731","0.32142857142857145","998","1498","0","8.881784197001252E-16","1.2434497875801753E-14","true","true","true"
"933","310433","B-bad","true","500","310433","B-bad","500","125","5000","0.832766961303352","1","44","0.6391244540926181","0.9","28.2","75","0.9157438500822803","0.843","3.924999999999995","0.484","78.5","235.1","0.12","0","false","0.832766961303352","1","0.648","2.2","0.352","0.4877817319098458","0.4636942675159236","0.5185185185185185","0.4090909090909091","998","1498","0","8.881784197001252E-16","1.2434497875801753E-14","true","true","true"
"934","310434","B-bad","true","500","310434","B-bad","500","125","5000","0.8588821376227943","1","31","0.7471167258960818","0.9","25.8","75","0.9831754013638909","0.8956","2.6099999999999968","0.492","52.2","156.6","0.02","0","false","0.8588821376227943","1","0.752","1.5500000000000007","0.248","0.49933005806163466","0.42911877394636017","0.48936170212765956","0.3548387096774194","998","1498","0","1.7763568394002505E-15","1.865174681370263E-14","true","true","true"
"935","310435","B-bad","true","500","310435","B-bad","500","125","5000","0.44999999999999996","0","71","0.7822849806761641","1","27.6","75","0.9269262498077865","0.9046","2.384999999999999","0.493","47.7","142.9","0.094","0","false","0.44999999999999996","0","0.432","3.5499999999999954","0.568","0.49812071633871324","0.4444444444444444","0.4074074074074074","0.5070422535211268","998","1498","0","8.881784197001252E-16","5.329070518200751E-15","true","true","true"
"936","310436","B-bad","true","500","310436","B-bad","500","125","5000","0.3094519384963682","0","100","0.7679939889024372","1","28.5","75","0.961526398295718","0.8798","3.0049999999999963","0.4946","60.1","180.1","0.038","0","false","0.3094519384963682","0","0.2","4.99999999999999","0.8","0.5007956353716754","0.4492512479201331","0.48","0.52","998","1498","0","8.881784197001252E-16","9.769962616701378E-15","true","true","true"
"937","310437","B-bad","true","500","310437","B-bad","500","125","5000","0.832766961303352","1","44","0.7946566604503603","1","22.2","75","0.9787709865998548","0.9078","2.304999999999998","0.506","46.1","138.3","0.02","0","false","0.832766961303352","1","0.648","2.2","0.352","0.5142101784534039","0.42516268980477223","0.4691358024691358","0.4090909090909091","998","1498","0","1.7763568394002505E-15","9.769962616701378E-15","true","true","true"
"938","310438","B-bad","true","500","310438","B-bad","500","125","5000","0.8588821376227943","1","35","0.625853153139152","0.6","32.7","75","0.9625060924765103","0.8848","2.879999999999997","0.4838","57.6","172.6","0.042","0","false","0.8588821376227943","1","0.72","1.7500000000000009","0.28","0.488245931283906","0.4496527777777778","0.4888888888888889","0.37142857142857144","998","1498","0","8.881784197001252E-16","9.769962616701378E-15","true","true","true"
"939","310439","B-bad","true","500","310439","B-bad","500","125","5000","0.5990099009900991","1","34","0.6949090478738069","0.9","28.5","75","0.9479888775148748","0.877","3.0749999999999957","0.4966","61.5","184.5","0.052","0","false","0.5990099009900991","1","0.728","1.7000000000000008","0.272","0.5028506271379704","0.45203252032520325","0.5714285714285714","0.47058823529411764","998","1498","0","3.552713678800501E-15","9.769962616701378E-15","true","true","true"
"940","310440","B-bad","true","500","310440","B-bad","500","125","5000","0.8588821376227943","1","47","0.6561067797855789","0.75","32.4","75","0.9621631059017975","0.8836","2.909999999999997","0.4956","58.2","174.6","0.034","0","false","0.8588821376227943","1","0.624","2.3499999999999996","0.376","0.5022634676324128","0.44501718213058417","0.6025641025641025","0.40425531914893614","998","1498","0","2.6645352591003757E-15","9.769962616701378E-15","true","true","true"
"941","310441","B-bad","true","500","310441","B-bad","500","125","5000","0.832766961303352","1","34","0.5421293656804874","0.6","33.9","75","0.9383429715041874","0.8742","3.144999999999996","0.4946","62.9","188.5","0.054","0","false","0.832766961303352","1","0.728","1.7000000000000008","0.272","0.5003431708991077","0.4546899841017488","0.4725274725274725","0.38235294117647056","998","1498","0","1.7763568394002505E-15","1.509903313490213E-14","true","true","true"
"942","310442","B-bad","true","500","310442","B-bad","500","125","5000","0.646116504854369","1","69","0.7058847173604091","0.85","32.4","75","0.9674277645528434","0.8758","3.104999999999996","0.4922","62.1","186.3","0.04","0","false","0.646116504854369","1","0.448","3.4499999999999957","0.552","0.498058917561087","0.45088566827697263","0.5714285714285714","0.4782608695652174","998","1498","0","1.7763568394002505E-15","1.2434497875801753E-14","true","true","true"
"943","310443","B-bad","true","500","310443","B-bad","500","125","5000","0.3094519384963682","0","74","0.7342637907063437","0.9","30.9","75","0.950008758773282","0.8488","3.7799999999999963","0.4972","75.6","226.8","0.052","0","false","0.3094519384963682","0","0.408","3.699999999999995","0.592","0.5030631479736098","0.4642857142857143","0.47058823529411764","0.527027027027027","998","1498","0","8.881784197001252E-16","1.509903313490213E-14","true","true","true"
"944","310444","B-bad","true","500","310444","B-bad","500","125","5000","0.769239887763884","1","38","0.5815134276876","0.75","31.8","75","0.9718742493720697","0.9044","2.3899999999999983","0.4998","47.8","143.4","0.018","0","false","0.769239887763884","1","0.696","1.900000000000001","0.304","0.5072976559044671","0.42887029288702927","0.5172413793103449","0.42105263157894735","998","1498","0","2.6645352591003757E-15","6.217248937900877E-15","true","true","true"
"945","310445","B-bad","true","500","310445","B-bad","500","125","5000","0.55","1","45","0.5786819617077581","0.65","35.4","75","0.9731257777428519","0.8844","2.889999999999997","0.4946","57.8","173.4","0.032","0","false","0.55","1","0.64","2.25","0.36","0.5022614201718679","0.4359861591695502","0.5","0.4888888888888889","998","1498","0","4.440892098500626E-15","1.2434497875801753E-14","true","true","true"
"946","310446","B-bad","true","500","310446","B-bad","500","125","5000","0.646116504854369","1","65","0.6408897218978179","0.9","25.8","75","0.9209036070750283","0.8232","4.419999999999996","0.4974","88.4","265","0.088","0","false","0.646116504854369","1","0.48","3.2499999999999964","0.52","0.5036443148688047","0.4683257918552036","0.5833333333333334","0.47692307692307695","998","1498","0","1.7763568394002505E-15","1.509903313490213E-14","true","true","true"
"947","310447","B-bad","true","500","310447","B-bad","500","125","5000","0.646116504854369","1","45","0.707195328319014","0.85","27","75","0.9558959679065115","0.8974","2.5649999999999986","0.4922","51.3","153.7","0.04","0","false","0.646116504854369","1","0.64","2.25","0.36","0.49832850456875416","0.43859649122807015","0.4125","0.4666666666666667","998","1498","0","1.7763568394002505E-15","8.881784197001252E-15","true","true","true"
"948","310448","B-bad","true","500","310448","B-bad","500","125","5000","0.646116504854369","1","67","0.5899366242144307","0.6","32.7","75","0.8781303991829758","0.7932","5.170000000000002","0.4874","103.4","310.2","0.084","0","false","0.646116504854369","1","0.464","3.349999999999996","0.536","0.49117498739283916","0.47292069632495165","0.5","0.47761194029850745","998","1498","0","3.552713678800501E-15","6.927791673660977E-14","true","true","true"
"949","310449","B-bad","true","500","310449","B-bad","500","125","5000","0.44999999999999996","0","45","0.6463625532270406","0.7","32.4","75","0.9599944197115737","0.8548","3.629999999999994","0.4828","72.6","217.8","0.06","0","false","0.44999999999999996","0","0.64","2.25","0.36","0.48830135704258304","0.45041322314049587","0.425","0.5111111111111111","998","1498","0","4.440892098500626E-15","1.7763568394002505E-14","true","true","true"
"950","310450","B-bad","true","500","310450","B-bad","500","125","5000","0.8029278364278081","1","21","0.4519756678132037","0.4","43.2","75","0.9604988279852433","0.8234","4.414999999999996","0.4976","88.3","264.9","0.042","0","false","0.8029278364278081","1","0.832","1.0500000000000003","0.168","0.5054651445227107","0.4609286523216308","0.5192307692307693","0.3333333333333333","998","1498","0","2.6645352591003757E-15","1.1546319456101628E-14","true","true","true"
"951","310451","B-bad","true","500","310451","B-bad","500","125","5000","0.769239887763884","1","48","0.7914902273953729","1","22.8","75","0.9564191434740745","0.8768","3.0799999999999965","0.506","61.6","184.6","0.034","0","false","0.769239887763884","1","0.616","2.3999999999999995","0.384","0.5134580291970803","0.45292207792207795","0.4935064935064935","0.4375","998","1498","0","8.881784197001252E-16","1.3322676295501878E-14","true","true","true"
"952","310452","B-bad","true","500","310452","B-bad","500","125","5000","0.4009900990099009","0","74","0.6145937850220692","0.7","32.1","75","0.9695522734409879","0.8966","2.5849999999999973","0.495","51.7","155.1","0.026","0","false","0.4009900990099009","0","0.408","3.699999999999995","0.592","0.5016729868391702","0.437137330754352","0.5882352941176471","0.5135135135135135","998","1498","0","2.6645352591003757E-15","9.769962616701378E-15","true","true","true"
"953","310453","B-bad","true","500","310453","B-bad","500","125","5000","0.646116504854369","1","49","0.7718810885465645","1","25.8","75","0.9742163931243434","0.9142","2.1449999999999987","0.5072","42.9","128.7","0.024","0","false","0.646116504854369","1","0.608","2.4499999999999993","0.392","0.5149857799168672","0.42424242424242425","0.5394736842105263","0.46938775510204084","998","1498","0","8.881784197001252E-16","5.329070518200751E-15","true","true","true"
"954","310454","B-bad","true","500","310454","B-bad","500","125","5000","0.8814994686598714","1","40","0.8229303972170611","1","24.9","75","0.9764881279685724","0.9114","2.2149999999999985","0.4998","44.3","132.9","0.022","0","false","0.8814994686598714","1","0.68","2.000000000000001","0.32","0.5077902128593372","0.417607223476298","0.3411764705882353","0.375","998","1498","0","3.552713678800501E-15","9.769962616701378E-15","true","true","true"
"955","310455","B-bad","true","500","310455","B-bad","500","125","5000","0.832766961303352","1","26","0.7276448321447982","1","34.5","75","0.9695164217275115","0.8962","2.5949999999999975","0.4962","51.9","155.7","0.032","0","false","0.832766961303352","1","0.792","1.3000000000000005","0.208","0.5030127203749163","0.4373795761078998","0.4444444444444444","0.34615384615384615","998","1498","0","8.881784197001252E-16","1.0658141036401503E-14","true","true","true"
"956","310456","B-bad","true","500","310456","B-bad","500","125","5000","0.9009100727155935","1","41","0.7142909478588512","0.85","29.4","75","0.9776589900676047","0.8802","2.9949999999999983","0.4916","59.9","179.7","0.024","0","false","0.9009100727155935","1","0.672","2.0500000000000007","0.328","0.49897750511247446","0.4373956594323873","0.47619047619047616","0.36585365853658536","998","1498","0","2.6645352591003757E-15","1.3322676295501878E-14","true","true","true"
"958","310458","B-bad","true","500","310458","B-bad","500","125","5000","0.646116504854369","1","43","0.7174968791174696","1","24","75","0.9826295483340586","0.9346","1.6350000000000005","0.4792","32.7","98.1","0.01","0","false","0.646116504854369","1","0.656","2.1500000000000004","0.344","0.4853413224909052","0.39143730886850153","0.5365853658536586","0.46511627906976744","998","1498","0","8.881784197001252E-16","1.7763568394002505E-15","true","true","true"
"957","310457","B-bad","true","500","310457","B-bad","500","125","5000","0.55","1","41","0.4418441070227959","0.4","42.9","75","0.9624648177341042","0.7182","7.045000000000019","0.4912","140.9","422.7","0.078","0","false","0.55","1","0.672","2.0500000000000007","0.328","0.4979114452798663","0.4740951029098652","0.5476190476190477","0.4878048780487805","998","1498","0","3.552713678800501E-15","1.7408297026122455E-13","true","true","true"
"959","310459","B-bad","true","500","310459","B-bad","500","125","5000","0.7317174011812813","1","41","0.6798536728004347","0.9","31.2","75","0.9799732153456023","0.8956","2.609999999999997","0.4898","52.2","156.6","0.024","0","false","0.7317174011812813","1","0.672","2.0500000000000007","0.328","0.4964269763287182","0.4329501915708812","0.5714285714285714","0.43902439024390244","998","1498","0","2.6645352591003757E-15","1.5987211554602254E-14","true","true","true"
"960","310460","B-bad","true","500","310460","B-bad","500","125","5000","0.832766961303352","1","46","0.6729236282872061","0.9","30.3","75","0.9817674953554023","0.9094","2.2649999999999983","0.4826","45.3","135.7","0.01","0","false","0.832766961303352","1","0.632","2.3","0.368","0.48867385089069715","0.4216335540838852","0.4810126582278481","0.41304347826086957","998","1498","0","1.7763568394002505E-15","7.105427357601002E-15","true","true","true"
"961","310461","B-bad","true","500","310461","B-bad","500","125","5000","0.6905480615036318","1","62","0.6768433408341636","1","30.3","75","0.955653483658374","0.8782","3.044999999999997","0.4986","60.9","182.5","0.05","0","false","0.6905480615036318","1","0.504","3.099999999999997","0.496","0.50557959462537","0.4482758620689655","0.3492063492063492","0.46774193548387094","998","1498","0","1.7763568394002505E-15","8.881784197001252E-15","true","true","true"
"962","310462","B-bad","true","500","310462","B-bad","500","125","5000","0.16723303869664796","0","74","0.5322790567402407","0.55","39.9","75","0.7947186179186682","0.731","6.725000000000001","0.504","134.5","402.9","0.302","0.2","false","0.16723303869664796","0","0.408","3.699999999999995","0.592","0.5094391244870041","0.48921933085501856","0.37254901960784315","0.5540540540540541","998","1498","0","4.440892098500626E-16","7.460698725481052E-14","true","true","true"
"963","310463","B-bad","true","500","310463","B-bad","500","125","5000","0.4009900990099009","0","62","0.585066203913047","0.8","38.4","75","0.9735441361229829","0.8614","3.464999999999995","0.485","69.3","207.9","0.044","0","false","0.4009900990099009","0","0.504","3.099999999999997","0.496","0.4926863245878802","0.43722943722943725","0.5714285714285714","0.5161290322580645","998","1498","0","3.552713678800501E-15","1.7763568394002505E-14","true","true","true"
"964","310464","B-bad","true","500","310464","B-bad","500","125","5000","0.8588821376227943","1","23","0.6527014828946862","0.9","36.3","75","0.9419905024768443","0.8346","4.134999999999994","0.496","82.7","247.9","0.086","0","false","0.8588821376227943","1","0.816","1.1500000000000004","0.184","0.5020369039060628","0.4655380894800484","0.49019607843137253","0.30434782608695654","998","1498","0","2.6645352591003757E-15","1.7763568394002505E-14","true","true","true"
"965","310465","B-bad","true","500","310465","B-bad","500","125","5000","0.832766961303352","1","26","0.6628263818211046","0.9","34.2","75","0.888043303102453","0.8784","3.039999999999997","0.4884","60.8","182.2","0.11","0.1","false","0.832766961303352","1","0.792","1.3000000000000005","0.208","0.49271402550091076","0.45723684210526316","0.5151515151515151","0.34615384615384615","998","1498","0","1.7763568394002505E-15","1.4210854715202004E-14","true","true","true"
"966","310466","B-bad","true","500","310466","B-bad","500","125","5000","0.23076011223611614","0","100","0.571145460434276","0.75","30.3","75","0.9701282735465014","0.8052","4.869999999999991","0.4894","97.4","292.2","0.03","0","false","0.23076011223611614","0","0.2","4.99999999999999","0.8","0.49552906110283157","0.46406570841889117","0.56","0.53","998","1498","0","1.7763568394002505E-15","1.7763568394002505E-14","true","true","true"
"967","310467","B-bad","true","500","310467","B-bad","500","125","5000","0.6905480615036318","1","46","0.6981692154935569","0.8","33","75","0.9450399957687194","0.922","1.9500000000000004","0.4964","39","116.8","0.04","0","false","0.6905480615036318","1","0.632","2.3","0.368","0.5017353579175705","0.43333333333333335","0.4810126582278481","0.45652173913043476","998","1498","0","8.881784197001252E-16","5.329070518200751E-15","true","true","true"
"968","310468","B-bad","true","500","310468","B-bad","500","125","5000","0.6905480615036318","1","28","0.6099011531217442","0.8","36.6","75","0.9388193954800921","0.7826","5.435000000000002","0.488","108.7","325.9","0.082","0","false","0.6905480615036318","1","0.776","1.4000000000000006","0.224","0.4932277025300281","0.46918123275068996","0.5360824742268041","0.42857142857142855","998","1498","0","3.552713678800501E-15","6.750155989720952E-14","true","true","true"
"969","310469","B-bad","true","500","310469","B-bad","500","125","5000","0.832766961303352","1","32","0.4459709223579119","0.35","41.4","75","0.9651644085391604","0.8456","3.8599999999999937","0.4928","77.2","231.6","0.03","0","false","0.832766961303352","1","0.744","1.6000000000000008","0.256","0.49952696310312206","0.45595854922279794","0.5483870967741935","0.375","998","1498","0","2.6645352591003757E-15","1.1546319456101628E-14","true","true","true"
"970","310470","B-bad","true","500","310470","B-bad","500","125","5000","0.646116504854369","1","47","0.628573603428326","0.75","32.7","75","0.9788857257197193","0.8992","2.519999999999997","0.5006","50.4","151.2","0.014","0","false","0.646116504854369","1","0.624","2.3499999999999996","0.376","0.5095640569395018","0.42063492063492064","0.5","0.46808510638297873","998","1498","0","5.329070518200751E-15","4.884981308350689E-15","true","true","true"
"971","310471","B-bad","true","500","310471","B-bad","500","125","5000","0.8029278364278081","1","33","0.7224330354247444","0.95","37.8","75","0.8865151275902263","0.8696","3.2599999999999953","0.4926","65.2","195.2","0.104","0","false","0.8029278364278081","1","0.736","1.6500000000000008","0.264","0.49678012879484823","0.4647239263803681","0.5108695652173914","0.3939393939393939","998","1498","0","8.881784197001252E-16","1.509903313490213E-14","true","true","true"
"972","310472","B-bad","true","500","310472","B-bad","500","125","5000","0.8814994686598714","1","40","0.6140921439666205","0.7","36.9","75","0.9773245663388803","0.813","4.674999999999992","0.5004","93.5","280.5","0.038","0","false","0.8814994686598714","1","0.68","2.000000000000001","0.32","0.5089790897908979","0.46310160427807484","0.5058823529411764","0.375","998","1498","0","1.7763568394002505E-15","1.687538997430238E-14","true","true","true"
"973","310473","B-bad","true","500","310473","B-bad","500","125","5000","0.9314206186232206","1","31","0.6295263141956456","0.75","30.6","75","0.965428554432847","0.8214","4.465000000000002","0.5008","89.3","267.7","0.072","0","false","0.9314206186232206","1","0.752","1.5500000000000007","0.248","0.508400292184076","0.4658454647256439","0.48936170212765956","0.2903225806451613","998","1498","0","8.881784197001252E-16","3.019806626980426E-14","true","true","true"
"974","310474","B-bad","true","500","310474","B-bad","500","125","5000","0.8588821376227943","1","23","0.677926677100847","0.95","30.3","75","0.9463069894069365","0.8958","2.6049999999999986","0.4846","52.1","156.1","0.064","0","false","0.8588821376227943","1","0.816","1.1500000000000004","0.184","0.48894842598794375","0.4472168905950096","0.5294117647058824","0.30434782608695654","998","1498","0","8.881784197001252E-16","3.552713678800501E-15","true","true","true"
"975","310475","B-bad","true","500","310475","B-bad","500","125","5000","0.8588821376227943","1","53","0.6586843726573794","0.85","36.6","75","0.9803071281678888","0.8624","3.4399999999999955","0.5","68.8","206.4","0.022","0","false","0.8588821376227943","1","0.576","2.6499999999999986","0.424","0.5078849721706865","0.45058139534883723","0.4305555555555556","0.41509433962264153","998","1498","0","8.881784197001252E-16","1.865174681370263E-14","true","true","true"
"976","310476","B-bad","true","500","310476","B-bad","500","125","5000","0.832766961303352","1","30","0.6634060261019666","0.95","28.2","75","0.9784390923320775","0.9016","2.459999999999998","0.4886","49.2","147.4","0.018","0","false","0.832766961303352","1","0.76","1.5000000000000007","0.24","0.4957852706299911","0.42276422764227645","0.5263157894736842","0.36666666666666664","998","1498","0","2.6645352591003757E-15","1.1546319456101628E-14","true","true","true"
"978","310478","B-bad","true","500","310478","B-bad","500","125","5000","0.646116504854369","1","39","0.6494579661837531","0.7","32.4","75","0.9181501150139978","0.8416","3.9599999999999937","0.492","79.2","237.6","0.108","0","false","0.646116504854369","1","0.688","1.950000000000001","0.312","0.49714828897338403","0.46464646464646464","0.45348837209302323","0.46153846153846156","998","1498","0","1.7763568394002505E-15","1.509903313490213E-14","true","true","true"
"977","310477","B-bad","true","500","310477","B-bad","500","125","5000","0.8029278364278081","1","43","0.45595679032854053","0.4","40.2","75","0.9552226141564502","0.7972","5.069999999999996","0.494","101.4","304","0.068","0","false","0.8029278364278081","1","0.656","2.1500000000000004","0.344","0.4997491219267436","0.4714003944773176","0.4878048780487805","0.4186046511627907","998","1498","0","8.881784197001252E-16","2.8421709430404007E-14","true","true","true"
"979","310479","B-bad","true","500","310479","B-bad","500","125","5000","0.8588821376227943","1","39","0.4719089687143012","0.5","33","75","0.9236186222808082","0.6988","7.530000000000018","0.4958","150.6","451.8","0.094","0","false","0.8588821376227943","1","0.688","1.950000000000001","0.312","0.5011448196908986","0.48339973439575035","0.5116279069767442","0.38461538461538464","998","1498","0","8.881784197001252E-16","1.2079226507921703E-13","true","true","true"
"980","310480","B-bad","true","500","310480","B-bad","500","125","5000","0.7317174011812813","1","63","0.7440026295763114","0.85","25.8","75","0.9734379143263482","0.8926","2.6849999999999974","0.4972","53.7","160.7","0.038","0","false","0.7317174011812813","1","0.496","3.149999999999997","0.504","0.5045933228769885","0.43575418994413406","0.43548387096774194","0.4603174603174603","998","1498","0","1.7763568394002505E-15","7.105427357601002E-15","true","true","true"
"981","310481","B-bad","true","500","310481","B-bad","500","125","5000","0.769239887763884","1","68","0.6359500410172213","0.7","28.5","75","0.9616820613075598","0.8524","3.689999999999995","0.5028","73.8","221.4","0.05","0","false","0.769239887763884","1","0.456","3.399999999999996","0.544","0.5105584232754575","0.45799457994579945","0.49122807017543857","0.45588235294117646","998","1498","0","1.7763568394002505E-15","1.5987211554602254E-14","true","true","true"
"982","310482","B-bad","true","500","310482","B-bad","500","125","5000","0.44999999999999996","0","83","0.5137522486582602","0.6","36.3","75","0.9811754530552707","0.9072","2.319999999999998","0.4932","46.4","139.2","0.02","0","false","0.44999999999999996","0","0.336","4.149999999999993","0.664","0.5008818342151675","0.41810344827586204","0.42857142857142855","0.5060240963855421","998","1498","0","1.7763568394002505E-15","8.881784197001252E-15","true","true","true"
"983","310483","B-bad","true","500","310483","B-bad","500","125","5000","0.9009100727155935","1","27","0.6055273086576488","0.65","34.8","75","0.9664995890403267","0.9076","2.3099999999999987","0.4966","46.2","138.6","0.032","0","false","0.9009100727155935","1","0.784","1.3500000000000005","0.216","0.503085059497576","0.4329004329004329","0.5102040816326531","0.2962962962962963","998","1498","0","8.881784197001252E-16","4.884981308350689E-15","true","true","true"
"984","310484","B-bad","true","500","310484","B-bad","500","125","5000","0.1411178623772057","0","73","0.5151842147810497","0.6","33.3","75","0.8251938918376224","0.8314","4.2149999999999945","0.5044","84.3","252.5","0.118","0.1","false","0.1411178623772057","0","0.416","3.649999999999995","0.584","0.5119076256916045","0.46737841043890865","0.5769230769230769","0.5616438356164384","998","1498","0","4.440892098500626E-15","1.4210854715202004E-14","true","true","true"
"985","310485","B-bad","true","500","310485","B-bad","500","125","5000","0.832766961303352","1","30","0.8146094365973987","1","31.2","75","0.9643536253630662","0.9062","2.3449999999999984","0.4892","46.9","140.3","0.048","0","false","0.832766961303352","1","0.76","1.5000000000000007","0.24","0.4945928051202825","0.43710021321961623","0.5157894736842106","0.36666666666666664","998","1498","0","8.881784197001252E-16","1.1546319456101628E-14","true","true","true"
"986","310486","B-bad","true","500","310486","B-bad","500","125","5000","0.8029278364278081","1","29","0.5382766961303352","0.6","30.9","75","0.9805274823342005","0.8818","2.9549999999999974","0.4852","59.1","177.3","0.03","0","false","0.8029278364278081","1","0.768","1.4500000000000006","0.232","0.4917214787933772","0.4365482233502538","0.5729166666666666","0.3793103448275862","998","1498","0","4.440892098500626E-15","8.881784197001252E-15","true","true","true"
"987","310487","B-bad","true","500","310487","B-bad","500","125","5000","0.9174389747697416","1","24","0.637887215247321","1","32.4","75","0.9358862245914519","0.8526","3.6849999999999965","0.4938","73.7","221.1","0.07","0","false","0.9174389747697416","1","0.808","1.2000000000000004","0.192","0.49917898193760263","0.4626865671641791","0.4158415841584158","0.25","998","1498","0","1.7763568394002505E-15","8.881784197001252E-15","true","true","true"
"988","310488","B-bad","true","500","310488","B-bad","500","125","5000","0.16723303869664796","0","74","0.6713334210886117","0.9","28.8","75","0.9723814590016792","0.8886","2.784999999999997","0.4854","55.7","167.1","0.018","0","false","0.16723303869664796","0","0.408","3.699999999999995","0.592","0.4911096106234526","0.4398563734290844","0.47058823529411764","0.5540540540540541","998","1498","0","8.881784197001252E-16","8.881784197001252E-15","true","true","true"
"989","310489","B-bad","true","500","310489","B-bad","500","125","5000","0.55","1","63","0.51039429562578","0.55","36.3","75","0.9470679336452468","0.747","6.325000000000008","0.5004","126.5","379.1","0.07","0","false","0.55","1","0.496","3.149999999999997","0.504","0.5089692101740294","0.475098814229249","0.5","0.49206349206349204","998","1498","0","1.7763568394002505E-15","1.1723955140041653E-13","true","true","true"
"990","310490","B-bad","true","500","310490","B-bad","500","125","5000","0.8029278364278081","1","51","0.715242274322347","0.9","29.7","75","0.9814731738486951","0.9292","1.7699999999999996","0.4986","35.4","106.2","0.016","0","false","0.8029278364278081","1","0.592","2.549999999999999","0.408","0.5060266896254842","0.4011299435028249","0.581081081081081","0.43137254901960786","998","1498","0","8.881784197001252E-16","3.552713678800501E-15","true","true","true"
"991","310491","B-bad","true","500","310491","B-bad","500","125","5000","0.9431811237123936","1","32","0.711316593096458","0.8","28.2","75","0.9197794561089013","0.8138","4.654999999999991","0.4952","93.1","279.1","0.11","0","false","0.9431811237123936","1","0.744","1.6000000000000008","0.256","0.5008601622020152","0.47046186895810954","0.3870967741935484","0.28125","998","1498","0","2.6645352591003757E-15","1.687538997430238E-14","true","true","true"
"992","310492","B-bad","true","500","310492","B-bad","500","125","5000","0.646116504854369","1","39","0.6643122523384737","0.75","33","75","0.9619310592509043","0.9048","2.379999999999998","0.5028","47.6","142.8","0.05","0","false","0.646116504854369","1","0.688","1.950000000000001","0.312","0.5097259062776304","0.4369747899159664","0.47674418604651164","0.46153846153846156","998","1498","0","1.7763568394002505E-15","1.0658141036401503E-14","true","true","true"
"993","310493","B-bad","true","500","310493","B-bad","500","125","5000","0.55","1","63","0.6031182040599785","0.6","25.2","75","0.9653038543930705","0.879","3.0249999999999964","0.488","60.5","181.5","0.03","0","false","0.55","1","0.496","3.149999999999997","0.504","0.4939704209328783","0.4446280991735537","0.45161290322580644","0.49206349206349204","998","1498","0","1.7763568394002505E-15","1.4210854715202004E-14","true","true","true"
"994","310494","B-bad","true","500","310494","B-bad","500","125","5000","0.646116504854369","1","55","0.6223247541384997","0.75","30.9","75","0.9645836037449877","0.8768","3.0799999999999965","0.4996","61.6","184.6","0.07","0","false","0.646116504854369","1","0.56","2.7499999999999982","0.44","0.5068430656934306","0.44805194805194803","0.5571428571428572","0.4727272727272727","998","1498","0","1.7763568394002505E-15","1.0658141036401503E-14","true","true","true"
"995","310495","B-bad","true","500","310495","B-bad","500","125","5000","0.8029278364278081","1","31","0.6088446965463034","0.7","29.4","75","0.9304708467985439","0.8718","3.204999999999997","0.486","64.1","192.1","0.064","0","false","0.8029278364278081","1","0.752","1.5500000000000007","0.248","0.4904794677678367","0.45553822152886114","0.5212765957446809","0.3870967741935484","998","1498","0","8.881784197001252E-16","1.5987211554602254E-14","true","true","true"
"996","310496","B-bad","true","500","310496","B-bad","500","125","5000","0.8814994686598714","1","50","0.7262117435827886","0.95","23.4","75","0.9717741846385328","0.8948","2.6299999999999963","0.4924","52.6","157.8","0.042","0","false","0.8814994686598714","1","0.6","2.499999999999999","0.4","0.49910594546267323","0.435361216730038","0.5733333333333334","0.4","998","1498","0","1.7763568394002505E-15","1.1546319456101628E-14","true","true","true"
"997","310497","B-bad","true","500","310497","B-bad","500","125","5000","0.6905480615036318","1","42","0.604586410323882","0.75","33.6","75","0.9328984660850121","0.7554","6.115000000000007","0.4922","122.3","366.5","0.07","0","false","0.6905480615036318","1","0.664","2.1000000000000005","0.336","0.49722001588562353","0.4766966475878986","0.42168674698795183","0.4523809523809524","998","1498","0","8.881784197001252E-16","6.572520305780927E-14","true","true","true"
"1001","310001","B-good","false","500","310001","B-good","500","125","5000","0.8814994686598715","1","62","0.5373062233594184","0.7","14","25","0.8977156751808728","0.784","5.400000000000011","0.54","392","392","0.142","0.1","false","0.8814994686598715","1","0.496","3.1499999999999977","0.496","0.5194444444444445","0.5456632653061224","0.5079365079365079","0.5806451612903226","0","500","0","2.1316282072803006E-14","6.750155989720952E-14","true","true","true"
"998","310498","B-bad","true","500","310498","B-bad","500","125","5000","0.9009100727155935","1","35","0.39540020589464775","0.3","30.6","75","0.9659719498520889","0.8392","4.019999999999994","0.4882","80.4","241.2","0.052","0","false","0.9009100727155935","1","0.72","1.7500000000000009","0.28","0.4940419447092469","0.4577114427860697","0.4888888888888889","0.34285714285714286","998","1498","0","2.6645352591003757E-15","1.5987211554602254E-14","true","true","true"
"1002","310002","B-good","false","500","310002","B-good","500","125","5000","0.9612361174447144","1","78","0.6613707514932567","0.8","15.2","25","0.7537588493058299","0.6876","7.810000000000031","0.521","343.8","343.8","0.234","0.2","false","0.9612361174447144","1","0.624","2.3500000000000005","0.624","0.47695262483994877","0.5410122164048866","0.574468085106383","0.6025641025641025","0","500","0","2.8421709430404007E-14","1.2434497875801753E-13","true","true","true"
"999","310499","B-bad","true","500","310499","B-bad","500","125","5000","0.832766961303352","1","36","0.7624936027394575","1","26.7","75","0.9456622708473963","0.9032","2.4199999999999977","0.5004","48.4","145.2","0.052","0","false","0.832766961303352","1","0.712","1.800000000000001","0.288","0.5077502214348981","0.4318181818181818","0.5280898876404494","0.3888888888888889","998","1498","0","4.440892098500626E-15","9.769962616701378E-15","true","true","true"
"1003","310003","B-good","false","500","310003","B-good","500","125","5000","0.9783898101507787","1","97","0.48819399333228464","0.35","11.9","25","0.9975464077374564","0.8262","4.344999999999995","0.5436","413.1","413.1","0.002","0","false","0.9783898101507787","1","0.776","1.4000000000000012","0.776","0.5086306098964327","0.550956184943113","0.4642857142857143","0.5979381443298969","0","500","0","1.7763568394002505E-14","2.5757174171303632E-14","true","true","true"
"1004","310004","B-good","false","500","310004","B-good","500","125","5000","0.9934177025814358","1","113","0.5506894553131786","0.6","13.9","25","0.9305270632929155","0.841","3.975000000000013","0.5428","420.5","420.5","0.076","0.1","false","0.9934177025814358","1","0.904","0.6000000000000005","0.904","0.4729559748427673","0.5560047562425684","0.6666666666666666","0.6106194690265486","0","500","0","2.4868995751603507E-14","1.2434497875801753E-13","true","true","true"
"1005","310005","B-good","false","500","310005","B-good","500","125","5000","0.9680589764391282","1","107","0.5344465996941341","0.5","11.8","25","0.9561698215712184","0.8144","4.640000000000007","0.5484","407.2","407.2","0.04","0","false","0.9680589764391282","1","0.856","0.9000000000000008","0.856","0.4989224137931034","0.5596758349705304","0.4444444444444444","0.5794392523364486","0","500","0","3.552713678800501E-14","9.237055564881302E-14","true","true","true"
"1006","310006","B-good","false","500","310006","B-good","500","125","5000","0.7317174011812813","1","91","0.5193441457639362","0.6","13.2","25","0.8274868849048984","0.7626","5.935000000000017","0.5368","381.3","381.3","0.168","0.2","false","0.7317174011812813","1","0.728","1.7000000000000015","0.728","0.4844144903117102","0.5531077891424075","0.5","0.5274725274725275","0","500","0","1.4210854715202004E-14","1.2789769243681803E-13","true","true","true"
"1000","310500","B-bad","true","500","310500","B-bad","500","125","5000","0.8814994686598714","1","36","0.7643881302908815","0.9","27.9","75","0.9686579697635652","0.935","1.6250000000000004","0.4986","32.5","97.3","0.032","0","false","0.8814994686598714","1","0.712","1.800000000000001","0.288","0.5050267379679144","0.40615384615384614","0.5955056179775281","0.3611111111111111","998","1498","0","8.881784197001252E-16","1.5543122344752192E-15","true","true","true"
"1007","310007","B-good","false","500","310007","B-good","500","125","5000","0.4009900990099009","0","74","0.6073363573008079","0.8","14.3","25","0.9915105194051594","0.881","2.9749999999999974","0.5516","440.5","440.5","0.016","0","false","0.4009900990099009","0","0.592","2.55","0.592","0.5008403361344538","0.5584562996594779","0.49019607843137253","0.4864864864864865","0","500","0","2.4868995751603507E-14","2.1316282072803006E-14","true","true","true"
"1008","310008","B-good","false","500","310008","B-good","500","125","5000","0.6905480615036318","1","84","0.6005946280885169","0.75","12.3","25","0.9248580166700682","0.8262","4.3450000000000015","0.5384","413.1","413.1","0.066","0.1","false","0.6905480615036318","1","0.672","2.0500000000000016","0.672","0.4994246260069045","0.5465988864681676","0.5609756097560976","0.5238095238095238","0","500","0","2.1316282072803006E-14","1.5987211554602254E-14","true","true","true"
"1009","310009","B-good","false","500","310009","B-good","500","125","5000","0.2682825988187187","0","45","0.5765135759752562","0.6","13.7","25","0.9991568809081226","0.8554","3.6149999999999958","0.5532","427.7","427.7","0","0","false","0.2682825988187187","0","0.36","3.9999999999999947","0.36","0.5311203319502075","0.5569324292728548","0.4875","0.4444444444444444","0","500","0","1.7763568394002505E-14","2.4868995751603507E-14","true","true","true"
"1010","310010","B-good","false","500","310010","B-good","500","125","5000","0.5","0.5","68","0.6219265072440388","0.7","13.8","25","0.9978812207655665","0.8424","3.9399999999999986","0.5418","421.2","421.2","0.002","0","false","0.5","0.5","0.544","2.8499999999999988","0.544","0.4606598984771574","0.5569800569800569","0.45614035087719296","0.5","0","500","0","2.1316282072803006E-14","2.3092638912203256E-14","true","true","true"
"1011","310011","B-good","false","500","310011","B-good","500","125","5000","0.8588821376227943","1","71","0.5674449492690563","0.6","14.1","25","0.9203281454786035","0.8234","4.415000000000014","0.5528","411.7","411.7","0.084","0.1","false","0.8588821376227943","1","0.568","2.6999999999999993","0.568","0.507361268403171","0.5625455428710225","0.42592592592592593","0.5633802816901409","0","500","0","2.8421709430404007E-14","1.3855583347321954E-13","true","true","true"
"1012","310012","B-good","false","500","310012","B-good","500","125","5000","0.2682825988187187","0","39","0.6282729968017773","0.95","12.9","25","0.958871336705869","0.7634","5.915000000000013","0.5418","381.7","381.7","0.068","0","false","0.2682825988187187","0","0.312","4.299999999999994","0.312","0.5139475908706678","0.5504322766570605","0.4186046511627907","0.4358974358974359","0","500","0","2.8421709430404007E-14","6.572520305780927E-14","true","true","true"
"1013","310013","B-good","false","500","310013","B-good","500","125","5000","0.9009100727155935","1","81","0.5320229986773786","0.65","11.9","25","0.9442928809024226","0.8796","3.0100000000000007","0.5486","439.8","439.8","0.06","0.1","false","0.9009100727155935","1","0.648","2.200000000000001","0.648","0.5016611295681063","0.555025011368804","0.5","0.5679012345679012","0","500","0","1.7763568394002505E-14","1.0658141036401503E-14","true","true","true"
"1014","310014","B-good","false","500","310014","B-good","500","125","5000","0.9880470865159074","1","106","0.4943311196674701","0.5","13","25","0.821712534508514","0.7228","6.930000000000023","0.5378","361.4","361.4","0.166","0.2","false","0.9880470865159074","1","0.848","0.9500000000000008","0.848","0.5093795093795094","0.548699501936912","0.631578947368421","0.6037735849056604","0","500","0","2.8421709430404007E-14","1.4921397450962104E-13","true","true","true"
"1015","310015","B-good","false","500","310015","B-good","500","125","5000","0.9880470865159074","1","108","0.6585925086197361","0.7","15.1","25","0.9702377461271696","0.8402","3.9949999999999983","0.5482","420.1","420.1","0.03","0","false","0.9880470865159074","1","0.864","0.8500000000000008","0.864","0.5306633291614519","0.5515353487264937","0.47058823529411764","0.6018518518518519","0","500","0","1.4210854715202004E-14","2.3092638912203256E-14","true","true","true"
"1016","310016","B-good","false","500","310016","B-good","500","125","5000","0.9431811237123936","1","86","0.5373818232104719","0.65","13.6","25","0.920216720963156","0.7714","5.715000000000011","0.5398","385.7","385.7","0.078","0.1","false","0.9431811237123936","1","0.688","1.9500000000000017","0.688","0.5126859142607174","0.547835105003889","0.6410256410256411","0.5813953488372093","0","500","0","1.4210854715202004E-14","8.171241461241152E-14","true","true","true"
"1017","310017","B-good","false","500","310017","B-good","500","125","5000","0.3094519384963682","0","30","0.5622324923797083","0.65","15.4","25","0.8287889730241794","0.7648","5.880000000000028","0.5424","382.4","382.4","0.146","0.2","false","0.3094519384963682","0","0.24","4.749999999999992","0.24","0.5127551020408163","0.5515167364016736","0.5052631578947369","0.43333333333333335","0","500","0","1.7763568394002505E-14","1.3855583347321954E-13","true","true","true"
"1018","310018","B-good","false","500","310018","B-good","500","125","5000","0.832766961303352","1","84","0.5811746017068484","0.4","13.8","25","0.9916906742057691","0.8438","3.9050000000000002","0.55","421.9","421.9","0.018","0","false","0.832766961303352","1","0.672","2.0500000000000016","0.672","0.4852752880921895","0.561981512206684","0.4634146341463415","0.5476190476190477","0","500","0","1.4210854715202004E-14","2.8421709430404007E-14","true","true","true"
"1019","310019","B-good","false","500","310019","B-good","500","125","5000","0.9783898101507787","1","113","0.6427467937147924","0.85","15.8","25","0.9255855067897361","0.8396","4.010000000000015","0.5438","419.8","419.8","0.084","0.1","false","0.9783898101507787","1","0.904","0.6000000000000005","0.904","0.4925187032418953","0.5535969509290138","0.75","0.584070796460177","0","500","0","1.2434497875801753E-14","1.3855583347321954E-13","true","true","true"
"1020","310020","B-good","false","500","310020","B-good","500","125","5000","0.23076011223611606","0","32","0.5959670229441272","0.7","15","25","0.83667636721704","0.7348","6.63000000000001","0.5358","367.4","367.4","0.122","0.1","false","0.23076011223611606","0","0.256","4.649999999999992","0.256","0.5203619909502263","0.5413718018508438","0.5161290322580645","0.40625","0","500","0","1.7763568394002505E-14","5.6843418860808015E-14","true","true","true"
"1021","310021","B-good","false","500","310021","B-good","500","125","5000","0.11850053134012864","0","30","0.5983738360157534","0.75","13.3","25","0.9986710186867134","0.871","3.2249999999999956","0.5462","435.5","435.5","0.002","0","false","0.11850053134012864","0","0.24","4.749999999999992","0.24","0.4744186046511628","0.5568312284730195","0.4842105263157895","0.3333333333333333","0","500","0","1.4210854715202004E-14","2.4868995751603507E-14","true","true","true"
"1022","310022","B-good","false","500","310022","B-good","500","125","5000","0.9946080309222399","1","116","0.5681019222113292","0.8","12.8","25","0.9449805636361678","0.7774","5.565000000000012","0.5356","388.7","388.7","0.04","0","false","0.9946080309222399","1","0.928","0.4500000000000004","0.928","0.4806828391734052","0.5513249292513507","0.3333333333333333","0.6120689655172413","0","500","0","2.8421709430404007E-14","1.0658141036401503E-13","true","true","true"
"1024","310024","B-good","false","500","310024","B-good","500","125","5000","0.9680589764391282","1","85","0.5887101901502694","0.7","13.9","25","0.9824782601633185","0.8368","4.079999999999996","0.54","418.4","418.4","0.032","0","false","0.9680589764391282","1","0.68","2.0000000000000018","0.68","0.4852941176470588","0.5506692160611855","0.55","0.6","0","500","0","2.1316282072803006E-14","2.6645352591003757E-14","true","true","true"
"1023","310023","B-good","false","500","310023","B-good","500","125","5000","0.353883495145631","0","87","0.5427406477435655","0.65","12.5","25","0.8763350668624893","0.7724","5.690000000000011","0.5292","386.2","386.2","0.116","0.1","false","0.353883495145631","0","0.696","1.9000000000000017","0.696","0.5","0.5378042465044018","0.5","0.4827586206896552","0","500","0","5.329070518200751E-15","1.4921397450962104E-13","true","true","true"
"1025","310025","B-good","false","500","310025","B-good","500","125","5000","0.9980162717648575","1","103","0.5673163290517909","0.6","13.6","25","0.7082672631208122","0.6532","8.670000000000048","0.54","326.6","326.6","0.292","0.3","false","0.9980162717648575","1","0.824","1.100000000000001","0.824","0.5265282583621684","0.5471524800979792","0.4090909090909091","0.6504854368932039","0","500","0","1.4210854715202004E-14","1.5631940186722204E-13","true","true","true"
"1026","310026","B-good","false","500","310026","B-good","500","125","5000","0.9991100672591223","1","99","0.5882438048075864","0.7","14.5","25","0.8721453541950348","0.7794","5.5150000000000166","0.5396","389.7","389.7","0.134","0.1","false","0.9991100672591223","1","0.792","1.3000000000000012","0.792","0.499546690843155","0.5509366179112137","0.5","0.6767676767676768","0","500","0","1.5987211554602254E-14","1.1013412404281553E-13","true","true","true"
"1027","310027","B-good","false","500","310027","B-good","500","125","5000","0.3094519384963682","0","40","0.5458530720070623","0.45","13.3","25","0.9071976548072509","0.7966","5.08500000000001","0.5492","398.3","398.3","0.078","0.1","false","0.3094519384963682","0","0.32","4.249999999999994","0.32","0.5083579154375615","0.5596284207883505","0.43529411764705883","0.45","0","500","0","2.1316282072803006E-14","5.5067062021407764E-14","true","true","true"
"1028","310028","B-good","false","500","310028","B-good","500","125","5000","0.5","0.5","80","0.5130727302171382","0.4","12.1","25","0.9585436717206646","0.7642","5.895000000000006","0.5332","382.1","382.1","0.064","0","false","0.5","0.5","0.64","2.250000000000001","0.64","0.49957591178965227","0.5435749803716304","0.5333333333333333","0.5","0","500","0","3.552713678800501E-15","1.0658141036401503E-13","true","true","true"
"1029","310029","B-good","false","500","310029","B-good","500","125","5000","0.832766961303352","1","90","0.5644398746584527","0.65","13.4","25","0.9998420990647249","0.8866","2.834999999999998","0.5488","443.3","443.3","0","0","false","0.832766961303352","1","0.72","1.7500000000000016","0.72","0.49206349206349204","0.556056846379427","0.6857142857142857","0.5444444444444444","0","500","0","8.881784197001252E-15","1.7763568394002505E-14","true","true","true"
"1030","310030","B-good","false","500","310030","B-good","500","125","5000","0.44999999999999996","0","49","0.5919960534658465","0.7","13.2","25","0.9823049272254789","0.7888","5.279999999999999","0.543","394.4","394.4","0.03","0","false","0.44999999999999996","0","0.392","3.7999999999999954","0.392","0.48863636363636365","0.5575557809330629","0.40789473684210525","0.4897959183673469","0","500","0","2.8421709430404007E-14","4.440892098500626E-14","true","true","true"
"1031","310031","B-good","false","500","310031","B-good","500","125","5000","0.55","1","37","0.5416246627983026","0.4","12.6","25","0.8224207614122643","0.7276","6.810000000000015","0.532","363.8","363.8","0.184","0.2","false","0.55","1","0.296","4.399999999999993","0.296","0.49412628487518356","0.5461792193512919","0.5113636363636364","0.5135135135135135","0","500","0","1.0658141036401503E-14","4.440892098500626E-14","true","true","true"
"1032","310032","B-good","false","500","310032","B-good","500","125","5000","0.9934177025814358","1","111","0.5222312568925274","0.5","12.6","25","0.9135484899041353","0.6936","7.66000000000002","0.532","346.8","346.8","0.102","0.1","false","0.9934177025814358","1","0.888","0.7000000000000006","0.888","0.49673629242819844","0.5475778546712803","0.5","0.6126126126126126","0","500","0","2.4868995751603507E-14","1.2079226507921703E-13","true","true","true"
"1033","310033","B-good","false","500","310033","B-good","500","125","5000","0.9530265597482369","1","101","0.6660065506757507","0.85","14","25","0.999708037984313","0.9294","1.7650000000000001","0.5528","464.7","464.7","0","0","false","0.9530265597482369","1","0.808","1.200000000000001","0.808","0.47875354107648727","0.5584247901872176","0.7083333333333334","0.5742574257425742","0","500","0","1.4210854715202004E-14","1.0658141036401503E-14","true","true","true"
"1034","310034","B-good","false","500","310034","B-good","500","125","5000","0.9783898101507787","1","111","0.6540804216511501","0.75","14.8","25","0.89593666292862","0.7596","6.010000000000028","0.5366","379.8","379.8","0.132","0.1","false","0.9783898101507787","1","0.888","0.7000000000000006","0.888","0.49916805324459235","0.5484465508162191","0.5","0.5855855855855856","0","500","0","1.7763568394002505E-14","1.5631940186722204E-13","true","true","true"
"1035","310035","B-good","false","500","310035","B-good","500","125","5000","0.832766961303352","1","78","0.4519893976002637","0.35","11.8","25","0.9251699823514471","0.7614","5.965000000000021","0.5344","380.7","380.7","0.092","0.1","false","0.832766961303352","1","0.624","2.3500000000000005","0.624","0.4786253143336127","0.5518781192540058","0.44680851063829785","0.5512820512820513","0","500","0","1.4210854715202004E-14","1.1368683772161603E-13","true","true","true"
"1036","310036","B-good","false","500","310036","B-good","500","125","5000","0.353883495145631","0","37","0.6228750792447857","0.65","13","25","0.913922531244939","0.7928","5.180000000000012","0.5432","396.4","396.4","0.082","0.1","false","0.353883495145631","0","0.296","4.399999999999993","0.296","0.502895752895753","0.5537336024217961","0.5227272727272727","0.4594594594594595","0","500","0","2.1316282072803006E-14","1.0658141036401503E-13","true","true","true"
"1037","310037","B-good","false","500","310037","B-good","500","125","5000","0.5","0.5","56","0.451815042003342","0.35","12.4","25","0.9069573249951134","0.776","5.600000000000016","0.541","388","388","0.096","0.1","false","0.5","0.5","0.448","3.4499999999999966","0.448","0.48392857142857143","0.5574742268041237","0.5652173913043478","0.5","0","500","0","3.197442310920451E-14","1.3145040611561853E-13","true","true","true"
"1038","310038","B-good","false","500","310038","B-good","500","125","5000","0.8029278364278081","1","53","0.582123708629396","0.65","13.7","25","0.9945520936263913","0.8508","3.729999999999998","0.545","425.4","425.4","0.012","0","false","0.8029278364278081","1","0.424","3.599999999999996","0.424","0.5214477211796247","0.5491302303714152","0.4444444444444444","0.5660377358490566","0","500","0","1.2434497875801753E-14","1.5987211554602254E-14","true","true","true"
"1039","310039","B-good","false","500","310039","B-good","500","125","5000","0.9174389747697416","1","84","0.5769380437847598","0.6","13.5","25","0.978415681627858","0.8218","4.455000000000006","0.5524","410.9","410.9","0.034","0","false","0.9174389747697416","1","0.672","2.0500000000000016","0.672","0.510662177328844","0.5614504745680214","0.5121951219512195","0.5714285714285714","0","500","0","2.8421709430404007E-14","6.217248937900877E-14","true","true","true"
"1040","310040","B-good","false","500","310040","B-good","500","125","5000","0.06857938137677946","0","37","0.5777988956755229","0.6","13","25","0.7935446500628991","0.7654","5.865000000000018","0.5362","382.7","382.7","0.194","0.2","false","0.06857938137677946","0","0.296","4.399999999999993","0.296","0.4961636828644501","0.5484713875097988","0.45454545454545453","0.32432432432432434","0","500","0","1.7763568394002505E-14","1.2434497875801753E-13","true","true","true"
"1041","310041","B-good","false","500","310041","B-good","500","125","5000","0.6905480615036318","1","82","0.5560301838411152","0.7","12.1","25","0.9135534942717893","0.8326","4.185000000000011","0.5406","416.3","416.3","0.086","0.1","false","0.6905480615036318","1","0.656","2.1500000000000012","0.656","0.4922341696535245","0.5503242853711265","0.4186046511627907","0.524390243902439","0","500","0","1.5987211554602254E-14","1.1368683772161603E-13","true","true","true"
"1042","310042","B-good","false","500","310042","B-good","500","125","5000","0.6905480615036318","1","70","0.5656835945367674","0.7","12.4","25","0.9524665438032601","0.7962","5.095000000000004","0.5328","398.1","398.1","0.082","0","false","0.6905480615036318","1","0.56","2.749999999999999","0.56","0.4955839057899902","0.5423260487314745","0.5636363636363636","0.5285714285714286","0","500","0","7.105427357601002E-15","8.526512829121202E-14","true","true","true"
"1043","310043","B-good","false","500","310043","B-good","500","125","5000","0.9737137791228572","1","116","0.6002697515041598","0.8","12.1","25","0.9991883715119521","0.8748","3.1299999999999972","0.5468","437.4","437.4","0","0","false","0.9737137791228572","1","0.928","0.4500000000000004","0.928","0.4968051118210863","0.5539551897576589","0.4444444444444444","0.5775862068965517","0","500","0","1.7763568394002505E-14","1.687538997430238E-14","true","true","true"
"1044","310044","B-good","false","500","310044","B-good","500","125","5000","0.3094519384963682","0","36","0.5668750788375165","0.7","14.6","25","0.9054910168980062","0.8222","4.445000000000016","0.5428","411.1","411.1","0.092","0.1","false","0.3094519384963682","0","0.288","4.449999999999993","0.288","0.5016872890888638","0.5516905862320604","0.4157303370786517","0.4444444444444444","0","500","0","1.4210854715202004E-14","1.5276668818842154E-13","true","true","true"
"1045","310045","B-good","false","500","310045","B-good","500","125","5000","0.9314206186232206","1","71","0.510681133157344","0.45","11.7","25","0.9982073430060454","0.8562","3.5949999999999944","0.555","428.1","428.1","0.004","0","false","0.9314206186232206","1","0.568","2.6999999999999993","0.568","0.541029207232267","0.5573464143891614","0.5370370370370371","0.5915492957746479","0","500","0","2.4868995751603507E-14","2.5757174171303632E-14","true","true","true"
"1046","310046","B-good","false","500","310046","B-good","500","125","5000","0.9737137791228572","1","82","0.5089189141657847","0.45","12.4","25","0.9020092371511657","0.765","5.875000000000009","0.5478","382.5","382.5","0.098","0.1","false","0.9737137791228572","1","0.656","2.1500000000000012","0.656","0.49617021276595746","0.5636601307189543","0.3953488372093023","0.6097560975609756","0","500","0","3.197442310920451E-14","1.2789769243681803E-13","true","true","true"
"1047","310047","B-good","false","500","310047","B-good","500","125","5000","0.9854295854981023","1","111","0.6039683010815363","0.8","12.5","25","0.9394479963872235","0.7906","5.2350000000000065","0.5386","395.3","395.3","0.08","0.1","false","0.9854295854981023","1","0.888","0.7000000000000006","0.888","0.4909264565425024","0.551226916266127","0.35714285714285715","0.5945945945945946","0","500","0","3.197442310920451E-14","9.592326932761353E-14","true","true","true"
"1048","310048","B-good","false","500","310048","B-good","500","125","5000","0.353883495145631","0","31","0.5405843127983295","0.55","12.4","25","0.700123845808755","0.6506","8.735000000000028","0.525","325.3","325.3","0.338","0.4","false","0.353883495145631","0","0.248","4.699999999999992","0.248","0.4962793360045793","0.5404242237934215","0.46808510638297873","0.45161290322580644","0","500","0","3.197442310920451E-14","7.460698725481052E-14","true","true","true"
"1049","310049","B-good","false","500","310049","B-good","500","125","5000","0.5990099009900991","1","64","0.4594164657527443","0.35","10.8","25","0.855613101736193","0.7492","6.270000000000026","0.5414","374.6","374.6","0.166","0.2","false","0.5990099009900991","1","0.512","3.049999999999998","0.512","0.5039872408293461","0.5539241857981847","0.39344262295081966","0.515625","0","500","0","1.4210854715202004E-14","1.4921397450962104E-13","true","true","true"
"1050","310050","B-good","false","500","310050","B-good","500","125","5000","0.55","1","69","0.5600336010771148","0.6","13.7","25","0.9235345666339401","0.8074","4.814999999999996","0.5382","403.7","403.7","0.082","0","false","0.55","1","0.552","2.799999999999999","0.552","0.505711318795431","0.5459499628436958","0.48214285714285715","0.5072463768115942","0","500","0","2.1316282072803006E-14","2.3092638912203256E-14","true","true","true"
"1051","310051","B-good","false","500","310051","B-good","500","125","5000","0.9994040845868052","1","109","0.5968287831335958","0.7","14.2","25","0.8322337321886317","0.7192","7.020000000000017","0.5358","359.6","359.6","0.166","0.2","false","0.9994040845868052","1","0.872","0.8000000000000007","0.872","0.5235042735042735","0.5406006674082313","0.375","0.6697247706422018","0","500","0","8.881784197001252E-15","9.947598300641403E-14","true","true","true"
"1052","310052","B-good","false","500","310052","B-good","500","125","5000","0.4009900990099009","0","44","0.539446599694134","0.55","11.9","25","0.8898461594512597","0.7926","5.185000000000015","0.545","396.3","396.3","0.122","0.2","false","0.4009900990099009","0","0.352","4.0499999999999945","0.352","0.5149469623915139","0.5528639919253091","0.49382716049382713","0.4772727272727273","0","500","0","1.7763568394002505E-14","1.3500311979441904E-13","true","true","true"
"1053","310053","B-good","false","500","310053","B-good","500","125","5000","0.3094519384963682","0","40","0.6558495201004866","0.7","15.1","25","0.8981150306161843","0.7748","5.630000000000022","0.5358","387.4","387.4","0.134","0.2","false","0.3094519384963682","0","0.32","4.249999999999994","0.32","0.5079928952042628","0.5438822922044398","0.5411764705882353","0.45","0","500","0","1.7763568394002505E-14","1.2079226507921703E-13","true","true","true"
"1054","310054","B-good","false","500","310054","B-good","500","125","5000","0.9955840597339484","1","103","0.5160506965934755","0.55","12.7","25","0.9667938857257168","0.8288","4.280000000000003","0.5428","414.4","414.4","0.034","0","false","0.9955840597339484","1","0.824","1.100000000000001","0.824","0.4941588785046729","0.5528474903474904","0.5454545454545454","0.6310679611650486","0","500","0","1.4210854715202004E-14","5.1514348342607263E-14","true","true","true"
"1055","310055","B-good","false","500","310055","B-good","500","125","5000","0.646116504854369","1","59","0.6358248379767101","0.75","13.6","25","0.907646672682365","0.7364","6.590000000000023","0.5352","368.2","368.2","0.132","0.1","false","0.646116504854369","1","0.472","3.299999999999997","0.472","0.4969650986342944","0.548886474741988","0.4393939393939394","0.5254237288135594","0","500","0","1.7763568394002505E-14","1.0658141036401503E-13","true","true","true"
"1056","310056","B-good","false","500","310056","B-good","500","125","5000","0.8588821376227943","1","75","0.6105786734295641","0.75","13.5","25","0.9956728672094426","0.8832","2.9199999999999973","0.544","441.6","441.6","0.01","0","false","0.8588821376227943","1","0.6","2.5","0.6","0.476027397260274","0.5529891304347826","0.44","0.56","0","500","0","1.0658141036401503E-14","2.4868995751603507E-14","true","true","true"
"1057","310057","B-good","false","500","310057","B-good","500","125","5000","0.167233038696648","0","46","0.5967412198912442","0.75","13.8","25","0.8943496666707949","0.7642","5.895000000000019","0.5438","382.1","382.1","0.106","0.1","false","0.167233038696648","0","0.368","3.949999999999995","0.368","0.49703138252756573","0.5582308296257524","0.6075949367088608","0.41304347826086957","0","500","0","1.4210854715202004E-14","1.3855583347321954E-13","true","true","true"
"1058","310058","B-good","false","500","310058","B-good","500","125","5000","0.2682825988187187","0","75","0.5416346491628155","0.65","13.3","25","0.8212825832909836","0.7108","7.230000000000021","0.537","355.4","355.4","0.18","0.2","false","0.2682825988187187","0","0.6","2.5","0.6","0.5145228215767634","0.5461451885199775","0.62","0.4666666666666667","0","500","0","1.7763568394002505E-14","1.4210854715202004E-13","true","true","true"
"1059","310059","B-good","false","500","310059","B-good","500","125","5000","0.4009900990099009","0","38","0.5146116504854369","0.55","13.3","25","0.9090469143020801","0.736","6.60000000000001","0.533","368","368","0.108","0.1","false","0.4009900990099009","0","0.304","4.349999999999993","0.304","0.47954545454545455","0.5521739130434783","0.4367816091954023","0.47368421052631576","0","500","0","2.1316282072803006E-14","7.460698725481052E-14","true","true","true"
"1060","310060","B-good","false","500","310060","B-good","500","125","5000","0.44999999999999996","0","59","0.5573275892077875","0.55","13.6","25","0.911581536857198","0.7778","5.555000000000016","0.5536","388.9","388.9","0.086","0.1","false","0.44999999999999996","0","0.472","3.299999999999997","0.472","0.5193519351935193","0.5633839033170481","0.5303030303030303","0.4915254237288136","0","500","0","2.1316282072803006E-14","1.2789769243681803E-13","true","true","true"
"1061","310061","B-good","false","500","310061","B-good","500","125","5000","0.8814994686598715","1","94","0.5944312992848417","0.65","14","25","0.8028094867451768","0.6862","7.845000000000039","0.5302","343.1","343.1","0.2","0.2","false","0.8814994686598715","1","0.752","1.5500000000000014","0.752","0.4894837476099426","0.5488195861264937","0.5161290322580645","0.5531914893617021","0","500","0","1.7763568394002505E-14","1.5631940186722204E-13","true","true","true"
"1062","310062","B-good","false","500","310062","B-good","500","125","5000","0.9530265597482369","1","101","0.5138275943541919","0.55","11.5","25","0.9570051030294191","0.7754","5.614999999999999","0.5412","387.7","387.7","0.03","0","false","0.9530265597482369","1","0.808","1.200000000000001","0.808","0.4995547640249332","0.5532628320866649","0.7083333333333334","0.5742574257425742","0","500","0","1.4210854715202004E-14","3.375077994860476E-14","true","true","true"
"1063","310063","B-good","false","500","310063","B-good","500","125","5000","0.9174389747697416","1","90","0.6376308446444254","0.8","12.7","25","0.8940145996300982","0.838","4.050000000000013","0.5296","419","419","0.112","0.1","false","0.9174389747697416","1","0.72","1.7500000000000016","0.72","0.4802469135802469","0.5391408114558472","0.5142857142857142","0.5666666666666667","0","500","0","1.7763568394002505E-14","1.2434497875801753E-13","true","true","true"
"1064","310064","B-good","false","500","310064","B-good","500","125","5000","0.353883495145631","0","71","0.4969838210813228","0.45","12.8","25","0.8764952512254368","0.7432","6.420000000000023","0.5434","371.6","371.6","0.128","0.1","false","0.353883495145631","0","0.568","2.6999999999999993","0.568","0.5007788161993769","0.5581270182992465","0.5555555555555556","0.4788732394366197","0","500","0","1.2434497875801753E-14","1.3500311979441904E-13","true","true","true"
"1065","310065","B-good","false","500","310065","B-good","500","125","5000","0.8814994686598715","1","84","0.5254840784090795","0.45","13","25","0.7711701360749774","0.7028","7.4300000000000335","0.5272","351.4","351.4","0.238","0.3","false","0.8814994686598715","1","0.672","2.0500000000000016","0.672","0.49259757738896365","0.5418326693227091","0.43902439024390244","0.5595238095238095","0","500","0","8.881784197001252E-15","1.4566126083082054E-13","true","true","true"
"1066","310066","B-good","false","500","310066","B-good","500","125","5000","0.8029278364278081","1","79","0.5320541383750698","0.45","12.2","25","0.8997622923857884","0.7882","5.295000000000008","0.5474","394.1","394.1","0.118","0.1","false","0.8029278364278081","1","0.632","2.3000000000000007","0.632","0.5014164305949008","0.5597564070032987","0.5652173913043478","0.5443037974683544","0","500","0","2.4868995751603507E-14","9.592326932761353E-14","true","true","true"
"1067","310067","B-good","false","500","310067","B-good","500","125","5000","0.167233038696648","0","46","0.5458924561726598","0.55","13.3","25","0.9216243384257952","0.743","6.425000000000023","0.5278","371.5","371.5","0.058","0","false","0.167233038696648","0","0.368","3.949999999999995","0.368","0.4910505836575875","0.5405114401076716","0.43037974683544306","0.41304347826086957","0","500","0","1.0658141036401503E-14","8.171241461241152E-14","true","true","true"
"1068","310068","B-good","false","500","310068","B-good","500","125","5000","0.9680589764391282","1","99","0.5153025574921029","0.55","13.9","25","0.9895487087766798","0.8786","3.034999999999998","0.5432","439.3","439.3","0.018","0","false","0.9680589764391282","1","0.792","1.3000000000000012","0.792","0.5189456342668863","0.5465513316640109","0.6538461538461539","0.5858585858585859","0","500","0","1.5987211554602254E-14","1.2434497875801753E-14","true","true","true"
"1069","310069","B-good","false","500","310069","B-good","500","125","5000","0.5990099009900991","1","64","0.4379696442205027","0.25","11.3","25","0.8939334905239091","0.7162","7.095000000000015","0.5302","358.1","358.1","0.134","0.1","false","0.5990099009900991","1","0.512","3.049999999999998","0.512","0.4918957011980268","0.5453783859257191","0.4262295081967213","0.515625","0","500","0","1.5987211554602254E-14","1.0302869668521453E-13","true","true","true"
"1070","310070","B-good","false","500","310070","B-good","500","125","5000","0.9955840597339484","1","107","0.6318387780987468","0.75","14.6","25","0.9595903315820793","0.8506","3.7350000000000088","0.5432","425.3","425.3","0.03","0","false","0.9955840597339484","1","0.856","0.9000000000000008","0.856","0.5020080321285141","0.550434987067952","0.3333333333333333","0.6261682242990654","0","500","0","8.881784197001252E-15","8.526512829121202E-14","true","true","true"
"1071","310071","B-good","false","500","310071","B-good","500","125","5000","0.167233038696648","0","46","0.558563533661899","0.7","11.3","25","0.7434175145663845","0.6642","8.39500000000003","0.5292","332.1","332.1","0.276","0.3","false","0.167233038696648","0","0.368","3.949999999999995","0.368","0.5092316855270994","0.5392953929539296","0.5316455696202531","0.41304347826086957","0","500","0","8.881784197001252E-15","1.5276668818842154E-13","true","true","true"
"1073","310073","B-good","false","500","310073","B-good","500","125","5000","0.9991100672591223","1","117","0.5103025574921028","0.5","12.8","25","0.7911589810471756","0.6798","8.005000000000033","0.53","339.9","339.9","0.204","0.2","false","0.9991100672591223","1","0.936","0.40000000000000036","0.936","0.5153029356652092","0.536922624301265","0.625","0.6495726495726496","0","500","0","4.440892098500626E-15","1.6697754290362354E-13","true","true","true"
"1072","310072","B-good","false","500","310072","B-good","500","125","5000","0.7692398877638839","1","70","0.6539056383423337","0.9","14","25","0.8556756684544571","0.7554","6.115000000000015","0.5368","377.7","377.7","0.15","0.1","false","0.7692398877638839","1","0.56","2.749999999999999","0.56","0.5020441537203598","0.5480540111199365","0.45454545454545453","0.5428571428571428","0","500","0","3.197442310920451E-14","1.2789769243681803E-13","true","true","true"
"1074","310074","B-good","false","500","310074","B-good","500","125","5000","0.999919849371754","1","115","0.5385889015677939","0.55","13.2","25","0.8372715308571014","0.7316","6.710000000000025","0.527","365.8","365.8","0.162","0.2","false","0.999919849371754","1","0.92","0.5000000000000004","0.92","0.47764530551415796","0.5451066156369601","0.6","0.7043478260869566","0","500","0","1.2434497875801753E-14","8.171241461241152E-14","true","true","true"
"1076","310076","B-good","false","500","310076","B-good","500","125","5000","0.9009100727155935","1","87","0.4957608102482708","0.45","11.8","25","0.7286256618538062","0.6464","8.84000000000004","0.526","323.2","323.2","0.308","0.3","false","0.9009100727155935","1","0.696","1.9000000000000017","0.696","0.5050904977375565","0.5374381188118812","0.5789473684210527","0.5632183908045977","0","500","0","1.0658141036401503E-14","1.2789769243681803E-13","true","true","true"
"1077","310077","B-good","false","500","310077","B-good","500","125","5000","0.5","0.5","54","0.6444611375646032","0.8","13.8","25","0.9064863939280492","0.859","3.5250000000000106","0.5478","429.5","429.5","0.096","0.1","false","0.5","0.5","0.432","3.5499999999999963","0.432","0.5049645390070922","0.5548311990686845","0.4647887323943662","0.5","0","500","0","1.7763568394002505E-14","1.0302869668521453E-13","true","true","true"
"1078","310078","B-good","false","500","310078","B-good","500","125","5000","0.999821159956061","1","111","0.45490527779913065","0.3","11.8","25","0.6693216157619795","0.6072","9.82000000000005","0.5212","303.6","303.6","0.316","0.4","false","0.999821159956061","1","0.888","0.7000000000000006","0.888","0.4893075356415479","0.5418313570487484","0.5","0.6936936936936937","0","500","0","1.4210854715202004E-14","1.7408297026122455E-13","true","true","true"
"1075","310075","B-good","false","500","310075","B-good","500","125","5000","0.9009100727155935","1","85","0.5835476865209751","0.65","14.7","25","0.8088330166707361","0.6812","7.970000000000036","0.5284","340.6","340.6","0.216","0.2","false","0.9009100727155935","1","0.68","2.0000000000000018","0.68","0.4918444165621079","0.5455079271873166","0.575","0.5647058823529412","0","500","0","1.0658141036401503E-14","1.1368683772161603E-13","true","true","true"
"1080","310080","B-good","false","500","310080","B-good","500","125","5000","0.9009100727155935","1","101","0.5712833854571605","0.5","13.5","25","0.9453009568021743","0.8046","4.885000000000006","0.5522","402.3","402.3","0.032","0","false","0.9009100727155935","1","0.808","1.200000000000001","0.808","0.5087001023541453","0.5627641063882675","0.5416666666666666","0.5544554455445545","0","500","0","1.7763568394002505E-14","7.638334409421077E-14","true","true","true"
"1079","310079","B-good","false","500","310079","B-good","500","125","5000","0.5","0.5","52","0.5283989519142993","0.55","12.2","25","0.8822633276971684","0.7696","5.760000000000018","0.533","384.8","384.8","0.112","0.1","false","0.5","0.5","0.416","3.649999999999996","0.416","0.4852430555555556","0.5472972972972973","0.589041095890411","0.5","0","500","0","7.105427357601002E-15","1.5276668818842154E-13","true","true","true"
"1081","310081","B-good","false","500","310081","B-good","500","125","5000","0.2682825988187187","0","51","0.5598054242272277","0.7","12.9","25","0.9980829190820698","0.8784","3.040000000000002","0.554","439.2","439.2","0.008","0","false","0.2682825988187187","0","0.408","3.6999999999999957","0.408","0.4967105263157895","0.5619307832422586","0.5135135135135135","0.45098039215686275","0","500","0","2.1316282072803006E-14","1.4210854715202004E-14","true","true","true"
"1082","310082","B-good","false","500","310082","B-good","500","125","5000","0.4009900990099009","0","58","0.5861725686685423","0.7","13.7","25","0.84852007056078","0.6984","7.540000000000019","0.5308","349.2","349.2","0.156","0.1","false","0.4009900990099009","0","0.464","3.349999999999997","0.464","0.5106100795755968","0.5395189003436426","0.417910447761194","0.4827586206896552","0","500","0","1.4210854715202004E-14","8.171241461241152E-14","true","true","true"
"1083","310083","B-good","false","500","310083","B-good","500","125","5000","0.3094519384963682","0","54","0.5294389571643017","0.5","14.3","25","0.8101828098357011","0.657","8.575000000000033","0.5232","328.5","328.5","0.196","0.2","false","0.3094519384963682","0","0.432","3.5499999999999963","0.432","0.4909620991253644","0.5400304414003044","0.49295774647887325","0.46296296296296297","0","500","0","2.1316282072803006E-14","1.4566126083082054E-13","true","true","true"
"1084","310084","B-good","false","500","310084","B-good","500","125","5000","0.4009900990099009","0","56","0.5267336590638054","0.55","12.2","25","0.9722083468008689","0.8284","4.289999999999993","0.532","414.2","414.2","0.016","0","false","0.4009900990099009","0","0.448","3.4499999999999966","0.448","0.4813519813519814","0.542491549975857","0.4782608695652174","0.48214285714285715","0","500","0","4.440892098500626E-15","2.398081733190338E-14","true","true","true"
"1085","310085","B-good","false","500","310085","B-good","500","125","5000","0.8588821376227943","1","71","0.5268249788753983","0.5","12.2","25","0.8498769658194533","0.7538","6.155000000000015","0.5352","376.9","376.9","0.152","0.2","false","0.8588821376227943","1","0.568","2.6999999999999993","0.568","0.4882209585702681","0.5505439108516847","0.48148148148148145","0.5633802816901409","0","500","0","1.7763568394002505E-14","1.3500311979441904E-13","true","true","true"
"1086","310086","B-good","false","500","310086","B-good","500","125","5000","0.832766961303352","1","98","0.6757776076853517","0.75","16.2","25","0.9597535423975083","0.8556","3.6100000000000008","0.545","427.8","427.8","0.062","0","false","0.832766961303352","1","0.784","1.3500000000000012","0.784","0.502770083102493","0.552127162225339","0.4444444444444444","0.5408163265306123","0","500","0","3.552713678800501E-14","1.2434497875801753E-14","true","true","true"
"1087","310087","B-good","false","500","310087","B-good","500","125","5000","0.9174389747697416","1","112","0.5052893396135729","0.6","12.3","25","0.8955069151652166","0.706","7.350000000000017","0.5404","353","353","0.116","0.1","false","0.9174389747697416","1","0.896","0.6500000000000006","0.896","0.4884353741496599","0.5620396600566572","0.5384615384615384","0.5535714285714286","0","500","0","2.8421709430404007E-14","1.4566126083082054E-13","true","true","true"
"1088","310088","B-good","false","500","310088","B-good","500","125","5000","0.9970395529930917","1","109","0.52002527892128","0.45","13.1","25","0.7551804013363049","0.6032","9.920000000000053","0.5298","301.6","301.6","0.302","0.3","false","0.9970395529930917","1","0.872","0.8000000000000007","0.872","0.5110887096774194","0.5421087533156499","0.5","0.6330275229357798","0","500","0","7.105427357601002E-15","1.1723955140041653E-13","true","true","true"
"1089","310089","B-good","false","500","310089","B-good","500","125","5000","0.9174389747697416","1","92","0.6202212598873723","0.85","14.6","25","0.83574688017205","0.695","7.625000000000026","0.5176","347.5","347.5","0.168","0.1","false","0.9174389747697416","1","0.736","1.6500000000000015","0.736","0.4918032786885246","0.5289208633093525","0.36363636363636365","0.5652173913043478","0","500","0","3.552713678800501E-15","1.3500311979441904E-13","true","true","true"
"1090","310090","B-good","false","500","310090","B-good","500","125","5000","0.7692398877638839","1","98","0.643692055083484","0.8","15.3","25","0.9951613455619759","0.88","3.000000000000002","0.5576","440","440","0.008","0","false","0.7692398877638839","1","0.784","1.3500000000000012","0.784","0.535","0.5606818181818182","0.5555555555555556","0.5306122448979592","0","500","0","1.7763568394002505E-14","1.4210854715202004E-14","true","true","true"
"1091","310091","B-good","false","500","310091","B-good","500","125","5000","0.55","1","71","0.5478883466157721","0.6","11.9","25","0.9997421382994466","0.9008","2.479999999999998","0.5616","450.4","450.4","0","0","false","0.55","1","0.568","2.6999999999999993","0.568","0.5241935483870968","0.5657193605683837","0.48148148148148145","0.5070422535211268","0","500","0","3.197442310920451E-14","2.4868995751603507E-14","true","true","true"
"1092","310092","B-good","false","500","310092","B-good","500","125","5000","0.353883495145631","0","73","0.5337067912010609","0.55","10.7","25","0.81508698810035","0.7042","7.395000000000026","0.5402","352.1","352.1","0.196","0.2","false","0.353883495145631","0","0.584","2.5999999999999996","0.584","0.5206220419202163","0.5484237432547572","0.4807692307692308","0.4794520547945205","0","500","0","1.2434497875801753E-14","1.2079226507921703E-13","true","true","true"
"1093","310093","B-good","false","500","310093","B-good","500","125","5000","0.6905480615036318","1","76","0.5692035407570388","0.6","14.6","25","0.8270695760074226","0.668","8.300000000000043","0.537","334","334","0.178","0.1","false","0.6905480615036318","1","0.608","2.45","0.608","0.5108433734939759","0.55","0.5306122448979592","0.5263157894736842","0","500","0","2.1316282072803006E-14","1.5276668818842154E-13","true","true","true"
"1094","310094","B-good","false","500","310094","B-good","500","125","5000","0.2682825988187187","0","55","0.5424537580646625","0.55","13.3","25","0.8713214303668997","0.6958","7.60500000000003","0.5276","347.9","347.9","0.15","0.2","false","0.2682825988187187","0","0.44","3.4999999999999964","0.44","0.48717948717948717","0.545271629778672","0.5714285714285714","0.45454545454545453","0","500","0","8.881784197001252E-15","1.2434497875801753E-13","true","true","true"
"1095","310095","B-good","false","500","310095","B-good","500","125","5000","0.832766961303352","1","80","0.500289339613573","0.55","11.6","25","0.9689897995004987","0.808","4.800000000000011","0.5452","404","404","0.03","0","false","0.832766961303352","1","0.64","2.250000000000001","0.64","0.4791666666666667","0.560891089108911","0.4888888888888889","0.55","0","500","0","2.4868995751603507E-14","9.237055564881302E-14","true","true","true"
"1096","310096","B-good","false","500","310096","B-good","500","125","5000","0.7317174011812813","1","71","0.54846843683382","0.65","12.8","25","0.9282615880525047","0.77","5.750000000000009","0.5386","385","385","0.09","0.1","false","0.7317174011812813","1","0.568","2.6999999999999993","0.568","0.5060869565217392","0.5483116883116883","0.4444444444444444","0.5352112676056338","0","500","0","1.0658141036401503E-14","6.217248937900877E-14","true","true","true"
"1097","310097","B-good","false","500","310097","B-good","500","125","5000","0.9783898101507787","1","105","0.6690327345856014","0.85","14.2","25","0.9877907256501789","0.8458","3.855000000000003","0.5512","422.9","422.9","0.018","0","false","0.9783898101507787","1","0.84","1.0000000000000009","0.84","0.5356679636835279","0.5540316859777725","0.5","0.5904761904761905","0","500","0","4.263256414560601E-14","1.5987211554602254E-14","true","true","true"
"1098","310098","B-good","false","500","310098","B-good","500","125","5000","0.9431811237123936","1","90","0.6960603572746634","0.95","14.8","25","0.9827553955896988","0.8658","3.3550000000000066","0.5442","432.9","432.9","0.044","0","false","0.9431811237123936","1","0.72","1.7500000000000016","0.72","0.46944858420268254","0.5557865557865558","0.42857142857142855","0.5777777777777777","0","500","0","2.1316282072803006E-14","5.861977570020827E-14","true","true","true"
"1100","310100","B-good","false","500","310100","B-good","500","125","5000","0.9431811237123936","1","92","0.5765343616680758","0.7","12.9","25","0.9991748677561333","0.849","3.774999999999994","0.5516","424.5","424.5","0.004","0","false","0.9431811237123936","1","0.736","1.6500000000000015","0.736","0.4900662251655629","0.5625441696113074","0.5757575757575758","0.5760869565217391","0","500","0","1.7763568394002505E-14","2.6645352591003757E-14","true","true","true"
"1099","310099","B-good","false","500","310099","B-good","500","125","5000","0.9901990435157576","1","95","0.5780761742463458","0.75","12.7","25","0.9063557803960156","0.833","4.175000000000004","0.5458","416.5","416.5","0.086","0.1","false","0.9901990435157576","1","0.76","1.5000000000000013","0.76","0.4874251497005988","0.5575030012004802","0.36666666666666664","0.6210526315789474","0","500","0","2.4868995751603507E-14","5.3290705182007514E-14","true","true","true"
"1101","310101","B-good","false","500","310101","B-good","500","125","5000","0.9314206186232206","1","89","0.4973697444853961","0.5","11.8","25","0.8858606427397568","0.766","5.850000000000014","0.5402","383","383","0.13","0.1","false","0.9314206186232206","1","0.712","1.8000000000000016","0.712","0.48717948717948717","0.5563968668407311","0.5833333333333334","0.5730337078651685","0","500","0","3.552713678800501E-14","1.0302869668521453E-13","true","true","true"
"1102","310102","B-good","false","500","310102","B-good","500","125","5000","0.9431811237123936","1","82","0.581604552584925","0.75","14","25","0.9864725603989563","0.8506","3.7349999999999945","0.5464","425.3","425.3","0.01","0","false","0.9431811237123936","1","0.656","2.1500000000000012","0.656","0.4738955823293173","0.5591347284269927","0.4186046511627907","0.5853658536585366","0","500","0","2.1316282072803006E-14","2.6645352591003757E-14","true","true","true"
"1103","310103","B-good","false","500","310103","B-good","500","125","5000","0.6905480615036318","1","86","0.5744398746584528","0.75","12.8","25","0.9225509690500429","0.8054","4.865000000000004","0.5472","402.7","402.7","0.074","0.1","false","0.6905480615036318","1","0.688","1.9500000000000017","0.688","0.526207605344296","0.5522721629004221","0.4358974358974359","0.5232558139534884","0","500","0","2.1316282072803006E-14","7.283063041541027E-14","true","true","true"
"1104","310104","B-good","false","500","310104","B-good","500","125","5000","0.9980162717648575","1","123","0.5732674690126446","0.65","14","25","0.9534100635899992","0.8064","4.840000000000008","0.5354","403.2","403.2","0.052","0","false","0.9980162717648575","1","0.984","0.10000000000000009","0.984","0.4824380165289256","0.5481150793650794","1","0.6260162601626016","0","500","0","8.881784197001252E-15","6.039613253960852E-14","true","true","true"
"1105","310105","B-good","false","500","310105","B-good","500","125","5000","0.9854295854981023","1","105","0.6427874666992102","1","13.6","25","0.9553432244839042","0.815","4.625000000000001","0.546","407.5","407.5","0.082","0","false","0.9854295854981023","1","0.84","1.0000000000000009","0.84","0.5264864864864864","0.5504294478527607","0.6","0.6","0","500","0","2.4868995751603507E-14","2.1316282072803006E-14","true","true","true"
"1106","310106","B-good","false","500","310106","B-good","500","125","5000","0.6905480615036318","1","50","0.5994875663258322","0.75","14.3","25","0.9917226900275653","0.8694","3.265000000000007","0.5626","434.7","434.7","0.008","0","false","0.6905480615036318","1","0.4","3.7499999999999956","0.4","0.5114854517611026","0.5702783528870485","0.4666666666666667","0.54","0","500","0","2.1316282072803006E-14","5.5067062021407764E-14","true","true","true"
"1107","310107","B-good","false","500","310107","B-good","500","125","5000","0.5990099009900991","1","78","0.4801208447930624","0.4","12","25","0.850942727011885","0.699","7.525000000000027","0.5248","349.5","349.5","0.194","0.2","false","0.5990099009900991","1","0.624","2.3500000000000005","0.624","0.493687707641196","0.5381974248927038","0.5319148936170213","0.5128205128205128","0","500","0","8.881784197001252E-15","1.1013412404281553E-13","true","true","true"
"1108","310108","B-good","false","500","310108","B-good","500","125","5000","0.9975765116109027","1","112","0.5051762265498392","0.5","12.9","25","0.8455747913401165","0.7376","6.560000000000021","0.5338","368.8","368.8","0.142","0.2","false","0.9975765116109027","1","0.896","0.6500000000000006","0.896","0.5","0.545824295010846","0.46153846153846156","0.6339285714285714","0","500","0","1.2434497875801753E-14","1.1368683772161603E-13","true","true","true"
"1109","310109","B-good","false","500","310109","B-good","500","125","5000","0.8588821376227943","1","95","0.5784596280382137","0.75","13.7","25","0.8936255460553859","0.8088","4.78000000000001","0.5474","404.4","404.4","0.108","0.1","false","0.8588821376227943","1","0.76","1.5000000000000013","0.76","0.5073221757322176","0.5568743818001978","0.43333333333333335","0.5473684210526316","0","500","0","1.7763568394002505E-14","1.2079226507921703E-13","true","true","true"
"1110","310110","B-good","false","500","310110","B-good","500","125","5000","0.9955840597339484","1","99","0.5385351476247945","0.6","10.9","25","0.8578207148627248","0.6796","8.010000000000023","0.533","339.8","339.8","0.154","0.1","false","0.9955840597339484","1","0.792","1.3000000000000012","0.792","0.4887640449438202","0.5538552089464391","0.38461538461538464","0.6363636363636364","0","500","0","2.1316282072803006E-14","1.7408297026122455E-13","true","true","true"
"1111","310111","B-good","false","500","310111","B-good","500","125","5000","0.9530265597482369","1","73","0.5211020855078392","0.6","11.5","25","0.9169804201760355","0.831","4.225000000000006","0.5494","415.5","415.5","0.048","0","false","0.9530265597482369","1","0.584","2.5999999999999996","0.584","0.5159763313609468","0.5561973525872442","0.5384615384615384","0.6027397260273972","0","500","0","1.5987211554602254E-14","6.927791673660977E-14","true","true","true"
"1112","310112","B-good","false","500","310112","B-good","500","125","5000","0.599009900990099","1","66","0.46460288239241637","0.3","12.8","25","0.9049789173407806","0.7516","6.210000000000018","0.5356","375.8","375.8","0.108","0.1","false","0.599009900990099","1","0.528","2.9499999999999984","0.528","0.4919484702093398","0.5500266098988824","0.4576271186440678","0.5151515151515151","0","500","0","1.2434497875801753E-14","1.4566126083082054E-13","true","true","true"
"1113","310113","B-good","false","500","310113","B-good","500","125","5000","0.8588821376227943","1","63","0.5118702896955045","0.4","12.6","25","0.8845136926749755","0.8132","4.670000000000007","0.537","406.6","406.6","0.114","0.2","false","0.8588821376227943","1","0.504","3.099999999999998","0.504","0.49036402569593146","0.5477127397934087","0.43548387096774194","0.5714285714285714","0","500","0","1.4210854715202004E-14","3.375077994860476E-14","true","true","true"
"1114","310114","B-good","false","500","310114","B-good","500","125","5000","0.9530265597482369","1","99","0.4820541265652388","0.4","13.8","25","0.914815124737063","0.8138","4.655000000000006","0.5296","406.9","406.9","0.076","0.1","false","0.9530265597482369","1","0.792","1.3000000000000012","0.792","0.4715359828141783","0.5428852297861883","0.4230769230769231","0.5757575757575758","0","500","0","3.552713678800501E-15","7.283063041541027E-14","true","true","true"
"1115","310115","B-good","false","500","310115","B-good","500","125","5000","0.2682825988187187","0","85","0.6129900216215056","0.7","12.4","25","0.9100511412668404","0.8324","4.190000000000017","0.5386","416.2","416.2","0.102","0.1","false","0.2682825988187187","0","0.68","2.0000000000000018","0.68","0.4809069212410501","0.5502162421912542","0.375","0.47058823529411764","0","500","0","1.4210854715202004E-14","1.5987211554602254E-13","true","true","true"
"1117","310117","B-good","false","500","310117","B-good","500","125","5000","0.9822491904206395","1","110","0.5236634387136795","0.5","12.8","25","0.9147367062302167","0.805","4.875000000000009","0.554","402.5","402.5","0.084","0.1","false","0.9822491904206395","1","0.88","0.7500000000000007","0.88","0.5148717948717949","0.5634782608695652","0.6666666666666666","0.5909090909090909","0","500","0","2.1316282072803006E-14","4.263256414560601E-14","true","true","true"
"1116","310116","B-good","false","500","310116","B-good","500","125","5000","0.9314206186232206","1","101","0.456721892878763","0.4","11.1","25","0.8741619889450669","0.7","7.500000000000028","0.5216","350","350","0.142","0.1","false","0.9314206186232206","1","0.808","1.200000000000001","0.808","0.4846666666666667","0.5374285714285715","0.5833333333333334","0.5643564356435643","0","500","0","7.105427357601002E-15","1.4210854715202004E-13","true","true","true"
"1118","310118","B-good","false","500","310118","B-good","500","125","5000","0.2682825988187187","0","35","0.6426249179899166","0.9","14.9","25","0.8961791525349916","0.8406","3.9850000000000128","0.5504","420.3","420.3","0.08","0.1","false","0.2682825988187187","0","0.28","4.499999999999993","0.28","0.5018820577164367","0.5596002855103498","0.4666666666666667","0.42857142857142855","0","500","0","2.1316282072803006E-14","1.2789769243681803E-13","true","true","true"
"1119","310119","B-good","false","500","310119","B-good","500","125","5000","0.44999999999999996","0","65","0.518865215084901","0.55","12.7","25","0.8400091164731084","0.7134","7.165000000000028","0.5294","356.7","356.7","0.156","0.1","false","0.44999999999999996","0","0.52","2.9999999999999982","0.52","0.4842986741102582","0.5475189234650967","0.5333333333333333","0.49230769230769234","0","500","0","1.7763568394002505E-14","1.3500311979441904E-13","true","true","true"
"1120","310120","B-good","false","500","310120","B-good","500","125","5000","0.44999999999999996","0","49","0.6364233619898487","0.8","13.6","25","0.9988483053936902","0.8994","2.514999999999998","0.5476","449.7","449.7","0.006","0","false","0.44999999999999996","0","0.392","3.7999999999999954","0.392","0.4990059642147117","0.553035356904603","0.5","0.4897959183673469","0","500","0","1.4210854715202004E-14","2.220446049250313E-14","true","true","true"
"1121","310121","B-good","false","500","310121","B-good","500","125","5000","0.353883495145631","0","45","0.5231717401181281","0.55","13.3","25","0.9706281751334828","0.7084","7.290000000000012","0.5392","354.2","354.2","0.088","0.1","false","0.353883495145631","0","0.36","3.9999999999999947","0.36","0.5198902606310014","0.5471485036702428","0.6125","0.4666666666666667","0","500","0","4.440892098500626E-15","6.750155989720952E-14","true","true","true"
"1122","310122","B-good","false","500","310122","B-good","500","125","5000","0.8814994686598715","1","78","0.6346334795799271","0.85","15.4","25","0.9083215780843746","0.8704","3.2400000000000104","0.5484","435.2","435.2","0.098","0.1","false","0.8814994686598715","1","0.624","2.3500000000000005","0.624","0.5123456790123457","0.5537683823529411","0.425531914893617","0.5641025641025641","0","500","0","1.7763568394002505E-14","8.881784197001252E-14","true","true","true"
"1123","310123","B-good","false","500","310123","B-good","500","125","5000","0.9970395529930917","1","111","0.5024113481919416","0.45","13.3","25","0.7495403808347085","0.6672","8.32000000000003","0.5252","333.6","333.6","0.26","0.3","false","0.9970395529930917","1","0.888","0.7000000000000006","0.888","0.5132211538461539","0.5311750599520384","0.5","0.6306306306306306","0","500","0","5.329070518200751E-15","1.0658141036401503E-13","true","true","true"
"1124","310124","B-good","false","500","310124","B-good","500","125","5000","0.3094519384963682","0","74","0.5087285844532018","0.45","14","25","0.9815776998667353","0.7784","5.540000000000007","0.5412","389.2","389.2","0.032","0","false","0.3094519384963682","0","0.592","2.55","0.592","0.5081227436823105","0.5506166495375129","0.5294117647058824","0.47297297297297297","0","500","0","1.2434497875801753E-14","6.927791673660977E-14","true","true","true"
"1127","310127","B-good","false","500","310127","B-good","500","125","5000","0.9955840597339484","1","115","0.6102697515041597","0.9","14.1","25","0.8205267693977994","0.775","5.625000000000015","0.5372","387.5","387.5","0.166","0.2","false","0.9955840597339484","1","0.92","0.5000000000000004","0.92","0.49955555555555553","0.5481290322580645","0.2","0.6173913043478261","0","500","0","2.8421709430404007E-14","9.947598300641403E-14","true","true","true"
"1128","310128","B-good","false","500","310128","B-good","500","125","5000","0.4009900990099009","0","40","0.47575486413705387","0.4","11.3","25","0.8240686162807688","0.712","7.2000000000000295","0.5346","356","356","0.17","0.2","false","0.4009900990099009","0","0.32","4.249999999999994","0.32","0.49722222222222223","0.5497191011235955","0.5647058823529412","0.475","0","500","0","1.2434497875801753E-14","1.2434497875801753E-13","true","true","true"
"1126","310126","B-good","false","500","310126","B-good","500","125","5000","0.9783898101507787","1","87","0.5494525458053511","0.5","14","25","0.9122474978632524","0.8176","4.560000000000004","0.5524","408.8","408.8","0.092","0.1","false","0.9783898101507787","1","0.696","1.9000000000000017","0.696","0.5317982456140351","0.5569960861056752","0.631578947368421","0.6091954022988506","0","500","0","2.1316282072803006E-14","4.796163466380676E-14","true","true","true"
"1125","310125","B-good","false","500","310125","B-good","500","125","5000","0.9174389747697416","1","92","0.6060660328451172","0.85","13.8","25","0.809544563999775","0.7124","7.190000000000024","0.5258","356.2","356.2","0.192","0.2","false","0.9174389747697416","1","0.736","1.6500000000000015","0.736","0.4874826147426982","0.5412689500280741","0.48484848484848486","0.5652173913043478","0","500","0","1.7763568394002505E-14","1.3855583347321954E-13","true","true","true"
"1129","310129","B-good","false","500","310129","B-good","500","125","5000","0.9174389747697416","1","106","0.528856786348383","0.55","12.8","25","0.898950391541846","0.7826","5.435000000000011","0.5396","391.3","391.3","0.104","0.1","false","0.9174389747697416","1","0.848","0.9500000000000008","0.848","0.48022079116835326","0.5560950677229747","0.3684210526315789","0.5566037735849056","0","500","0","3.197442310920451E-14","7.638334409421077E-14","true","true","true"
"1130","310130","B-good","false","500","310130","B-good","500","125","5000","0.9901990435157576","1","95","0.5905716502520694","0.5","14.7","25","0.9251063760663124","0.8166","4.58500000000001","0.547","408.3","408.3","0.06","0","false","0.9901990435157576","1","0.76","1.5000000000000013","0.76","0.5179934569247546","0.5535145726181729","0.3333333333333333","0.6210526315789474","0","500","0","1.2434497875801753E-14","8.881784197001252E-14","true","true","true"
"1131","310131","B-good","false","500","310131","B-good","500","125","5000","0.9314206186232206","1","99","0.46981847908302327","0.4","13.5","25","0.8690288726552117","0.7622","5.945000000000022","0.543","381.1","381.1","0.144","0.2","false","0.9314206186232206","1","0.792","1.3000000000000012","0.792","0.5105130361648444","0.5531356599317765","0.46153846153846156","0.5656565656565656","0","500","0","1.4210854715202004E-14","1.1013412404281553E-13","true","true","true"
"1132","310132","B-good","false","500","310132","B-good","500","125","5000","0.8029278364278081","1","103","0.5072993538344168","0.5","12.1","25","0.8322613825117866","0.715","7.125000000000031","0.5412","357.5","357.5","0.172","0.2","false","0.8029278364278081","1","0.824","1.100000000000001","0.824","0.5143859649122807","0.5518881118881119","0.45454545454545453","0.5339805825242718","0","500","0","2.4868995751603507E-14","1.3500311979441904E-13","true","true","true"
"1133","310133","B-good","false","500","310133","B-good","500","125","5000","0.8814994686598715","1","94","0.5628262187983704","0.65","13.8","25","0.8239758857544001","0.7492","6.27000000000003","0.548","374.6","374.6","0.168","0.2","false","0.8814994686598715","1","0.752","1.5500000000000014","0.752","0.49362041467304624","0.5662039508809397","0.6129032258064516","0.5531914893617021","0","500","0","3.907985046680551E-14","1.5276668818842154E-13","true","true","true"
"1134","310134","B-good","false","500","310134","B-good","500","125","5000","0.9946080309222399","1","94","0.6215599509816165","0.75","13.6","25","0.8061853424778889","0.777","5.575000000000022","0.5368","388.5","388.5","0.172","0.2","false","0.9946080309222399","1","0.752","1.5500000000000014","0.752","0.49955156950672647","0.5474903474903475","0.3225806451612903","0.6382978723404256","0","500","0","2.1316282072803006E-14","1.2789769243681803E-13","true","true","true"
"1136","310136","B-good","false","500","310136","B-good","500","125","5000","0.9431811237123936","1","96","0.505494716517672","0.5","12.3","25","0.8038858052584109","0.6584","8.540000000000022","0.5196","329.2","329.2","0.19","0.2","false","0.9431811237123936","1","0.768","1.4500000000000013","0.768","0.4894613583138173","0.5352369380315918","0.5172413793103449","0.5729166666666666","0","500","0","1.2434497875801753E-14","1.5276668818842154E-13","true","true","true"
"1135","310135","B-good","false","500","310135","B-good","500","125","5000","0.4009900990099009","0","38","0.642859380082345","0.65","15.1","25","0.9949607234159208","0.8396","4.009999999999999","0.5398","419.8","419.8","0.016","0","false","0.4009900990099009","0","0.304","4.349999999999993","0.304","0.4800498753117207","0.5512148642210577","0.5747126436781609","0.47368421052631576","0","500","0","2.4868995751603507E-14","2.3092638912203256E-14","true","true","true"
"1137","310137","B-good","false","500","310137","B-good","500","125","5000","0.4009900990099009","0","44","0.5111389675914275","0.45","13.5","25","0.9637751840381785","0.8132","4.670000000000003","0.5476","406.6","406.6","0.068","0.1","false","0.4009900990099009","0","0.352","4.0499999999999945","0.352","0.5246252676659529","0.5528775209050664","0.5308641975308642","0.4772727272727273","0","500","0","2.1316282072803006E-14","6.394884621840902E-14","true","true","true"
"1138","310138","B-good","false","500","310138","B-good","500","125","5000","0.9822491904206395","1","86","0.5456894553131785","0.55","13.2","25","0.8334375348967022","0.703","7.4250000000000345","0.5378","351.5","351.5","0.194","0.2","false","0.9822491904206395","1","0.688","1.9500000000000017","0.688","0.4882154882154882","0.5587482219061166","0.4358974358974359","0.6162790697674418","0","500","0","3.197442310920451E-14","1.1723955140041653E-13","true","true","true"
"1139","310139","B-good","false","500","310139","B-good","500","125","5000","0.832766961303352","1","66","0.5396522693081678","0.45","13.7","25","0.8825366864787203","0.7636","5.910000000000022","0.5408","381.8","381.8","0.122","0.1","false","0.832766961303352","1","0.528","2.9499999999999984","0.528","0.511844331641286","0.5497642744892614","0.5084745762711864","0.5606060606060606","0","500","0","1.7763568394002505E-14","1.0658141036401503E-13","true","true","true"
"1140","310140","B-good","false","500","310140","B-good","500","125","5000","0.5","0.5","60","0.5744180397663805","0.7","13","25","0.9996809152151233","0.8456","3.859999999999997","0.551","422.8","422.8","0","0","false","0.5","0.5","0.48","3.2499999999999973","0.48","0.49870466321243523","0.5605487228003785","0.47692307692307695","0.5","0","500","0","1.5987211554602254E-14","2.5757174171303632E-14","true","true","true"
"1142","310142","B-good","false","500","310142","B-good","500","125","5000","0.9946080309222399","1","108","0.5946988040063423","0.65","11.8","25","0.8518881795640902","0.766","5.850000000000028","0.548","383","383","0.146","0.2","false","0.9946080309222399","1","0.864","0.8500000000000008","0.864","0.5051282051282051","0.5610966057441253","0.5294117647058824","0.6203703703703703","0","500","0","2.4868995751603507E-14","1.5987211554602254E-13","true","true","true"
"1141","310141","B-good","false","500","310141","B-good","500","125","5000","0.353883495145631","0","63","0.5340607522615801","0.55","14.6","25","0.9040296289876821","0.734","6.650000000000018","0.5364","367","367","0.092","0.1","false","0.353883495145631","0","0.504","3.099999999999998","0.504","0.4857142857142857","0.5547683923705722","0.5161290322580645","0.47619047619047616","0","500","0","3.197442310920451E-14","1.4566126083082054E-13","true","true","true"
"1144","310144","B-good","false","500","310144","B-good","500","125","5000","0.3094519384963682","0","80","0.5083687948663924","0.55","13.8","25","0.8812982090655792","0.7886","5.285000000000011","0.545","394.3","394.3","0.15","0.2","false","0.3094519384963682","0","0.64","2.250000000000001","0.64","0.49763481551561023","0.5576971848846056","0.4222222222222222","0.475","0","500","0","1.5987211554602254E-14","1.1368683772161603E-13","true","true","true"
"1143","310143","B-good","false","500","310143","B-good","500","125","5000","0.9174389747697416","1","90","0.514710660386427","0.6","12.9","25","0.9769459627822028","0.8","4.999999999999994","0.5346","400","400","0.024","0","false","0.9174389747697416","1","0.72","1.7500000000000016","0.72","0.5","0.54325","0.4857142857142857","0.5666666666666667","0","500","0","7.105427357601002E-15","1.9539925233402755E-14","true","true","true"
"1146","310146","B-good","false","500","310146","B-good","500","125","5000","0.44999999999999996","0","61","0.524751279209158","0.35","13.8","25","0.9806228047261545","0.8876","2.809999999999998","0.5406","443.8","443.8","0.008","0","false","0.44999999999999996","0","0.488","3.1999999999999975","0.488","0.49110320284697506","0.5468679585398828","0.53125","0.4918032786885246","0","500","0","2.1316282072803006E-14","2.3092638912203256E-14","true","true","true"
"1147","310147","B-good","false","500","310147","B-good","500","125","5000","0.9955840597339484","1","117","0.5908269620139788","0.65","12.8","25","0.9096239863384126","0.792","5.200000000000009","0.5388","396","396","0.09","0.1","false","0.9955840597339484","1","0.936","0.40000000000000036","0.936","0.5028846153846154","0.5482323232323232","0.875","0.6153846153846154","0","500","0","1.0658141036401503E-14","1.1723955140041653E-13","true","true","true"
"1148","310148","B-good","false","500","310148","B-good","500","125","5000","0.9009100727155935","1","91","0.5980694492106645","0.8","13.7","25","0.93689976322487","0.8414","3.965000000000002","0.5426","420.7","420.7","0.052","0","false","0.9009100727155935","1","0.728","1.7000000000000015","0.728","0.4930643127364439","0.5519372474447349","0.4411764705882353","0.5604395604395604","0","500","0","1.7763568394002505E-14","3.907985046680551E-14","true","true","true"
"1145","310145","B-good","false","500","310145","B-good","500","125","5000","0.832766961303352","1","76","0.5293976982077269","0.5","14.6","25","0.9498646277490614","0.8642","3.395000000000009","0.5542","432.1","432.1","0.048","0","false","0.832766961303352","1","0.608","2.45","0.608","0.508100147275405","0.5614441101596852","0.5510204081632653","0.5526315789473685","0","500","0","3.197442310920451E-14","7.105427357601002E-14","true","true","true"
"1149","310149","B-good","false","500","310149","B-good","500","125","5000","0.9880470865159074","1","100","0.5067996999541182","0.55","11.5","25","0.8134002747197874","0.684","7.9000000000000385","0.5386","342","342","0.208","0.2","false","0.9880470865159074","1","0.8","1.250000000000001","0.8","0.49746835443037973","0.5576023391812865","0.56","0.61","0","500","0","2.1316282072803006E-14","1.5276668818842154E-13","true","true","true"
"1151","310151","B-good","false","500","310151","B-good","500","125","5000","0.6905480615036318","1","32","0.571737841740134","0.7","13.5","25","0.9082137420625266","0.8014","4.965000000000012","0.5398","400.7","400.7","0.082","0.1","false","0.6905480615036318","1","0.256","4.649999999999992","0.256","0.49647532729103727","0.5505365610182181","0.5053763440860215","0.5625","0","500","0","1.7763568394002505E-14","1.4210854715202004E-13","true","true","true"
"1150","310150","B-good","false","500","310150","B-good","500","125","5000","0.9880470865159074","1","90","0.6158771557633675","0.8","14.1","25","0.8730585848985111","0.7454","6.3650000000000215","0.5362","372.7","372.7","0.142","0.1","false","0.9880470865159074","1","0.72","1.7500000000000016","0.72","0.5074626865671642","0.546015562114301","0.6571428571428571","0.6222222222222222","0","500","0","2.1316282072803006E-14","1.6342482922482304E-13","true","true","true"
"1153","310153","B-good","false","500","310153","B-good","500","125","5000","0.832766961303352","1","66","0.6083262771764681","0.6","13.9","25","0.8616832121098239","0.7542","6.145000000000023","0.5234","377.1","377.1","0.16","0.2","false","0.832766961303352","1","0.528","2.9499999999999984","0.528","0.4792514239218877","0.5377883850437549","0.5932203389830508","0.5606060606060606","0","500","0","1.4210854715202004E-14","1.1013412404281553E-13","true","true","true"
"1152","310152","B-good","false","500","310152","B-good","500","125","5000","0.44999999999999996","0","51","0.5676208418942713","0.8","13.9","25","0.8454129181019645","0.7482","6.295000000000005","0.5202","374.1","374.1","0.15","0.2","false","0.44999999999999996","0","0.408","3.6999999999999957","0.408","0.4781572676727562","0.5343491045175087","0.5135135135135135","0.49019607843137253","0","500","0","4.440892098500626E-15","9.592326932761353E-14","true","true","true"
"1154","310154","B-good","false","500","310154","B-good","500","125","5000","0.9822491904206395","1","90","0.601847586894353","0.65","14.9","25","0.9914152298260772","0.8338","4.155","0.5422","416.9","416.9","0.022","0","false","0.9822491904206395","1","0.72","1.7500000000000016","0.72","0.48736462093862815","0.5531302470616455","0.4","0.6111111111111112","0","500","0","2.1316282072803006E-14","1.0658141036401503E-14","true","true","true"
"1156","310156","B-good","false","500","310156","B-good","500","125","5000","0.8814994686598715","1","86","0.5217343977109261","0.5","14.6","25","0.8745939720311828","0.7816","5.4600000000000195","0.5426","390.8","390.8","0.114","0.1","false","0.8814994686598715","1","0.688","1.9500000000000017","0.688","0.48443223443223443","0.5588536335721597","0.5128205128205128","0.5581395348837209","0","500","0","2.8421709430404007E-14","1.1013412404281553E-13","true","true","true"
"1155","310155","B-good","false","500","310155","B-good","500","125","5000","0.7692398877638839","1","78","0.6709932438126059","0.75","15.3","25","0.9730977302663424","0.8212","4.469999999999998","0.5402","410.6","410.6","0.008","0","false","0.7692398877638839","1","0.624","2.3500000000000005","0.624","0.46868008948545864","0.5557720409157331","0.6170212765957447","0.5384615384615384","0","500","0","2.1316282072803006E-14","1.7763568394002505E-14","true","true","true"
"1158","310158","B-good","false","500","310158","B-good","500","125","5000","0.9919667203630474","1","88","0.5178455184209668","0.5","12.8","25","0.8111115738443605","0.6028","9.93000000000004","0.5196","301.4","301.4","0.222","0.2","false","0.9919667203630474","1","0.704","1.8500000000000016","0.704","0.4909365558912387","0.5384870603848706","0.5675675675675675","0.6363636363636364","0","500","0","1.4210854715202004E-14","1.4921397450962104E-13","true","true","true"
"1157","310157","B-good","false","500","310157","B-good","500","125","5000","0.832766961303352","1","86","0.5217948218274913","0.65","11.7","25","0.9492909503510871","0.7462","6.345000000000008","0.5254","373.1","373.1","0.068","0","false","0.832766961303352","1","0.688","1.9500000000000017","0.688","0.48857368006304175","0.5379254891450014","0.38461538461538464","0.5465116279069767","0","500","0","7.105427357601002E-15","9.237055564881302E-14","true","true","true"
"1159","310159","B-good","false","500","310159","B-good","500","125","5000","0.353883495145631","0","47","0.6125276520671068","0.8","13.8","25","0.9955469168359761","0.886","2.85","0.5452","443","443","0.01","0","false","0.353883495145631","0","0.376","3.899999999999995","0.376","0.49473684210526314","0.5516930022573363","0.41025641025641024","0.46808510638297873","0","500","0","8.881784197001252E-15","8.43769498715119E-15","true","true","true"
"1160","310160","B-good","false","500","310160","B-good","500","125","5000","0.9975765116109027","1","112","0.45381093244645426","0.4","12.2","25","0.7567539468632136","0.6872","7.820000000000026","0.53","343.6","343.6","0.266","0.3","false","0.9975765116109027","1","0.896","0.6500000000000006","0.896","0.5012787723785166","0.5430733410942957","0.38461538461538464","0.6339285714285714","0","500","0","5.329070518200751E-15","1.0658141036401503E-13","true","true","true"
"1161","310161","B-good","false","500","310161","B-good","500","125","5000","0.5","0.5","52","0.6256050929082808","0.8","13.8","25","0.8404183313901102","0.7914","5.215000000000014","0.536","395.7","395.7","0.14","0.1","false","0.5","0.5","0.416","3.649999999999996","0.416","0.4956855225311601","0.5466262319939348","0.4657534246575342","0.5","0","500","0","1.5987211554602254E-14","1.2434497875801753E-13","true","true","true"
"1162","310162","B-good","false","500","310162","B-good","500","125","5000","0.1970721635721919","0","37","0.4963991568507408","0.4","15.4","25","0.9724932558895715","0.765","5.874999999999998","0.5382","382.5","382.5","0.01","0","false","0.1970721635721919","0","0.296","4.399999999999993","0.296","0.49446808510638296","0.5516339869281046","0.4090909090909091","0.40540540540540543","0","500","0","1.7763568394002505E-14","5.1514348342607263E-14","true","true","true"
"1163","310163","B-good","false","500","310163","B-good","500","125","5000","0.9822491904206395","1","94","0.620935032717924","0.75","13.3","25","0.7983272044758498","0.7326","6.685000000000022","0.5342","366.3","366.3","0.208","0.3","false","0.9822491904206395","1","0.752","1.5500000000000014","0.752","0.4951383694839192","0.5484575484575485","0.5161290322580645","0.6063829787234043","0","500","0","2.1316282072803006E-14","1.1013412404281553E-13","true","true","true"
"1164","310164","B-good","false","500","310164","B-good","500","125","5000","0.2682825988187187","0","25","0.571440073390043","0.55","13","25","0.9597069479398928","0.8318","4.20500000000001","0.5482","415.9","415.9","0.054","0.1","false","0.2682825988187187","0","0.2","4.999999999999991","0.2","0.5089179548156956","0.556143303678769","0.44","0.4","0","500","0","2.1316282072803006E-14","9.237055564881302E-14","true","true","true"
"1165","310165","B-good","false","500","310165","B-good","500","125","5000","0.353883495145631","0","59","0.47113552356221977","0.35","12.6","25","0.9599374602033451","0.8284","4.289999999999994","0.541","414.2","414.2","0.042","0","false","0.353883495145631","0","0.472","3.299999999999997","0.472","0.4825174825174825","0.5531144374698214","0.5606060606060606","0.4745762711864407","0","500","0","1.5987211554602254E-14","2.6645352591003757E-14","true","true","true"
"1166","310166","B-good","false","500","310166","B-good","500","125","5000","0.2682825988187187","0","57","0.5751972177709985","0.65","13.9","25","0.910793403961707","0.8212","4.47000000000001","0.5506","410.6","410.6","0.084","0.1","false","0.2682825988187187","0","0.456","3.399999999999997","0.456","0.5078299776286354","0.5599123234291281","0.5","0.45614035087719296","0","500","0","2.4868995751603507E-14","1.1368683772161603E-13","true","true","true"
"1167","310167","B-good","false","500","310167","B-good","500","125","5000","0.44999999999999996","0","61","0.49094519384963675","0.55","11","25","0.9562028491292848","0.7342","6.645000000000015","0.5434","367.1","367.1","0.046","0","false","0.44999999999999996","0","0.488","3.1999999999999975","0.488","0.4996237772761475","0.5592481612639608","0.5","0.4918032786885246","0","500","0","1.5987211554602254E-14","7.815970093361102E-14","true","true","true"
"1168","310168","B-good","false","500","310168","B-good","500","125","5000","0.9431811237123936","1","86","0.5450796505443417","0.5","13.8","25","0.9273875141636667","0.7754","5.615000000000007","0.5354","387.7","387.7","0.086","0","false","0.9431811237123936","1","0.688","1.9500000000000017","0.688","0.5218165627782725","0.5393345370131545","0.38461538461538464","0.5813953488372093","0","500","0","7.105427357601002E-15","4.085620730620576E-14","true","true","true"
"1169","310169","B-good","false","500","310169","B-good","500","125","5000","0.2682825988187187","0","43","0.6036254499014557","0.6","14.8","25","0.8810958171504989","0.7766","5.5850000000000275","0.5494","388.3","388.3","0.128","0.1","false","0.2682825988187187","0","0.344","4.099999999999994","0.344","0.5138764547896151","0.5596188514035539","0.524390243902439","0.4418604651162791","0","500","0","2.4868995751603507E-14","1.4566126083082054E-13","true","true","true"
"1170","310170","B-good","false","500","310170","B-good","500","125","5000","0.646116504854369","1","75","0.48631175011205896","0.45","12.9","25","0.7777277832421765","0.6978","7.555000000000033","0.5368","348.9","348.9","0.238","0.3","false","0.646116504854369","1","0.6","2.5","0.6","0.5069490403706155","0.5497277156778446","0.54","0.52","0","500","0","1.7763568394002505E-14","1.0658141036401503E-13","true","true","true"
"1171","310171","B-good","false","500","310171","B-good","500","125","5000","0.8029278364278081","1","85","0.581828422904606","0.75","13.2","25","0.8917467843012666","0.7274","6.815000000000028","0.5352","363.7","363.7","0.14","0.1","false","0.8029278364278081","1","0.68","2.0000000000000018","0.68","0.4886280264123258","0.5526532856750068","0.475","0.5411764705882353","0","500","0","1.0658141036401503E-14","1.1013412404281553E-13","true","true","true"
"1172","310172","B-good","false","500","310172","B-good","500","125","5000","0.9822491904206395","1","72","0.6158179268117772","0.75","12.9","25","0.9774048694512754","0.844","3.8999999999999995","0.5358","422","422","0.018","0","false","0.9822491904206395","1","0.576","2.6499999999999995","0.576","0.48333333333333334","0.5454976303317536","0.5094339622641509","0.6388888888888888","0","500","0","1.4210854715202004E-14","2.5757174171303632E-14","true","true","true"
"1173","310173","B-good","false","500","310173","B-good","500","125","5000","0.9009100727155935","1","83","0.571145460434276","0.75","13.9","25","0.8832499050430453","0.7978","5.055000000000007","0.5394","398.9","398.9","0.126","0.1","false","0.9009100727155935","1","0.664","2.1000000000000014","0.664","0.5084075173095944","0.5472549511155678","0.5","0.5662650602409639","0","500","0","2.4868995751603507E-14","6.750155989720952E-14","true","true","true"
"1174","310174","B-good","false","500","310174","B-good","500","125","5000","0.5","0.5","102","0.5641257206874462","0.55","12.7","25","0.9405281431420704","0.7804","5.490000000000019","0.5558","390.2","390.2","0.068","0.1","false","0.5","0.5","0.816","1.150000000000001","0.816","0.5154826958105647","0.5671450538185546","0.5652173913043478","0.5","0","500","0","3.197442310920451E-14","1.3500311979441904E-13","true","true","true"
"1175","310175","B-good","false","500","310175","B-good","500","125","5000","0.832766961303352","1","72","0.4929864390226112","0.3","13.8","25","0.7822775706905873","0.7184","7.040000000000022","0.5432","359.2","359.2","0.212","0.2","false","0.832766961303352","1","0.576","2.6499999999999995","0.576","0.5213068181818182","0.5517817371937639","0.4716981132075472","0.5555555555555556","0","500","0","3.552713678800501E-14","1.5987211554602254E-13","true","true","true"
"1176","310176","B-good","false","500","310176","B-good","500","125","5000","0.3094519384963682","0","44","0.5166505379436706","0.6","13.1","25","0.979252022842588","0.7624","5.940000000000007","0.5512","381.2","381.2","0.032","0","false","0.3094519384963682","0","0.352","4.0499999999999945","0.352","0.531986531986532","0.5571878279118573","0.4444444444444444","0.45454545454545453","0","500","0","1.7763568394002505E-14","7.283063041541027E-14","true","true","true"
"1177","310177","B-good","false","500","310177","B-good","500","125","5000","0.6905480615036318","1","72","0.5858832290549693","0.65","14.9","25","0.9562537810373811","0.835","4.124999999999997","0.5542","417.5","417.5","0.036","0","false","0.6905480615036318","1","0.576","2.6499999999999995","0.576","0.5224242424242425","0.5604790419161677","0.39622641509433965","0.5277777777777778","0","500","0","3.907985046680551E-14","1.5987211554602254E-14","true","true","true"
"1178","310178","B-good","false","500","310178","B-good","500","125","5000","0.5","0.5","60","0.6140540041193816","0.8","13.7","25","0.9574610512482264","0.789","5.275000000000004","0.54","394.5","394.5","0.084","0.1","false","0.5","0.5","0.48","3.2499999999999973","0.48","0.5232227488151658","0.5444866920152092","0.5230769230769231","0.5","0","500","0","8.881784197001252E-15","5.861977570020827E-14","true","true","true"
"1179","310179","B-good","false","500","310179","B-good","500","125","5000","0.9680589764391282","1","111","0.5249923099106028","0.65","12.7","25","0.9946699907053773","0.8264","4.340000000000002","0.539","413.2","413.2","0.028","0","false","0.9680589764391282","1","0.888","0.7000000000000006","0.888","0.4976958525345622","0.547676669893514","0.7142857142857143","0.5765765765765766","0","500","0","4.440892098500626E-15","3.907985046680551E-14","true","true","true"
"1180","310180","B-good","false","500","310180","B-good","500","125","5000","0.9431811237123936","1","94","0.5424305121816884","0.55","13.2","25","0.6422743730357235","0.6194","9.515000000000049","0.5308","309.7","309.7","0.372","0.3","false","0.9431811237123936","1","0.752","1.5500000000000014","0.752","0.5144508670520231","0.5408459799806264","0.5483870967741935","0.574468085106383","0","500","0","3.197442310920451E-14","1.5987211554602254E-13","true","true","true"
"1181","310181","B-good","false","500","310181","B-good","500","125","5000","0.5990099009900991","1","60","0.5825913169128019","0.8","14.2","25","0.7410835810941044","0.6954","7.615000000000028","0.5208","347.7","347.7","0.24","0.2","false","0.5990099009900991","1","0.48","3.2499999999999973","0.48","0.5009848982271832","0.5294794362956572","0.6","0.5166666666666667","0","500","0","3.552713678800501E-15","1.7763568394002505E-13","true","true","true"
"1182","310182","B-good","false","500","310182","B-good","500","125","5000","0.9822491904206395","1","104","0.5637877275359496","0.7","13.9","25","0.7533945300289762","0.587","10.32500000000006","0.5234","293.5","293.5","0.316","0.3","false","0.9822491904206395","1","0.832","1.050000000000001","0.832","0.4891041162227603","0.5475298126064736","0.5238095238095238","0.5961538461538461","0","500","0","1.7763568394002505E-14","1.4921397450962104E-13","true","true","true"
"1183","310183","B-good","false","500","310183","B-good","500","125","5000","0.8814994686598715","1","86","0.6056949831023112","0.9","14","25","0.9974175501596848","0.866","3.3499999999999965","0.546","433","433","0.012","0","false","0.8814994686598715","1","0.688","1.9500000000000017","0.688","0.48507462686567165","0.5554272517321016","0.5128205128205128","0.5581395348837209","0","500","0","2.8421709430404007E-14","2.398081733190338E-14","true","true","true"
"1184","310184","B-good","false","500","310184","B-good","500","125","5000","0.7317174011812813","1","85","0.5386284974859341","0.5","12.5","25","0.999703744710064","0.8838","2.9049999999999967","0.5654","441.9","441.9","0","0","false","0.7317174011812813","1","0.68","2.0000000000000018","0.68","0.5129087779690189","0.5723014256619144","0.475","0.5294117647058824","0","500","0","3.552713678800501E-14","2.6645352591003757E-14","true","true","true"
"1185","310185","B-good","false","500","310185","B-good","500","125","5000","0.23076011223611606","0","50","0.5604008543467263","0.65","12.8","25","0.966787532436587","0.822","4.449999999999994","0.5372","411","411","0.028","0","false","0.23076011223611606","0","0.4","3.7499999999999956","0.4","0.47191011235955055","0.551338199513382","0.44","0.44","0","500","0","3.197442310920451E-14","2.5757174171303632E-14","true","true","true"
"1186","310186","B-good","false","500","310186","B-good","500","125","5000","0.5990099009900991","1","64","0.5705667812071301","0.65","12.3","25","0.8520640448480771","0.7186","7.03500000000002","0.5416","359.3","359.3","0.134","0.1","false","0.5990099009900991","1","0.512","3.049999999999998","0.512","0.5081734186211798","0.5546896743668244","0.4426229508196721","0.515625","0","500","0","2.8421709430404007E-14","1.1013412404281553E-13","true","true","true"
"1188","310188","B-good","false","500","310188","B-good","500","125","5000","0.3094519384963682","0","38","0.6110674438360191","0.85","12.6","25","0.6737983287029968","0.6982","7.545000000000021","0.5272","349.1","349.1","0.296","0.3","false","0.3094519384963682","0","0.304","4.349999999999993","0.304","0.4943671305500331","0.5413921512460613","0.5172413793103449","0.4473684210526316","0","500","0","2.1316282072803006E-14","1.3145040611561853E-13","true","true","true"
"1187","310187","B-good","false","500","310187","B-good","500","125","5000","0.9680589764391282","1","71","0.5959204038484923","0.7","12.9","25","0.8942591663832266","0.7526","6.185000000000009","0.5384","376.3","376.3","0.108","0.1","false","0.9680589764391282","1","0.568","2.6999999999999993","0.568","0.502021018593371","0.5503587563114536","0.46296296296296297","0.6197183098591549","0","500","0","1.5987211554602254E-14","5.3290705182007514E-14","true","true","true"
"1189","310189","B-good","false","500","310189","B-good","500","125","5000","0.9612361174447144","1","88","0.48875714438095547","0.45","13.8","25","0.8208220345823654","0.6952","7.6200000000000285","0.528","347.6","347.6","0.162","0.1","false","0.9612361174447144","1","0.704","1.8500000000000016","0.704","0.49081364829396323","0.5443037974683544","0.6486486486486487","0.5909090909090909","0","500","0","1.0658141036401503E-14","1.0658141036401503E-13","true","true","true"
"1190","310190","B-good","false","500","310190","B-good","500","125","5000","0.832766961303352","1","60","0.5918301266054427","0.8","12.3","25","0.895570243647905","0.8126","4.685000000000022","0.5292","406.3","406.3","0.122","0.1","false","0.832766961303352","1","0.48","3.2499999999999973","0.48","0.48986125933831376","0.5382722126507506","0.5538461538461539","0.5666666666666667","0","500","0","5.329070518200751E-15","8.881784197001252E-14","true","true","true"
"1191","310191","B-good","false","500","310191","B-good","500","125","5000","0.8814994686598715","1","92","0.627266093456823","0.8","14.8","25","0.8933723532111569","0.791","5.22500000000001","0.54","395.5","395.5","0.106","0.1","false","0.8814994686598715","1","0.736","1.6500000000000015","0.736","0.49282296650717705","0.5524652338811631","0.696969696969697","0.5543478260869565","0","500","0","2.4868995751603507E-14","1.2079226507921703E-13","true","true","true"
"1192","310192","B-good","false","500","310192","B-good","500","125","5000","0.9783898101507787","1","95","0.5061428806643385","0.5","11.9","25","0.8915804239286735","0.814","4.649999999999998","0.5322","407","407","0.076","0","false","0.9783898101507787","1","0.76","1.5000000000000013","0.76","0.5150537634408602","0.5361179361179361","0.6","0.6","0","500","0","5.329070518200751E-15","2.220446049250313E-14","true","true","true"
"1193","310193","B-good","false","500","310193","B-good","500","125","5000","0.3094519384963682","0","42","0.6851195910273128","0.8","15.1","25","0.9134566506097034","0.7256","6.860000000000028","0.5424","362.8","362.8","0.114","0","false","0.3094519384963682","0","0.336","4.149999999999994","0.336","0.5153061224489796","0.552646085997795","0.5060240963855421","0.4523809523809524","0","500","0","1.7763568394002505E-14","9.592326932761353E-14","true","true","true"
"1195","310195","B-good","false","500","310195","B-good","500","125","5000","0.9822491904206395","1","96","0.5272912420459999","0.6","12.7","25","0.644848956465975","0.5566","11.085000000000054","0.5212","278.3","278.3","0.37","0.4","false","0.9822491904206395","1","0.768","1.4500000000000013","0.768","0.5047361299052774","0.5343154868846568","0.5517241379310345","0.6041666666666666","0","500","0","4.440892098500626E-15","1.4566126083082054E-13","true","true","true"
"1194","310194","B-good","false","500","310194","B-good","500","125","5000","0.353883495145631","0","37","0.6327775395755516","0.7","14.7","25","0.9050482124618829","0.816","4.600000000000005","0.541","408","408","0.092","0.1","false","0.353883495145631","0","0.296","4.399999999999993","0.296","0.4891304347826087","0.5526960784313726","0.48863636363636365","0.4594594594594595","0","500","0","2.8421709430404007E-14","7.815970093361102E-14","true","true","true"
"1196","310196","B-good","false","500","310196","B-good","500","125","5000","0.9530265597482369","1","71","0.4324146291984151","0.2","12.4","25","0.7373025544686038","0.5992","10.020000000000042","0.5298","299.6","299.6","0.288","0.3","false","0.9530265597482369","1","0.568","2.6999999999999993","0.568","0.5089820359281437","0.5437249666221629","0.46296296296296297","0.6056338028169014","0","500","0","1.2434497875801753E-14","1.5276668818842154E-13","true","true","true"
"1197","310197","B-good","false","500","310197","B-good","500","125","5000","0.8029278364278081","1","87","0.5777465417074434","0.65","12.7","25","0.8549375314933627","0.7412","6.470000000000023","0.542","370.6","370.6","0.158","0.1","false","0.8029278364278081","1","0.696","1.9000000000000017","0.696","0.51854714064915","0.5501888828926066","0.39473684210526316","0.5402298850574713","0","500","0","1.0658141036401503E-14","1.2434497875801753E-13","true","true","true"
"1198","310198","B-good","false","500","310198","B-good","500","125","5000","0.9009100727155935","1","97","0.6226183654130162","0.8","14.3","25","0.9182119108228809","0.7806","5.48500000000001","0.5398","390.3","390.3","0.082","0.1","false","0.9009100727155935","1","0.776","1.4000000000000012","0.776","0.4676390154968095","0.5600819882141942","0.39285714285714285","0.5567010309278351","0","500","0","2.1316282072803006E-14","6.750155989720952E-14","true","true","true"
"1199","310199","B-good","false","500","310199","B-good","500","125","5000","0.2682825988187187","0","37","0.6308094980752592","0.8","14.3","25","0.8249305674394953","0.7844","5.39000000000003","0.5562","392.2","392.2","0.162","0.2","false","0.2682825988187187","0","0.296","4.399999999999993","0.296","0.5083487940630798","0.5693523712391637","0.5","0.43243243243243246","0","500","0","2.4868995751603507E-14","1.3500311979441904E-13","true","true","true"
"1200","310200","B-good","false","500","310200","B-good","500","125","5000","0.1411178623772057","0","31","0.5410778048277416","0.6","13.9","25","0.9055505243822595","0.853","3.6750000000000087","0.5568","426.5","426.5","0.088","0.1","false","0.1411178623772057","0","0.248","4.699999999999992","0.248","0.5333333333333333","0.5608440797186401","0.5638297872340425","0.3548387096774194","0","500","0","2.4868995751603507E-14","7.815970093361102E-14","true","true","true"
"1201","310201","B-good","false","500","310201","B-good","500","125","5000","0.55","1","73","0.4960733957448179","0.5","11.1","25","0.7859267311303907","0.702","7.45000000000004","0.536","351","351","0.2","0.3","false","0.55","1","0.584","2.5999999999999996","0.584","0.4919463087248322","0.5547008547008547","0.5769230769230769","0.5068493150684932","0","500","0","2.4868995751603507E-14","1.3500311979441904E-13","true","true","true"
"1203","310203","B-good","false","500","310203","B-good","500","125","5000","0.23076011223611606","0","32","0.558552794758861","0.6","13.6","25","0.9627216975657549","0.767","5.825000000000004","0.5354","383.5","383.5","0.06","0","false","0.23076011223611606","0","0.256","4.649999999999992","0.256","0.4918454935622318","0.5486310299869622","0.5053763440860215","0.40625","0","500","0","8.881784197001252E-15","4.618527782440651E-14","true","true","true"
"1204","310204","B-good","false","500","310204","B-good","500","125","5000","0.9530265597482369","1","91","0.5923459393680661","0.8","14","25","0.9704017254344629","0.8654","3.364999999999996","0.5362","432.7","432.7","0.038","0","false","0.9530265597482369","1","0.728","1.7000000000000015","0.728","0.487369985141159","0.5437947769817425","0.5","0.5824175824175825","0","500","0","1.4210854715202004E-14","1.687538997430238E-14","true","true","true"
"1202","310202","B-good","false","500","310202","B-good","500","125","5000","0.09908992728440649","0","23","0.5691505350448798","0.65","11.9","25","0.7297426307734639","0.6654","8.36500000000004","0.5462","332.7","332.7","0.29","0.3","false","0.09908992728440649","0","0.184","5.099999999999991","0.184","0.5451285116557083","0.5467388037270815","0.5392156862745098","0.2608695652173913","0","500","0","1.2434497875801753E-14","1.5631940186722204E-13","true","true","true"
"1206","310206","B-good","false","500","310206","B-good","500","125","5000","0.9680589764391282","1","103","0.5945983831144505","0.65","15.3","25","0.9201134989293441","0.82","4.500000000000009","0.5456","410","410","0.076","0.1","false","0.9680589764391282","1","0.824","1.100000000000001","0.824","0.5088888888888888","0.5536585365853659","0.45454545454545453","0.5825242718446602","0","500","0","1.7763568394002505E-14","1.1013412404281553E-13","true","true","true"
"1207","310207","B-good","false","500","310207","B-good","500","125","5000","0.9314206186232206","1","93","0.6169121323963037","0.7","14.7","25","0.9090140535965912","0.8354","4.114999999999999","0.5322","417.7","417.7","0.084","0.1","false","0.9314206186232206","1","0.744","1.6000000000000014","0.744","0.5006075334143378","0.5384247067273162","0.625","0.5698924731182796","0","500","0","7.105427357601002E-15","1.7763568394002505E-14","true","true","true"
"1205","310205","B-good","false","500","310205","B-good","500","125","5000","0.8814994686598715","1","98","0.5482653153497943","0.5","12.4","25","0.870983495951766","0.7346","6.635000000000029","0.5264","367.3","367.3","0.15","0.1","false","0.8814994686598715","1","0.784","1.3500000000000012","0.784","0.49133383571966843","0.5390688810236863","0.5185185185185185","0.5510204081632653","0","500","0","2.1316282072803006E-14","1.5987211554602254E-13","true","true","true"
"1208","310208","B-good","false","500","310208","B-good","500","125","5000","0.8588821376227943","1","75","0.45649859415550276","0.55","11.6","25","0.8114941176541566","0.7296","6.760000000000021","0.5298","364.8","364.8","0.186","0.2","false","0.8588821376227943","1","0.6","2.5","0.6","0.5014792899408284","0.540296052631579","0.5","0.56","0","500","0","1.5987211554602254E-14","1.1013412404281553E-13","true","true","true"
"1209","310209","B-good","false","500","310209","B-good","500","125","5000","0.3094519384963682","0","64","0.539450512767045","0.65","13.4","25","0.845951547033812","0.7512","6.220000000000026","0.5424","375.6","375.6","0.178","0.2","false","0.3094519384963682","0","0.512","3.049999999999998","0.512","0.5008038585209004","0.5561767838125665","0.4426229508196721","0.46875","0","500","0","2.1316282072803006E-14","1.0302869668521453E-13","true","true","true"
"1210","310210","B-good","false","500","310210","B-good","500","125","5000","0.7692398877638839","1","86","0.5017204411852755","0.45","13.3","25","0.8865411747518932","0.7198","7.005000000000014","0.523","359.9","359.9","0.132","0.1","false","0.7692398877638839","1","0.688","1.9500000000000017","0.688","0.4739471805852962","0.5420950263962212","0.5128205128205128","0.5348837209302325","0","500","0","7.105427357601002E-15","1.3500311979441904E-13","true","true","true"
"1211","310211","B-good","false","500","310211","B-good","500","125","5000","0.8588821376227943","1","89","0.5581629729624533","0.6","13.7","25","0.8731203533165335","0.796","5.099999999999998","0.5262","398","398","0.126","0.1","false","0.8588821376227943","1","0.712","1.8000000000000016","0.712","0.49117647058823527","0.535175879396985","0.5","0.550561797752809","0","500","0","2.1316282072803006E-14","1.9539925233402755E-14","true","true","true"
"1212","310212","B-good","false","500","310212","B-good","500","125","5000","0.8588821376227943","1","81","0.6138636744067987","0.8","15.1","25","0.7605947988522814","0.6804","7.990000000000042","0.5418","340.2","340.2","0.282","0.2","false","0.8588821376227943","1","0.648","2.200000000000001","0.648","0.5406758448060075","0.5423280423280423","0.5","0.5555555555555556","0","500","0","1.0658141036401503E-14","1.6697754290362354E-13","true","true","true"
"1213","310213","B-good","false","500","310213","B-good","500","125","5000","0.9612361174447144","1","116","0.5133569681486655","0.4","13.1","25","0.8926471085060182","0.773","5.674999999999996","0.5248","386.5","386.5","0.114","0.1","false","0.9612361174447144","1","0.928","0.4500000000000004","0.928","0.479295154185022","0.538163001293661","0.5555555555555556","0.5689655172413793","0","500","0","8.881784197001252E-15","2.6645352591003757E-14","true","true","true"
"1215","310215","B-good","false","500","310215","B-good","500","125","5000","0.832766961303352","1","90","0.5094392425920152","0.45","12.7","25","0.9989543172713826","0.86","3.4999999999999964","0.5498","430","430","0.002","0","false","0.832766961303352","1","0.72","1.7500000000000016","0.72","0.5128571428571429","0.5558139534883721","0.4","0.5444444444444444","0","500","0","1.5987211554602254E-14","2.1316282072803006E-14","true","true","true"
"1214","310214","B-good","false","500","310214","B-good","500","125","5000","0.9934177025814358","1","115","0.5125857454287946","0.45","12.5","25","0.8271057926635326","0.756","6.100000000000017","0.5332","378","378","0.18","0.2","false","0.9934177025814358","1","0.92","0.5000000000000004","0.92","0.49426229508196723","0.5457671957671958","0.6","0.6086956521739131","0","500","0","7.105427357601002E-15","1.2789769243681803E-13","true","true","true"
"1217","310217","B-good","false","500","310217","B-good","500","125","5000","0.8588821376227943","1","77","0.5622553582035941","0.55","13.3","25","0.8149954659495707","0.7902","5.245000000000016","0.531","395.1","395.1","0.168","0.2","false","0.8588821376227943","1","0.616","2.4000000000000004","0.616","0.5157292659675882","0.5350544166033916","0.5","0.5584415584415584","0","500","0","1.2434497875801753E-14","1.1368683772161603E-13","true","true","true"
"1218","310218","B-good","false","500","310218","B-good","500","125","5000","0.3094519384963682","0","50","0.5085600896326912","0.5","12.2","25","0.8752524242333534","0.7716","5.710000000000011","0.5398","385.8","385.8","0.112","0.1","false","0.3094519384963682","0","0.4","3.7499999999999956","0.4","0.521015761821366","0.545360290305858","0.4666666666666667","0.46","0","500","0","1.0658141036401503E-14","1.1368683772161603E-13","true","true","true"
"1216","310216","B-good","false","500","310216","B-good","500","125","5000","0.3094519384963682","0","46","0.6028313665284147","0.7","15","25","0.9978094915712938","0.8924","2.6899999999999973","0.5532","446.2","446.2","0.006","0","false","0.3094519384963682","0","0.368","3.949999999999995","0.368","0.5074349442379182","0.5587180636485881","0.5569620253164557","0.45652173913043476","0","500","0","3.197442310920451E-14","2.4868995751603507E-14","true","true","true"
"1219","310219","B-good","false","500","310219","B-good","500","125","5000","0.8588821376227943","1","63","0.5502813369841423","0.65","12.1","25","0.8582694985329905","0.675","8.125000000000025","0.5376","337.5","337.5","0.17","0.1","false","0.8588821376227943","1","0.504","3.099999999999998","0.504","0.5052307692307693","0.5531851851851852","0.43548387096774194","0.5714285714285714","0","500","0","1.7763568394002505E-14","1.2434497875801753E-13","true","true","true"
"1220","310220","B-good","false","500","310220","B-good","500","125","5000","0.5","0.5","46","0.5411870531419004","0.5","13.4","25","0.8217044425064831","0.6376","9.060000000000029","0.5266","318.8","318.8","0.184","0.1","false","0.5","0.5","0.368","3.949999999999995","0.368","0.4977924944812362","0.5429736511919699","0.5189873417721519","0.5","0","500","0","1.4210854715202004E-14","9.592326932761353E-14","true","true","true"
"1221","310221","B-good","false","500","310221","B-good","500","125","5000","0.2682825988187187","0","47","0.5012487163954557","0.5","12.6","25","0.9018665673565476","0.721","6.975000000000018","0.5398","360.5","360.5","0.102","0.1","false","0.2682825988187187","0","0.376","3.899999999999995","0.376","0.5168458781362008","0.5486823855755895","0.4358974358974359","0.44680851063829785","0","500","0","5.329070518200751E-15","1.6342482922482304E-13","true","true","true"
"1222","310222","B-good","false","500","310222","B-good","500","125","5000","0.8029278364278081","1","85","0.6108595648499109","0.8","15","25","0.8464858422323767","0.7562","6.09500000000002","0.547","378.1","378.1","0.176","0.2","false","0.8029278364278081","1","0.68","2.0000000000000018","0.68","0.5283018867924528","0.5530282993916953","0.6","0.5411764705882353","0","500","0","2.8421709430404007E-14","9.947598300641403E-14","true","true","true"
"1223","310223","B-good","false","500","310223","B-good","500","125","5000","0.5990099009900991","1","86","0.5320362165559084","0.5","12.1","25","0.8279639590748541","0.705","7.375000000000033","0.538","352.5","352.5","0.194","0.2","false","0.5990099009900991","1","0.688","1.9500000000000017","0.688","0.49491525423728816","0.5560283687943263","0.38461538461538464","0.5116279069767442","0","500","0","2.4868995751603507E-14","1.4566126083082054E-13","true","true","true"
"1224","310224","B-good","false","500","310224","B-good","500","125","5000","0.5","0.5","50","0.5090548061503631","0.45","11.4","25","0.9263121037852683","0.7574","6.065000000000001","0.5378","378.7","378.7","0.092","0.1","false","0.5","0.5","0.4","3.7499999999999956","0.4","0.5144270403957131","0.5452865064695009","0.49333333333333335","0.5","0","500","0","1.4210854715202004E-14","7.815970093361102E-14","true","true","true"
"1225","310225","B-good","false","500","310225","B-good","500","125","5000","0.167233038696648","0","20","0.6083123302457559","0.55","16.2","25","0.8088304633683491","0.6418","8.955000000000028","0.5278","320.9","320.9","0.186","0.1","false","0.167233038696648","0","0.16","5.24999999999999","0.16","0.5086543830262423","0.5384855095045186","0.4666666666666667","0.3","0","500","0","1.7763568394002505E-14","1.5631940186722204E-13","true","true","true"
"1226","310226","B-good","false","500","310226","B-good","500","125","5000","0.23076011223611606","0","58","0.5709610768329101","0.6","13.2","25","0.8946376696081998","0.7086","7.285000000000023","0.5324","354.3","354.3","0.136","0.1","false","0.23076011223611606","0","0.464","3.349999999999997","0.464","0.48455730954015097","0.5520745131244708","0.5522388059701493","0.4482758620689655","0","500","0","2.1316282072803006E-14","1.4566126083082054E-13","true","true","true"
"1227","310227","B-good","false","500","310227","B-good","500","125","5000","0.6905480615036318","1","90","0.5044220594199746","0.45","13.2","25","0.9801347559282624","0.757","6.0750000000000135","0.5356","378.5","378.5","0.036","0","false","0.6905480615036318","1","0.72","1.7500000000000016","0.72","0.49135802469135803","0.5498018494055482","0.42857142857142855","0.5222222222222223","0","500","0","1.7763568394002505E-14","7.638334409421077E-14","true","true","true"
"1229","310229","B-good","false","500","310229","B-good","500","125","5000","0.3094519384963682","0","38","0.6460681940011537","0.75","14.9","25","0.9812705624140273","0.7822","5.445000000000017","0.5378","391.1","391.1","0.022","0","false","0.3094519384963682","0","0.304","4.349999999999993","0.304","0.4885215794306703","0.5515213500383533","0.4482758620689655","0.4473684210526316","0","500","0","1.2434497875801753E-14","7.105427357601002E-14","true","true","true"
"1230","310230","B-good","false","500","310230","B-good","500","125","5000","0.9174389747697416","1","80","0.49471066038642697","0.4","13.5","25","0.8088170254108373","0.6788","8.030000000000035","0.5362","339.4","339.4","0.2","0.2","false","0.9174389747697416","1","0.64","2.250000000000001","0.64","0.5193026151930261","0.5441956393635828","0.35555555555555557","0.575","0","500","0","1.0658141036401503E-14","1.2079226507921703E-13","true","true","true"
"1228","310228","B-good","false","500","310228","B-good","500","125","5000","0.08256102523025849","0","46","0.5489587943413949","0.5","14","25","0.9523209711457594","0.7756","5.610000000000003","0.541","387.8","387.8","0.058","0.1","false","0.08256102523025849","0","0.368","3.949999999999995","0.368","0.483065953654189","0.5577617328519856","0.5822784810126582","0.3695652173913043","0","500","0","3.197442310920451E-14","3.907985046680551E-14","true","true","true"
"1231","310231","B-good","false","500","310231","B-good","500","125","5000","0.8029278364278081","1","83","0.5891999386098934","0.6","13.6","25","0.8021812634013455","0.7458","6.355000000000026","0.5436","372.9","372.9","0.222","0.2","false","0.8029278364278081","1","0.664","2.1000000000000014","0.664","0.5137686860739575","0.5537677661571467","0.40476190476190477","0.5421686746987951","0","500","0","2.8421709430404007E-14","1.2079226507921703E-13","true","true","true"
"1232","310232","B-good","false","500","310232","B-good","500","125","5000","0.9174389747697416","1","92","0.5670149960479478","0.6","13.7","25","0.6466472159281264","0.6414","8.965000000000039","0.5108","320.7","320.7","0.354","0.4","false","0.9174389747697416","1","0.736","1.6500000000000015","0.736","0.48745119910764084","0.5238540692235735","0.5757575757575758","0.5652173913043478","0","500","0","8.881784197001252E-15","1.2079226507921703E-13","true","true","true"
"1233","310233","B-good","false","500","310233","B-good","500","125","5000","0.9612361174447144","1","104","0.5475309330735804","0.6","12.8","25","0.9444527961449998","0.8362","4.094999999999997","0.5416","418.1","418.1","0.058","0","false","0.9612361174447144","1","0.832","1.050000000000001","0.832","0.4810744810744811","0.5534561109782349","0.6190476190476191","0.5769230769230769","0","500","0","2.4868995751603507E-14","2.4868995751603507E-14","true","true","true"
"1235","310235","B-good","false","500","310235","B-good","500","125","5000","0.7692398877638839","1","84","0.6205357868498472","0.75","14.3","25","0.9879752090158387","0.858","3.5499999999999994","0.5488","429","429","0.012","0","false","0.7692398877638839","1","0.672","2.0500000000000016","0.672","0.5098591549295775","0.5552447552447553","0.43902439024390244","0.5357142857142857","0","500","0","2.1316282072803006E-14","2.1316282072803006E-14","true","true","true"
"1234","310234","B-good","false","500","310234","B-good","500","125","5000","0.7692398877638839","1","72","0.5509920128052815","0.5","12.3","25","0.7864269318452582","0.5826","10.435000000000041","0.525","291.3","291.3","0.252","0.3","false","0.7692398877638839","1","0.576","2.6499999999999995","0.576","0.49496885481552466","0.546515619636114","0.41509433962264153","0.5416666666666666","0","500","0","7.105427357601002E-15","1.4921397450962104E-13","true","true","true"
"1236","310236","B-good","false","500","310236","B-good","500","125","5000","0.9174389747697416","1","68","0.6415743880689844","0.75","14.2","25","0.932808418045807","0.7606","5.98500000000001","0.5492","380.3","380.3","0.06","0","false","0.9174389747697416","1","0.544","2.8499999999999988","0.544","0.5329991645781119","0.554299237444123","0.5087719298245614","0.5882352941176471","0","500","0","2.4868995751603507E-14","8.526512829121202E-14","true","true","true"
"1237","310237","B-good","false","500","310237","B-good","500","125","5000","0.11850053134012864","0","40","0.5539262712679035","0.7","13.1","25","0.9153804006880486","0.7974","5.065000000000014","0.5432","398.7","398.7","0.078","0.1","false","0.11850053134012864","0","0.32","4.249999999999994","0.32","0.4906219151036525","0.5565588161524956","0.43529411764705883","0.375","0","500","0","3.197442310920451E-14","1.2434497875801753E-13","true","true","true"
"1238","310238","B-good","false","500","310238","B-good","500","125","5000","0.2682825988187187","0","35","0.6008849327558059","0.75","13.9","25","0.9030079573634587","0.7786","5.535000000000016","0.5442","389.3","389.3","0.1","0.1","false","0.2682825988187187","0","0.28","4.499999999999993","0.28","0.5230352303523035","0.5502183406113537","0.5","0.42857142857142855","0","500","0","1.4210854715202004E-14","1.4566126083082054E-13","true","true","true"
"1239","310239","B-good","false","500","310239","B-good","500","125","5000","0.9737137791228572","1","104","0.5098791552069376","0.5","12.6","25","0.7975993339308507","0.7158","7.105000000000028","0.523","357.9","357.9","0.222","0.3","false","0.9737137791228572","1","0.832","1.050000000000001","0.832","0.4792399718508093","0.5403744062587315","0.47619047619047616","0.5865384615384616","0","500","0","1.5987211554602254E-14","1.2079226507921703E-13","true","true","true"
"1240","310240","B-good","false","500","310240","B-good","500","125","5000","0.7317174011812813","1","83","0.628562888134587","0.8","15.6","25","0.9789402609827335","0.8382","4.045","0.5454","419.1","419.1","0.038","0","false","0.7317174011812813","1","0.664","2.1000000000000014","0.664","0.5080346106304079","0.5526127415891195","0.5238095238095238","0.5301204819277109","0","500","0","1.4210854715202004E-14","8.881784197001252E-15","true","true","true"
"1241","310241","B-good","false","500","310241","B-good","500","125","5000","0.9946080309222399","1","112","0.5391790949726334","0.55","13.5","25","0.9458800008192881","0.791","5.225000000000007","0.535","395.5","395.5","0.074","0","false","0.9946080309222399","1","0.896","0.6500000000000006","0.896","0.5062200956937799","0.5426042983565107","0.3076923076923077","0.6160714285714286","0","500","0","5.329070518200751E-15","6.927791673660977E-14","true","true","true"
"1242","310242","B-good","false","500","310242","B-good","500","125","5000","0.9530265597482369","1","73","0.5628659016195516","0.6","14.4","25","0.898275545494878","0.7446","6.385000000000014","0.5388","372.3","372.3","0.118","0.1","false","0.9530265597482369","1","0.584","2.5999999999999996","0.584","0.5121378230227095","0.547945205479452","0.5961538461538461","0.6027397260273972","0","500","0","2.1316282072803006E-14","1.2789769243681803E-13","true","true","true"
"1244","310244","B-good","false","500","310244","B-good","500","125","5000","0.1411178623772057","0","27","0.5519372066549183","0.65","12.1","25","0.7894416008687728","0.7678","5.805000000000009","0.5266","383.9","383.9","0.208","0.2","false","0.1411178623772057","0","0.216","4.8999999999999915","0.216","0.5090439276485789","0.5319093513935921","0.5408163265306123","0.3333333333333333","0","500","0","1.5987211554602254E-14","3.375077994860476E-14","true","true","true"
"1243","310243","B-good","false","500","310243","B-good","500","125","5000","0.9314206186232206","1","115","0.48904648399452844","0.5","12.6","25","0.8009971566031364","0.732","6.700000000000026","0.5262","366","366","0.192","0.2","false","0.9314206186232206","1","0.92","0.5000000000000004","0.92","0.47686567164179106","0.5442622950819672","0.4","0.5565217391304348","0","500","0","1.7763568394002505E-14","1.4210854715202004E-13","true","true","true"
"1245","310245","B-good","false","500","310245","B-good","500","125","5000","0.646116504854369","1","83","0.6541650729153489","0.7","13.6","25","0.9266277990019391","0.832","4.200000000000009","0.5446","416","416","0.078","0.1","false","0.646116504854369","1","0.664","2.1000000000000014","0.664","0.5059523809523809","0.5524038461538462","0.47619047619047616","0.5180722891566265","0","500","0","1.2434497875801753E-14","1.0302869668521453E-13","true","true","true"
"1246","310246","B-good","false","500","310246","B-good","500","125","5000","0.9680589764391282","1","107","0.5682137699317609","0.6","13","25","0.921274504879724","0.7586","6.035000000000007","0.5396","379.3","379.3","0.082","0.1","false","0.9680589764391282","1","0.856","0.9000000000000008","0.856","0.4888152444076222","0.5557606116530451","0.6111111111111112","0.5794392523364486","0","500","0","1.7763568394002505E-14","4.085620730620576E-14","true","true","true"
"1248","310248","B-good","false","500","310248","B-good","500","125","5000","0.44999999999999996","0","53","0.5427833906035651","0.65","11.3","25","0.9884876630697667","0.8774","3.0649999999999973","0.5416","438.7","438.7","0.008","0","false","0.44999999999999996","0","0.424","3.599999999999996","0.424","0.4828711256117455","0.5498062457260087","0.4722222222222222","0.49056603773584906","0","500","0","1.2434497875801753E-14","2.1316282072803006E-14","true","true","true"
"1249","310249","B-good","false","500","310249","B-good","500","125","5000","0.4009900990099009","0","46","0.5283757060313252","0.55","10.3","25","0.890413971247589","0.7254","6.865000000000021","0.534","362.7","362.7","0.116","0.1","false","0.4009900990099009","0","0.368","3.949999999999995","0.368","0.49745083758193737","0.5478356768679349","0.45569620253164556","0.4782608695652174","0","500","0","8.881784197001252E-15","1.5631940186722204E-13","true","true","true"
"1250","310250","B-good","false","500","310250","B-good","500","125","5000","0.5990099009900991","1","74","0.48662632700698066","0.35","11.2","25","0.9334983080765513","0.7542","6.145000000000005","0.5308","377.1","377.1","0.048","0","false","0.5990099009900991","1","0.592","2.55","0.592","0.4694873881204231","0.5507822858658181","0.5098039215686274","0.5135135135135135","0","500","0","1.4210854715202004E-14","9.592326932761353E-14","true","true","true"
"1247","310247","B-good","false","500","310247","B-good","500","125","5000","0.167233038696648","0","54","0.5312182263602703","0.7","12.8","25","0.8254124398739802","0.7496","6.260000000000032","0.5372","374.8","374.8","0.17","0.2","false","0.167233038696648","0","0.432","3.5499999999999963","0.432","0.5143769968051118","0.5448239060832444","0.6056338028169014","0.42592592592592593","0","500","0","1.2434497875801753E-14","1.5631940186722204E-13","true","true","true"
"1251","310251","B-good","false","500","310251","B-good","500","125","5000","0.832766961303352","1","94","0.5473948878146654","0.55","12.8","25","0.8954692179297522","0.8278","4.305000000000016","0.5414","413.9","413.9","0.102","0.1","false","0.832766961303352","1","0.752","1.5500000000000014","0.752","0.5238095238095238","0.5450591930417975","0.6129032258064516","0.5425531914893617","0","500","0","1.7763568394002505E-14","1.3855583347321954E-13","true","true","true"
"1252","310252","B-good","false","500","310252","B-good","500","125","5000","0.7692398877638839","1","92","0.6116790920738424","0.8","13.3","25","0.813238526506739","0.7564","6.090000000000019","0.5334","378.2","378.2","0.18","0.2","false","0.7692398877638839","1","0.736","1.6500000000000015","0.736","0.4876847290640394","0.5481226864093073","0.696969696969697","0.532608695652174","0","500","0","1.5987211554602254E-14","8.526512829121202E-14","true","true","true"
"1253","310253","B-good","false","500","310253","B-good","500","125","5000","0.9174389747697416","1","94","0.5267484139706287","0.6","12.6","25","0.9750799590110082","0.7664","5.84","0.5356","383.2","383.2","0.056","0","false","0.9174389747697416","1","0.752","1.5500000000000014","0.752","0.5085616438356164","0.5438413361169102","0.4838709677419355","0.5638297872340425","0","500","0","1.5987211554602254E-14","1.5987211554602254E-14","true","true","true"
"1254","310254","B-good","false","500","310254","B-good","500","125","5000","0.9530265597482369","1","81","0.543563533661899","0.55","12.2","25","0.8639159339878624","0.74","6.500000000000023","0.5342","370","370","0.156","0.1","false","0.9530265597482369","1","0.648","2.200000000000001","0.648","0.49","0.5497297297297298","0.4090909090909091","0.5925925925925926","0","500","0","2.1316282072803006E-14","1.2079226507921703E-13","true","true","true"
"1255","310255","B-good","false","500","310255","B-good","500","125","5000","0.5","0.5","54","0.5017613547322889","0.4","12.1","25","0.6779550838624572","0.6002","9.995000000000058","0.5286","300.1","300.1","0.296","0.3","false","0.5","0.5","0.432","3.5499999999999963","0.432","0.5132566283141571","0.5388203932022659","0.49295774647887325","0.5","0","500","0","1.4210854715202004E-14","1.5276668818842154E-13","true","true","true"
"1256","310256","B-good","false","500","310256","B-good","500","125","5000","0.9783898101507787","1","105","0.549347589793144","0.6","11.7","25","0.9221650737400171","0.8176","4.5600000000000005","0.542","408.8","408.8","0.088","0.1","false","0.9783898101507787","1","0.84","1.0000000000000009","0.84","0.506578947368421","0.5499021526418787","0.55","0.5904761904761905","0","500","0","2.4868995751603507E-14","4.085620730620576E-14","true","true","true"
"1257","310257","B-good","false","500","310257","B-good","500","125","5000","0.832766961303352","1","90","0.5766362638790371","0.65","13.9","25","0.991254488349872","0.8816","2.9599999999999964","0.5392","440.8","440.8","0.028","0","false","0.832766961303352","1","0.72","1.7500000000000016","0.72","0.47635135135135137","0.5476406533575318","0.5428571428571428","0.5444444444444444","0","500","0","1.5987211554602254E-14","2.398081733190338E-14","true","true","true"
"1258","310258","B-good","false","500","310258","B-good","500","125","5000","0.832766961303352","1","112","0.5030050746106036","0.45","13.1","25","0.7854059788999146","0.672","8.200000000000028","0.5404","336","336","0.216","0.2","false","0.832766961303352","1","0.896","0.6500000000000006","0.896","0.5176829268292683","0.5514880952380953","0.5384615384615384","0.5357142857142857","0","500","0","2.4868995751603507E-14","1.3855583347321954E-13","true","true","true"
"1260","310260","B-good","false","500","310260","B-good","500","125","5000","0.353883495145631","0","73","0.5533514106971752","0.5","12.6","25","0.7473710477636837","0.7228","6.930000000000031","0.5274","361.4","361.4","0.244","0.3","false","0.353883495145631","0","0.584","2.5999999999999996","0.584","0.47835497835497837","0.5462091864969563","0.4423076923076923","0.4794520547945205","0","500","0","1.4210854715202004E-14","1.1723955140041653E-13","true","true","true"
"1261","310261","B-good","false","500","310261","B-good","500","125","5000","0.55","1","63","0.5093441457639362","0.5","12.6","25","0.9151308397258017","0.6888","7.780000000000028","0.5362","344.4","344.4","0.106","0.1","false","0.55","1","0.504","3.099999999999998","0.504","0.4922879177377892","0.5560394889663183","0.5645161290322581","0.5079365079365079","0","500","0","2.4868995751603507E-14","1.3500311979441904E-13","true","true","true"
"1259","310259","B-good","false","500","310259","B-good","500","125","5000","0.7317174011812813","1","55","0.5375138021221394","0.55","13.5","25","0.9039411573795986","0.798","5.050000000000003","0.5402","399","399","0.098","0.1","false","0.7317174011812813","1","0.44","3.4999999999999964","0.44","0.500990099009901","0.550125313283208","0.4","0.5454545454545454","0","500","0","1.4210854715202004E-14","6.394884621840902E-14","true","true","true"
"1262","310262","B-good","false","500","310262","B-good","500","125","5000","0.9737137791228572","1","90","0.5263671444413147","0.5","13.4","25","0.8504482416427462","0.7886","5.2850000000000055","0.532","394.3","394.3","0.136","0.1","false","0.9737137791228572","1","0.72","1.7500000000000016","0.72","0.5023651844843898","0.5399442049201116","0.4","0.6","0","500","0","1.7763568394002505E-14","9.947598300641403E-14","true","true","true"
"1263","310263","B-good","false","500","310263","B-good","500","125","5000","0.646116504854369","1","91","0.43500328100647356","0.3","9.2","25","0.7627658011708264","0.5816","10.46000000000005","0.5166","290.8","290.8","0.29","0.3","false","0.646116504854369","1","0.728","1.7000000000000015","0.728","0.49521988527724664","0.5319807427785419","0.5294117647058824","0.5164835164835165","0","500","0","1.2434497875801753E-14","1.4566126083082054E-13","true","true","true"
"1264","310264","B-good","false","500","310264","B-good","500","125","5000","0.8588821376227943","1","73","0.6203744702703684","0.7","12.9","25","0.9974158120971731","0.7952","5.120000000000007","0.541","397.6","397.6","0.026","0","false","0.8588821376227943","1","0.584","2.5999999999999996","0.584","0.4677734375","0.5598591549295775","0.5","0.5616438356164384","0","500","0","1.7763568394002505E-14","7.105427357601002E-14","true","true","true"
"1265","310265","B-good","false","500","310265","B-good","500","125","5000","0.9854295854981023","1","117","0.5319239887763884","0.6","13.3","25","0.8823423371848766","0.7348","6.630000000000015","0.5362","367.4","367.4","0.14","0.2","false","0.9854295854981023","1","0.936","0.40000000000000036","0.936","0.5","0.5492651061513337","0.375","0.5897435897435898","0","500","0","1.4210854715202004E-14","8.526512829121202E-14","true","true","true"
"1266","310266","B-good","false","500","310266","B-good","500","125","5000","0.3094519384963682","0","58","0.6010735587675522","0.8","13.4","25","0.8999365067068783","0.803","4.925000000000008","0.5374","401.5","401.5","0.1","0.1","false","0.3094519384963682","0","0.464","3.349999999999997","0.464","0.4730964467005076","0.5531755915317559","0.4925373134328358","0.46551724137931033","0","500","0","1.0658141036401503E-14","9.947598300641403E-14","true","true","true"
"1267","310267","B-good","false","500","310267","B-good","500","125","5000","0.832766961303352","1","98","0.5377785124769382","0.55","14.3","25","0.9255430656932957","0.7554","6.1150000000000215","0.54","377.7","377.7","0.106","0.1","false","0.832766961303352","1","0.784","1.3500000000000012","0.784","0.4963205233033524","0.5541435001323802","0.5185185185185185","0.5408163265306123","0","500","0","1.7763568394002505E-14","1.2434497875801753E-13","true","true","true"
"1268","310268","B-good","false","500","310268","B-good","500","125","5000","0.5990099009900991","1","66","0.5526843807025749","0.7","12.3","25","0.7334796275227872","0.6808","7.9800000000000395","0.5308","340.4","340.4","0.278","0.3","false","0.5990099009900991","1","0.528","2.9499999999999984","0.528","0.5081453634085213","0.5414218566392479","0.5084745762711864","0.5151515151515151","0","500","0","2.1316282072803006E-14","1.3855583347321954E-13","true","true","true"
"1269","310269","B-good","false","500","310269","B-good","500","125","5000","0.9854295854981023","1","99","0.5381096123007263","0.6","12","25","0.8508837888844164","0.6914","7.715000000000025","0.5334","345.7","345.7","0.186","0.2","false","0.9854295854981023","1","0.792","1.3000000000000012","0.792","0.49773169151004537","0.5493202198437952","0.5384615384615384","0.6060606060606061","0","500","0","2.1316282072803006E-14","1.4566126083082054E-13","true","true","true"
"1270","310270","B-good","false","500","310270","B-good","500","125","5000","0.4009900990099009","0","36","0.6394339050673279","0.75","13.8","25","0.9657744909784729","0.821","4.475000000000003","0.5264","410.5","410.5","0.054","0","false","0.4009900990099009","0","0.288","4.449999999999993","0.288","0.4849162011173184","0.5354445797807552","0.5168539325842697","0.4722222222222222","0","500","0","2.4868995751603507E-14","6.039613253960852E-14","true","true","true"
"1271","310271","B-good","false","500","310271","B-good","500","125","5000","0.2682825988187187","0","51","0.4987522486582603","0.45","12","25","0.8466250575692472","0.76","6.00000000000001","0.5402","380","380","0.148","0.2","false","0.2682825988187187","0","0.408","3.6999999999999957","0.408","0.5108333333333334","0.5494736842105263","0.47297297297297297","0.45098039215686275","0","500","0","1.2434497875801753E-14","1.4921397450962104E-13","true","true","true"
"1272","310272","B-good","false","500","310272","B-good","500","125","5000","0.5990099009900991","1","78","0.5147980671251088","0.45","13","25","0.8983232031836076","0.737","6.575000000000008","0.5332","368.5","368.5","0.124","0.1","false","0.5990099009900991","1","0.624","2.3500000000000005","0.624","0.5019011406844106","0.5443690637720489","0.48936170212765956","0.5128205128205128","0","500","0","1.2434497875801753E-14","4.440892098500626E-14","true","true","true"
"1273","310273","B-good","false","500","310273","B-good","500","125","5000","0.832766961303352","1","76","0.6015372539780469","0.85","13.8","25","0.8942679056896041","0.76","6.000000000000005","0.5444","380","380","0.102","0.1","false","0.832766961303352","1","0.608","2.45","0.608","0.5158333333333334","0.5534210526315789","0.40816326530612246","0.5526315789473685","0","500","0","2.1316282072803006E-14","1.1013412404281553E-13","true","true","true"
"1275","310275","B-good","false","500","310275","B-good","500","125","5000","0.353883495145631","0","71","0.5016263270069807","0.5","11.7","25","0.9626501519973653","0.7388","6.5300000000000225","0.5484","369.4","369.4","0.074","0","false","0.353883495145631","0","0.568","2.6999999999999993","0.568","0.5176110260336907","0.5592853275582025","0.46296296296296297","0.4788732394366197","0","500","0","1.5987211554602254E-14","1.0302869668521453E-13","true","true","true"
"1274","310274","B-good","false","500","310274","B-good","500","125","5000","0.9680589764391282","1","91","0.5185969717162795","0.55","13.4","25","0.7349601007408595","0.6346","9.135000000000037","0.5264","317.3","317.3","0.288","0.3","false","0.9680589764391282","1","0.728","1.7000000000000015","0.728","0.49206349206349204","0.5461708162622124","0.6176470588235294","0.5934065934065934","0","500","0","1.7763568394002505E-14","1.3145040611561853E-13","true","true","true"
"1276","310276","B-good","false","500","310276","B-good","500","125","5000","0.55","1","65","0.5850255309286292","0.65","12.6","25","0.989988204344462","0.9238","1.905","0.5522","461.9","461.9","0.012","0","false","0.55","1","0.52","2.9999999999999982","0.52","0.5013123359580053","0.5563974886339035","0.5833333333333334","0.5076923076923077","0","500","0","2.4868995751603507E-14","8.881784197001252E-15","true","true","true"
"1277","310277","B-good","false","500","310277","B-good","500","125","5000","0.3094519384963682","0","48","0.47238327490395954","0.4","12.4","25","0.9617051760891331","0.6868","7.830000000000018","0.5356","343.4","343.4","0.072","0.1","false","0.3094519384963682","0","0.384","3.849999999999995","0.384","0.4955300127713921","0.5538730343622598","0.45454545454545453","0.4583333333333333","0","500","0","1.7763568394002505E-14","1.2079226507921703E-13","true","true","true"
"1279","310279","B-good","false","500","310279","B-good","500","125","5000","0.9783898101507787","1","91","0.5260862335642595","0.55","13.1","25","0.8259649377982912","0.6886","7.7850000000000295","0.532","344.3","344.3","0.17","0.2","false","0.9783898101507787","1","0.728","1.7000000000000015","0.728","0.4900449582530507","0.5509729886726692","0.35294117647058826","0.6043956043956044","0","500","0","1.0658141036401503E-14","1.4566126083082054E-13","true","true","true"
"1278","310278","B-good","false","500","310278","B-good","500","125","5000","0.1970721635721919","0","39","0.4645277284785486","0.35","11.9","25","0.9008061059696757","0.7508","6.230000000000025","0.5382","375.4","375.4","0.102","0.1","false","0.1970721635721919","0","0.312","4.299999999999994","0.312","0.5","0.5508790623335109","0.5465116279069767","0.41025641025641024","0","500","0","1.7763568394002505E-14","1.2434497875801753E-13","true","true","true"
"1281","310281","B-good","false","500","310281","B-good","500","125","5000","0.2682825988187187","0","77","0.5709920128052814","0.7","13.9","25","0.994072314593366","0.8812","2.9700000000000033","0.5512","440.6","440.6","0.008","0","false","0.2682825988187187","0","0.616","2.4000000000000004","0.616","0.5168350168350169","0.55583295506128","0.3958333333333333","0.4675324675324675","0","500","0","1.5987211554602254E-14","1.5987211554602254E-14","true","true","true"
"1280","310280","B-good","false","500","310280","B-good","500","125","5000","0.5","0.5","68","0.5509778298730357","0.7","14.7","25","0.9797821273037641","0.8064","4.839999999999997","0.5384","403.2","403.2","0.032","0","false","0.5","0.5","0.544","2.8499999999999988","0.544","0.5051652892561983","0.5463789682539683","0.47368421052631576","0.5","0","500","0","1.2434497875801753E-14","2.398081733190338E-14","true","true","true"
"1282","310282","B-good","false","500","310282","B-good","500","125","5000","0.646116504854369","1","61","0.6168528442500207","0.75","14.8","25","0.7537852468184651","0.7312","6.720000000000032","0.5248","365.6","365.6","0.258","0.3","false","0.646116504854369","1","0.488","3.1999999999999975","0.488","0.4851190476190476","0.5393873085339168","0.46875","0.5245901639344263","0","500","0","1.7763568394002505E-14","1.3855583347321954E-13","true","true","true"
"1283","310283","B-good","false","500","310283","B-good","500","125","5000","0.8588821376227943","1","97","0.5318017329924243","0.55","15.2","25","0.8838251353546778","0.8","5.000000000000007","0.5306","400","400","0.156","0.2","false","0.8588821376227943","1","0.776","1.4000000000000012","0.776","0.482","0.54275","0.5714285714285714","0.5463917525773195","0","500","0","1.4210854715202004E-14","8.881784197001252E-14","true","true","true"
"1284","310284","B-good","false","500","310284","B-good","500","125","5000","0.6905480615036318","1","64","0.5531777521074427","0.6","12.7","25","0.8969118498341455","0.7668","5.830000000000007","0.5386","383.4","383.4","0.092","0.1","false","0.6905480615036318","1","0.512","3.049999999999998","0.512","0.4922813036020583","0.5526864893062076","0.45901639344262296","0.53125","0","500","0","2.4868995751603507E-14","1.1723955140041653E-13","true","true","true"
"1285","310285","B-good","false","500","310285","B-good","500","125","5000","0.1970721635721919","0","51","0.5548734981558463","0.6","11.9","25","0.9895651270503217","0.8514","3.714999999999995","0.5452","425.7","425.7","0.018","0","false","0.1970721635721919","0","0.408","3.6999999999999957","0.408","0.5437415881561238","0.5454545454545454","0.36486486486486486","0.43137254901960786","0","500","0","1.7763568394002505E-14","1.9539925233402755E-14","true","true","true"
"1287","310287","B-good","false","500","310287","B-good","500","125","5000","0.9783898101507787","1","113","0.5134392448396289","0.45","12.7","25","0.8447737225368703","0.7262","6.845000000000018","0.5284","363.1","363.1","0.15","0.2","false","0.9783898101507787","1","0.904","0.6000000000000005","0.904","0.4989043097151205","0.5395207931699256","0.5833333333333334","0.584070796460177","0","500","0","1.0658141036401503E-14","1.1013412404281553E-13","true","true","true"
"1288","310288","B-good","false","500","310288","B-good","500","125","5000","0.5","0.5","64","0.5886584540063693","0.75","13.1","25","0.909653488141163","0.7746","5.635000000000009","0.5448","387.3","387.3","0.1","0","false","0.5","0.5","0.512","3.049999999999998","0.512","0.5022182786157942","0.5571908081590499","0.47540983606557374","0.5","0","500","0","2.4868995751603507E-14","4.440892098500626E-14","true","true","true"
"1289","310289","B-good","false","500","310289","B-good","500","125","5000","0.646116504854369","1","83","0.5517382217992223","0.6","15.5","25","0.8328995017438171","0.7598","6.005000000000021","0.5428","379.9","379.9","0.186","0.2","false","0.646116504854369","1","0.664","2.1000000000000014","0.664","0.5237302248126561","0.5488286391155567","0.5476190476190477","0.5180722891566265","0","500","0","2.1316282072803006E-14","1.4210854715202004E-13","true","true","true"
"1286","310286","B-good","false","500","310286","B-good","500","125","5000","0.9963840547280801","1","110","0.5956717372193371","0.8","13.9","25","0.9022194597268903","0.8044","4.890000000000011","0.5416","402.2","402.2","0.104","0.1","false","0.9963840547280801","1","0.88","0.7500000000000007","0.88","0.5102249488752556","0.5492292391844853","0.6","0.6272727272727273","0","500","0","8.881784197001252E-15","1.2789769243681803E-13","true","true","true"
"1290","310290","B-good","false","500","310290","B-good","500","125","5000","0.646116504854369","1","73","0.4524827031270339","0.35","12.1","25","0.8406642090156835","0.686","7.850000000000027","0.5354","343","343","0.156","0.2","false","0.646116504854369","1","0.584","2.5999999999999996","0.584","0.5063694267515924","0.5486880466472304","0.46153846153846156","0.5205479452054794","0","500","0","1.2434497875801753E-14","1.2789769243681803E-13","true","true","true"
"1291","310291","B-good","false","500","310291","B-good","500","125","5000","0.44999999999999996","0","51","0.6231199077608152","0.75","12.3","25","0.8821935903191912","0.8038","4.905000000000004","0.5368","401.9","401.9","0.128","0.2","false","0.44999999999999996","0","0.408","3.6999999999999957","0.408","0.509683995922528","0.5434187608857924","0.5675675675675675","0.49019607843137253","0","500","0","2.8421709430404007E-14","3.197442310920451E-14","true","true","true"
"1292","310292","B-good","false","500","310292","B-good","500","125","5000","0.832766961303352","1","92","0.6112411893287926","0.75","14.6","25","0.8402728837813846","0.8032","4.920000000000015","0.5376","401.6","401.6","0.166","0.2","false","0.832766961303352","1","0.736","1.6500000000000015","0.736","0.49898373983739835","0.5470617529880478","0.45454545454545453","0.5434782608695652","0","500","0","1.2434497875801753E-14","8.881784197001252E-14","true","true","true"
"1293","310293","B-good","false","500","310293","B-good","500","125","5000","0.353883495145631","0","49","0.5306207090407786","0.5","13.6","25","0.843782401196197","0.6968","7.580000000000032","0.5382","348.4","348.4","0.146","0.1","false","0.353883495145631","0","0.392","3.7999999999999954","0.392","0.4947229551451187","0.5571182548794489","0.5526315789473685","0.46938775510204084","0","500","0","4.263256414560601E-14","1.2434497875801753E-13","true","true","true"
"1294","310294","B-good","false","500","310294","B-good","500","125","5000","0.9934177025814358","1","107","0.5300754310307375","0.55","13.5","25","0.879509912382404","0.7736","5.660000000000009","0.5456","386.8","386.8","0.13","0.2","false","0.9934177025814358","1","0.856","0.9000000000000008","0.856","0.519434628975265","0.5532574974146846","0.5","0.616822429906542","0","500","0","2.1316282072803006E-14","7.638334409421077E-14","true","true","true"
"1295","310295","B-good","false","500","310295","B-good","500","125","5000","0.7692398877638839","1","86","0.5897176177931222","0.75","14.2","25","0.8328233045818949","0.782","5.450000000000022","0.5456","391","391","0.172","0.2","false","0.7692398877638839","1","0.688","1.9500000000000017","0.688","0.5486238532110091","0.5447570332480819","0.46153846153846156","0.5348837209302325","0","500","0","5.329070518200751E-15","1.1368683772161603E-13","true","true","true"
"1297","310297","B-good","false","500","310297","B-good","500","125","5000","0.353883495145631","0","39","0.6018349157474547","0.65","13","25","0.9492464775983119","0.8758","3.104999999999996","0.5452","437.9","437.9","0.034","0","false","0.353883495145631","0","0.312","4.299999999999994","0.312","0.47987117552334946","0.5544644896094999","0.5348837209302325","0.46153846153846156","0","500","0","1.7763568394002505E-14","2.398081733190338E-14","true","true","true"
"1296","310296","B-good","false","500","310296","B-good","500","125","5000","0.9975765116109027","1","94","0.5652652304086743","0.55","14.8","25","0.5852142054406093","0.518","12.05000000000007","0.5152","259","259","0.468","0.4","false","0.9975765116109027","1","0.752","1.5500000000000014","0.752","0.5116182572614107","0.5185328185328185","0.4838709677419355","0.6595744680851063","0","500","0","3.552713678800501E-15","1.7408297026122455E-13","true","true","true"
"1298","310298","B-good","false","500","310298","B-good","500","125","5000","0.646116504854369","1","67","0.6098856812372528","0.8","11.9","25","0.9992789088438879","0.9192","2.0200000000000005","0.553","459.6","459.6","0.002","0","false","0.646116504854369","1","0.536","2.8999999999999986","0.536","0.48514851485148514","0.5589643167972149","0.4827586206896552","0.5223880597014925","0","500","0","1.7763568394002505E-14","4.440892098500626E-15","true","true","true"
"1299","310299","B-good","false","500","310299","B-good","500","125","5000","0.1970721635721919","0","35","0.5638843790746478","0.7","15.3","25","0.8821842796417829","0.765","5.8750000000000275","0.5412","382.5","382.5","0.156","0.2","false","0.1970721635721919","0","0.28","4.499999999999993","0.28","0.4851063829787234","0.5584313725490196","0.5666666666666667","0.4","0","500","0","1.5987211554602254E-14","1.4566126083082054E-13","true","true","true"
"1300","310300","B-good","false","500","310300","B-good","500","125","5000","0.8588821376227943","1","75","0.505589813345751","0.45","13.4","25","0.9045409161223926","0.8322","4.195000000000016","0.5398","416.1","416.1","0.094","0.1","false","0.8588821376227943","1","0.6","2.5","0.6","0.4898688915375447","0.5498678202355203","0.48","0.56","0","500","0","8.881784197001252E-15","1.4566126083082054E-13","true","true","true"
"1301","310301","B-good","false","500","310301","B-good","500","125","5000","0.8588821376227943","1","99","0.570559509439817","0.65","13.6","25","0.8035857719109838","0.6956","7.610000000000028","0.5312","347.8","347.8","0.238","0.2","false","0.8588821376227943","1","0.792","1.3000000000000012","0.792","0.5006570302233903","0.5445658424381828","0.46153846153846156","0.5454545454545454","0","500","0","2.1316282072803006E-14","1.0302869668521453E-13","true","true","true"
"1302","310302","B-good","false","500","310302","B-good","500","125","5000","0.8029278364278081","1","83","0.52002527892128","0.45","12.5","25","0.9072231750195977","0.7688","5.780000000000006","0.5412","384.4","384.4","0.086","0.1","false","0.8029278364278081","1","0.664","2.1000000000000014","0.664","0.5008650519031141","0.5533298647242456","0.5238095238095238","0.5421686746987951","0","500","0","1.4210854715202004E-14","2.3092638912203256E-14","true","true","true"
"1303","310303","B-good","false","500","310303","B-good","500","125","5000","0.9822491904206395","1","94","0.5852695982298233","0.6","14","25","0.8860230847414853","0.7514","6.215000000000031","0.5364","375.7","375.7","0.13","0.1","false","0.9822491904206395","1","0.752","1.5500000000000014","0.752","0.48431214802896216","0.5536332179930796","0.5161290322580645","0.6063829787234043","0","500","0","1.7763568394002505E-14","1.2434497875801753E-13","true","true","true"
"1304","310304","B-good","false","500","310304","B-good","500","125","5000","0.9919667203630474","1","86","0.6190918512566859","0.75","13.2","25","0.9023322388630474","0.8152","4.620000000000015","0.5486","407.6","407.6","0.1","0.1","false","0.9919667203630474","1","0.688","1.9500000000000017","0.688","0.5119047619047619","0.556918547595682","0.38461538461538464","0.6395348837209303","0","500","0","2.4868995751603507E-14","1.5276668818842154E-13","true","true","true"
"1305","310305","B-good","false","500","310305","B-good","500","125","5000","0.9880470865159074","1","104","0.5970223531500665","0.7","13.3","25","0.7828370507000287","0.658","8.550000000000033","0.5282","329","329","0.23","0.2","false","0.9880470865159074","1","0.832","1.050000000000001","0.832","0.49473684210526314","0.5455927051671733","0.38095238095238093","0.6057692307692307","0","500","0","1.5987211554602254E-14","1.0658141036401503E-13","true","true","true"
"1306","310306","B-good","false","500","310306","B-good","500","125","5000","0.3094519384963682","0","50","0.5466109849577571","0.6","13","25","0.8118332151402423","0.7734","5.665000000000018","0.5352","386.7","386.7","0.184","0.2","false","0.3094519384963682","0","0.4","3.7499999999999956","0.4","0.47219770520741394","0.5536591673131627","0.49333333333333335","0.46","0","500","0","2.4868995751603507E-14","1.1368683772161603E-13","true","true","true"
"1307","310307","B-good","false","500","310307","B-good","500","125","5000","0.3094519384963682","0","56","0.5004996122403672","0.55","11.6","25","0.9004911418117691","0.7636","5.910000000000021","0.5334","381.8","381.8","0.112","0.1","false","0.3094519384963682","0","0.448","3.4499999999999966","0.448","0.5008460236886633","0.5434782608695652","0.5217391304347826","0.4642857142857143","0","500","0","1.5987211554602254E-14","1.6697754290362354E-13","true","true","true"
"1308","310308","B-good","false","500","310308","B-good","500","125","5000","0.9737137791228572","1","96","0.569505071904483","0.6","14","25","0.8967358340930831","0.7052","7.370000000000033","0.5428","352.6","352.6","0.156","0.1","false","0.9737137791228572","1","0.768","1.4500000000000013","0.768","0.5156037991858887","0.5541690300623936","0.4827586206896552","0.59375","0","500","0","2.8421709430404007E-14","1.3145040611561853E-13","true","true","true"
"1309","310309","B-good","false","500","310309","B-good","500","125","5000","0.9996010028164327","1","115","0.597031970495719","0.75","13.5","25","0.9025729487562479","0.8206","4.485000000000014","0.5452","410.3","410.3","0.102","0.1","false","0.9996010028164327","1","0.92","0.5000000000000004","0.92","0.5094760312151616","0.5530099926882769","0.6","0.6695652173913044","0","500","0","1.5987211554602254E-14","1.4210854715202004E-13","true","true","true"
"1311","310311","B-good","false","500","310311","B-good","500","125","5000","0.5","0.5","66","0.5459931697744864","0.55","12.4","25","0.7247217195308419","0.6682","8.295000000000032","0.5206","334.1","334.1","0.246","0.3","false","0.5","0.5","0.528","2.9499999999999984","0.528","0.4978902953586498","0.5318766836276564","0.4576271186440678","0.5","0","500","0","7.105427357601002E-15","1.3500311979441904E-13","true","true","true"
"1310","310310","B-good","false","500","310310","B-good","500","125","5000","0.7692398877638839","1","60","0.6083068300717249","0.7","13.2","25","0.9445887445053124","0.8366","4.085000000000006","0.5446","418.3","418.3","0.052","0","false","0.7692398877638839","1","0.48","3.2499999999999973","0.48","0.4944920440636475","0.5543868037293809","0.4461538461538462","0.55","0","500","0","3.197442310920451E-14","7.638334409421077E-14","true","true","true"
"1312","310312","B-good","false","500","310312","B-good","500","125","5000","0.7692398877638839","1","76","0.5590223747896299","0.55","13.9","25","0.7836350348394467","0.6954","7.615000000000025","0.5372","347.7","347.7","0.242","0.3","false","0.7692398877638839","1","0.608","2.45","0.608","0.5187130663164806","0.545297670405522","0.5510204081632653","0.5394736842105263","0","500","0","8.881784197001252E-15","1.1723955140041653E-13","true","true","true"
"1313","310313","B-good","false","500","310313","B-good","500","125","5000","0.7692398877638839","1","86","0.6046298918310021","0.75","14.7","25","0.9918288895172515","0.8482","3.794999999999999","0.5456","424.1","424.1","0.02","0","false","0.7692398877638839","1","0.688","1.9500000000000017","0.688","0.4901185770750988","0.5555293562838953","0.5641025641025641","0.5348837209302325","0","500","0","2.8421709430404007E-14","2.398081733190338E-14","true","true","true"
"1314","310314","B-good","false","500","310314","B-good","500","125","5000","0.9783898101507787","1","95","0.5407506180768645","0.65","12.1","25","0.9824768062789417","0.7706","5.735000000000012","0.5422","385.3","385.3","0.024","0","false","0.9783898101507787","1","0.76","1.5000000000000013","0.76","0.4917175239755885","0.5572281339216195","0.4666666666666667","0.6","0","500","0","1.4210854715202004E-14","5.861977570020827E-14","true","true","true"
"1315","310315","B-good","false","500","310315","B-good","500","125","5000","0.7317174011812813","1","81","0.5716388318391439","0.65","12.9","25","0.9215561369756461","0.7956","5.110000000000008","0.5354","397.8","397.8","0.11","0.1","false","0.7317174011812813","1","0.648","2.200000000000001","0.648","0.4931506849315068","0.5462543991955756","0.5454545454545454","0.5308641975308642","0","500","0","2.1316282072803006E-14","8.171241461241152E-14","true","true","true"
"1316","310316","B-good","false","500","310316","B-good","500","125","5000","0.9946080309222399","1","90","0.4779016556266898","0.5","12.9","25","0.8811879362604758","0.748","6.300000000000007","0.5304","374","374","0.128","0.1","false","0.9946080309222399","1","0.72","1.7500000000000016","0.72","0.4801587301587302","0.5473262032085562","0.5714285714285714","0.6444444444444445","0","500","0","2.1316282072803006E-14","4.973799150320701E-14","true","true","true"
"1317","310317","B-good","false","500","310317","B-good","500","125","5000","0.9854295854981023","1","73","0.549425771495709","0.45","13.5","25","0.8178979225107019","0.724","6.900000000000024","0.5312","362","362","0.162","0.2","false","0.9854295854981023","1","0.584","2.5999999999999996","0.584","0.4782608695652174","0.5513812154696133","0.5384615384615384","0.6438356164383562","0","500","0","2.4868995751603507E-14","8.881784197001252E-14","true","true","true"
"1318","310318","B-good","false","500","310318","B-good","500","125","5000","0.646116504854369","1","53","0.4235501527606348","0.25","9.6","25","0.8162666939996583","0.6706","8.23500000000003","0.5236","335.3","335.3","0.198","0.2","false","0.646116504854369","1","0.424","3.599999999999996","0.424","0.49058894960534305","0.5398150909633165","0.5277777777777778","0.5283018867924528","0","500","0","1.4210854715202004E-14","1.2434497875801753E-13","true","true","true"
"1319","310319","B-good","false","500","310319","B-good","500","125","5000","0.55","1","53","0.43973674133868873","0.3","10.5","25","0.7461214138846819","0.6176","9.560000000000038","0.5194","308.8","308.8","0.24","0.3","false","0.55","1","0.424","3.599999999999996","0.424","0.48221757322175735","0.5424222797927462","0.4861111111111111","0.5094339622641509","0","500","0","7.105427357601002E-15","1.2079226507921703E-13","true","true","true"
"1320","310320","B-good","false","500","310320","B-good","500","125","5000","0.2682825988187187","0","27","0.5561303922178163","0.6","13.4","25","0.9323692766777458","0.7582","6.045000000000021","0.5386","379.1","379.1","0.102","0","false","0.2682825988187187","0","0.216","4.8999999999999915","0.216","0.49545078577336643","0.5523608546557637","0.5612244897959183","0.4074074074074074","0","500","0","2.8421709430404007E-14","9.947598300641403E-14","true","true","true"
"1321","310321","B-good","false","500","310321","B-good","500","125","5000","0.3094519384963682","0","62","0.5544118013704706","0.8","11.7","25","0.9212445732087258","0.7692","5.770000000000018","0.54","384.6","384.6","0.1","0.1","false","0.3094519384963682","0","0.496","3.1499999999999977","0.496","0.5043327556325823","0.5507020280811232","0.49206349206349204","0.46774193548387094","0","500","0","2.4868995751603507E-14","9.237055564881302E-14","true","true","true"
"1322","310322","B-good","false","500","310322","B-good","500","125","5000","0.8588821376227943","1","85","0.5777499941891159","0.65","13.5","25","0.8892199748728812","0.7474","6.3150000000000075","0.5344","373.7","373.7","0.092","0.1","false","0.8588821376227943","1","0.68","2.0000000000000018","0.68","0.4932699920823436","0.5483007760235483","0.6","0.5529411764705883","0","500","0","3.197442310920451E-14","9.947598300641403E-14","true","true","true"
"1323","310323","B-good","false","500","310323","B-good","500","125","5000","0.5","0.5","58","0.574537919505727","0.85","13.6","25","0.9485322106537556","0.766","5.85","0.5368","383","383","0.044","0","false","0.5","0.5","0.464","3.349999999999997","0.464","0.49572649572649574","0.5493472584856397","0.5970149253731343","0.5","0","500","0","1.2434497875801753E-14","1.5987211554602254E-14","true","true","true"
"1324","310324","B-good","false","500","310324","B-good","500","125","5000","0.9880470865159074","1","96","0.5243204815588778","0.55","13.9","25","0.8302801305251173","0.7298","6.755000000000022","0.5394","364.9","364.9","0.188","0.2","false","0.9880470865159074","1","0.768","1.4500000000000013","0.768","0.5092524056254626","0.550561797752809","0.5517241379310345","0.6145833333333334","0","500","0","2.1316282072803006E-14","1.5631940186722204E-13","true","true","true"
"1325","310325","B-good","false","500","310325","B-good","500","125","5000","0.9174389747697416","1","90","0.5371261253765993","0.55","12.7","25","0.8773800646697258","0.7266","6.83500000000002","0.5438","363.3","363.3","0.17","0.2","false","0.9174389747697416","1","0.72","1.7500000000000016","0.72","0.5018288222384785","0.5595926231764382","0.5428571428571428","0.5666666666666667","0","500","0","3.552713678800501E-14","1.2079226507921703E-13","true","true","true"
"1326","310326","B-good","false","500","310326","B-good","500","125","5000","0.9314206186232206","1","77","0.5260763938368399","0.5","13.9","25","0.9493819015172795","0.7582","6.045000000000004","0.5346","379.1","379.1","0.078","0.1","false","0.9314206186232206","1","0.616","2.4000000000000004","0.616","0.4904880066170389","0.5486678976523345","0.5416666666666666","0.5844155844155844","0","500","0","8.881784197001252E-15","6.039613253960852E-14","true","true","true"
"1327","310327","B-good","false","500","310327","B-good","500","125","5000","0.8029278364278081","1","57","0.44773657164792036","0.35","12.1","25","0.9338384819885256","0.76","5.999999999999997","0.5324","380","380","0.074","0.1","false","0.8029278364278081","1","0.456","3.399999999999997","0.456","0.4975","0.5434210526315789","0.5735294117647058","0.5614035087719298","0","500","0","1.2434497875801753E-14","4.263256414560601E-14","true","true","true"
"1329","310329","B-good","false","500","310329","B-good","500","125","5000","0.44999999999999996","0","59","0.6159508846615036","0.8","14.3","25","0.9994525100578733","0.8364","4.089999999999998","0.5498","418.2","418.2","0","0","false","0.44999999999999996","0","0.472","3.299999999999997","0.472","0.5024449877750611","0.5590626494500239","0.3939393939393939","0.4915254237288136","0","500","0","1.0658141036401503E-14","1.9539925233402755E-14","true","true","true"
"1328","310328","B-good","false","500","310328","B-good","500","125","5000","0.9174389747697416","1","66","0.5283989519142993","0.55","15","25","0.9782539223174348","0.8078","4.805000000000007","0.5408","403.9","403.9","0.048","0","false","0.9174389747697416","1","0.528","2.9499999999999984","0.528","0.47762747138397504","0.5558306511512751","0.4915254237288136","0.5909090909090909","0","500","0","1.7763568394002505E-14","1.0302869668521453E-13","true","true","true"
"1330","310330","B-good","false","500","310330","B-good","500","125","5000","0.23076011223611606","0","50","0.509710660386427","0.55","12.4","25","0.8398529493387186","0.702","7.450000000000044","0.5416","351","351","0.186","0.2","false","0.23076011223611606","0","0.4","3.7499999999999956","0.4","0.49798657718120803","0.5601139601139601","0.56","0.44","0","500","0","1.7763568394002505E-14","1.4921397450962104E-13","true","true","true"
"1331","310331","B-good","false","500","310331","B-good","500","125","5000","0.9174389747697416","1","74","0.6166453246819924","0.8","15","25","0.986934224348919","0.8742","3.1449999999999982","0.5484","437.1","437.1","0.022","0","false","0.9174389747697416","1","0.592","2.55","0.592","0.5103338632750397","0.5538778311599176","0.6078431372549019","0.581081081081081","0","500","0","1.5987211554602254E-14","2.042810365310288E-14","true","true","true"
"1332","310332","B-good","false","500","310332","B-good","500","125","5000","0.4009900990099009","0","48","0.4372787372138367","0.25","9.3","25","0.9099997428408955","0.7492","6.270000000000013","0.5316","374.6","374.6","0.1","0.1","false","0.4009900990099009","0","0.384","3.849999999999995","0.384","0.4960127591706539","0.5435130806193272","0.4935064935064935","0.4791666666666667","0","500","0","5.329070518200751E-15","7.460698725481052E-14","true","true","true"
"1333","310333","B-good","false","500","310333","B-good","500","125","5000","0.1970721635721919","0","35","0.5287654665367901","0.6","12.8","25","0.9880554509953233","0.8394","4.015000000000006","0.565","419.7","419.7","0.02","0","false","0.1970721635721919","0","0.28","4.499999999999993","0.28","0.5305105853051059","0.571598761019776","0.5111111111111111","0.4","0","500","0","2.1316282072803006E-14","6.927791673660977E-14","true","true","true"
"1335","310335","B-good","false","500","310335","B-good","500","125","5000","0.08256102523025849","0","30","0.5292233009708738","0.6","12","25","0.7479251304821946","0.7208","6.980000000000028","0.5352","360.4","360.4","0.234","0.3","false","0.08256102523025849","0","0.24","4.749999999999992","0.24","0.5229226361031518","0.5399556048834628","0.4421052631578947","0.3","0","500","0","5.329070518200751E-15","1.4921397450962104E-13","true","true","true"
"1336","310336","B-good","false","500","310336","B-good","500","125","5000","0.1970721635721919","0","49","0.5420924835968991","0.65","13.1","25","0.8960624822499899","0.7644","5.890000000000014","0.538","382.2","382.2","0.106","0.1","false","0.1970721635721919","0","0.392","3.7999999999999954","0.392","0.5152801358234296","0.5450026164311879","0.5263157894736842","0.42857142857142855","0","500","0","1.4210854715202004E-14","1.4566126083082054E-13","true","true","true"
"1334","310334","B-good","false","500","310334","B-good","500","125","5000","0.3094519384963682","0","38","0.5232707500191183","0.6","13.5","25","0.9515452990163068","0.8118","4.705000000000004","0.5436","405.9","405.9","0.048","0","false","0.3094519384963682","0","0.304","4.349999999999993","0.304","0.5196599362380446","0.549150036954915","0.45977011494252873","0.4473684210526316","0","500","0","2.4868995751603507E-14","5.3290705182007514E-14","true","true","true"
"1337","310337","B-good","false","500","310337","B-good","500","125","5000","0.9431811237123936","1","92","0.43905667616593497","0.25","12.2","25","0.9045617907696292","0.7578","6.055000000000012","0.5494","378.9","378.9","0.096","0.1","false","0.9431811237123936","1","0.736","1.6500000000000015","0.736","0.5053674649050371","0.5634732119292689","0.5454545454545454","0.5760869565217391","0","500","0","1.5987211554602254E-14","1.4210854715202004E-13","true","true","true"
"1341","310341","B-good","false","500","310341","B-good","500","125","5000","0.353883495145631","0","61","0.519526276785061","0.5","14.1","25","0.8112715926586025","0.6824","7.940000000000029","0.5176","341.2","341.2","0.184","0.1","false","0.353883495145631","0","0.488","3.1999999999999975","0.488","0.46914357682619645","0.5401524032825322","0.53125","0.47540983606557374","0","500","0","5.329070518200751E-15","1.5987211554602254E-13","true","true","true"
"1340","310340","B-good","false","500","310340","B-good","500","125","5000","0.1970721635721919","0","41","0.5700336010771149","0.7","13.3","25","0.9086307198239154","0.6884","7.790000000000026","0.5288","344.2","344.2","0.128","0.1","false","0.1970721635721919","0","0.328","4.199999999999994","0.328","0.48973042362002567","0.5464846019755956","0.5476190476190477","0.4146341463414634","0","500","0","1.4210854715202004E-14","1.2434497875801753E-13","true","true","true"
"1338","310338","B-good","false","500","310338","B-good","500","125","5000","0.4009900990099009","0","50","0.49451122959354504","0.35","12.8","25","0.9998119616067489","0.8642","3.394999999999997","0.5546","432.1","432.1","0","0","false","0.4009900990099009","0","0.4","3.7499999999999956","0.4","0.49042709867452133","0.5646841009025688","0.49333333333333335","0.48","0","500","0","2.1316282072803006E-14","1.9539925233402755E-14","true","true","true"
"1339","310339","B-good","false","500","310339","B-good","500","125","5000","0.3094519384963682","0","56","0.509710660386427","0.55","14.6","25","0.92875817252014","0.7408","6.480000000000011","0.5408","370.4","370.4","0.092","0.1","false","0.3094519384963682","0","0.448","3.4499999999999966","0.448","0.5077160493827161","0.5523758099352052","0.5072463768115942","0.4642857142857143","0","500","0","2.8421709430404007E-14","1.2789769243681803E-13","true","true","true"
"1342","310342","B-good","false","500","310342","B-good","500","125","5000","0.9963840547280801","1","112","0.5462799414279528","0.55","14.3","25","0.9994435768842959","0.871","3.224999999999997","0.5518","435.5","435.5","0","0","false","0.9963840547280801","1","0.896","0.6500000000000006","0.896","0.4682170542635659","0.564179104477612","0.5384615384615384","0.625","0","500","0","1.7763568394002505E-14","2.3092638912203256E-14","true","true","true"
"1343","310343","B-good","false","500","310343","B-good","500","125","5000","0.353883495145631","0","45","0.5134965508243876","0.5","12","25","0.8150678579356836","0.62","9.50000000000005","0.5278","310","310","0.218","0.2","false","0.353883495145631","0","0.36","3.9999999999999947","0.36","0.52","0.5325806451612903","0.5","0.4666666666666667","0","500","0","4.440892098500626E-15","1.3855583347321954E-13","true","true","true"
"1344","310344","B-good","false","500","310344","B-good","500","125","5000","0.2682825988187187","0","49","0.5115739730389011","0.65","12.8","25","0.8224217216521319","0.6566","8.58500000000004","0.53","328.3","328.3","0.208","0.3","false","0.2682825988187187","0","0.392","3.7999999999999954","0.392","0.4898078043098428","0.5510204081632653","0.5","0.4489795918367347","0","500","0","1.5987211554602254E-14","1.3145040611561853E-13","true","true","true"
"1345","310345","B-good","false","500","310345","B-good","500","125","5000","0.9970395529930917","1","103","0.5284392448396288","0.6","13.8","25","0.9967565240309085","0.8534","3.6649999999999947","0.5442","426.7","426.7","0","0","false","0.9970395529930917","1","0.824","1.100000000000001","0.824","0.4897680763983629","0.5535505038668854","0.36363636363636365","0.6407766990291263","0","500","0","1.5987211554602254E-14","2.042810365310288E-14","true","true","true"
"1346","310346","B-good","false","500","310346","B-good","500","125","5000","0.6905480615036318","1","68","0.5554799965158523","0.45","11.6","25","0.7513078047660673","0.6762","8.095000000000034","0.531","338.1","338.1","0.266","0.3","false","0.6905480615036318","1","0.544","2.8499999999999988","0.544","0.506485484867202","0.5427388346643005","0.5263157894736842","0.5294117647058824","0","500","0","1.5987211554602254E-14","1.2434497875801753E-13","true","true","true"
"1347","310347","B-good","false","500","310347","B-good","500","125","5000","0.4009900990099009","0","64","0.5736939250990558","0.6","12.7","25","0.9975211388436019","0.8596","3.5100000000000007","0.545","429.8","429.8","0.004","0","false","0.4009900990099009","0","0.512","3.049999999999998","0.512","0.5014245014245015","0.5521172638436482","0.4426229508196721","0.484375","0","500","0","1.4210854715202004E-14","2.1316282072803006E-14","true","true","true"
"1348","310348","B-good","false","500","310348","B-good","500","125","5000","0.9174389747697416","1","74","0.590872528706744","0.6","14.3","25","0.999527419406039","0.8686","3.284999999999999","0.5644","434.3","434.3","0","0","false","0.9174389747697416","1","0.592","2.55","0.592","0.547945205479452","0.5668892470642413","0.5490196078431373","0.581081081081081","0","500","0","1.5987211554602254E-14","1.2434497875801753E-14","true","true","true"
"1349","310349","B-good","false","500","310349","B-good","500","125","5000","0.646116504854369","1","71","0.5129042353966273","0.45","12.3","25","0.793706790049316","0.707","7.325000000000029","0.5244","353.5","353.5","0.208","0.2","false","0.646116504854369","1","0.568","2.6999999999999993","0.568","0.5023890784982935","0.5335219236209335","0.48148148148148145","0.5211267605633803","0","500","0","5.329070518200751E-15","1.4210854715202004E-13","true","true","true"
"1350","310350","B-good","false","500","310350","B-good","500","125","5000","0.599009900990099","1","46","0.5191538160513534","0.6","12.8","25","0.905558495320202","0.7776","5.56000000000002","0.5506","388.8","388.8","0.104","0.1","false","0.599009900990099","1","0.368","3.949999999999995","0.368","0.5008992805755396","0.5648148148148148","0.4936708860759494","0.5217391304347826","0","500","0","2.8421709430404007E-14","9.592326932761353E-14","true","true","true"
"1351","310351","B-good","false","500","310351","B-good","500","125","5000","0.55","1","53","0.5599053991819336","0.7","12.5","25","0.8909087804432103","0.8182","4.545000000000006","0.5382","409.1","409.1","0.134","0.2","false","0.55","1","0.424","3.599999999999996","0.424","0.48404840484048406","0.5502322170618431","0.4722222222222222","0.5094339622641509","0","500","0","1.7763568394002505E-14","6.572520305780927E-14","true","true","true"
"1352","310352","B-good","false","500","310352","B-good","500","125","5000","0.9431811237123936","1","112","0.5427023092051407","0.55","12.6","25","0.8798585926775822","0.7388","6.530000000000032","0.5306","369.4","369.4","0.112","0.1","false","0.9431811237123936","1","0.896","0.6500000000000006","0.896","0.4762633996937213","0.5498105035192203","0.6923076923076923","0.5625","0","500","0","1.0658141036401503E-14","1.3145040611561853E-13","true","true","true"
"1353","310353","B-good","false","500","310353","B-good","500","125","5000","0.8588821376227943","1","87","0.5738602303775908","0.7","12.6","25","0.9978012235783739","0.8896","2.7599999999999985","0.5486","444.8","444.8","0.002","0","false","0.8588821376227943","1","0.696","1.9000000000000017","0.696","0.5090579710144928","0.5535071942446043","0.4473684210526316","0.5517241379310345","0","500","0","1.7763568394002505E-14","1.7763568394002505E-14","true","true","true"
"1354","310354","B-good","false","500","310354","B-good","500","125","5000","0.44999999999999996","0","87","0.5576183398122623","0.55","14.1","25","0.9513437099816076","0.7448","6.380000000000014","0.546","372.4","372.4","0.092","0","false","0.44999999999999996","0","0.696","1.9000000000000017","0.696","0.5164576802507836","0.5561224489795918","0.6578947368421053","0.4942528735632184","0","500","0","2.8421709430404007E-14","1.1013412404281553E-13","true","true","true"
"1355","310355","B-good","false","500","310355","B-good","500","125","5000","0.353883495145631","0","47","0.6117058709706391","0.8","13.7","25","0.8192958483210081","0.7578","6.055000000000023","0.5394","378.9","378.9","0.18","0.2","false","0.353883495145631","0","0.376","3.899999999999995","0.376","0.5144508670520231","0.5473739773027184","0.4230769230769231","0.46808510638297873","0","500","0","2.1316282072803006E-14","1.4566126083082054E-13","true","true","true"
"1356","310356","B-good","false","500","310356","B-good","500","125","5000","0.9612361174447144","1","114","0.6817649281902918","0.85","15.2","25","0.9633443522396851","0.888","2.799999999999998","0.5538","444","444","0.046","0","false","0.9612361174447144","1","0.912","0.5500000000000005","0.912","0.4785714285714286","0.5632882882882883","0.6363636363636364","0.5701754385964912","0","500","0","2.8421709430404007E-14","1.4210854715202004E-14","true","true","true"
"1357","310357","B-good","false","500","310357","B-good","500","125","5000","0.23076011223611606","0","36","0.5129672274732993","0.65","12.7","25","0.7770108643541913","0.627","9.325000000000033","0.5148","313.5","313.5","0.216","0.2","false","0.23076011223611606","0","0.288","4.449999999999993","0.288","0.4788203753351206","0.5362041467304626","0.5168539325842697","0.4166666666666667","0","500","0","5.329070518200751E-15","1.4566126083082054E-13","true","true","true"
"1358","310358","B-good","false","500","310358","B-good","500","125","5000","0.9901990435157576","1","101","0.5173492203745398","0.5","14.6","25","0.9336198832631896","0.752","6.200000000000004","0.5362","376","376","0.082","0.1","false","0.9901990435157576","1","0.808","1.200000000000001","0.808","0.5080645161290323","0.5454787234042553","0.4583333333333333","0.6138613861386139","0","500","0","5.329070518200751E-15","6.394884621840902E-14","true","true","true"
"1359","310359","B-good","false","500","310359","B-good","500","125","5000","0.646116504854369","1","87","0.5428202726871534","0.6","12.7","25","0.8052139399983489","0.7472","6.320000000000006","0.5282","373.6","373.6","0.144","0.2","false","0.646116504854369","1","0.696","1.9000000000000017","0.696","0.5055379746835443","0.5358672376873662","0.47368421052631576","0.5172413793103449","0","500","0","1.2434497875801753E-14","5.3290705182007514E-14","true","true","true"
"1360","310360","B-good","false","500","310360","B-good","500","125","5000","0.2682825988187187","0","51","0.5134610797317011","0.5","11.9","25","0.8706316365333253","0.7488","6.28000000000001","0.5324","374.4","374.4","0.136","0.2","false","0.2682825988187187","0","0.408","3.6999999999999957","0.408","0.5087579617834395","0.5403311965811965","0.4594594594594595","0.45098039215686275","0","500","0","1.5987211554602254E-14","1.0302869668521453E-13","true","true","true"
"1361","310361","B-good","false","500","310361","B-good","500","125","5000","0.5990099009900991","1","60","0.5228591962615123","0.4","13","25","0.8156569008398986","0.7338","6.655000000000027","0.5414","366.9","366.9","0.18","0.2","false","0.5990099009900991","1","0.48","3.2499999999999973","0.48","0.5078888054094666","0.553556827473426","0.49230769230769234","0.5166666666666667","0","500","0","2.1316282072803006E-14","1.4566126083082054E-13","true","true","true"
"1362","310362","B-good","false","500","310362","B-good","500","125","5000","0.9009100727155935","1","71","0.5993308367530183","0.8","16.8","25","0.7982879841812565","0.7244","6.890000000000032","0.5312","362.2","362.2","0.214","0.2","false","0.9009100727155935","1","0.568","2.6999999999999993","0.568","0.5","0.5430701270016566","0.48148148148148145","0.5774647887323944","0","500","0","8.881784197001252E-15","1.4566126083082054E-13","true","true","true"
"1364","310364","B-good","false","500","310364","B-good","500","125","5000","0.9980162717648575","1","119","0.5573174860209958","0.6","12.8","25","0.8569280510927699","0.752","6.200000000000019","0.5342","376","376","0.124","0.2","false","0.9980162717648575","1","0.952","0.30000000000000027","0.952","0.48951612903225805","0.548936170212766","0.5","0.6302521008403361","0","500","0","1.4210854715202004E-14","1.2789769243681803E-13","true","true","true"
"1363","310363","B-good","false","500","310363","B-good","500","125","5000","0.9612361174447144","1","76","0.5935886437628628","0.6","13.2","25","0.8996238058583866","0.7922","5.195000000000023","0.5374","396.1","396.1","0.112","0.1","false","0.9612361174447144","1","0.608","2.45","0.608","0.4773820981713186","0.5531431456702853","0.46938775510204084","0.6052631578947368","0","500","0","2.8421709430404007E-14","1.7408297026122455E-13","true","true","true"
"1365","310365","B-good","false","500","310365","B-good","500","125","5000","0.4009900990099009","0","66","0.5824896516554661","0.55","13.2","25","0.9069218489669583","0.7276","6.810000000000019","0.533","363.8","363.8","0.082","0","false","0.4009900990099009","0","0.528","2.9499999999999984","0.528","0.5080763582966226","0.5423309510720176","0.5932203389830508","0.48484848484848486","0","500","0","1.4210854715202004E-14","6.750155989720952E-14","true","true","true"
"1366","310366","B-good","false","500","310366","B-good","500","125","5000","0.9174389747697416","1","86","0.5811430912466377","0.65","13.4","25","0.9950452627760178","0.8604","3.4899999999999958","0.5386","430.2","430.2","0.01","0","false","0.9174389747697416","1","0.688","1.9500000000000017","0.688","0.49570200573065903","0.5455602045560205","0.5384615384615384","0.5697674418604651","0","500","0","1.4210854715202004E-14","2.6645352591003757E-14","true","true","true"
"1367","310367","B-good","false","500","310367","B-good","500","125","5000","0.8814994686598715","1","84","0.5493116727632715","0.6","13.7","25","0.9866883509925991","0.7792","5.5200000000000005","0.5378","389.6","389.6","0.028","0","false","0.8814994686598715","1","0.672","2.0500000000000016","0.672","0.4990942028985507","0.5487679671457906","0.4634146341463415","0.5595238095238095","0","500","0","1.0658141036401503E-14","3.552713678800501E-14","true","true","true"
"1369","310369","B-good","false","500","310369","B-good","500","125","5000","0.6905480615036318","1","62","0.5446010123768446","0.6","12.6","25","0.9115508979384488","0.801","4.975000000000011","0.541","400.5","400.5","0.082","0.1","false","0.6905480615036318","1","0.496","3.1499999999999977","0.496","0.507537688442211","0.5493133583021224","0.49206349206349204","0.532258064516129","0","500","0","5.329070518200751E-15","1.3500311979441904E-13","true","true","true"
"1370","310370","B-good","false","500","310370","B-good","500","125","5000","0.9612361174447144","1","88","0.596433195080025","0.6","15.5","25","0.8376118289173938","0.7672","5.820000000000017","0.5324","383.6","383.6","0.168","0.2","false","0.9612361174447144","1","0.704","1.8500000000000016","0.704","0.5017182130584192","0.5417101147028154","0.7297297297297297","0.5909090909090909","0","500","0","1.0658141036401503E-14","8.526512829121202E-14","true","true","true"
"1368","310368","B-good","false","500","310368","B-good","500","125","5000","0.9431811237123936","1","70","0.5264987571782369","0.5","12.6","25","0.9898745443959326","0.8192","4.519999999999997","0.5344","409.6","409.6","0.004","0","false","0.9431811237123936","1","0.56","2.749999999999999","0.56","0.49336283185840707","0.54345703125","0.6","0.6","0","500","0","8.881784197001252E-15","2.220446049250313E-14","true","true","true"
"1371","310371","B-good","false","500","310371","B-good","500","125","5000","0.9946080309222399","1","108","0.5003883495145631","0.6","12","25","0.8408041207390875","0.71","7.250000000000024","0.5274","355","355","0.19","0.1","false","0.9946080309222399","1","0.864","0.8500000000000008","0.864","0.5013793103448276","0.5380281690140845","0.5882352941176471","0.6203703703703703","0","500","0","3.552713678800501E-15","1.3145040611561853E-13","true","true","true"
"1372","310372","B-good","false","500","310372","B-good","500","125","5000","0.9737137791228572","1","86","0.5532314511883266","0.6","12.2","25","0.853563578593745","0.803","4.925000000000011","0.5404","401.5","401.5","0.138","0.2","false","0.9737137791228572","1","0.688","1.9500000000000017","0.688","0.500507614213198","0.550186799501868","0.46153846153846156","0.6046511627906976","0","500","0","1.7763568394002505E-14","7.460698725481052E-14","true","true","true"
"1373","310373","B-good","false","500","310373","B-good","500","125","5000","0.23076011223611606","0","32","0.5151024539301978","0.4","12.2","25","0.816043747586351","0.692","7.70000000000004","0.539","346","346","0.186","0.2","false","0.23076011223611606","0","0.256","4.649999999999992","0.256","0.5051948051948052","0.5540462427745665","0.5053763440860215","0.40625","0","500","0","8.881784197001252E-15","1.5631940186722204E-13","true","true","true"
"1374","310374","B-good","false","500","310374","B-good","500","125","5000","0.353883495145631","0","55","0.48920272599022513","0.55","11.2","25","0.904173376907344","0.75","6.250000000000013","0.538","375","375","0.096","0.1","false","0.353883495145631","0","0.44","3.4999999999999964","0.44","0.476","0.5586666666666666","0.6","0.4727272727272727","0","500","0","2.4868995751603507E-14","1.4921397450962104E-13","true","true","true"
"1375","310375","B-good","false","500","310375","B-good","500","125","5000","0.6905480615036318","1","76","0.5174926399990902","0.4","13.5","25","0.9878010125087624","0.7744","5.640000000000001","0.5352","387.2","387.2","0.018","0","false","0.6905480615036318","1","0.608","2.45","0.608","0.4946808510638298","0.547004132231405","0.46938775510204084","0.5263157894736842","0","500","0","1.0658141036401503E-14","2.6645352591003757E-14","true","true","true"
"1376","310376","B-good","false","500","310376","B-good","500","125","5000","0.6905480615036318","1","88","0.5660468688553704","0.75","14.3","25","0.7868313586341402","0.6586","8.53500000000004","0.5282","329.3","329.3","0.236","0.3","false","0.6905480615036318","1","0.704","1.8500000000000016","0.704","0.5090802577621558","0.5381111448527179","0.4594594594594595","0.5227272727272727","0","500","0","8.881784197001252E-15","1.2434497875801753E-13","true","true","true"
"1377","310377","B-good","false","500","310377","B-good","500","125","5000","0.4009900990099009","0","60","0.5788302594589354","0.6","14.8","25","0.9971925073863416","0.8722","3.1949999999999954","0.548","436.1","436.1","0.004","0","false","0.4009900990099009","0","0.48","3.2499999999999973","0.48","0.5164319248826291","0.5526255445998625","0.6","0.48333333333333334","0","500","0","1.2434497875801753E-14","2.4868995751603507E-14","true","true","true"
"1378","310378","B-good","false","500","310378","B-good","500","125","5000","0.8588821376227943","1","101","0.6432799738448078","0.8","15.2","25","0.8935591678447548","0.8412","3.9700000000000157","0.5364","420.6","420.6","0.106","0.1","false","0.8588821376227943","1","0.808","1.200000000000001","0.808","0.48614609571788414","0.545886828340466","0.6666666666666666","0.5445544554455446","0","500","0","2.4868995751603507E-14","1.3500311979441904E-13","true","true","true"
"1379","310379","B-good","false","500","310379","B-good","500","125","5000","0.5","0.5","48","0.535459264051646","0.5","13.3","25","0.8744066260632971","0.805","4.875000000000009","0.5408","402.5","402.5","0.134","0.1","false","0.5","0.5","0.384","3.849999999999995","0.384","0.48923076923076925","0.5532919254658385","0.4935064935064935","0.5","0","500","0","2.1316282072803006E-14","4.263256414560601E-14","true","true","true"
"1380","310380","B-good","false","500","310380","B-good","500","125","5000","0.9612361174447144","1","94","0.5594398746584527","0.6","11.5","25","0.9631959055129075","0.7832","5.420000000000001","0.54","391.6","391.6","0.062","0","false","0.9612361174447144","1","0.752","1.5500000000000014","0.752","0.5046125461254612","0.5497957099080695","0.5806451612903226","0.5851063829787234","0","500","0","2.1316282072803006E-14","4.085620730620576E-14","true","true","true"
"1382","310382","B-good","false","500","310382","B-good","500","125","5000","0.9680589764391282","1","93","0.6440960339330142","0.7","13.5","25","0.7628064602846673","0.7586","6.035000000000026","0.5404","379.3","379.3","0.206","0.2","false","0.9680589764391282","1","0.744","1.6000000000000014","0.744","0.5269262634631318","0.5446875823886106","0.5","0.5913978494623656","0","500","0","1.0658141036401503E-14","1.3145040611561853E-13","true","true","true"
"1381","310381","B-good","false","500","310381","B-good","500","125","5000","0.8814994686598715","1","92","0.5730761742463458","0.7","14.2","25","0.8537992095319586","0.8016","4.96000000000001","0.5446","400.8","400.8","0.132","0.2","false","0.8814994686598715","1","0.736","1.6500000000000015","0.736","0.5080645161290323","0.5536427145708582","0.5151515151515151","0.5543478260869565","0","500","0","1.0658141036401503E-14","5.1514348342607263E-14","true","true","true"
"1383","310383","B-good","false","500","310383","B-good","500","125","5000","0.8029278364278081","1","91","0.4493115097405373","0.35","12.1","25","0.9267455270828521","0.7418","6.455000000000015","0.5438","370.9","370.9","0.074","0.1","false","0.8029278364278081","1","0.728","1.7000000000000015","0.728","0.4872192099147947","0.5634942032892963","0.4411764705882353","0.5384615384615384","0","500","0","2.4868995751603507E-14","9.947598300641403E-14","true","true","true"
"1384","310384","B-good","false","500","310384","B-good","500","125","5000","0.5","0.5","34","0.4987581094346714","0.5","13.2","25","0.8043199474797825","0.684","7.900000000000018","0.537","342","342","0.2","0.2","false","0.5","0.5","0.272","4.549999999999993","0.272","0.5164556962025316","0.5464912280701755","0.5164835164835165","0.5","0","500","0","2.8421709430404007E-14","1.3145040611561853E-13","true","true","true"
"1385","310385","B-good","false","500","310385","B-good","500","125","5000","0.2682825988187187","0","63","0.5407835870875418","0.5","13.4","25","0.9940216074951692","0.7872","5.320000000000009","0.5378","393.6","393.6","0.018","0","false","0.2682825988187187","0","0.504","3.099999999999998","0.504","0.49530075187969924","0.5492886178861789","0.532258064516129","0.4603174603174603","0","500","0","1.4210854715202004E-14","6.394884621840902E-14","true","true","true"
"1387","310387","B-good","false","500","310387","B-good","500","125","5000","0.4009900990099009","0","84","0.5192587720635603","0.5","13.1","25","0.7974278438758897","0.6898","7.7550000000000265","0.5292","344.9","344.9","0.21","0.3","false","0.4009900990099009","0","0.672","2.0500000000000016","0.672","0.4938749194068343","0.5450855320382719","0.4878048780487805","0.4880952380952381","0","500","0","3.197442310920451E-14","1.4210854715202004E-13","true","true","true"
"1386","310386","B-good","false","500","310386","B-good","500","125","5000","0.9854295854981023","1","93","0.5573950410890018","0.7","13","25","0.9065558201439089","0.815","4.625000000000009","0.5466","407.5","407.5","0.102","0.1","false","0.9854295854981023","1","0.744","1.6000000000000014","0.744","0.5016216216216216","0.5568098159509203","0.46875","0.6129032258064516","0","500","0","2.1316282072803006E-14","5.1514348342607263E-14","true","true","true"
"1388","310388","B-good","false","500","310388","B-good","500","125","5000","0.9980162717648575","1","109","0.6128229377918968","0.7","13.9","25","0.9085533197076201","0.7768","5.580000000000019","0.5362","388.4","388.4","0.1","0.1","false","0.9980162717648575","1","0.872","0.8000000000000007","0.872","0.5197132616487455","0.5409371781668383","0.375","0.6422018348623854","0","500","0","1.5987211554602254E-14","1.1368683772161603E-13","true","true","true"
"1389","310389","B-good","false","500","310389","B-good","500","125","5000","0.9880470865159074","1","100","0.4978691826260252","0.4","13.4","25","0.997962099903642","0.834","4.149999999999995","0.5474","417","417","0","0","false","0.9880470865159074","1","0.8","1.250000000000001","0.8","0.5156626506024097","0.5537170263788969","0.52","0.61","0","500","0","1.2434497875801753E-14","2.042810365310288E-14","true","true","true"
"1390","310390","B-good","false","500","310390","B-good","500","125","5000","0.55","1","63","0.5308907817223861","0.55","12.3","25","0.884085601287213","0.8002","4.995000000000015","0.5454","400.1","400.1","0.11","0.1","false","0.55","1","0.504","3.099999999999998","0.504","0.4914914914914915","0.5588602849287678","0.43548387096774194","0.5079365079365079","0","500","0","2.4868995751603507E-14","1.5631940186722204E-13","true","true","true"
"1391","310391","B-good","false","500","310391","B-good","500","125","5000","0.9955840597339484","1","99","0.5233757060313252","0.5","13.6","25","0.9881783454763788","0.8028","4.929999999999998","0.5476","401.4","401.4","0.002","0","false","0.9955840597339484","1","0.792","1.3000000000000012","0.792","0.5081135902636917","0.557299451918286","0.5769230769230769","0.6363636363636364","0","500","0","2.1316282072803006E-14","1.5987211554602254E-14","true","true","true"
"1392","310392","B-good","false","500","310392","B-good","500","125","5000","0.7317174011812813","1","85","0.528558812038942","0.45","14.5","25","0.7672812141110624","0.6452","8.870000000000037","0.5222","322.6","322.6","0.22","0.2","false","0.7317174011812813","1","0.68","2.0000000000000018","0.68","0.48759864712514095","0.5412275263484191","0.525","0.5294117647058824","0","500","0","8.881784197001252E-15","1.3500311979441904E-13","true","true","true"
"1393","310393","B-good","false","500","310393","B-good","500","125","5000","0.9530265597482369","1","87","0.4359747188311064","0.15","10.9","25","0.8074054232300615","0.6684","8.290000000000031","0.5304","334.2","334.2","0.198","0.2","false","0.9530265597482369","1","0.696","1.9000000000000017","0.696","0.48854041013269","0.5511669658886894","0.5","0.5862068965517241","0","500","0","2.4868995751603507E-14","1.5987211554602254E-13","true","true","true"
"1394","310394","B-good","false","500","310394","B-good","500","125","5000","0.6905480615036318","1","76","0.46670005798669073","0.45","13.5","25","0.9611012328585412","0.7882","5.294999999999999","0.5346","394.1","394.1","0.054","0","false","0.6905480615036318","1","0.608","2.45","0.608","0.5004721435316336","0.5437706165947729","0.5510204081632653","0.5263157894736842","0","500","0","1.7763568394002505E-14","3.907985046680551E-14","true","true","true"
"1396","310396","B-good","false","500","310396","B-good","500","125","5000","0.9431811237123936","1","102","0.5235600896326912","0.65","12.7","25","0.815017248741872","0.7502","6.245000000000024","0.5406","375.1","375.1","0.174","0.1","false","0.9431811237123936","1","0.816","1.150000000000001","0.816","0.5068054443554844","0.5518528392428685","0.6086956521739131","0.5686274509803921","0","500","0","2.1316282072803006E-14","9.237055564881302E-14","true","true","true"
"1395","310395","B-good","false","500","310395","B-good","500","125","5000","0.9975765116109027","1","96","0.49536651462249076","0.5","13.9","25","0.8443071485342172","0.7348","6.630000000000029","0.5372","367.4","367.4","0.144","0.2","false","0.9975765116109027","1","0.768","1.4500000000000013","0.768","0.48265460030165913","0.5568862275449101","0.5517241379310345","0.65625","0","500","0","2.1316282072803006E-14","1.4921397450962104E-13","true","true","true"
"1397","310397","B-good","false","500","310397","B-good","500","125","5000","0.9174389747697416","1","94","0.5443146207824666","0.7","14.5","25","0.9546717707930943","0.8376","4.060000000000006","0.5444","418.8","418.8","0.046","0","false","0.9174389747697416","1","0.752","1.5500000000000014","0.752","0.458128078817734","0.561127029608405","0.41935483870967744","0.5638297872340425","0","500","0","2.8421709430404007E-14","7.283063041541027E-14","true","true","true"
"1398","310398","B-good","false","500","310398","B-good","500","125","5000","0.23076011223611606","0","64","0.5363557470859001","0.4","12.4","25","0.957606714791671","0.7806","5.485000000000011","0.5562","390.3","390.3","0.072","0.1","false","0.23076011223611606","0","0.512","3.049999999999998","0.512","0.5141294439380127","0.5680245964642583","0.5409836065573771","0.453125","0","500","0","2.8421709430404007E-14","8.526512829121202E-14","true","true","true"
"1400","310400","B-good","false","500","310400","B-good","500","125","5000","0.23076011223611606","0","44","0.6498039144406456","0.9","15","25","0.9350217323718233","0.8158","4.6050000000000155","0.5464","407.9","407.9","0.052","0","false","0.23076011223611606","0","0.352","4.0499999999999945","0.352","0.499457111834962","0.556999264525619","0.5555555555555556","0.4318181818181818","0","500","0","1.7763568394002505E-14","9.237055564881302E-14","true","true","true"
"1399","310399","B-good","false","500","310399","B-good","500","125","5000","0.9919667203630474","1","110","0.5061414696734367","0.55","12","25","0.7253855449438693","0.5884","10.290000000000058","0.5204","294.2","294.2","0.298","0.3","false","0.9919667203630474","1","0.88","0.7500000000000007","0.88","0.49805636540330417","0.5360299116247451","0.2","0.6090909090909091","0","500","0","2.1316282072803006E-14","1.4566126083082054E-13","true","true","true"
"1401","310401","B-good","false","500","310401","B-good","500","125","5000","0.9009100727155935","1","89","0.4542115347858314","0.4","13","25","0.8014279959586045","0.672","8.200000000000038","0.5294","336","336","0.2","0.1","false","0.9009100727155935","1","0.712","1.8000000000000016","0.712","0.5158536585365854","0.5360119047619047","0.5833333333333334","0.5617977528089888","0","500","0","3.552713678800501E-15","1.4921397450962104E-13","true","true","true"
"1404","310404","B-good","false","500","310404","B-good","500","125","5000","0.9530265597482369","1","113","0.591545994455966","0.6","13.7","25","0.987084511630148","0.8622","3.444999999999996","0.5434","431.1","431.1","0.016","0","false","0.9530265597482369","1","0.904","0.6000000000000005","0.904","0.5268505079825835","0.5460450011598237","0.4166666666666667","0.5663716814159292","0","500","0","1.0658141036401503E-14","1.9539925233402755E-14","true","true","true"
"1403","310403","B-good","false","500","310403","B-good","500","125","5000","0.9174389747697416","1","66","0.6124609388330129","0.65","16.1","25","0.7474147340208706","0.7158","7.105000000000034","0.5342","357.9","357.9","0.274","0.3","false","0.9174389747697416","1","0.528","2.9499999999999984","0.528","0.5130190007037297","0.5426096675048896","0.4576271186440678","0.5909090909090909","0","500","0","5.329070518200751E-15","1.5987211554602254E-13","true","true","true"
"1402","310402","B-good","false","500","310402","B-good","500","125","5000","0.5990099009900991","1","76","0.5259773839358497","0.45","13.1","25","0.903321077044564","0.7848","5.380000000000008","0.5378","392.4","392.4","0.108","0.1","false","0.5990099009900991","1","0.608","2.45","0.608","0.5","0.5481651376146789","0.5306122448979592","0.5131578947368421","0","500","0","2.4868995751603507E-14","4.973799150320701E-14","true","true","true"
"1405","310405","B-good","false","500","310405","B-good","500","125","5000","0.9009100727155935","1","69","0.5194354655755291","0.55","13.4","25","0.9178255250610116","0.791","5.225000000000013","0.5446","395.5","395.5","0.08","0.1","false","0.9009100727155935","1","0.552","2.799999999999999","0.552","0.5119617224880383","0.5532237673830595","0.48214285714285715","0.5797101449275363","0","500","0","2.4868995751603507E-14","1.3145040611561853E-13","true","true","true"
"1406","310406","B-good","false","500","310406","B-good","500","125","5000","0.8029278364278081","1","71","0.5794091196427987","0.55","13.4","25","0.9897360875410802","0.8644","3.3899999999999997","0.5496","432.2","432.2","0.002","0","false","0.8029278364278081","1","0.568","2.6999999999999993","0.568","0.5221238938053098","0.5539102267468764","0.3333333333333333","0.5492957746478874","0","500","0","2.1316282072803006E-14","1.5987211554602254E-14","true","true","true"
"1408","310408","B-good","false","500","310408","B-good","500","125","5000","0.646116504854369","1","97","0.5501914281634512","0.65","14","25","0.9858007102718928","0.855","3.6249999999999987","0.5432","427.5","427.5","0.02","0","false","0.646116504854369","1","0.776","1.4000000000000012","0.776","0.48413793103448277","0.5532163742690058","0.21428571428571427","0.5154639175257731","0","500","0","2.1316282072803006E-14","2.1316282072803006E-14","true","true","true"
"1407","310407","B-good","false","500","310407","B-good","500","125","5000","0.11850053134012864","0","48","0.567951927064007","0.75","13","25","0.9926964888399288","0.8328","4.1800000000000015","0.5354","416.4","416.4","0.006","0","false","0.11850053134012864","0","0.384","3.849999999999995","0.384","0.4820574162679426","0.5461095100864554","0.5714285714285714","0.3958333333333333","0","500","0","7.105427357601002E-15","3.907985046680551E-14","true","true","true"
"1409","310409","B-good","false","500","310409","B-good","500","125","5000","0.5990099009900991","1","84","0.5286295745522118","0.6","14","25","0.9212624224107383","0.7362","6.595000000000018","0.5468","368.1","368.1","0.08","0.1","false","0.5990099009900991","1","0.672","2.0500000000000016","0.672","0.5178165276724791","0.5571855474055963","0.7073170731707317","0.5119047619047619","0","500","0","2.8421709430404007E-14","1.2789769243681803E-13","true","true","true"
"1410","310410","B-good","false","500","310410","B-good","500","125","5000","0.7692398877638839","1","62","0.4923190633266329","0.45","14.1","25","0.8315785436386506","0.6782","8.045000000000032","0.535","339.1","339.1","0.204","0.2","false","0.7692398877638839","1","0.496","3.1499999999999977","0.496","0.509633312616532","0.5470362724859923","0.5555555555555556","0.5483870967741935","0","500","0","1.4210854715202004E-14","1.3145040611561853E-13","true","true","true"
"1412","310412","B-good","false","500","310412","B-good","500","125","5000","0.6905480615036318","1","82","0.5472324923797083","0.5","10.7","25","0.9254320017686076","0.8072","4.82","0.5408","403.6","403.6","0.082","0","false","0.6905480615036318","1","0.656","2.1500000000000012","0.656","0.5269709543568465","0.5441030723488602","0.5581395348837209","0.524390243902439","0","500","0","1.0658141036401503E-14","2.8421709430404007E-14","true","true","true"
"1411","310411","B-good","false","500","310411","B-good","500","125","5000","0.9314206186232206","1","91","0.5266533163125021","0.45","11.6","25","0.7281852563664809","0.6658","8.35500000000004","0.531","332.9","332.9","0.282","0.3","false","0.9314206186232206","1","0.728","1.7000000000000015","0.728","0.4985038898862956","0.5473115049564434","0.5588235294117647","0.5714285714285714","0","500","0","1.7763568394002505E-14","1.1723955140041653E-13","true","true","true"
"1413","310413","B-good","false","500","310413","B-good","500","125","5000","0.23076011223611606","0","66","0.5338349514563107","0.55","13.1","25","0.7927274991997899","0.6762","8.095000000000034","0.5302","338.1","338.1","0.236","0.2","false","0.23076011223611606","0","0.528","2.9499999999999984","0.528","0.4947498455836936","0.5471753918958888","0.5084745762711864","0.45454545454545453","0","500","0","1.7763568394002505E-14","1.5276668818842154E-13","true","true","true"
"1414","310414","B-good","false","500","310414","B-good","500","125","5000","0.832766961303352","1","96","0.4404808665727046","0.35","11.8","25","0.8115254962833223","0.6456","8.860000000000028","0.5214","322.8","322.8","0.218","0.2","false","0.832766961303352","1","0.768","1.4500000000000013","0.768","0.49435665914221216","0.5362453531598513","0.6206896551724138","0.5416666666666666","0","500","0","2.1316282072803006E-14","1.1013412404281553E-13","true","true","true"
"1415","310415","B-good","false","500","310415","B-good","500","125","5000","0.7692398877638839","1","94","0.5473376172122315","0.6","12.7","25","0.6988633022941345","0.6458","8.855000000000032","0.5218","322.9","322.9","0.296","0.4","false","0.7692398877638839","1","0.752","1.5500000000000014","0.752","0.49520045172219085","0.5363889749148343","0.5806451612903226","0.5319148936170213","0","500","0","5.329070518200751E-15","1.3145040611561853E-13","true","true","true"
"1417","310417","B-good","false","500","310417","B-good","500","125","5000","0.9174389747697416","1","86","0.5453850685080894","0.6","13.8","25","0.8163704304635896","0.7542","6.145000000000012","0.5394","377.1","377.1","0.19","0.2","false","0.9174389747697416","1","0.688","1.9500000000000017","0.688","0.51586655817738","0.5470697427738","0.46153846153846156","0.5697674418604651","0","500","0","1.7763568394002505E-14","7.638334409421077E-14","true","true","true"
"1416","310416","B-good","false","500","310416","B-good","500","125","5000","0.9946080309222399","1","98","0.515002033038306","0.4","11.5","25","0.8689337356591865","0.7418","6.455000000000015","0.537","370.9","370.9","0.11","0.1","false","0.9946080309222399","1","0.784","1.3500000000000012","0.784","0.5050348567002324","0.5481261795632246","0.5185185185185185","0.6326530612244898","0","500","0","1.4210854715202004E-14","1.1723955140041653E-13","true","true","true"
"1419","310419","B-good","false","500","310419","B-good","500","125","5000","0.55","1","73","0.5881147600307707","0.75","13","25","0.9035708128750354","0.781","5.4750000000000085","0.5432","390.5","390.5","0.092","0.1","false","0.55","1","0.584","2.5999999999999996","0.584","0.4949771689497717","0.5567221510883482","0.5576923076923077","0.5068493150684932","0","500","0","1.7763568394002505E-14","4.796163466380676E-14","true","true","true"
"1418","310418","B-good","false","500","310418","B-good","500","125","5000","0.9174389747697416","1","68","0.5633570274709226","0.65","14.2","25","0.9010033157862873","0.783","5.425000000000017","0.5374","391.5","391.5","0.098","0.1","false","0.9174389747697416","1","0.544","2.8499999999999988","0.544","0.4986175115207373","0.5481481481481482","0.45614035087719296","0.5882352941176471","0","500","0","1.2434497875801753E-14","1.7053025658242404E-13","true","true","true"
"1420","310420","B-good","false","500","310420","B-good","500","125","5000","0.832766961303352","1","78","0.4419567947643315","0.3","13","25","0.8135369370972189","0.709","7.275000000000032","0.5226","354.5","354.5","0.216","0.2","false","0.832766961303352","1","0.624","2.3500000000000005","0.624","0.49553264604811","0.5337094499294781","0.44680851063829785","0.5512820512820513","0","500","0","4.440892098500626E-15","1.5276668818842154E-13","true","true","true"
"1421","310421","B-good","false","500","310421","B-good","500","125","5000","0.646116504854369","1","45","0.49674246785941173","0.45","13.7","25","0.7997604891044632","0.671","8.225000000000033","0.5278","335.5","335.5","0.212","0.2","false","0.646116504854369","1","0.36","3.9999999999999947","0.36","0.4887537993920973","0.5469448584202683","0.4875","0.5333333333333333","0","500","0","1.4210854715202004E-14","1.5987211554602254E-13","true","true","true"
"1422","310422","B-good","false","500","310422","B-good","500","125","5000","0.9314206186232206","1","79","0.5420730986394967","0.55","13.5","25","0.8628455736262405","0.7816","5.460000000000018","0.5374","390.8","390.8","0.108","0.1","false","0.9314206186232206","1","0.632","2.3000000000000007","0.632","0.49633699633699635","0.5488741044012283","0.5652173913043478","0.5822784810126582","0","500","0","1.2434497875801753E-14","1.0302869668521453E-13","true","true","true"
"1423","310423","B-good","false","500","310423","B-good","500","125","5000","0.23076011223611606","0","28","0.4794139636707352","0.4","12.6","25","0.8606715573726561","0.6934","7.665000000000026","0.5394","346.7","346.7","0.138","0.2","false","0.23076011223611606","0","0.224","4.849999999999992","0.224","0.5140247879973907","0.55062013267955","0.4742268041237113","0.39285714285714285","0","500","0","2.4868995751603507E-14","1.1368683772161603E-13","true","true","true"
"1424","310424","B-good","false","500","310424","B-good","500","125","5000","0.55","1","47","0.5825565705828929","0.6","12.7","25","0.9898164551675241","0.862","3.4499999999999957","0.5536","431","431","0.016","0","false","0.55","1","0.376","3.899999999999995","0.376","0.4985507246376812","0.5624129930394431","0.48717948717948717","0.5106382978723404","0","500","0","2.4868995751603507E-14","2.5757174171303632E-14","true","true","true"
"1425","310425","B-good","false","500","310425","B-good","500","125","5000","0.353883495145631","0","51","0.49038834951456306","0.5","12.2","25","0.739605993048639","0.6832","7.9200000000000275","0.53","341.6","341.6","0.26","0.3","false","0.353883495145631","0","0.408","3.6999999999999957","0.408","0.5113636363636364","0.5386416861826698","0.5135135135135135","0.47058823529411764","0","500","0","1.0658141036401503E-14","1.4566126083082054E-13","true","true","true"
"1427","310427","B-good","false","500","310427","B-good","500","125","5000","0.3094519384963682","0","66","0.5878083569848116","0.55","12.6","25","0.8660908684273251","0.7488","6.280000000000015","0.5414","374.4","374.4","0.144","0.2","false","0.3094519384963682","0","0.528","2.9499999999999984","0.528","0.5071656050955414","0.5528846153846154","0.4406779661016949","0.4696969696969697","0","500","0","1.7763568394002505E-14","9.592326932761353E-14","true","true","true"
"1426","310426","B-good","false","500","310426","B-good","500","125","5000","0.9314206186232206","1","95","0.557850833403092","0.55","14.3","25","0.939653817218178","0.8278","4.305000000000008","0.5418","413.9","413.9","0.064","0.1","false","0.9314206186232206","1","0.76","1.5000000000000013","0.76","0.5226480836236934","0.5457840057985021","0.5","0.5684210526315789","0","500","0","5.329070518200751E-15","8.526512829121202E-14","true","true","true"
"1428","310428","B-good","false","500","310428","B-good","500","125","5000","0.9612361174447144","1","84","0.6113761162596552","0.8","12.6","25","0.9978940410335776","0.8362","4.095000000000003","0.5522","418.1","418.1","0.008","0","false","0.9612361174447144","1","0.672","2.0500000000000016","0.672","0.518925518925519","0.5587180100454436","0.5853658536585366","0.5952380952380952","0","500","0","1.7763568394002505E-14","2.6645352591003757E-14","true","true","true"
"1429","310429","B-good","false","500","310429","B-good","500","125","5000","0.9612361174447144","1","96","0.5938433240631287","0.55","12.9","25","0.8998244468443","0.8","5.000000000000012","0.532","400","400","0.094","0.1","false","0.9612361174447144","1","0.768","1.4500000000000013","0.768","0.475","0.54625","0.6206896551724138","0.5833333333333334","0","500","0","1.7763568394002505E-14","1.4210854715202004E-13","true","true","true"
"1430","310430","B-good","false","500","310430","B-good","500","125","5000","0.832766961303352","1","62","0.5522960311880118","0.6","13.7","25","0.8514655748254057","0.7858","5.355000000000006","0.5346","392.9","392.9","0.154","0.2","false","0.832766961303352","1","0.496","3.1499999999999977","0.496","0.4976657329598506","0.544667854415882","0.5238095238095238","0.5645161290322581","0","500","0","1.4210854715202004E-14","5.861977570020827E-14","true","true","true"
"1431","310431","B-good","false","500","310431","B-good","500","125","5000","0.832766961303352","1","80","0.5624889288607016","0.75","13","25","0.8976795661642687","0.7634","5.915000000000015","0.5366","381.7","381.7","0.104","0.1","false","0.832766961303352","1","0.64","2.250000000000001","0.64","0.5021132713440406","0.5472884464238931","0.4888888888888889","0.55","0","500","0","2.4868995751603507E-14","1.5276668818842154E-13","true","true","true"
"1432","310432","B-good","false","500","310432","B-good","500","125","5000","0.11850053134012864","0","42","0.5933691143927963","0.75","14","25","0.9974967663829915","0.8404","3.9899999999999993","0.544","420.2","420.2","0.004","0","false","0.11850053134012864","0","0.336","4.149999999999994","0.336","0.5037593984962406","0.5516420752022846","0.5421686746987951","0.38095238095238093","0","500","0","1.5987211554602254E-14","1.0658141036401503E-14","true","true","true"
"1433","310433","B-good","false","500","310433","B-good","500","125","5000","0.5990099009900991","1","84","0.5268347527247204","0.65","11.7","25","0.9909180284725382","0.8184","4.540000000000008","0.5368","409.2","409.2","0.026","0","false","0.5990099009900991","1","0.672","2.0500000000000016","0.672","0.4845814977973568","0.5483870967741935","0.43902439024390244","0.5119047619047619","0","500","0","1.4210854715202004E-14","9.592326932761353E-14","true","true","true"
"1434","310434","B-good","false","500","310434","B-good","500","125","5000","0.3094519384963682","0","58","0.49450528348232803","0.5","12.1","25","0.7445570185366737","0.6658","8.35500000000004","0.5328","332.9","332.9","0.266","0.3","false","0.3094519384963682","0","0.464","3.349999999999997","0.464","0.5080789946140036","0.5452087714028236","0.5074626865671642","0.46551724137931033","0","500","0","1.4210854715202004E-14","1.4921397450962104E-13","true","true","true"
"1435","310435","B-good","false","500","310435","B-good","500","125","5000","0.9963840547280801","1","116","0.5216214312842855","0.6","13.1","25","0.7516789558497523","0.6188","9.53000000000005","0.5346","309.4","309.4","0.248","0.2","false","0.9963840547280801","1","0.928","0.4500000000000004","0.928","0.5125918153200419","0.5481577246283129","0.2222222222222222","0.6206896551724138","0","500","0","1.7763568394002505E-14","1.4566126083082054E-13","true","true","true"
"1436","310436","B-good","false","500","310436","B-good","500","125","5000","0.9901990435157576","1","111","0.5240081502174527","0.5","14.6","25","0.9426460467414802","0.83","4.249999999999996","0.537","415","415","0.056","0","false","0.9901990435157576","1","0.888","0.7000000000000006","0.888","0.4776470588235294","0.5491566265060241","0.42857142857142855","0.6036036036036037","0","500","0","7.105427357601002E-15","2.4868995751603507E-14","true","true","true"
"1438","310438","B-good","false","500","310438","B-good","500","125","5000","0.55","1","73","0.5536684896741061","0.55","12.7","25","0.7707417194781241","0.7484","6.290000000000029","0.5442","374.2","374.2","0.24","0.3","false","0.55","1","0.584","2.5999999999999996","0.584","0.5039745627980922","0.5577231427044361","0.4807692307692308","0.5068493150684932","0","500","0","1.5987211554602254E-14","1.0302869668521453E-13","true","true","true"
"1439","310439","B-good","false","500","310439","B-good","500","125","5000","0.4009900990099009","0","38","0.555950409098736","0.65","13.6","25","0.8475201470838292","0.7458","6.3550000000000235","0.528","372.9","372.9","0.174","0.2","false","0.4009900990099009","0","0.304","4.349999999999993","0.304","0.4909520062942565","0.5406275140788415","0.5747126436781609","0.47368421052631576","0","500","0","1.0658141036401503E-14","1.2434497875801753E-13","true","true","true"
"1440","310440","B-good","false","500","310440","B-good","500","125","5000","0.7317174011812813","1","77","0.6095482746998676","0.7","13.1","25","0.8904245442939726","0.7786","5.535000000000017","0.53","389.3","389.3","0.112","0.1","false","0.7317174011812813","1","0.616","2.4000000000000004","0.616","0.4959349593495935","0.5396866170048805","0.6041666666666666","0.5324675324675324","0","500","0","1.7763568394002505E-14","1.0302869668521453E-13","true","true","true"
"1437","310437","B-good","false","500","310437","B-good","500","125","5000","0.9880470865159074","1","116","0.43789490862871927","0.4","12.1","25","0.7879840353946109","0.6412","8.970000000000036","0.5302","320.6","320.6","0.2","0.2","false","0.9880470865159074","1","0.928","0.4500000000000004","0.928","0.5245261984392419","0.5333749220212103","0.4444444444444444","0.5948275862068966","0","500","0","5.329070518200751E-15","1.0302869668521453E-13","true","true","true"
"1441","310441","B-good","false","500","310441","B-good","500","125","5000","0.3094519384963682","0","50","0.6143600287472095","0.8","14.3","25","0.7830376285749759","0.6358","9.105000000000032","0.5304","317.9","317.9","0.24","0.3","false","0.3094519384963682","0","0.4","3.7499999999999956","0.4","0.500274574409665","0.5476564957533816","0.48","0.46","0","500","0","2.4868995751603507E-14","1.1368683772161603E-13","true","true","true"
"1443","310443","B-good","false","500","310443","B-good","500","125","5000","0.9946080309222399","1","94","0.4834703727274893","0.4","13.6","25","0.8734869648967434","0.7116","7.210000000000018","0.5312","355.8","355.8","0.144","0.2","false","0.9946080309222399","1","0.752","1.5500000000000014","0.752","0.4972260748959778","0.5449690837549185","0.5483870967741935","0.6382978723404256","0","500","0","7.105427357601002E-15","1.1013412404281553E-13","true","true","true"
"1442","310442","B-good","false","500","310442","B-good","500","125","5000","0.9174389747697416","1","92","0.618017490458152","0.75","12.8","25","0.8216752764412873","0.7302","6.745000000000031","0.5388","365.1","365.1","0.186","0.2","false","0.9174389747697416","1","0.736","1.6500000000000015","0.736","0.5122312824314307","0.548616817310326","0.5757575757575758","0.5652173913043478","0","500","0","1.7763568394002505E-14","1.7053025658242404E-13","true","true","true"
"1444","310444","B-good","false","500","310444","B-good","500","125","5000","0.55","1","51","0.6115862037877902","0.8","13.7","25","0.9826872033121304","0.8276","4.310000000000002","0.5434","413.8","413.8","0.034","0","false","0.55","1","0.408","3.6999999999999957","0.408","0.5034802784222738","0.5517158047365878","0.527027027027027","0.5098039215686274","0","500","0","1.0658141036401503E-14","4.440892098500626E-14","true","true","true"
"1445","310445","B-good","false","500","310445","B-good","500","125","5000","0.9009100727155935","1","73","0.6085423308362642","0.8","13.7","25","0.9971763147140864","0.8542","3.6450000000000045","0.5492","427.1","427.1","0.006","0","false","0.9009100727155935","1","0.584","2.5999999999999996","0.584","0.5089163237311386","0.5560758604542262","0.4230769230769231","0.5753424657534246","0","500","0","2.8421709430404007E-14","1.5987211554602254E-14","true","true","true"
"1446","310446","B-good","false","500","310446","B-good","500","125","5000","0.9431811237123936","1","100","0.5220348055650066","0.45","11","25","0.9645256478395112","0.8712","3.2199999999999975","0.5408","435.6","435.6","0.042","0","false","0.9431811237123936","1","0.8","1.250000000000001","0.8","0.4767080745341615","0.550275482093664","0.56","0.57","0","500","0","2.1316282072803006E-14","1.7763568394002505E-14","true","true","true"
"1447","310447","B-good","false","500","310447","B-good","500","125","5000","0.9901990435157576","1","113","0.4956133519386599","0.35","11.9","25","0.9976985785669434","0.8474","3.814999999999995","0.5398","423.7","423.7","0","0","false","0.9901990435157576","1","0.904","0.6000000000000005","0.904","0.4954128440366973","0.547793249940996","0.4166666666666667","0.6017699115044248","0","500","0","8.881784197001252E-15","2.3092638912203256E-14","true","true","true"
"1449","310449","B-good","false","500","310449","B-good","500","125","5000","0.646116504854369","1","65","0.5013966694227843","0.4","13.1","25","0.7962920126647242","0.7364","6.590000000000027","0.5366","368.2","368.2","0.23","0.3","false","0.646116504854369","1","0.52","2.9999999999999982","0.52","0.48558421851289835","0.5548614883215643","0.45","0.5230769230769231","0","500","0","2.1316282072803006E-14","1.2079226507921703E-13","true","true","true"
"1450","310450","B-good","false","500","310450","B-good","500","125","5000","0.8029278364278081","1","69","0.6225515858755827","0.6","14.7","25","0.9117607344047342","0.8784","3.040000000000007","0.5522","439.2","439.2","0.086","0.1","false","0.8029278364278081","1","0.552","2.799999999999999","0.552","0.53125","0.5551001821493625","0.4642857142857143","0.5507246376811594","0","500","0","2.1316282072803006E-14","6.572520305780927E-14","true","true","true"
"1448","310448","B-good","false","500","310448","B-good","500","125","5000","0.7692398877638839","1","84","0.5681015421522408","0.7","12.8","25","0.8320959901668173","0.7756","5.610000000000006","0.5366","387.8","387.8","0.18","0.2","false","0.7692398877638839","1","0.672","2.0500000000000016","0.672","0.5008912655971479","0.5469314079422383","0.3902439024390244","0.5357142857142857","0","500","0","1.4210854715202004E-14","4.618527782440651E-14","true","true","true"
"1451","310451","B-good","false","500","310451","B-good","500","125","5000","0.646116504854369","1","95","0.4957549057769851","0.5","12.3","25","0.9679429836588571","0.7768","5.580000000000005","0.5434","388.4","388.4","0.05","0","false","0.646116504854369","1","0.76","1.5000000000000013","0.76","0.525089605734767","0.5486611740473738","0.4","0.5157894736842106","0","500","0","3.552713678800501E-15","4.440892098500626E-14","true","true","true"
"1452","310452","B-good","false","500","310452","B-good","500","125","5000","0.9174389747697416","1","104","0.524811703325723","0.5","14.3","25","0.9446935805414238","0.7022","7.44500000000001","0.5246","351.1","351.1","0.068","0","false","0.9174389747697416","1","0.832","1.050000000000001","0.832","0.4822028206850235","0.5425804614070066","0.5714285714285714","0.5576923076923077","0","500","0","1.2434497875801753E-14","5.861977570020827E-14","true","true","true"
"1453","310453","B-good","false","500","310453","B-good","500","125","5000","0.9822491904206395","1","86","0.551243125222462","0.55","13.7","25","0.8886116914715689","0.8018","4.955000000000013","0.5468","400.9","400.9","0.116","0.1","false","0.9822491904206395","1","0.688","1.9500000000000017","0.688","0.5176589303733602","0.554003492142679","0.5641025641025641","0.6162790697674418","0","500","0","2.4868995751603507E-14","8.881784197001252E-14","true","true","true"
"1454","310454","B-good","false","500","310454","B-good","500","125","5000","0.5","0.5","78","0.5466346491628153","0.7","12.6","25","0.890340483831222","0.8016","4.960000000000015","0.5352","400.8","400.8","0.118","0.1","false","0.5","0.5","0.624","2.3500000000000005","0.624","0.5030241935483871","0.5431636726546906","0.3617021276595745","0.5","0","500","0","1.5987211554602254E-14","1.4921397450962104E-13","true","true","true"
"1456","310456","B-good","false","500","310456","B-good","500","125","5000","0.9854295854981023","1","93","0.46461493149191047","0.5","12.6","25","0.9635970072206759","0.7932","5.1700000000000035","0.5498","396.6","396.6","0.034","0","false","0.9854295854981023","1","0.744","1.6000000000000014","0.744","0.5290135396518375","0.5552193645990923","0.5625","0.6129032258064516","0","500","0","1.7763568394002505E-14","1.9539925233402755E-14","true","true","true"
"1457","310457","B-good","false","500","310457","B-good","500","125","5000","0.5990099009900991","1","60","0.5898610243633768","0.65","15.1","25","0.9415823834086801","0.7988","5.030000000000014","0.537","399.4","399.4","0.052","0","false","0.5990099009900991","1","0.48","3.2499999999999973","0.48","0.4801192842942346","0.5513269904857286","0.5538461538461539","0.5166666666666667","0","500","0","2.1316282072803006E-14","1.0302869668521453E-13","true","true","true"
"1455","310455","B-good","false","500","310455","B-good","500","125","5000","0.2682825988187187","0","29","0.5996261224778083","0.7","14.3","25","0.8329759659773532","0.7574","6.065000000000021","0.532","378.7","378.7","0.166","0.2","false","0.2682825988187187","0","0.232","4.799999999999992","0.232","0.4921681780708986","0.5447583839450753","0.4479166666666667","0.41379310344827586","0","500","0","1.4210854715202004E-14","1.1368683772161603E-13","true","true","true"
"1458","310458","B-good","false","500","310458","B-good","500","125","5000","0.9612361174447144","1","96","0.5351705278588167","0.55","11.1","25","0.8330051965916544","0.748","6.300000000000005","0.5384","374","374","0.13","0.1","false","0.9612361174447144","1","0.768","1.4500000000000013","0.768","0.5063492063492063","0.5491978609625668","0.5862068965517241","0.5833333333333334","0","500","0","3.552713678800501E-14","2.4868995751603507E-14","true","true","true"
"1459","310459","B-good","false","500","310459","B-good","500","125","5000","0.6905480615036318","1","64","0.5662800073060503","0.65","13.8","25","0.8874362029009892","0.7498","6.255000000000009","0.539","374.9","374.9","0.106","0.1","false","0.6905480615036318","1","0.512","3.049999999999998","0.512","0.5035971223021583","0.5508135502800747","0.5081967213114754","0.53125","0","500","0","1.7763568394002505E-14","1.4566126083082054E-13","true","true","true"
"1460","310460","B-good","false","500","310460","B-good","500","125","5000","0.9737137791228572","1","110","0.5123123382909515","0.5","12.9","25","0.825793522506285","0.7518","6.205000000000025","0.5424","375.9","375.9","0.166","0.2","false","0.9737137791228572","1","0.88","0.7500000000000007","0.88","0.4939564867042707","0.5583931896781059","0.6","0.5818181818181818","0","500","0","1.5987211554602254E-14","1.4566126083082054E-13","true","true","true"
"1461","310461","B-good","false","500","310461","B-good","500","125","5000","0.5","0.5","70","0.4893367886618174","0.5","12.2","25","0.7846143037791784","0.6874","7.815000000000038","0.546","343.7","343.7","0.222","0.2","false","0.5","0.5","0.56","2.749999999999999","0.56","0.5227127319257837","0.5565900494617398","0.36363636363636365","0.5","0","500","0","2.1316282072803006E-14","1.4566126083082054E-13","true","true","true"
"1462","310462","B-good","false","500","310462","B-good","500","125","5000","0.9854295854981023","1","99","0.6679312618883161","0.8","16","25","0.9916302972720118","0.8972","2.5699999999999976","0.5606","448.6","448.6","0.016","0","false","0.9854295854981023","1","0.792","1.3000000000000012","0.792","0.519455252918288","0.56531431119037","0.34615384615384615","0.6060606060606061","0","500","0","1.7763568394002505E-14","2.3092638912203256E-14","true","true","true"
"1463","310463","B-good","false","500","310463","B-good","500","125","5000","0.8588821376227943","1","87","0.6090574712551067","0.85","13.6","25","0.982575659340443","0.9084","2.2899999999999987","0.54","454.2","454.2","0.014","0","false","0.8588821376227943","1","0.696","1.9000000000000017","0.696","0.48253275109170307","0.5457948040510788","0.5526315789473685","0.5517241379310345","0","500","0","1.5987211554602254E-14","1.2434497875801753E-14","true","true","true"
"1464","310464","B-good","false","500","310464","B-good","500","125","5000","0.55","1","41","0.5607721404289032","0.6","13","25","0.9093129862039673","0.8188","4.530000000000015","0.5412","409.4","409.4","0.086","0.1","false","0.55","1","0.328","4.199999999999994","0.328","0.48013245033112584","0.554714215925745","0.5","0.5121951219512195","0","500","0","1.4210854715202004E-14","1.5631940186722204E-13","true","true","true"
"1465","310465","B-good","false","500","310465","B-good","500","125","5000","0.4009900990099009","0","44","0.5661095640193914","0.5","12.8","25","0.986687518275865","0.811","4.724999999999994","0.5368","405.5","405.5","0.012","0","false","0.4009900990099009","0","0.352","4.0499999999999945","0.352","0.4931216931216931","0.5469790382244143","0.5308641975308642","0.4772727272727273","0","500","0","2.4868995751603507E-14","2.1316282072803006E-14","true","true","true"
"1466","310466","B-good","false","500","310466","B-good","500","125","5000","0.9174389747697416","1","108","0.6065741360616352","0.85","12.1","25","0.9900530360555655","0.8376","4.0600000000000005","0.5364","418.8","418.8","0.016","0","false","0.9174389747697416","1","0.864","0.8500000000000008","0.864","0.47413793103448276","0.5484718242597899","0.5294117647058824","0.5555555555555556","0","500","0","1.7763568394002505E-14","2.4868995751603507E-14","true","true","true"
"1467","310467","B-good","false","500","310467","B-good","500","125","5000","0.9680589764391282","1","115","0.48065488918234794","0.45","12.4","25","0.9982410693359022","0.788","5.299999999999992","0.5454","394","394","0.002","0","false","0.9680589764391282","1","0.92","0.5000000000000004","0.92","0.5075471698113208","0.5555837563451776","0.3","0.5739130434782609","0","500","0","1.0658141036401503E-14","2.5757174171303632E-14","true","true","true"
"1468","310468","B-good","false","500","310468","B-good","500","125","5000","0.44999999999999996","0","31","0.6207383157595939","0.7","14.5","25","0.8770015794901413","0.8102","4.745000000000016","0.5484","405.1","405.1","0.13","0.1","false","0.44999999999999996","0","0.248","4.699999999999992","0.248","0.5194942044257113","0.5551715625771414","0.5425531914893617","0.4838709677419355","0","500","0","1.4210854715202004E-14","1.6697754290362354E-13","true","true","true"
"1470","310470","B-good","false","500","310470","B-good","500","125","5000","0.646116504854369","1","63","0.5724826043313535","0.8","13.3","25","0.6566337613607535","0.6396","9.01000000000004","0.5214","319.8","319.8","0.344","0.4","false","0.646116504854369","1","0.504","3.099999999999998","0.504","0.49944506104328523","0.5337711069418386","0.5483870967741935","0.5238095238095238","0","500","0","2.1316282072803006E-14","1.5631940186722204E-13","true","true","true"
"1471","310471","B-good","false","500","310471","B-good","500","125","5000","0.5990099009900991","1","70","0.5677588835168723","0.75","14.1","25","0.85724161465563","0.6876","7.810000000000012","0.5284","343.8","343.8","0.14","0.1","false","0.5990099009900991","1","0.56","2.749999999999999","0.56","0.49487836107554417","0.543630017452007","0.4909090909090909","0.5142857142857142","0","500","0","1.0658141036401503E-14","1.2434497875801753E-13","true","true","true"
"1469","310469","B-good","false","500","310469","B-good","500","125","5000","0.44999999999999996","0","39","0.5622536545027577","0.6","14.4","25","0.7082906523244649","0.657","8.575000000000049","0.5228","328.5","328.5","0.308","0.3","false","0.44999999999999996","0","0.312","4.299999999999994","0.312","0.49737609329446064","0.5360730593607306","0.5348837209302325","0.48717948717948717","0","500","0","8.881784197001252E-15","1.2789769243681803E-13","true","true","true"
"1472","310472","B-good","false","500","310472","B-good","500","125","5000","0.7317174011812813","1","63","0.49477282984376003","0.4","12.7","25","0.9535423855962266","0.8258","4.354999999999999","0.54","412.9","412.9","0.032","0","false","0.7317174011812813","1","0.504","3.099999999999998","0.504","0.5028702640642939","0.5478324049406637","0.5483870967741935","0.5396825396825397","0","500","0","2.1316282072803006E-14","2.4868995751603507E-14","true","true","true"
"1473","310473","B-good","false","500","310473","B-good","500","125","5000","0.23076011223611606","0","44","0.5403850685080895","0.55","12.3","25","0.9992469279899611","0.8556","3.6099999999999968","0.5562","427.8","427.8","0","0","false","0.23076011223611606","0","0.352","4.0499999999999945","0.352","0.5124653739612188","0.5635811126694718","0.5061728395061729","0.4318181818181818","0","500","0","2.8421709430404007E-14","1.5987211554602254E-14","true","true","true"
"1474","310474","B-good","false","500","310474","B-good","500","125","5000","0.8814994686598715","1","54","0.5345126405844469","0.7","12.9","25","0.9716764883723933","0.8192","4.520000000000004","0.5468","409.6","409.6","0.052","0","false","0.8814994686598715","1","0.432","3.5499999999999963","0.432","0.5110619469026548","0.5546875","0.5352112676056338","0.5925925925925926","0","500","0","1.5987211554602254E-14","5.3290705182007514E-14","true","true","true"
"1475","310475","B-good","false","500","310475","B-good","500","125","5000","0.9880470865159074","1","106","0.5169324175129064","0.55","14.1","25","0.886957822768521","0.7154","7.115000000000014","0.5346","357.7","357.7","0.112","0.1","false","0.9880470865159074","1","0.848","0.9500000000000008","0.848","0.5151089248067463","0.5423539278725189","0.5263157894736842","0.6037735849056604","0","500","0","1.5987211554602254E-14","9.592326932761353E-14","true","true","true"
"1476","310476","B-good","false","500","310476","B-good","500","125","5000","0.44999999999999996","0","67","0.5363995940029103","0.5","13.2","25","0.7753111848681096","0.6616","8.460000000000017","0.5234","330.8","330.8","0.194","0.2","false","0.44999999999999996","0","0.536","2.8999999999999986","0.536","0.4864066193853428","0.5423216444981862","0.5","0.4925373134328358","0","500","0","1.7763568394002505E-14","8.526512829121202E-14","true","true","true"
"1477","310477","B-good","false","500","310477","B-good","500","125","5000","0.2682825988187187","0","47","0.576595137816833","0.6","14.3","25","0.9061716588380705","0.7702","5.745000000000015","0.54","385.1","385.1","0.102","0.1","false","0.2682825988187187","0","0.376","3.899999999999995","0.376","0.4908616187989556","0.5546611269800052","0.48717948717948717","0.44680851063829785","0","500","0","2.1316282072803006E-14","1.3145040611561853E-13","true","true","true"
"1478","310478","B-good","false","500","310478","B-good","500","125","5000","0.55","1","49","0.5517377758620363","0.6","13.2","25","0.7356356933814218","0.6946","7.635000000000039","0.5296","347.3","347.3","0.266","0.3","false","0.55","1","0.392","3.7999999999999954","0.392","0.47544204322200395","0.5534120357040023","0.4342105263157895","0.5102040816326531","0","500","0","3.197442310920451E-14","1.4921397450962104E-13","true","true","true"
"1479","310479","B-good","false","500","310479","B-good","500","125","5000","0.8029278364278081","1","83","0.6183915890145986","0.7","12.9","25","0.9051567307758086","0.8164","4.590000000000005","0.5392","408.2","408.2","0.09","0","false","0.8029278364278081","1","0.664","2.1000000000000014","0.664","0.5043572984749455","0.5470357667809898","0.5","0.5421686746987951","0","500","0","2.4868995751603507E-14","3.375077994860476E-14","true","true","true"
"1480","310480","B-good","false","500","310480","B-good","500","125","5000","0.9530265597482369","1","81","0.5589457098600175","0.45","13.6","25","0.9764382001961798","0.8104","4.740000000000002","0.5414","405.2","405.2","0.028","0","false","0.9530265597482369","1","0.648","2.200000000000001","0.648","0.5","0.5510858835143139","0.4772727272727273","0.5925925925925926","0","500","0","1.4210854715202004E-14","5.1514348342607263E-14","true","true","true"
"1481","310481","B-good","false","500","310481","B-good","500","125","5000","0.2682825988187187","0","79","0.576640176951948","0.75","13","25","0.924951594719059","0.794","5.150000000000023","0.543","397","397","0.076","0.1","false","0.2682825988187187","0","0.632","2.3000000000000007","0.632","0.5213592233009708","0.5486146095717884","0.5","0.46835443037974683","0","500","0","8.881784197001252E-15","1.1723955140041653E-13","true","true","true"
"1483","310483","B-good","false","500","310483","B-good","500","125","5000","0.646116504854369","1","79","0.571082952557786","0.55","13.1","25","0.9986769851616982","0.8338","4.154999999999998","0.5486","416.9","416.9","0.01","0","false","0.646116504854369","1","0.632","2.3000000000000007","0.632","0.5054151624548736","0.5572079635404174","0.4782608695652174","0.5189873417721519","0","500","0","1.5987211554602254E-14","2.3092638912203256E-14","true","true","true"
"1484","310484","B-good","false","500","310484","B-good","500","125","5000","0.9901990435157576","1","81","0.6275976491100389","0.7","13.7","25","0.9295774677635438","0.8074","4.815000000000013","0.5404","403.7","403.7","0.07","0.1","false","0.9901990435157576","1","0.648","2.200000000000001","0.648","0.48494288681204567","0.5536289323755264","0.5909090909090909","0.6419753086419753","0","500","0","2.4868995751603507E-14","7.638334409421077E-14","true","true","true"
"1482","310482","B-good","false","500","310482","B-good","500","125","5000","0.9174389747697416","1","96","0.6001784733324983","0.75","13.3","25","0.919778676742531","0.8138","4.655","0.5362","406.9","406.9","0.056","0","false","0.9174389747697416","1","0.768","1.4500000000000013","0.768","0.5177228786251342","0.5404276234947162","0.3793103448275862","0.5625","0","500","0","3.197442310920451E-14","4.263256414560601E-14","true","true","true"
"1485","310485","B-good","false","500","310485","B-good","500","125","5000","0.23076011223611606","0","38","0.5240548061503632","0.6","12.5","25","0.8273582407772191","0.7234","6.9150000000000205","0.542","361.7","361.7","0.174","0.2","false","0.23076011223611606","0","0.304","4.349999999999993","0.304","0.5075921908893709","0.5551562068012165","0.5057471264367817","0.42105263157894735","0","500","0","3.197442310920451E-14","1.2434497875801753E-13","true","true","true"
"1486","310486","B-good","false","500","310486","B-good","500","125","5000","0.7692398877638839","1","100","0.5846083694789633","0.8","12.8","25","0.8946823588540169","0.808","4.800000000000013","0.5422","404","404","0.098","0.1","false","0.7692398877638839","1","0.8","1.250000000000001","0.8","0.5166666666666667","0.5482673267326733","0.6","0.53","0","500","0","8.881784197001252E-15","6.572520305780927E-14","true","true","true"
"1487","310487","B-good","false","500","310487","B-good","500","125","5000","0.167233038696648","0","28","0.6065323582553516","0.8","14.1","25","0.9117027916703216","0.8286","4.284999999999992","0.5444","414.3","414.3","0.094","0.1","false","0.167233038696648","0","0.224","4.849999999999992","0.224","0.5204200700116686","0.5493603668839006","0.4020618556701031","0.35714285714285715","0","500","0","1.5987211554602254E-14","2.6645352591003757E-14","true","true","true"
"1488","310488","B-good","false","500","310488","B-good","500","125","5000","0.9314206186232206","1","97","0.5559551307216932","0.6","12","25","0.8470395201297058","0.6466","8.83500000000004","0.5334","323.3","323.3","0.166","0.1","false","0.9314206186232206","1","0.776","1.4000000000000012","0.776","0.5070741369552915","0.5477884317970925","0.4642857142857143","0.5670103092783505","0","500","0","2.1316282072803006E-14","8.526512829121202E-14","true","true","true"
"1489","310489","B-good","false","500","310489","B-good","500","125","5000","0.832766961303352","1","80","0.5987739924179447","0.75","13.8","25","0.9931322353569246","0.8862","2.844999999999997","0.561","443.1","443.1","0.002","0","false","0.832766961303352","1","0.64","2.250000000000001","0.64","0.5008787346221442","0.5687203791469194","0.5333333333333333","0.55","0","500","0","2.1316282072803006E-14","2.6645352591003757E-14","true","true","true"
"1490","310490","B-good","false","500","310490","B-good","500","125","5000","0.646116504854369","1","77","0.5031366873475258","0.45","12.1","25","0.9234400849237175","0.7048","7.380000000000015","0.5356","352.4","352.4","0.1","0","false","0.646116504854369","1","0.616","2.4000000000000004","0.616","0.5155826558265583","0.5439841089670828","0.6041666666666666","0.5194805194805194","0","500","0","2.1316282072803006E-14","5.5067062021407764E-14","true","true","true"
"1491","310491","B-good","false","500","310491","B-good","500","125","5000","0.8588821376227943","1","91","0.5880131821696739","0.65","13.3","25","0.9950177158306157","0.8484","3.79","0.5588","424.2","424.2","0.016","0","false","0.8588821376227943","1","0.728","1.7000000000000015","0.728","0.525065963060686","0.5648279113625648","0.29411764705882354","0.5494505494505495","0","500","0","3.197442310920451E-14","1.1546319456101628E-14","true","true","true"
"1492","310492","B-good","false","500","310492","B-good","500","125","5000","0.832766961303352","1","80","0.6506108856990002","0.7","14.9","25","0.9283278267435092","0.76","6.000000000000015","0.5364","380","380","0.088","0","false","0.832766961303352","1","0.64","2.250000000000001","0.64","0.505","0.5463157894736842","0.4666666666666667","0.55","0","500","0","8.881784197001252E-15","7.283063041541027E-14","true","true","true"
"1493","310493","B-good","false","500","310493","B-good","500","125","5000","0.9854295854981023","1","93","0.5698166276941122","0.6","11.6","25","0.9082343026052124","0.7856","5.360000000000019","0.5312","392.8","392.8","0.082","0.1","false","0.9854295854981023","1","0.744","1.6000000000000014","0.744","0.47947761194029853","0.5453156822810591","0.5","0.6129032258064516","0","500","0","2.1316282072803006E-14","1.3145040611561853E-13","true","true","true"
"1494","310494","B-good","false","500","310494","B-good","500","125","5000","0.6905480615036318","1","82","0.5626746068532528","0.65","12.2","25","0.8905475703176489","0.6928","7.6800000000000335","0.5402","346.4","346.4","0.138","0.1","false","0.6905480615036318","1","0.656","2.1500000000000012","0.656","0.5110677083333334","0.5531177829099307","0.5116279069767442","0.524390243902439","0","500","0","1.4210854715202004E-14","1.1723955140041653E-13","true","true","true"
"1497","310497","B-good","false","500","310497","B-good","500","125","5000","0.9431811237123936","1","82","0.5549967189935263","0.6","12.4","25","0.9050771953407424","0.8316","4.210000000000013","0.549","415.8","415.8","0.094","0.1","false","0.9431811237123936","1","0.656","2.1500000000000012","0.656","0.5071258907363421","0.5574795574795575","0.4186046511627907","0.5853658536585366","0","500","0","3.552713678800501E-14","1.3145040611561853E-13","true","true","true"
"1495","310495","B-good","false","500","310495","B-good","500","125","5000","0.832766961303352","1","76","0.5471359651040191","0.7","13.5","25","0.8074995421285791","0.729","6.775000000000023","0.535","364.5","364.5","0.2","0.2","false","0.832766961303352","1","0.608","2.45","0.608","0.49372693726937267","0.5503429355281207","0.4897959183673469","0.5526315789473685","0","500","0","1.5987211554602254E-14","1.0302869668521453E-13","true","true","true"
"1496","310496","B-good","false","500","310496","B-good","500","125","5000","0.9737137791228572","1","116","0.4991524709385491","0.35","12","25","0.8105199827018916","0.678","8.050000000000026","0.532","339","339","0.202","0.2","false","0.9737137791228572","1","0.928","0.4500000000000004","0.928","0.5130434782608696","0.5410029498525074","0.4444444444444444","0.5775862068965517","0","500","0","1.0658141036401503E-14","1.5631940186722204E-13","true","true","true"
"1498","310498","B-good","false","500","310498","B-good","500","125","5000","0.9737137791228572","1","90","0.6273247541384998","0.8","13","25","0.9689132850039105","0.8618","3.4550000000000067","0.5416","430.9","430.9","0.034","0","false","0.9737137791228572","1","0.72","1.7500000000000016","0.72","0.49782923299565845","0.5486191691807843","0.4","0.6","0","500","0","5.329070518200751E-15","6.394884621840902E-14","true","true","true"
"1499","310499","B-good","false","500","310499","B-good","500","125","5000","0.167233038696648","0","40","0.5146116504854368","0.55","12.7","25","0.8138713870595398","0.735","6.625000000000024","0.5422","367.5","367.5","0.182","0.2","false","0.167233038696648","0","0.32","4.249999999999994","0.32","0.5124528301886793","0.5529251700680272","0.5411764705882353","0.4","0","500","0","2.8421709430404007E-14","1.3500311979441904E-13","true","true","true"
"1500","310500","B-good","false","500","310500","B-good","500","125","5000","0.6905480615036318","1","62","0.5786716043658445","0.7","13.8","25","0.8510351301505267","0.7144","7.140000000000005","0.5374","357.2","357.2","0.16","0.2","false","0.6905480615036318","1","0.496","3.1499999999999977","0.496","0.5196078431372549","0.5445128779395296","0.6190476190476191","0.532258064516129","0","500","0","1.7763568394002505E-14","5.6843418860808015E-14","true","true","true"
"1502","310002","B-bad","false","500","310002","B-bad","500","125","5000","0.5990099009900991","1","46","0.4531381390410134","0.35","14","25","0.8320993597990626","0.7228","6.930000000000017","0.4886","138.6","138.6","0.19","0.1","false","0.5990099009900991","1","0.632","2.3","0.368","0.49889319313779745","0.46176046176046176","0.569620253164557","0.4782608695652174","0","500","0","8.881784197001252E-16","1.6342482922482304E-13","true","true","true"
"1501","310001","B-bad","false","500","310001","B-bad","500","125","5000","0.6905480615036318","1","32","0.5599430199126426","0.65","12.8","25","0.9441031785611799","0.7952","5.119999999999997","0.496","102.4","102.4","0.08","0","false","0.6905480615036318","1","0.744","1.6000000000000008","0.256","0.5135814889336016","0.427734375","0.4838709677419355","0.4375","0","500","0","8.881784197001252E-16","3.907985046680551E-14","true","true","true"
"1503","310003","B-bad","false","500","310003","B-bad","500","125","5000","0.353883495145631","0","69","0.595178431692567","0.8","10.6","25","0.8909411634100206","0.7752","5.62","0.4802","112.4","112.4","0.098","0","false","0.353883495145631","0","0.448","3.4499999999999957","0.552","0.4909700722394221","0.4430604982206406","0.5178571428571429","0.5217391304347826","0","500","0","8.881784197001252E-16","7.993605777301127E-14","true","true","true"
"1504","310004","B-bad","false","500","310004","B-bad","500","125","5000","0.1185005313401285","0","104","0.5855046533897283","0.7","11.8","25","0.801956648642347","0.7204","6.989999999999997","0.4886","139.8","139.8","0.2","0","false","0.1185005313401285","0","0.168","5.1999999999999895","0.832","0.49500277623542477","0.4721030042918455","0.6666666666666666","0.5480769230769231","0","500","0","4.440892098500626E-16","5.6843418860808015E-14","true","true","true"
"1505","310005","B-bad","false","500","310005","B-bad","500","125","5000","0.55","1","57","0.5456613820251965","0.8","10.1","25","0.8044071222905773","0.6838","7.9050000000000225","0.4952","158.1","158.1","0.188","0.1","false","0.55","1","0.544","2.849999999999998","0.456","0.5057034220532319","0.47248576850094876","0.4852941176470588","0.49122807017543857","0","500","0","4.440892098500626E-16","2.0250467969162855E-13","true","true","true"
"1506","310006","B-bad","false","500","310006","B-bad","500","125","5000","0.832766961303352","1","60","0.6080826670891943","0.75","11.5","25","0.943391879862315","0.8254","4.364999999999992","0.475","87.3","87.3","0.056","0","false","0.832766961303352","1","0.52","2.9999999999999973","0.48","0.4872788950811728","0.41695303550973656","0.5538461538461539","0.43333333333333335","0","500","0","8.881784197001252E-16","1.509903313490213E-14","true","true","true"
"1507","310007","B-bad","false","500","310007","B-bad","500","125","5000","0.832766961303352","1","54","0.5530998384514042","0.6","13.4","25","0.7640893392345963","0.7058","7.355000000000001","0.4924","147.1","147.1","0.234","0.1","false","0.832766961303352","1","0.568","2.6999999999999984","0.432","0.49929158401813545","0.47586675730795375","0.4507042253521127","0.42592592592592593","0","500","0","8.881784197001252E-16","7.638334409421077E-14","true","true","true"
"1509","310009","B-bad","false","500","310009","B-bad","500","125","5000","0.9009100727155935","1","39","0.521463627807248","0.6","13","25","0.8548231656502894","0.7446","6.384999999999995","0.4858","127.7","127.7","0.152","0","false","0.9009100727155935","1","0.688","1.950000000000001","0.312","0.49476228847703463","0.4596711041503524","0.4883720930232558","0.358974358974359","0","500","0","8.881784197001252E-16","1.9539925233402755E-14","true","true","true"
"1508","310008","B-bad","false","500","310008","B-bad","500","125","5000","0.646116504854369","1","51","0.5191453873148353","0.5","11.1","25","0.8430460243396881","0.6808","7.980000000000011","0.4856","159.6","159.6","0.164","0.1","false","0.646116504854369","1","0.592","2.549999999999999","0.408","0.49383078730904817","0.4680451127819549","0.5405405405405406","0.47058823529411764","0","500","0","8.881784197001252E-16","9.947598300641403E-14","true","true","true"
"1510","310010","B-bad","false","500","310010","B-bad","500","125","5000","0.8029278364278081","1","39","0.5184861549276614","0.6","12.5","25","0.9052847353274418","0.732","6.700000000000007","0.4894","134","134","0.11","0","false","0.8029278364278081","1","0.688","1.950000000000001","0.312","0.5032786885245901","0.45149253731343286","0.46511627906976744","0.41025641025641024","0","500","0","8.881784197001252E-16","1.4210854715202004E-13","true","true","true"
"1511","310011","B-bad","false","500","310011","B-bad","500","125","5000","0.8029278364278081","1","25","0.5890278609388313","0.7","12.1","25","0.7630505143941031","0.6878","7.805000000000014","0.4814","156.1","156.1","0.244","0.2","false","0.8029278364278081","1","0.8","1.2500000000000004","0.2","0.48415236987496363","0.47533632286995514","0.42","0.36","0","500","0","4.440892098500626E-16","1.2079226507921703E-13","true","true","true"
"1512","310012","B-bad","false","500","310012","B-bad","500","125","5000","0.8588821376227943","1","31","0.49480967028741707","0.45","10.9","25","0.8628606460486014","0.7492","6.269999999999992","0.4872","125.4","125.4","0.126","0","false","0.8588821376227943","1","0.752","1.5500000000000007","0.248","0.497330485851575","0.4569377990430622","0.43617021276595747","0.3548387096774194","0","500","0","8.881784197001252E-16","2.6645352591003757E-14","true","true","true"
"1513","310013","B-bad","false","500","310013","B-bad","500","125","5000","0.769239887763884","1","52","0.553080087319257","0.6","10.9","25","0.8901879288368129","0.7222","6.944999999999996","0.4812","138.9","138.9","0.14","0","false","0.769239887763884","1","0.584","2.5999999999999988","0.416","0.4898919966768208","0.4586033117350612","0.4657534246575342","0.4423076923076923","0","500","0","8.881784197001252E-16","6.217248937900877E-14","true","true","true"
"1516","310016","B-bad","false","500","310016","B-bad","500","125","5000","0.400990099009901","0","44","0.607816026626964","0.85","12.3","25","0.9172598009510715","0.7712","5.71999999999999","0.484","114.4","114.4","0.108","0","false","0.400990099009901","0","0.648","2.2","0.352","0.4961099585062241","0.4431818181818182","0.5802469135802469","0.5227272727272727","0","500","0","4.440892098500626E-16","1.5987211554602254E-14","true","true","true"
"1514","310014","B-bad","false","500","310014","B-bad","500","125","5000","0.6905480615036318","1","48","0.6061425977498869","0.75","11.6","25","0.9093547182106597","0.8052","4.869999999999992","0.4844","97.4","97.4","0.08","0","false","0.6905480615036318","1","0.616","2.3999999999999995","0.384","0.4970193740685544","0.4322381930184805","0.4675324675324675","0.4583333333333333","0","500","0","8.881784197001252E-16","1.865174681370263E-14","true","true","true"
"1515","310015","B-bad","false","500","310015","B-bad","500","125","5000","0.08256102523025843","0","104","0.4835134956465771","0.5","13.4","25","0.9172235093701566","0.742","6.450000000000005","0.484","129","129","0.076","0","false","0.08256102523025843","0","0.168","5.1999999999999895","0.832","0.49595687331536387","0.4496124031007752","0.47619047619047616","0.5576923076923077","0","500","0","8.881784197001252E-16","9.414691248821327E-14","true","true","true"
"1517","310017","B-bad","false","500","310017","B-bad","500","125","5000","0.769239887763884","1","24","0.547973720316148","0.7","13.6","25","0.9072983554614531","0.7538","6.154999999999993","0.494","123.1","123.1","0.106","0","false","0.769239887763884","1","0.808","1.2000000000000004","0.192","0.5080923321836031","0.45085296506904954","0.504950495049505","0.375","0","500","0","8.881784197001252E-16","3.552713678800501E-14","true","true","true"
"1521","310021","B-bad","false","500","310021","B-bad","500","125","5000","0.8814994686598714","1","30","0.5392451358629461","0.75","12","25","0.8268076419505901","0.7258","6.8549999999999995","0.4896","137.1","137.1","0.172","0","false","0.8814994686598714","1","0.76","1.5000000000000007","0.24","0.49903554698263985","0.4646243617797228","0.4842105263157895","0.3333333333333333","0","500","0","8.881784197001252E-16","4.618527782440651E-14","true","true","true"
"1519","310019","B-bad","false","500","310019","B-bad","500","125","5000","0.832766961303352","1","48","0.5028750434024364","0.5","13.9","25","0.9045270177947573","0.7218","6.95500000000001","0.478","139.1","139.1","0.098","0","false","0.832766961303352","1","0.616","2.3999999999999995","0.384","0.48711554447215294","0.4543493889288282","0.4805194805194805","0.4166666666666667","0","500","0","8.881784197001252E-16","1.4566126083082054E-13","true","true","true"
"1520","310020","B-bad","false","500","310020","B-bad","500","125","5000","0.8814994686598714","1","26","0.5204612784632915","0.4","13.9","25","0.8625170781270031","0.7408","6.4799999999999915","0.4974","129.6","129.6","0.152","0.1","false","0.8814994686598714","1","0.792","1.3000000000000005","0.208","0.5110691144708424","0.4583333333333333","0.494949494949495","0.3076923076923077","0","500","0","8.881784197001252E-16","1.9539925233402755E-14","true","true","true"
"1518","310018","B-bad","false","500","310018","B-bad","500","125","5000","0.7317174011812813","1","31","0.5302045126448287","0.6","12.6","25","0.8859717488714001","0.7066","7.334999999999999","0.4984","146.7","146.7","0.092","0","false","0.7317174011812813","1","0.752","1.5500000000000007","0.248","0.513727710161336","0.4614860259032038","0.46808510638297873","0.41935483870967744","0","500","0","4.440892098500626E-16","3.552713678800501E-14","true","true","true"
"1523","310023","B-bad","false","500","310023","B-bad","500","125","5000","0.8814994686598714","1","50","0.5471275363675012","0.6","11.6","25","0.8757697760036122","0.7678","5.804999999999998","0.4982","116.1","116.1","0.134","0","false","0.8814994686598714","1","0.6","2.499999999999999","0.4","0.5121125293045063","0.45219638242894056","0.4533333333333333","0.4","0","500","0","8.881784197001252E-16","6.927791673660977E-14","true","true","true"
"1524","310024","B-bad","false","500","310024","B-bad","500","125","5000","0.5990099009900991","1","44","0.4793139887160292","0.4","12.6","25","0.8251641078110092","0.7888","5.279999999999992","0.4806","105.6","105.6","0.144","0.1","false","0.5990099009900991","1","0.648","2.2","0.352","0.4890973630831643","0.44886363636363635","0.5925925925925926","0.4772727272727273","0","500","0","4.440892098500626E-16","1.687538997430238E-14","true","true","true"
"1525","310025","B-bad","false","500","310025","B-bad","500","125","5000","0.031941023560871806","0","85","0.5851148928842633","0.65","11.9","25","0.8242018150749001","0.7468","6.330000000000007","0.4972","126.6","126.6","0.184","0.1","false","0.031941023560871806","0","0.32","4.249999999999993","0.68","0.5104445634708088","0.45813586097946285","0.425","0.6","0","500","0","4.440892098500626E-16","9.947598300641403E-14","true","true","true"
"1522","310022","B-bad","false","500","310022","B-bad","500","125","5000","0.8814994686598714","1","28","0.5626222528851732","0.7","11.3","25","0.9069703344549023","0.764","5.900000000000004","0.48","118","118","0.158","0.1","false","0.8814994686598714","1","0.776","1.4000000000000006","0.224","0.49214659685863876","0.4406779661016949","0.4845360824742268","0.32142857142857145","0","500","0","8.881784197001252E-16","1.1723955140041653E-13","true","true","true"
"1526","310026","B-bad","false","500","310026","B-bad","500","125","5000","0.832766961303352","1","34","0.5437907454580702","0.5","12.8","25","0.792795183571271","0.6888","7.780000000000008","0.498","155.6","155.6","0.182","0.1","false","0.832766961303352","1","0.728","1.7000000000000008","0.272","0.5116144018583043","0.46786632390745503","0.5384615384615384","0.38235294117647056","0","500","0","8.881784197001252E-16","1.3145040611561853E-13","true","true","true"
"1527","310027","B-bad","false","500","310027","B-bad","500","125","5000","0.8588821376227943","1","23","0.5775232429841831","0.8","11.4","25","0.7893300067089493","0.7406","6.484999999999997","0.4886","129.7","129.7","0.21","0.2","false","0.8588821376227943","1","0.816","1.1500000000000004","0.184","0.49662435862813936","0.4656900539707016","0.45098039215686275","0.30434782608695654","0","500","0","8.881784197001252E-16","3.730349362740526E-14","true","true","true"
"1528","310028","B-bad","false","500","310028","B-bad","500","125","5000","0.9174389747697416","1","32","0.6118216978689247","0.9","10.8","25","0.918522624495106","0.7984","5.039999999999992","0.4884","100.8","100.8","0.082","0","false","0.9174389747697416","1","0.744","1.6000000000000008","0.256","0.5027555110220441","0.43154761904761907","0.5591397849462365","0.3125","0","500","0","8.881784197001252E-16","1.5987211554602254E-14","true","true","true"
"1529","310029","B-bad","false","500","310029","B-bad","500","125","5000","0.769239887763884","1","54","0.6362325723152502","0.8","11.1","25","0.9296930633701901","0.7948","5.12999999999999","0.4752","102.6","102.6","0.1","0","false","0.769239887763884","1","0.568","2.6999999999999984","0.432","0.48540513336688473","0.43567251461988304","0.5774647887323944","0.4444444444444444","0","500","0","4.440892098500626E-16","1.4210854715202004E-14","true","true","true"
"1531","310031","B-bad","false","500","310031","B-bad","500","125","5000","0.8588821376227943","1","27","0.6231719031408623","0.8","10.9","25","0.9101190969306648","0.8264","4.339999999999994","0.4872","86.8","86.8","0.122","0","false","0.8588821376227943","1","0.784","1.3500000000000005","0.216","0.49975798644724106","0.4274193548387097","0.47959183673469385","0.3333333333333333","0","500","0","4.440892098500626E-16","1.0658141036401503E-14","true","true","true"
"1532","310032","B-bad","false","500","310032","B-bad","500","125","5000","0.55","1","69","0.547831427830702","0.55","11.7","25","0.8189947740078367","0.7318","6.704999999999998","0.489","134.1","134.1","0.168","0","false","0.55","1","0.448","3.4499999999999957","0.552","0.4979502596337797","0.4645786726323639","0.5357142857142857","0.4927536231884058","0","500","0","8.881784197001252E-16","6.927791673660977E-14","true","true","true"
"1533","310033","B-bad","false","500","310033","B-bad","500","125","5000","0.8588821376227943","1","45","0.48421889188795014","0.5","12.4","25","0.8811032145310216","0.6856","7.860000000000005","0.4844","157.2","157.2","0.116","0","false","0.8588821376227943","1","0.64","2.25","0.36","0.4935822637106184","0.4643765903307888","0.4625","0.4","0","500","0","8.881784197001252E-16","1.0658141036401503E-13","true","true","true"
"1530","310030","B-bad","false","500","310030","B-bad","500","125","5000","0.9174389747697416","1","28","0.5183857340357696","0.6","12.2","25","0.8266162381134133","0.7596","6.010000000000011","0.4818","120.2","120.2","0.182","0.1","false","0.9174389747697416","1","0.776","1.4000000000000006","0.224","0.48894154818325436","0.45923460898502494","0.44329896907216493","0.2857142857142857","0","500","0","4.440892098500626E-16","1.7408297026122455E-13","true","true","true"
"1534","310034","B-bad","false","500","310034","B-bad","500","125","5000","0.646116504854369","1","81","0.5022599843228719","0.45","13","25","0.9214930228803162","0.8038","4.904999999999997","0.4884","98.1","98.1","0.06","0","false","0.646116504854369","1","0.352","4.049999999999994","0.648","0.5018661358546902","0.4332313965341488","0.4090909090909091","0.48148148148148145","0","500","0","8.881784197001252E-16","3.197442310920451E-14","true","true","true"
"1535","310035","B-bad","false","500","310035","B-bad","500","125","5000","0.646116504854369","1","55","0.603101453167626","0.75","10.9","25","0.84514850225083","0.7194","7.0150000000000095","0.4804","140.3","140.3","0.178","0.1","false","0.646116504854369","1","0.56","2.7499999999999982","0.44","0.4867945510147345","0.4640057020669993","0.44285714285714284","0.4727272727272727","0","500","0","4.440892098500626E-16","1.0302869668521453E-13","true","true","true"
"1536","310036","B-bad","false","500","310036","B-bad","500","125","5000","0.8588821376227943","1","27","0.498320105895176","0.6","11.1","25","0.9036103034761078","0.7798","5.504999999999994","0.488","110.1","110.1","0.092","0","false","0.8588821376227943","1","0.784","1.3500000000000005","0.216","0.5008976660682226","0.44232515894641233","0.5","0.3333333333333333","0","500","0","8.881784197001252E-16","1.4210854715202004E-14","true","true","true"
"1537","310037","B-bad","false","500","310037","B-bad","500","125","5000","0.8588821376227943","1","39","0.6250303200706412","0.8","11.3","25","0.7513950847460271","0.7216","6.960000000000015","0.496","139.2","139.2","0.22","0.2","false","0.8588821376227943","1","0.688","1.950000000000001","0.312","0.5058203991130821","0.47054597701149425","0.5465116279069767","0.38461538461538464","0","500","0","4.440892098500626E-16","1.7053025658242404E-13","true","true","true"
"1538","310038","B-bad","false","500","310038","B-bad","500","125","5000","0.832766961303352","1","28","0.553062956367816","0.65","12.6","25","0.8873756489636616","0.716","7.100000000000001","0.4936","142","142","0.114","0","false","0.832766961303352","1","0.776","1.4000000000000006","0.224","0.5078212290502794","0.45774647887323944","0.4639175257731959","0.35714285714285715","0","500","0","4.440892098500626E-16","8.704148513061227E-14","true","true","true"
"1539","310039","B-bad","false","500","310039","B-bad","500","125","5000","0.832766961303352","1","38","0.5394982657367119","0.8","12.4","25","0.9002373144043541","0.7408","6.479999999999997","0.4948","129.6","129.6","0.088","0","false","0.832766961303352","1","0.696","1.900000000000001","0.304","0.5099892008639308","0.4513888888888889","0.4942528735632184","0.39473684210526316","0","500","0","8.881784197001252E-16","5.1514348342607263E-14","true","true","true"
"1540","310040","B-bad","false","500","310040","B-bad","500","125","5000","0.9314206186232206","1","33","0.5502730325106333","0.75","12","25","0.8583938638719774","0.662","8.450000000000017","0.482","169","169","0.176","0.1","false","0.9314206186232206","1","0.736","1.6500000000000008","0.264","0.48882175226586105","0.4686390532544379","0.45652173913043476","0.30303030303030304","0","500","0","8.881784197001252E-16","8.881784197001252E-14","true","true","true"
"1541","310041","B-bad","false","500","310041","B-bad","500","125","5000","0.769239887763884","1","34","0.5599035698689475","0.65","10.9","25","0.8897234755436582","0.738","6.55","0.4838","131","131","0.126","0","false","0.769239887763884","1","0.728","1.7000000000000008","0.272","0.4940379403794038","0.4549618320610687","0.37362637362637363","0.4117647058823529","0","500","0","8.881784197001252E-16","7.993605777301127E-14","true","true","true"
"1542","310042","B-bad","false","500","310042","B-bad","500","125","5000","0.5","0.5","48","0.5711784294449533","0.6","11.2","25","0.8879768024728948","0.765","5.874999999999995","0.4912","117.5","117.5","0.096","0","false","0.5","0.5","0.616","2.3999999999999995","0.384","0.5058823529411764","0.44340425531914895","0.5324675324675324","0.5","0","500","0","8.881784197001252E-16","1.687538997430238E-14","true","true","true"
"1543","310043","B-bad","false","500","310043","B-bad","500","125","5000","0.44999999999999996","0","87","0.5190548061503631","0.55","10.8","25","0.846704996370482","0.7536","6.159999999999995","0.4934","123.2","123.2","0.174","0.1","false","0.44999999999999996","0","0.304","4.3499999999999925","0.696","0.505307855626327","0.4569805194805195","0.5526315789473685","0.5057471264367817","0","500","0","8.881784197001252E-16","4.618527782440651E-14","true","true","true"
"1544","310044","B-bad","false","500","310044","B-bad","500","125","5000","0.769239887763884","1","36","0.543072730217138","0.7","13.3","25","0.8656417789337499","0.7578","6.054999999999991","0.4938","121.1","121.1","0.148","0","false","0.769239887763884","1","0.712","1.800000000000001","0.288","0.5046186328846661","0.4599504541701073","0.4157303370786517","0.4166666666666667","0","500","0","4.440892098500626E-16","1.2434497875801753E-14","true","true","true"
"1545","310045","B-bad","false","500","310045","B-bad","500","125","5000","0.5990099009900991","1","38","0.5561128575983438","0.65","10.6","25","0.8700617696759473","0.7056","7.360000000000005","0.4978","147.2","147.2","0.138","0.1","false","0.5990099009900991","1","0.696","1.900000000000001","0.304","0.51218820861678","0.4633152173913043","0.4827586206896552","0.47368421052631576","0","500","0","8.881784197001252E-16","8.881784197001252E-14","true","true","true"
"1546","310046","B-bad","false","500","310046","B-bad","500","125","5000","0.8814994686598714","1","46","0.5939525152428995","0.8","11.2","25","0.8605390148861327","0.7814","5.464999999999996","0.4914","109.3","109.3","0.142","0.1","false","0.8814994686598714","1","0.632","2.3","0.368","0.5044791400051191","0.444647758462946","0.43037974683544306","0.391304347826087","0","500","0","8.881784197001252E-16","3.552713678800501E-14","true","true","true"
"1547","310047","B-bad","false","500","310047","B-bad","500","125","5000","0.646116504854369","1","61","0.4853747133139489","0.5","11.4","25","0.834084708433379","0.7792","5.519999999999994","0.482","110.4","110.4","0.146","0.1","false","0.646116504854369","1","0.512","3.049999999999997","0.488","0.48998973305954824","0.453804347826087","0.46875","0.47540983606557374","0","500","0","8.881784197001252E-16","3.019806626980426E-14","true","true","true"
"1548","310048","B-bad","false","500","310048","B-bad","500","125","5000","0.832766961303352","1","24","0.5618013146703398","0.75","11.5","25","0.9156520627151343","0.7336","6.6600000000000055","0.48","133.2","133.2","0.114","0","false","0.832766961303352","1","0.808","1.2000000000000004","0.192","0.4899127589967285","0.4527027027027027","0.4752475247524752","0.3333333333333333","0","500","0","4.440892098500626E-16","6.750155989720952E-14","true","true","true"
"1549","310049","B-bad","false","500","310049","B-bad","500","125","5000","0.769239887763884","1","40","0.630987766745092","0.9","9.6","25","0.887412268127779","0.8058","4.854999999999995","0.4818","97.1","97.1","0.098","0","false","0.769239887763884","1","0.68","2.000000000000001","0.32","0.49292628443782577","0.4356333676622039","0.4117647058823529","0.425","0","500","0","8.881784197001252E-16","1.2434497875801753E-14","true","true","true"
"1550","310050","B-bad","false","500","310050","B-bad","500","125","5000","0.8588821376227943","1","29","0.5338644764377802","0.7","12.7","25","0.8932867108130557","0.7234","6.915000000000012","0.4878","138.3","138.3","0.116","0","false","0.8588821376227943","1","0.768","1.4500000000000006","0.232","0.5006911805363561","0.45408532176428057","0.4895833333333333","0.3448275862068966","0","500","0","8.881784197001252E-16","8.171241461241152E-14","true","true","true"
"1551","310051","B-bad","false","500","310051","B-bad","500","125","5000","0.08256102523025843","0","100","0.5210778048277417","0.4","12.3","25","0.8869417221080294","0.775","5.624999999999993","0.4926","112.5","112.5","0.13","0","false","0.08256102523025843","0","0.2","4.99999999999999","0.8","0.5055483870967742","0.448","0.52","0.56","0","500","0","8.881784197001252E-16","1.509903313490213E-14","true","true","true"
"1552","310052","B-bad","false","500","310052","B-bad","500","125","5000","0.769239887763884","1","32","0.5440252811688937","0.65","10.3","25","0.922484583498874","0.708","7.300000000000004","0.4846","146","146","0.084","0","false","0.769239887763884","1","0.744","1.6000000000000008","0.256","0.4971751412429379","0.4541095890410959","0.4838709677419355","0.40625","0","500","0","8.881784197001252E-16","9.414691248821327E-14","true","true","true"
"1553","310053","B-bad","false","500","310053","B-bad","500","125","5000","0.769239887763884","1","40","0.4592502461824058","0.45","13.7","25","0.8884537888839095","0.7212","6.969999999999996","0.4864","139.4","139.4","0.12","0","false","0.769239887763884","1","0.68","2.000000000000001","0.32","0.49694952856350527","0.45911047345767575","0.5411764705882353","0.425","0","500","0","4.440892098500626E-16","2.3092638912203256E-14","true","true","true"
"1554","310054","B-bad","false","500","310054","B-bad","500","125","5000","0.1185005313401285","0","82","0.563669900665008","0.6","11.8","25","0.9438830393184139","0.8034","4.9149999999999965","0.4784","98.3","98.3","0.044","0","false","0.1185005313401285","0","0.344","4.099999999999993","0.656","0.4916604431167538","0.4242115971515768","0.5348837209302325","0.5609756097560976","0","500","0","8.881784197001252E-16","3.019806626980426E-14","true","true","true"
"1555","310055","B-bad","false","500","310055","B-bad","500","125","5000","0.5","0.5","52","0.4909820759332251","0.5","12.6","25","0.9039878870832588","0.712","7.2000000000000055","0.4824","144","144","0.116","0","false","0.5","0.5","0.584","2.5999999999999988","0.416","0.4926966292134832","0.45694444444444443","0.4520547945205479","0.5","0","500","0","4.440892098500626E-16","7.105427357601002E-14","true","true","true"
"1556","310056","B-bad","false","500","310056","B-bad","500","125","5000","0.5990099009900991","1","50","0.5046334853775092","0.5","12.7","25","0.9190285927101687","0.8032","4.919999999999992","0.484","98.4","98.4","0.07","0","false","0.5990099009900991","1","0.6","2.499999999999999","0.4","0.4960159362549801","0.4349593495934959","0.4666666666666667","0.48","0","500","0","4.440892098500626E-16","1.3322676295501878E-14","true","true","true"
"1557","310057","B-bad","false","500","310057","B-bad","500","125","5000","0.8814994686598714","1","30","0.5374808331114621","0.7","12.6","25","0.8088288623904548","0.7418","6.454999999999998","0.4886","129.1","129.1","0.204","0","false","0.8814994686598714","1","0.76","1.5000000000000007","0.24","0.4968994338096522","0.46475600309837334","0.6","0.3333333333333333","0","500","0","8.881784197001252E-16","8.881784197001252E-14","true","true","true"
"1558","310058","B-bad","false","500","310058","B-bad","500","125","5000","0.9174389747697416","1","58","0.5848355812751347","0.75","12","25","0.8005460080740681","0.7938","5.154999999999998","0.4984","103.1","103.1","0.184","0.1","false","0.9174389747697416","1","0.536","2.8999999999999977","0.464","0.509448223733938","0.45586808923375366","0.5970149253731343","0.39655172413793105","0","500","0","4.440892098500626E-16","4.618527782440651E-14","true","true","true"
"1559","310059","B-bad","false","500","310059","B-bad","500","125","5000","0.5990099009900991","1","36","0.6096118135081712","0.75","11.4","25","0.8962128509161701","0.7834","5.414999999999993","0.4788","108.3","108.3","0.12","0","false","0.5990099009900991","1","0.712","1.800000000000001","0.288","0.488128669900434","0.4450600184672207","0.43820224719101125","0.4722222222222222","0","500","0","4.440892098500626E-16","1.7763568394002505E-14","true","true","true"
"1560","310060","B-bad","false","500","310060","B-bad","500","125","5000","0.8588821376227943","1","47","0.5127701727250351","0.5","12.9","25","0.931591350158919","0.791","5.224999999999992","0.4888","104.5","104.5","0.06","0","false","0.8588821376227943","1","0.624","2.3499999999999996","0.376","0.5036662452591656","0.4325358851674641","0.5256410256410257","0.40425531914893614","0","500","0","8.881784197001252E-16","1.7763568394002505E-14","true","true","true"
"1561","310061","B-bad","false","500","310061","B-bad","500","125","5000","0.769239887763884","1","36","0.5316971570393054","0.75","12.9","25","0.8636000207052055","0.7926","5.184999999999992","0.4784","103.7","103.7","0.132","0","false","0.769239887763884","1","0.712","1.800000000000001","0.288","0.48624779207670954","0.4484088717454195","0.47191011235955055","0.4166666666666667","0","500","0","8.881784197001252E-16","1.687538997430238E-14","true","true","true"
"1562","310062","B-bad","false","500","310062","B-bad","500","125","5000","0.769239887763884","1","50","0.5813656927478273","0.65","10.8","25","0.8781240717381925","0.7862","5.344999999999996","0.488","106.9","106.9","0.108","0","false","0.769239887763884","1","0.6","2.499999999999999","0.4","0.4996184177054185","0.4452759588400374","0.56","0.44","0","500","0","8.881784197001252E-16","3.730349362740526E-14","true","true","true"
"1563","310063","B-bad","false","500","310063","B-bad","500","125","5000","0.646116504854369","1","37","0.523955796249373","0.55","10.9","25","0.9286681177681773","0.7832","5.419999999999993","0.484","108.4","108.4","0.092","0","false","0.646116504854369","1","0.704","1.850000000000001","0.296","0.4966802860061287","0.4381918819188192","0.5568181818181818","0.4594594594594595","0","500","0","8.881784197001252E-16","1.5987211554602254E-14","true","true","true"
"1565","310065","B-bad","false","500","310065","B-bad","500","125","5000","0.6905480615036318","1","40","0.5748414420515457","0.7","11.8","25","0.9149440443355983","0.7902","5.244999999999993","0.4808","104.9","104.9","0.092","0","false","0.6905480615036318","1","0.68","2.000000000000001","0.32","0.4922804353328271","0.43755958055290756","0.5176470588235295","0.45","0","500","0","4.440892098500626E-16","1.3322676295501878E-14","true","true","true"
"1564","310064","B-bad","false","500","310064","B-bad","500","125","5000","0.6905480615036318","1","64","0.6523952457516675","0.8","10.7","25","0.938204132216565","0.7924","5.18999999999999","0.4876","103.8","103.8","0.078","0","false","0.6905480615036318","1","0.488","3.1999999999999966","0.512","0.502776375567895","0.4296724470134875","0.5573770491803278","0.46875","0","500","0","8.881784197001252E-16","1.865174681370263E-14","true","true","true"
"1566","310066","B-bad","false","500","310066","B-bad","500","125","5000","0.5","0.5","66","0.55346843683382","0.7","10.7","25","0.8015424221282089","0.7198","7.005000000000011","0.4884","140.1","140.1","0.178","0.1","false","0.5","0.5","0.472","3.2999999999999963","0.528","0.4970825229230342","0.4660956459671663","0.576271186440678","0.5","0","500","0","4.440892098500626E-16","1.1368683772161603E-13","true","true","true"
"1567","310067","B-bad","false","500","310067","B-bad","500","125","5000","0.832766961303352","1","46","0.580663961795134","0.75","11.5","25","0.8651937016673363","0.7288","6.7799999999999985","0.4824","135.6","135.6","0.164","0.1","false","0.832766961303352","1","0.632","2.3","0.368","0.49149286498353456","0.4579646017699115","0.43037974683544306","0.41304347826086957","0","500","0","8.881784197001252E-16","9.237055564881302E-14","true","true","true"
"1568","310068","B-bad","false","500","310068","B-bad","500","125","5000","0.5990099009900991","1","62","0.5843190298653903","0.75","12","25","0.8734712778112339","0.7142","7.144999999999998","0.4942","142.9","142.9","0.104","0","false","0.5990099009900991","1","0.504","3.099999999999997","0.496","0.5071408569028283","0.46186144156752973","0.6349206349206349","0.4838709677419355","0","500","0","4.440892098500626E-16","3.375077994860476E-14","true","true","true"
"1569","310069","B-bad","false","500","310069","B-bad","500","125","5000","0.9174389747697416","1","36","0.6287695426324353","0.95","10.7","25","0.8742285009790496","0.785","5.3749999999999964","0.4808","107.5","107.5","0.142","0.1","false","0.9174389747697416","1","0.712","1.800000000000001","0.288","0.49121019108280256","0.4427906976744186","0.42696629213483145","0.3333333333333333","0","500","0","8.881784197001252E-16","3.019806626980426E-14","true","true","true"
"1570","310070","B-bad","false","500","310070","B-bad","500","125","5000","0.23076011223611614","0","84","0.5438335404654089","0.7","12.2","25","0.9167171051857501","0.7724","5.689999999999997","0.4834","113.8","113.8","0.08","0","false","0.23076011223611614","0","0.328","4.199999999999993","0.672","0.4948213360952874","0.4446397188049209","0.5609756097560976","0.5357142857142857","0","500","0","4.440892098500626E-16","2.3092638912203256E-14","true","true","true"
"1571","310071","B-bad","false","500","310071","B-bad","500","125","5000","0.9314206186232206","1","27","0.5278494314938776","0.7","10.3","25","0.9276641723350612","0.7648","5.8799999999999955","0.4864","117.6","117.6","0.078","0","false","0.9314206186232206","1","0.784","1.3500000000000005","0.216","0.4997384937238494","0.44302721088435376","0.5306122448979592","0.25925925925925924","0","500","0","8.881784197001252E-16","3.552713678800501E-14","true","true","true"
"1573","310073","B-bad","false","500","310073","B-bad","500","125","5000","0.26828259881871874","0","101","0.5933724250248517","0.75","10.9","25","0.9346394400571867","0.8212","4.4699999999999935","0.4902","89.4","89.4","0.046","0","false","0.26828259881871874","0","0.192","5.04999999999999","0.808","0.5056015586945932","0.41946308724832215","0.5416666666666666","0.5247524752475248","0","500","0","8.881784197001252E-16","1.5987211554602254E-14","true","true","true"
"1572","310072","B-bad","false","500","310072","B-bad","500","125","5000","0.832766961303352","1","56","0.5420362165559084","0.6","11.9","25","0.9085314116673878","0.7286","6.785000000000011","0.479","135.7","135.7","0.118","0","false","0.832766961303352","1","0.552","2.799999999999998","0.448","0.48833379083173206","0.4539425202652911","0.5072463768115942","0.42857142857142855","0","500","0","4.440892098500626E-16","1.5276668818842154E-13","true","true","true"
"1574","310074","B-bad","false","500","310074","B-bad","500","125","5000","0.009800956484242396","0","113","0.5402941287555849","0.7","12.1","25","0.9220072014034452","0.7652","5.870000000000002","0.4866","117.4","117.4","0.112","0","false","0.009800956484242396","0","0.096","5.649999999999988","0.904","0.5013068478829065","0.4386712095400341","0.6666666666666666","0.6017699115044248","0","500","0","8.881784197001252E-16","5.5067062021407764E-14","true","true","true"
"1575","310075","B-bad","false","500","310075","B-bad","500","125","5000","0.8588821376227943","1","25","0.547684380702575","0.65","12.8","25","0.9509062778391085","0.821","4.474999999999993","0.4862","89.5","89.5","0.06","0","false","0.8588821376227943","1","0.8","1.2500000000000004","0.2","0.5028014616321559","0.4100558659217877","0.5","0.32","0","500","0","8.881784197001252E-16","1.1546319456101628E-14","true","true","true"
"1576","310076","B-bad","false","500","310076","B-bad","500","125","5000","0.7317174011812813","1","49","0.6030835313484646","0.8","10.6","25","0.8998219399281755","0.7482","6.295000000000003","0.4812","125.9","125.9","0.128","0","false","0.7317174011812813","1","0.608","2.4499999999999993","0.392","0.4913124832932371","0.4511517077045274","0.5131578947368421","0.4489795918367347","0","500","0","8.881784197001252E-16","1.1013412404281553E-13","true","true","true"
"1577","310077","B-bad","false","500","310077","B-bad","500","125","5000","0.6905480615036318","1","38","0.49708903956769124","0.5","11.5","25","0.8408410777285003","0.7198","7.005000000000008","0.4858","140.1","140.1","0.214","0.1","false","0.6905480615036318","1","0.696","1.900000000000001","0.304","0.49513753820505696","0.46181299072091364","0.4827586206896552","0.4473684210526316","0","500","0","8.881784197001252E-16","6.217248937900877E-14","true","true","true"
"1578","310078","B-bad","false","500","310078","B-bad","500","125","5000","0.02628622087714283","0","102","0.6064164091849846","0.8","10.9","25","0.906933317269816","0.8046","4.884999999999992","0.4852","97.7","97.7","0.08","0","false","0.02628622087714283","0","0.184","5.09999999999999","0.816","0.49838429033059906","0.43091095189355166","0.5217391304347826","0.5882352941176471","0","500","0","8.881784197001252E-16","1.687538997430238E-14","true","true","true"
"1579","310079","B-bad","false","500","310079","B-bad","500","125","5000","0.646116504854369","1","41","0.5906036632907185","0.8","11.5","25","0.9227937634856543","0.771","5.725","0.488","114.5","114.5","0.07","0","false","0.646116504854369","1","0.672","2.0500000000000007","0.328","0.501686121919585","0.44192139737991265","0.5952380952380952","0.4634146341463415","0","500","0","8.881784197001252E-16","7.993605777301127E-14","true","true","true"
"1580","310080","B-bad","false","500","310080","B-bad","500","125","5000","0.5990099009900991","1","82","0.5746083694789633","0.7","12.2","25","0.8900687924630855","0.7818","5.4549999999999965","0.4908","109.1","109.1","0.166","0","false","0.5990099009900991","1","0.344","4.099999999999993","0.656","0.502941928882067","0.4472960586617782","0.5813953488372093","0.4878048780487805","0","500","0","4.440892098500626E-16","4.085620730620576E-14","true","true","true"
"1581","310081","B-bad","false","500","310081","B-bad","500","125","5000","0.9431811237123936","1","30","0.558175184147336","0.6","11.5","25","0.8209591525044919","0.7696","5.759999999999993","0.493","115.2","115.2","0.178","0.1","false","0.9431811237123936","1","0.76","1.5000000000000007","0.24","0.5041580041580042","0.4557291666666667","0.5263157894736842","0.26666666666666666","0","500","0","8.881784197001252E-16","2.6645352591003757E-14","true","true","true"
"1582","310082","B-bad","false","500","310082","B-bad","500","125","5000","0.7317174011812813","1","53","0.5776183398122622","0.75","11.3","25","0.8923400613770405","0.7962","5.094999999999993","0.4964","101.9","101.9","0.096","0","false","0.7317174011812813","1","0.576","2.6499999999999986","0.424","0.5101733232856066","0.44259077526987245","0.4027777777777778","0.4528301886792453","0","500","0","8.881784197001252E-16","1.5987211554602254E-14","true","true","true"
"1583","310083","B-bad","false","500","310083","B-bad","500","125","5000","0.832766961303352","1","44","0.5266216230663493","0.65","13.3","25","0.8916425197345627","0.7666","5.8349999999999955","0.4818","116.7","116.7","0.112","0","false","0.832766961303352","1","0.648","2.2","0.352","0.4928254630837464","0.44558697514995715","0.48148148148148145","0.4090909090909091","0","500","0","8.881784197001252E-16","4.973799150320701E-14","true","true","true"
"1584","310084","B-bad","false","500","310084","B-bad","500","125","5000","0.9174389747697416","1","36","0.6451917349059028","0.95","9.9","25","0.8649655540722936","0.8078","4.804999999999991","0.4882","96.1","96.1","0.146","0","false","0.9174389747697416","1","0.712","1.800000000000001","0.288","0.498885862837336","0.4432882414151925","0.4943820224719101","0.3333333333333333","0","500","0","4.440892098500626E-16","1.687538997430238E-14","true","true","true"
"1585","310085","B-bad","false","500","310085","B-bad","500","125","5000","0.353883495145631","0","61","0.5678897576066738","0.75","11.2","25","0.8568334210380735","0.7338","6.654999999999999","0.4862","133.1","133.1","0.146","0.1","false","0.353883495145631","0","0.512","3.049999999999997","0.488","0.496865630962115","0.4567993989481593","0.46875","0.5245901639344263","0","500","0","8.881784197001252E-16","1.0302869668521453E-13","true","true","true"
"1586","310086","B-bad","false","500","310086","B-bad","500","125","5000","0.353883495145631","0","67","0.5233273971191971","0.75","14.3","25","0.8728983383776849","0.7954","5.1149999999999896","0.487","102.3","102.3","0.152","0","false","0.353883495145631","0","0.464","3.349999999999996","0.536","0.49710837314558715","0.447702834799609","0.4482758620689655","0.5223880597014925","0","500","0","4.440892098500626E-16","1.509903313490213E-14","true","true","true"
"1587","310087","B-bad","false","500","310087","B-bad","500","125","5000","0.8029278364278081","1","47","0.5892569020479886","0.7","11.1","25","0.8339382129911559","0.7492","6.270000000000003","0.483","125.4","125.4","0.164","0.1","false","0.8029278364278081","1","0.624","2.3499999999999996","0.376","0.49012279765082756","0.46172248803827753","0.48717948717948717","0.425531914893617","0","500","0","8.881784197001252E-16","8.881784197001252E-14","true","true","true"
"1588","310088","B-bad","false","500","310088","B-bad","500","125","5000","0.1411178623772057","0","105","0.5992200199644002","0.85","11.5","25","0.9215171507317548","0.8106","4.7349999999999905","0.4948","94.7","94.7","0.082","0","false","0.1411178623772057","0","0.16","5.249999999999989","0.84","0.5094991364421416","0.43189017951425557","0.5","0.5428571428571428","0","500","0","8.881784197001252E-16","1.7763568394002505E-14","true","true","true"
"1589","310089","B-bad","false","500","310089","B-bad","500","125","5000","0.7317174011812813","1","47","0.55346843683382","0.7","12.7","25","0.893296721054263","0.7812","5.47","0.4824","109.4","109.4","0.102","0","false","0.7317174011812813","1","0.624","2.3499999999999996","0.376","0.4930875576036866","0.44424131627056673","0.46153846153846156","0.44680851063829785","0","500","0","8.881784197001252E-16","6.394884621840902E-14","true","true","true"
"1590","310090","B-bad","false","500","310090","B-bad","500","125","5000","0.8029278364278081","1","43","0.4259484748561104","0.35","14.6","25","0.8597392737915086","0.716","7.099999999999994","0.4866","142","142","0.158","0.1","false","0.8029278364278081","1","0.656","2.1500000000000004","0.344","0.4963687150837989","0.4619718309859155","0.4146341463414634","0.4186046511627907","0","500","0","8.881784197001252E-16","3.552713678800501E-14","true","true","true"
"1591","310091","B-bad","false","500","310091","B-bad","500","125","5000","0.8588821376227943","1","33","0.5672206854920802","0.8","11","25","0.8752420098196867","0.7064","7.340000000000002","0.4946","146.8","146.8","0.12","0","false","0.8588821376227943","1","0.736","1.6500000000000008","0.264","0.5076443941109853","0.46321525885558584","0.5","0.36363636363636365","0","500","0","8.881784197001252E-16","7.105427357601002E-14","true","true","true"
"1592","310092","B-bad","false","500","310092","B-bad","500","125","5000","0.832766961303352","1","54","0.590757110919713","0.85","9.3","25","0.8965853385972226","0.7856","5.359999999999998","0.4982","107.2","107.2","0.106","0","false","0.832766961303352","1","0.568","2.6999999999999984","0.432","0.5134928716904277","0.44216417910447764","0.5352112676056338","0.42592592592592593","0","500","0","4.440892098500626E-16","5.5067062021407764E-14","true","true","true"
"1593","310093","B-bad","false","500","310093","B-bad","500","125","5000","0.9009100727155935","1","29","0.5600336010771148","0.6","12.3","25","0.8898535400498687","0.7342","6.6450000000000085","0.4914","132.9","132.9","0.122","0.1","false","0.9009100727155935","1","0.768","1.4500000000000006","0.232","0.5047670934350313","0.454477050413845","0.5729166666666666","0.3103448275862069","0","500","0","4.440892098500626E-16","9.592326932761353E-14","true","true","true"
"1594","310094","B-bad","false","500","310094","B-bad","500","125","5000","0.8588821376227943","1","25","0.557988767507664","0.7","12.2","25","0.797294141559881","0.7212","6.970000000000001","0.4824","139.4","139.4","0.206","0.1","false","0.8588821376227943","1","0.8","1.2500000000000004","0.2","0.4875207986688852","0.46915351506456243","0.57","0.32","0","500","0","8.881784197001252E-16","7.993605777301127E-14","true","true","true"
"1595","310095","B-bad","false","500","310095","B-bad","500","125","5000","0.8588821376227943","1","35","0.5975708930116312","0.85","10.4","25","0.858970673998078","0.7432","6.4200000000000035","0.4892","128.4","128.4","0.104","0","false","0.8588821376227943","1","0.72","1.7500000000000009","0.28","0.5","0.45794392523364486","0.4222222222222222","0.37142857142857144","0","500","0","8.881784197001252E-16","5.861977570020827E-14","true","true","true"
"1596","310096","B-bad","false","500","310096","B-bad","500","125","5000","0.7317174011812813","1","33","0.5734684368338199","0.9","11.7","25","0.927891502289493","0.8248","4.379999999999993","0.4904","87.6","87.6","0.052","0","false","0.7317174011812813","1","0.736","1.6500000000000008","0.264","0.504364694471387","0.4246575342465753","0.5217391304347826","0.42424242424242425","0","500","0","4.440892098500626E-16","1.0658141036401503E-14","true","true","true"
"1598","310098","B-bad","false","500","310098","B-bad","500","125","5000","0.8814994686598714","1","46","0.4290448692783069","0.25","12.9","25","0.9501251846783972","0.7862","5.34499999999999","0.487","106.9","106.9","0.058","0","false","0.8814994686598714","1","0.632","2.3","0.368","0.502416687865683","0.4303086997193639","0.4810126582278481","0.391304347826087","0","500","0","4.440892098500626E-16","1.3322676295501878E-14","true","true","true"
"1599","310099","B-bad","false","500","310099","B-bad","500","125","5000","0.400990099009901","0","46","0.49990099009900985","0.45","12","25","0.9001272876904819","0.754","6.149999999999991","0.4856","123","123","0.086","0","false","0.400990099009901","0","0.632","2.3","0.368","0.496551724137931","0.45203252032520325","0.5063291139240507","0.5217391304347826","0","500","0","8.881784197001252E-16","1.9539925233402755E-14","true","true","true"
"1597","310097","B-bad","false","500","310097","B-bad","500","125","5000","0.5990099009900991","1","70","0.4987153665746719","0.5","12.4","25","0.8565395504304231","0.7112","7.220000000000006","0.4964","144.4","144.4","0.178","0.1","false","0.5990099009900991","1","0.44","3.4999999999999956","0.56","0.5112485939257593","0.4598337950138504","0.509090909090909","0.4857142857142857","0","500","0","8.881784197001252E-16","1.2434497875801753E-13","true","true","true"
"1600","310100","B-bad","false","500","310100","B-bad","500","125","5000","0.5","0.5","60","0.5380091914088345","0.6","11.9","25","0.9065251701592203","0.748","6.300000000000002","0.4786","126","126","0.122","0","false","0.5","0.5","0.52","2.9999999999999973","0.48","0.4874331550802139","0.4523809523809524","0.6","0.5","0","500","0","4.440892098500626E-16","8.348877145181177E-14","true","true","true"
"1602","310102","B-bad","false","500","310102","B-bad","500","125","5000","0.6905480615036318","1","40","0.5136247110796375","0.5","13.4","25","0.8952828135959987","0.6614","8.465000000000023","0.4872","169.3","169.3","0.136","0","false","0.6905480615036318","1","0.68","2.000000000000001","0.32","0.4992440278197762","0.46367395156526875","0.43529411764705883","0.45","0","500","0","8.881784197001252E-16","1.1723955140041653E-13","true","true","true"
"1601","310101","B-bad","false","500","310101","B-bad","500","125","5000","0.769239887763884","1","50","0.5667391868529381","0.7","10.2","25","0.8744175511396529","0.7352","6.62","0.4854","132.4","132.4","0.138","0","false","0.769239887763884","1","0.6","2.499999999999999","0.4","0.49483133841131666","0.459214501510574","0.5333333333333333","0.44","0","500","0","8.881784197001252E-16","5.6843418860808015E-14","true","true","true"
"1604","310104","B-bad","false","500","310104","B-bad","500","125","5000","0.55","1","47","0.5577212627861633","0.7","11.8","25","0.8497507209135102","0.7698","5.754999999999992","0.4814","115.1","115.1","0.15","0.1","false","0.55","1","0.624","2.3499999999999996","0.376","0.4905170174071187","0.45091225021720244","0.46153846153846156","0.48936170212765956","0","500","0","8.881784197001252E-16","1.7763568394002505E-14","true","true","true"
"1603","310103","B-bad","false","500","310103","B-bad","500","125","5000","0.646116504854369","1","59","0.5428202726871534","0.6","11.3","25","0.8600078860149255","0.7328","6.679999999999998","0.4922","133.6","133.6","0.172","0.1","false","0.646116504854369","1","0.528","2.9499999999999975","0.472","0.5054585152838428","0.45583832335329344","0.4696969696969697","0.4745762711864407","0","500","0","8.881784197001252E-16","3.730349362740526E-14","true","true","true"
"1605","310105","B-bad","false","500","310105","B-bad","500","125","5000","0.646116504854369","1","51","0.5101903297125829","0.6","12.4","25","0.8446350836525104","0.749","6.27499999999999","0.4938","125.5","125.5","0.146","0.1","false","0.646116504854369","1","0.592","2.549999999999999","0.408","0.5046728971962616","0.4613545816733068","0.581081081081081","0.47058823529411764","0","500","0","4.440892098500626E-16","1.7763568394002505E-14","true","true","true"
"1606","310106","B-bad","false","500","310106","B-bad","500","125","5000","0.5990099009900991","1","40","0.5537359415553207","0.7","12.1","25","0.8147023601458996","0.6978","7.555000000000007","0.4812","151.1","151.1","0.206","0.1","false","0.5990099009900991","1","0.68","2.000000000000001","0.32","0.48523932358842076","0.47187293183322304","0.47058823529411764","0.475","0","500","0","4.440892098500626E-16","6.217248937900877E-14","true","true","true"
"1607","310107","B-bad","false","500","310107","B-bad","500","125","5000","0.9009100727155935","1","29","0.5869445637570372","0.8","10","25","0.8849275410583914","0.7888","5.27999999999999","0.49","105.6","105.6","0.108","0","false","0.9009100727155935","1","0.768","1.4500000000000006","0.232","0.5022819472616633","0.4441287878787879","0.53125","0.3103448275862069","0","500","0","8.881784197001252E-16","1.687538997430238E-14","true","true","true"
"1608","310108","B-bad","false","500","310108","B-bad","500","125","5000","0.353883495145631","0","73","0.5944103496769831","0.8","11.4","25","0.9410283063261223","0.8256","4.359999999999992","0.4872","87.2","87.2","0.084","0","false","0.353883495145631","0","0.416","3.649999999999995","0.584","0.5016957364341085","0.41857798165137616","0.5192307692307693","0.5205479452054794","0","500","0","4.440892098500626E-16","1.4210854715202004E-14","true","true","true"
"1609","310109","B-bad","false","500","310109","B-bad","500","125","5000","0.769239887763884","1","42","0.5761605076257921","0.7","11.6","25","0.9022008975340226","0.78","5.4999999999999885","0.4882","110","110","0.086","0","false","0.769239887763884","1","0.664","2.1000000000000005","0.336","0.5007692307692307","0.44363636363636366","0.5421686746987951","0.42857142857142855","0","500","0","8.881784197001252E-16","1.7763568394002505E-14","true","true","true"
"1611","310111","B-bad","false","500","310111","B-bad","500","125","5000","0.5990099009900991","1","54","0.5559264409586719","0.75","10.7","25","0.921756138840251","0.7826","5.435000000000002","0.4854","108.7","108.7","0.076","0","false","0.5990099009900991","1","0.568","2.6999999999999984","0.432","0.4991055456171735","0.43606255749770007","0.5211267605633803","0.48148148148148145","0","500","0","8.881784197001252E-16","4.973799150320701E-14","true","true","true"
"1610","310110","B-bad","false","500","310110","B-bad","500","125","5000","0.3094519384963682","0","80","0.5553334222956103","0.75","10.2","25","0.8997892877526679","0.7968","5.080000000000001","0.4836","101.6","101.6","0.11","0","false","0.3094519384963682","0","0.36","3.999999999999994","0.64","0.4947289156626506","0.43996062992125984","0.4666666666666667","0.525","0","500","0","8.881784197001252E-16","7.638334409421077E-14","true","true","true"
"1612","310112","B-bad","false","500","310112","B-bad","500","125","5000","0.9530265597482369","1","29","0.6024154242875868","0.8","11.8","25","0.9141448485458232","0.7674","5.8149999999999995","0.4814","116.3","116.3","0.098","0","false","0.9530265597482369","1","0.768","1.4500000000000006","0.232","0.4930935626791764","0.44282029234737746","0.4479166666666667","0.2413793103448276","0","500","0","8.881784197001252E-16","3.730349362740526E-14","true","true","true"
"1613","310113","B-bad","false","500","310113","B-bad","500","125","5000","0.832766961303352","1","24","0.5380719915700174","0.65","11.5","25","0.8945152155448894","0.7612","5.96999999999999","0.485","119.4","119.4","0.092","0","false","0.832766961303352","1","0.808","1.2000000000000004","0.192","0.49632159747766685","0.4489112227805695","0.46534653465346537","0.3333333333333333","0","500","0","8.881784197001252E-16","1.5987211554602254E-14","true","true","true"
"1614","310114","B-bad","false","500","310114","B-bad","500","125","5000","0.5990099009900991","1","72","0.6101293299716313","0.7","12.8","25","0.9118959481869358","0.7638","5.904999999999997","0.4892","118.1","118.1","0.072","0","false","0.5990099009900991","1","0.424","3.599999999999995","0.576","0.5027494108405341","0.445385266723116","0.39622641509433965","0.4861111111111111","0","500","0","8.881784197001252E-16","1.9539925233402755E-14","true","true","true"
"1615","310115","B-bad","false","500","310115","B-bad","500","125","5000","0.832766961303352","1","58","0.5266434579584216","0.7","10.7","25","0.8194438072240462","0.7158","7.105000000000006","0.4856","142.1","142.1","0.19","0.1","false","0.832766961303352","1","0.536","2.8999999999999977","0.464","0.49343392008941045","0.46586910626319494","0.3582089552238806","0.43103448275862066","0","500","0","4.440892098500626E-16","8.348877145181177E-14","true","true","true"
"1617","310117","B-bad","false","500","310117","B-bad","500","125","5000","0.1185005313401285","0","100","0.5595111230128617","0.65","11.8","25","0.9017192111507052","0.7848","5.379999999999989","0.4958","107.6","107.6","0.088","0","false","0.1185005313401285","0","0.2","4.99999999999999","0.8","0.5101936799184505","0.4433085501858736","0.52","0.55","0","500","0","4.440892098500626E-16","1.5987211554602254E-14","true","true","true"
"1616","310116","B-bad","false","500","310116","B-bad","500","125","5000","0.5990099009900991","1","72","0.6208013501054201","0.9","10.3","25","0.9247876106636037","0.8192","4.519999999999992","0.4896","90.4","90.4","0.08","0","false","0.5990099009900991","1","0.424","3.599999999999995","0.576","0.503173828125","0.4280973451327434","0.5283018867924528","0.4861111111111111","0","500","0","4.440892098500626E-16","1.7763568394002505E-14","true","true","true"
"1618","310118","B-bad","false","500","310118","B-bad","500","125","5000","0.8029278364278081","1","29","0.4678856815110287","0.4","13.7","25","0.7756689169338655","0.715","7.125","0.4956","142.5","142.5","0.218","0.2","false","0.8029278364278081","1","0.768","1.4500000000000006","0.232","0.5062937062937063","0.4687719298245614","0.4583333333333333","0.3793103448275862","0","500","0","8.881784197001252E-16","9.237055564881302E-14","true","true","true"
"1620","310120","B-bad","false","500","310120","B-bad","500","125","5000","0.6905480615036318","1","44","0.5252927836427808","0.5","12.4","25","0.9073913035450811","0.7882","5.294999999999993","0.4872","105.9","105.9","0.1","0","false","0.6905480615036318","1","0.648","2.2","0.352","0.4991119005328597","0.4428706326723324","0.48148148148148145","0.45454545454545453","0","500","0","8.881784197001252E-16","1.7763568394002505E-14","true","true","true"
"1619","310119","B-bad","false","500","310119","B-bad","500","125","5000","0.7317174011812813","1","47","0.6236691217405437","0.9","11.1","25","0.9112781777742198","0.7898","5.254999999999998","0.4838","105.1","105.1","0.106","0","false","0.7317174011812813","1","0.624","2.3499999999999996","0.376","0.4963281843504685","0.4367269267364415","0.5","0.44680851063829785","0","500","0","8.881784197001252E-16","1.0658141036401503E-14","true","true","true"
"1621","310121","B-bad","false","500","310121","B-bad","500","125","5000","0.832766961303352","1","34","0.5667391868529382","0.7","12.2","25","0.8217254396707594","0.8076","4.809999999999992","0.501","96.2","96.2","0.152","0","false","0.832766961303352","1","0.728","1.7000000000000008","0.272","0.512630014858841","0.4521829521829522","0.6043956043956044","0.38235294117647056","0","500","0","4.440892098500626E-16","1.5987211554602254E-14","true","true","true"
"1622","310122","B-bad","false","500","310122","B-bad","500","125","5000","0.6905480615036318","1","42","0.46605397759994893","0.5","13","25","0.7836419818584954","0.723","6.9250000000000025","0.4888","138.5","138.5","0.236","0.1","false","0.6905480615036318","1","0.664","2.1000000000000005","0.336","0.4954356846473029","0.4714801444043321","0.40963855421686746","0.4523809523809524","0","500","0","8.881784197001252E-16","1.1723955140041653E-13","true","true","true"
"1623","310123","B-bad","false","500","310123","B-bad","500","125","5000","0.3094519384963682","0","76","0.5511560985428685","0.8","12.8","25","0.8953688345813451","0.801","4.974999999999994","0.4882","99.5","99.5","0.118","0.1","false","0.3094519384963682","0","0.392","3.7999999999999945","0.608","0.50187265917603","0.43316582914572865","0.5306122448979592","0.5263157894736842","0","500","0","8.881784197001252E-16","1.7763568394002505E-14","true","true","true"
"1624","310124","B-bad","false","500","310124","B-bad","500","125","5000","0.8588821376227943","1","55","0.6034728875566749","0.75","12.8","25","0.9263292659361528","0.821","4.4749999999999925","0.4818","89.5","89.5","0.096","0","false","0.8588821376227943","1","0.56","2.7499999999999982","0.44","0.49476248477466506","0.4223463687150838","0.5571428571428572","0.41818181818181815","0","500","0","8.881784197001252E-16","1.687538997430238E-14","true","true","true"
"1626","310126","B-bad","false","500","310126","B-bad","500","125","5000","0.353883495145631","0","51","0.6198188282350091","0.8","11.4","25","0.8061480283879113","0.659","8.525000000000027","0.4934","170.5","170.5","0.224","0.1","false","0.353883495145631","0","0.592","2.549999999999999","0.408","0.503793626707132","0.47331378299120236","0.6351351351351351","0.5294117647058824","0","500","0","8.881784197001252E-16","1.3145040611561853E-13","true","true","true"
"1625","310125","B-bad","false","500","310125","B-bad","500","125","5000","0.44999999999999996","0","65","0.5680859480956679","0.8","12","25","0.9063058718965443","0.794","5.150000000000001","0.4944","103","103","0.116","0.1","false","0.44999999999999996","0","0.48","3.2499999999999964","0.52","0.5090680100755668","0.43786407766990293","0.5166666666666667","0.5076923076923077","0","500","0","8.881784197001252E-16","7.283063041541027E-14","true","true","true"
"1627","310127","B-bad","false","500","310127","B-bad","500","125","5000","0.09908992728440646","0","91","0.5526222528851732","0.6","12.3","25","0.8272676782264037","0.7336","6.660000000000008","0.486","133.2","133.2","0.192","0.1","false","0.09908992728440646","0","0.272","4.549999999999992","0.728","0.495092693565976","0.46096096096096095","0.4117647058823529","0.5604395604395604","0","500","0","8.881784197001252E-16","1.4210854715202004E-13","true","true","true"
"1628","310128","B-bad","false","500","310128","B-bad","500","125","5000","0.769239887763884","1","26","0.6010212047994726","0.85","9.9","25","0.9309477284620311","0.7532","6.169999999999999","0.4862","123.4","123.4","0.084","0","false","0.769239887763884","1","0.792","1.3000000000000005","0.208","0.5","0.44408427876823336","0.5454545454545454","0.38461538461538464","0","500","0","8.881784197001252E-16","7.283063041541027E-14","true","true","true"
"1629","310129","B-bad","false","500","310129","B-bad","500","125","5000","0.769239887763884","1","58","0.6039306803508272","0.85","11.2","25","0.8670618439973922","0.766","5.849999999999994","0.4824","117","117","0.154","0","false","0.769239887763884","1","0.536","2.8999999999999977","0.464","0.49112271540469976","0.45384615384615384","0.4626865671641791","0.4482758620689655","0","500","0","8.881784197001252E-16","4.085620730620576E-14","true","true","true"
"1630","310130","B-bad","false","500","310130","B-bad","500","125","5000","0.646116504854369","1","43","0.5245126405844468","0.6","12.5","25","0.9237055541453199","0.7804","5.48999999999999","0.4914","109.8","109.8","0.074","0","false","0.646116504854369","1","0.656","2.1500000000000004","0.344","0.5066632496155817","0.4371584699453552","0.45121951219512196","0.46511627906976744","0","500","0","8.881784197001252E-16","1.4210854715202004E-14","true","true","true"
"1631","310131","B-bad","false","500","310131","B-bad","500","125","5000","0.8588821376227943","1","39","0.5902885375825914","0.75","12.8","25","0.8388550644488639","0.729","6.775000000000003","0.493","135.5","135.5","0.172","0","false","0.8588821376227943","1","0.688","1.950000000000001","0.312","0.5053497942386831","0.45977859778597785","0.43023255813953487","0.38461538461538464","0","500","0","8.881784197001252E-16","8.881784197001252E-14","true","true","true"
"1632","310132","B-bad","false","500","310132","B-bad","500","125","5000","0.7317174011812813","1","63","0.6254940152811359","0.85","10.3","25","0.9129992989929935","0.7744","5.639999999999992","0.4994","112.8","112.8","0.088","0","false","0.7317174011812813","1","0.496","3.149999999999997","0.504","0.5152376033057852","0.4450354609929078","0.5","0.4603174603174603","0","500","0","4.440892098500626E-16","1.7763568394002505E-14","true","true","true"
"1633","310133","B-bad","false","500","310133","B-bad","500","125","5000","0.4009900990099009","0","74","0.5383752877092409","0.55","12.4","25","0.9288176127297435","0.741","6.475000000000003","0.4754","129.5","129.5","0.122","0","false","0.4009900990099009","0","0.408","3.699999999999995","0.592","0.4852901484480432","0.4471042471042471","0.5882352941176471","0.5135135135135135","0","500","0","8.881784197001252E-16","6.572520305780927E-14","true","true","true"
"1634","310134","B-bad","false","500","310134","B-bad","500","125","5000","0.4009900990099009","0","52","0.5091538160513533","0.5","11.8","25","0.8554697449653567","0.7436","6.409999999999994","0.4782","128.2","128.2","0.164","0.1","false","0.4009900990099009","0","0.584","2.5999999999999988","0.416","0.4865519096288327","0.4539781591263651","0.4657534246575342","0.5192307692307693","0","500","0","8.881784197001252E-16","6.039613253960852E-14","true","true","true"
"1635","310135","B-bad","false","500","310135","B-bad","500","125","5000","0.769239887763884","1","34","0.5127799465743572","0.65","13.4","25","0.8959677310748058","0.7598","6.004999999999993","0.4782","120.1","120.1","0.136","0.1","false","0.769239887763884","1","0.728","1.7000000000000008","0.272","0.4872334824953935","0.4496253122398002","0.5604395604395604","0.4117647058823529","0","500","0","4.440892098500626E-16","3.019806626980426E-14","true","true","true"
"1636","310136","B-bad","false","500","310136","B-bad","500","125","5000","0.832766961303352","1","30","0.5905046533897284","0.75","11.1","25","0.9222455977402729","0.8088","4.779999999999991","0.483","95.6","95.6","0.076","0","false","0.832766961303352","1","0.76","1.5000000000000007","0.24","0.4948071216617211","0.4330543933054393","0.5368421052631579","0.36666666666666664","0","500","0","4.440892098500626E-16","1.5987211554602254E-14","true","true","true"
"1637","310137","B-bad","false","500","310137","B-bad","500","125","5000","0.8588821376227943","1","27","0.5644268485619867","0.8","11.7","25","0.8892529656627731","0.7284","6.790000000000004","0.492","135.8","135.8","0.116","0","false","0.8588821376227943","1","0.784","1.3500000000000005","0.216","0.5049423393739704","0.4572901325478645","0.5306122448979592","0.3333333333333333","0","500","0","4.440892098500626E-16","5.6843418860808015E-14","true","true","true"
"1638","310138","B-bad","false","500","310138","B-bad","500","125","5000","0.7317174011812813","1","39","0.6165446110801658","0.8","10.3","25","0.8529411961770925","0.833","4.174999999999993","0.4992","83.5","83.5","0.114","0","false","0.7317174011812813","1","0.688","1.950000000000001","0.312","0.5116446578631453","0.437125748502994","0.46511627906976744","0.4358974358974359","0","500","0","4.440892098500626E-16","1.2434497875801753E-14","true","true","true"
"1639","310139","B-bad","false","500","310139","B-bad","500","125","5000","0.7317174011812813","1","37","0.5207603919261865","0.6","13.4","25","0.9168733763938433","0.7786","5.534999999999995","0.4804","110.7","110.7","0.106","0","false","0.7317174011812813","1","0.704","1.850000000000001","0.296","0.4919085538145389","0.4399277326106594","0.5227272727272727","0.43243243243243246","0","500","0","8.881784197001252E-16","3.375077994860476E-14","true","true","true"
"1640","310140","B-bad","false","500","310140","B-bad","500","125","5000","0.6905480615036318","1","44","0.5359419128431633","0.55","12.2","25","0.8599117979135329","0.7638","5.904999999999986","0.4862","118.1","118.1","0.156","0","false","0.6905480615036318","1","0.648","2.2","0.352","0.4954176485991097","0.45639288738357325","0.4691358024691358","0.45454545454545453","0","500","0","4.440892098500626E-16","1.687538997430238E-14","true","true","true"
"1641","310141","B-bad","false","500","310141","B-bad","500","125","5000","0.8029278364278081","1","45","0.5744517474241785","0.55","12.8","25","0.9104749271026152","0.7816","5.460000000000006","0.4874","109.2","109.2","0.104","0.1","false","0.8029278364278081","1","0.64","2.25","0.36","0.5017911975435005","0.4358974358974359","0.5","0.4222222222222222","0","500","0","8.881784197001252E-16","9.059419880941277E-14","true","true","true"
"1642","310142","B-bad","false","500","310142","B-bad","500","125","5000","0.6905480615036318","1","38","0.5084281107210238","0.6","10.5","25","0.934003445581695","0.7832","5.4199999999999955","0.492","108.4","108.4","0.078","0","false","0.6905480615036318","1","0.696","1.900000000000001","0.304","0.5079162410623085","0.4345018450184502","0.5747126436781609","0.4473684210526316","0","500","0","8.881784197001252E-16","3.552713678800501E-14","true","true","true"
"1643","310143","B-bad","false","500","310143","B-bad","500","125","5000","0.6905480615036318","1","54","0.6125820897951113","0.8","11.2","25","0.9282922876963455","0.8042","4.894999999999993","0.4888","97.9","97.9","0.08","0","false","0.6905480615036318","1","0.568","2.6999999999999984","0.432","0.5038547624968913","0.42696629213483145","0.5211267605633803","0.46296296296296297","0","500","0","8.881784197001252E-16","1.865174681370263E-14","true","true","true"
"1645","310145","B-bad","false","500","310145","B-bad","500","125","5000","0.769239887763884","1","44","0.5956096094019354","0.7","13.1","25","0.8946015719713806","0.7506","6.235000000000001","0.4922","124.7","124.7","0.124","0","false","0.769239887763884","1","0.648","2.2","0.352","0.5057287503330669","0.45148356054530875","0.5679012345679012","0.4318181818181818","0","500","0","8.881784197001252E-16","5.5067062021407764E-14","true","true","true"
"1644","310144","B-bad","false","500","310144","B-bad","500","125","5000","0.8029278364278081","1","51","0.577018752617189","0.7","13.3","25","0.7758583190444055","0.7108","7.230000000000007","0.4942","144.6","144.6","0.256","0.2","false","0.8029278364278081","1","0.592","2.549999999999999","0.408","0.5053460889138999","0.46680497925311204","0.43243243243243246","0.43137254901960786","0","500","0","8.881784197001252E-16","1.2789769243681803E-13","true","true","true"
"1646","310146","B-bad","false","500","310146","B-bad","500","125","5000","0.6905480615036318","1","50","0.5814498472393651","0.8","12.9","25","0.9169619897924512","0.755","6.125000000000001","0.4804","122.5","122.5","0.11","0","false","0.6905480615036318","1","0.6","2.499999999999999","0.4","0.4919205298013245","0.4448979591836735","0.5333333333333333","0.46","0","500","0","8.881784197001252E-16","5.6843418860808015E-14","true","true","true"
"1647","310147","B-bad","false","500","310147","B-bad","500","125","5000","0.04697344025176309","0","115","0.47724921223236727","0.5","11.7","25","0.8975836902928368","0.7624","5.939999999999989","0.4872","118.8","118.8","0.132","0","false","0.04697344025176309","0","0.08","5.749999999999988","0.92","0.4994753410283316","0.4478114478114478","0.9","0.5652173913043478","0","500","0","8.881784197001252E-16","1.7763568394002505E-14","true","true","true"
"1648","310148","B-bad","false","500","310148","B-bad","500","125","5000","0.646116504854369","1","35","0.5622960311880119","0.7","11.9","25","0.8073392088075074","0.7254","6.864999999999999","0.4904","137.3","137.3","0.182","0.1","false","0.646116504854369","1","0.72","1.7500000000000009","0.28","0.4990350151640474","0.4675892206846322","0.4888888888888889","0.45714285714285713","0","500","0","8.881784197001252E-16","1.0302869668521453E-13","true","true","true"
"1649","310149","B-bad","false","500","310149","B-bad","500","125","5000","0.6905480615036318","1","54","0.588341971826942","0.7","11","25","0.825414072911815","0.7714","5.715000000000005","0.4814","114.3","114.3","0.148","0.1","false","0.6905480615036318","1","0.568","2.6999999999999984","0.432","0.4894996110967073","0.4540682414698163","0.5774647887323944","0.46296296296296297","0","500","0","8.881784197001252E-16","1.1368683772161603E-13","true","true","true"
"1651","310151","B-bad","false","500","310151","B-bad","500","125","5000","0.5990099009900991","1","26","0.555758940232699","0.55","11.8","25","0.8950709575339616","0.7716","5.709999999999992","0.4758","114.2","114.2","0.104","0","false","0.5990099009900991","1","0.792","1.3000000000000005","0.208","0.48496630378434424","0.4448336252189142","0.494949494949495","0.46153846153846156","0","500","0","8.881784197001252E-16","1.9539925233402755E-14","true","true","true"
"1652","310152","B-bad","false","500","310152","B-bad","500","125","5000","0.55","1","51","0.5441242910698837","0.7","11.7","25","0.8937427182229645","0.76","5.999999999999992","0.4778","120","120","0.144","0","false","0.55","1","0.592","2.549999999999999","0.408","0.48657894736842106","0.45","0.5135135135135135","0.49019607843137253","0","500","0","4.440892098500626E-16","1.9539925233402755E-14","true","true","true"
"1653","310153","B-bad","false","500","310153","B-bad","500","125","5000","0.769239887763884","1","40","0.46966606261268745","0.5","12.9","25","0.9011347485147351","0.729","6.774999999999997","0.4834","135.5","135.5","0.118","0","false","0.769239887763884","1","0.68","2.000000000000001","0.32","0.49327846364883404","0.45682656826568263","0.5647058823529412","0.425","0","500","0","8.881784197001252E-16","4.085620730620576E-14","true","true","true"
"1650","310150","B-bad","false","500","310150","B-bad","500","125","5000","0.769239887763884","1","54","0.5803982863866195","0.8","11.5","25","0.9171894437715643","0.8264","4.339999999999994","0.49","86.8","86.8","0.104","0","false","0.769239887763884","1","0.568","2.6999999999999984","0.432","0.505566311713456","0.41589861751152074","0.5633802816901409","0.4444444444444444","0","500","0","8.881784197001252E-16","1.4210854715202004E-14","true","true","true"
"1654","310154","B-bad","false","500","310154","B-bad","500","125","5000","0.5","0.5","46","0.5950794217915769","0.75","11.6","25","0.8263268188333962","0.7896","5.259999999999997","0.4936","105.2","105.2","0.186","0.1","false","0.5","0.5","0.632","2.3","0.368","0.5035460992907801","0.45627376425855515","0.46835443037974683","0.5","0","500","0","4.440892098500626E-16","4.085620730620576E-14","true","true","true"
"1655","310155","B-bad","false","500","310155","B-bad","500","125","5000","0.6905480615036318","1","64","0.442881272428105","0.5","14.1","25","0.854327301208591","0.7418","6.454999999999994","0.4838","129.1","129.1","0.126","0","false","0.6905480615036318","1","0.488","3.1999999999999966","0.512","0.49231598813696414","0.45933384972889235","0.6065573770491803","0.46875","0","500","0","4.440892098500626E-16","1.7763568394002505E-14","true","true","true"
"1657","310157","B-bad","false","500","310157","B-bad","500","125","5000","0.8029278364278081","1","43","0.5752992764856293","0.7","11","25","0.9115504620151011","0.7922","5.194999999999991","0.4804","103.9","103.9","0.11","0","false","0.8029278364278081","1","0.656","2.1500000000000004","0.344","0.4920474627619288","0.4359961501443696","0.4024390243902439","0.4186046511627907","0","500","0","4.440892098500626E-16","1.5987211554602254E-14","true","true","true"
"1656","310156","B-bad","false","500","310156","B-bad","500","125","5000","0.8588821376227943","1","41","0.5512681345403246","0.7","12.9","25","0.8571174083804121","0.7366","6.584999999999994","0.478","131.7","131.7","0.164","0","false","0.8588821376227943","1","0.672","2.0500000000000007","0.328","0.48547379853380396","0.45709946848899013","0.44047619047619047","0.3902439024390244","0","500","0","8.881784197001252E-16","1.865174681370263E-14","true","true","true"
"1658","310158","B-bad","false","500","310158","B-bad","500","125","5000","0.7317174011812813","1","47","0.5566599280840954","0.55","11.3","25","0.871586476244465","0.7774","5.564999999999992","0.4904","111.3","111.3","0.152","0","false","0.7317174011812813","1","0.624","2.3499999999999996","0.376","0.5009004373552869","0.4537286612758311","0.5512820512820513","0.44680851063829785","0","500","0","4.440892098500626E-16","1.865174681370263E-14","true","true","true"
"1659","310159","B-bad","false","500","310159","B-bad","500","125","5000","0.769239887763884","1","44","0.5479518854240757","0.65","12","25","0.8784159597457307","0.731","6.724999999999992","0.494","134.5","134.5","0.104","0","false","0.769239887763884","1","0.648","2.2","0.352","0.5075239398084815","0.45724907063197023","0.3950617283950617","0.4318181818181818","0","500","0","8.881784197001252E-16","1.5987211554602254E-14","true","true","true"
"1660","310160","B-bad","false","500","310160","B-bad","500","125","5000","0.5","0.5","66","0.5995423285886506","0.75","11.6","25","0.8965512161328524","0.7806","5.4849999999999905","0.4876","109.7","109.7","0.108","0","false","0.5","0.5","0.472","3.2999999999999963","0.528","0.49910325390725085","0.44667274384685507","0.5084745762711864","0.5","0","500","0","4.440892098500626E-16","1.4210854715202004E-14","true","true","true"
"1661","310161","B-bad","false","500","310161","B-bad","500","125","5000","0.9009100727155935","1","21","0.532760144720591","0.55","10.8","25","0.9298415603420608","0.815","4.624999999999992","0.4816","92.5","92.5","0.09","0","false","0.9009100727155935","1","0.832","1.0500000000000003","0.168","0.49447852760736194","0.42486486486486486","0.4807692307692308","0.23809523809523808","0","500","0","8.881784197001252E-16","1.509903313490213E-14","true","true","true"
"1662","310162","B-bad","false","500","310162","B-bad","500","125","5000","0.8029278364278081","1","33","0.6138685525334255","0.85","13.8","25","0.8644717269124816","0.7424","6.439999999999993","0.4892","128.8","128.8","0.186","0.1","false","0.8029278364278081","1","0.736","1.6500000000000008","0.264","0.4994612068965517","0.45962732919254656","0.41304347826086957","0.3939393939393939","0","500","0","4.440892098500626E-16","5.3290705182007514E-14","true","true","true"
"1663","310163","B-bad","false","500","310163","B-bad","500","125","5000","0.16723303869664796","0","72","0.4812345334632099","0.5","12.2","25","0.9033731772647086","0.7872","5.320000000000006","0.4872","106.4","106.4","0.068","0","false","0.16723303869664796","0","0.424","3.599999999999995","0.576","0.4994918699186992","0.4417293233082707","0.5094339622641509","0.5555555555555556","0","500","0","8.881784197001252E-16","1.1013412404281553E-13","true","true","true"
"1664","310164","B-bad","false","500","310164","B-bad","500","125","5000","0.8588821376227943","1","25","0.542973720316148","0.65","11.3","25","0.8095696363646521","0.6658","8.355000000000008","0.4876","167.1","167.1","0.22","0.1","false","0.8588821376227943","1","0.8","1.2500000000000004","0.2","0.4950435566236107","0.47277079593058047","0.44","0.32","0","500","0","8.881784197001252E-16","1.5987211554602254E-13","true","true","true"
"1665","310165","B-bad","false","500","310165","B-bad","500","125","5000","0.769239887763884","1","52","0.600370590718136","0.9","11.5","25","0.7996314473570472","0.7132","7.17","0.4848","143.4","143.4","0.204","0.2","false","0.769239887763884","1","0.584","2.5999999999999988","0.416","0.49214806505888953","0.4665271966527197","0.5753424657534246","0.4423076923076923","0","500","0","8.881784197001252E-16","5.6843418860808015E-14","true","true","true"
"1666","310166","B-bad","false","500","310166","B-bad","500","125","5000","0.832766961303352","1","30","0.5657245080837808","0.65","12","25","0.8283513866823448","0.7474","6.314999999999998","0.4928","126.3","126.3","0.144","0","false","0.832766961303352","1","0.76","1.5000000000000007","0.24","0.5033449290875034","0.4615993665874901","0.5052631578947369","0.36666666666666664","0","500","0","8.881784197001252E-16","7.815970093361102E-14","true","true","true"
"1669","310169","B-bad","false","500","310169","B-bad","500","125","5000","0.8588821376227943","1","33","0.5559920128052815","0.55","12.8","25","0.8779371935590017","0.7464","6.340000000000005","0.4966","126.8","126.8","0.144","0.1","false","0.8588821376227943","1","0.736","1.6500000000000008","0.264","0.5101822079314041","0.45662460567823343","0.5217391304347826","0.36363636363636365","0","500","0","4.440892098500626E-16","8.526512829121202E-14","true","true","true"
"1668","310168","B-bad","false","500","310168","B-bad","500","125","5000","0.23076011223611614","0","58","0.5395126405844468","0.75","11.6","25","0.8547790959711697","0.7192","7.020000000000001","0.4898","140.4","140.4","0.148","0.1","false","0.23076011223611614","0","0.536","2.8999999999999977","0.464","0.5016685205784205","0.4594017094017094","0.5223880597014925","0.5517241379310345","0","500","0","4.440892098500626E-16","7.638334409421077E-14","true","true","true"
"1667","310167","B-bad","false","500","310167","B-bad","500","125","5000","0.769239887763884","1","52","0.6039657331214295","0.75","9.8","25","0.8168748567239558","0.7672","5.82","0.486","116.4","116.4","0.174","0.1","false","0.769239887763884","1","0.584","2.5999999999999988","0.416","0.49400417101147026","0.45962199312714774","0.4520547945205479","0.4423076923076923","0","500","0","4.440892098500626E-16","6.039613253960852E-14","true","true","true"
"1670","310170","B-bad","false","500","310170","B-bad","500","125","5000","0.832766961303352","1","36","0.624919249126901","0.85","11.4","25","0.8798637792789868","0.7628","5.930000000000005","0.4934","118.6","118.6","0.124","0.1","false","0.832766961303352","1","0.712","1.800000000000001","0.288","0.5068169900367069","0.4502529510961214","0.5617977528089888","0.3888888888888889","0","500","0","8.881784197001252E-16","1.3145040611561853E-13","true","true","true"
"1671","310171","B-bad","false","500","310171","B-bad","500","125","5000","0.5990099009900991","1","56","0.5175798430124522","0.55","11.4","25","0.891875519844971","0.7834","5.415000000000001","0.481","108.3","108.3","0.116","0","false","0.5990099009900991","1","0.552","2.799999999999998","0.448","0.4909369415368905","0.4450600184672207","0.4927536231884058","0.48214285714285715","0","500","0","4.440892098500626E-16","5.1514348342607263E-14","true","true","true"
"1672","310172","B-bad","false","500","310172","B-bad","500","125","5000","0.832766961303352","1","32","0.47297883063560764","0.45","12","25","0.8858146760082974","0.6884","7.790000000000023","0.4834","155.8","155.8","0.106","0","false","0.832766961303352","1","0.744","1.6000000000000008","0.256","0.4936083672283556","0.46084724005134786","0.5053763440860215","0.375","0","500","0","4.440892098500626E-16","1.1723955140041653E-13","true","true","true"
"1673","310173","B-bad","false","500","310173","B-bad","500","125","5000","0.8029278364278081","1","29","0.5677907477056838","0.7","12","25","0.749699913245613","0.7382","6.544999999999995","0.4862","130.9","130.9","0.23","0.2","false","0.8029278364278081","1","0.768","1.4500000000000006","0.232","0.4920075860200488","0.4698242933537051","0.5208333333333334","0.3793103448275862","0","500","0","4.440892098500626E-16","1.7763568394002505E-14","true","true","true"
"1674","310174","B-bad","false","500","310174","B-bad","500","125","5000","0.8029278364278081","1","53","0.5388567863483831","0.65","11.8","25","0.8711110073296823","0.726","6.850000000000007","0.4916","137","137","0.144","0","false","0.8029278364278081","1","0.576","2.6499999999999986","0.424","0.5038567493112948","0.4591240875912409","0.5555555555555556","0.4339622641509434","0","500","0","4.440892098500626E-16","7.283063041541027E-14","true","true","true"
"1675","310175","B-bad","false","500","310175","B-bad","500","125","5000","0.55","1","45","0.606758350842685","0.8","12.1","25","0.9137866321439236","0.7368","6.580000000000003","0.4968","131.6","131.6","0.094","0","false","0.55","1","0.64","2.25","0.36","0.5133007600434311","0.4506079027355623","0.4375","0.4888888888888889","0","500","0","8.881784197001252E-16","7.283063041541027E-14","true","true","true"
"1676","310176","B-bad","false","500","310176","B-bad","500","125","5000","0.832766961303352","1","26","0.5818964968332249","0.7","11.9","25","0.8660300353490789","0.739","6.5250000000000075","0.502","130.5","130.5","0.16","0","false","0.832766961303352","1","0.792","1.3000000000000005","0.208","0.5188092016238159","0.45440613026819926","0.4444444444444444","0.34615384615384615","0","500","0","8.881784197001252E-16","9.237055564881302E-14","true","true","true"
"1677","310177","B-bad","false","500","310177","B-bad","500","125","5000","0.769239887763884","1","44","0.47633354336419986","0.5","14.1","25","0.9020217140995607","0.7528","6.17999999999999","0.4924","123.6","123.6","0.084","0","false","0.769239887763884","1","0.648","2.2","0.352","0.5055791710945803","0.4522653721682848","0.43209876543209874","0.4318181818181818","0","500","0","4.440892098500626E-16","1.7763568394002505E-14","true","true","true"
"1678","310178","B-bad","false","500","310178","B-bad","500","125","5000","0.8029278364278081","1","41","0.4705902823894542","0.5","12.3","25","0.901284501450716","0.7488","6.279999999999999","0.496","125.6","125.6","0.106","0","false","0.8029278364278081","1","0.672","2.0500000000000007","0.328","0.5112179487179487","0.45063694267515925","0.5119047619047619","0.4146341463414634","0","500","0","8.881784197001252E-16","8.348877145181177E-14","true","true","true"
"1679","310179","B-bad","false","500","310179","B-bad","500","125","5000","0.3094519384963682","0","88","0.5440252811688937","0.65","11.3","25","0.9323334578106808","0.784","5.399999999999993","0.4914","108","108","0.086","0","false","0.3094519384963682","0","0.296","4.399999999999992","0.704","0.5063775510204082","0.43703703703703706","0.4864864864864865","0.5227272727272727","0","500","0","4.440892098500626E-16","1.2434497875801753E-14","true","true","true"
"1680","310180","B-bad","false","500","310180","B-bad","500","125","5000","0.5","0.5","62","0.5522265462684913","0.7","12.7","25","0.9228661109386641","0.7708","5.730000000000004","0.4854","114.6","114.6","0.062","0","false","0.5","0.5","0.504","3.099999999999997","0.496","0.4994810586403736","0.43804537521815007","0.4444444444444444","0.5","0","500","0","8.881784197001252E-16","6.572520305780927E-14","true","true","true"
"1681","310181","B-bad","false","500","310181","B-bad","500","125","5000","0.8588821376227943","1","27","0.5787621855303167","0.65","11.9","25","0.8613491429262204","0.7706","5.734999999999988","0.4856","114.7","114.7","0.136","0","false","0.8588821376227943","1","0.784","1.3500000000000005","0.216","0.495198546587075","0.45335658238884047","0.5510204081632653","0.3333333333333333","0","500","0","4.440892098500626E-16","1.7763568394002505E-14","true","true","true"
"1682","310182","B-bad","false","500","310182","B-bad","500","125","5000","0.5990099009900991","1","62","0.5259767618884456","0.65","12","25","0.9466127768279714","0.8082","4.794999999999994","0.481","95.9","95.9","0.072","0","false","0.5990099009900991","1","0.504","3.099999999999997","0.496","0.49566938876515715","0.4191866527632951","0.49206349206349204","0.4838709677419355","0","500","0","8.881784197001252E-16","1.509903313490213E-14","true","true","true"
"1683","310183","B-bad","false","500","310183","B-bad","500","125","5000","0.9009100727155935","1","35","0.514307263680348","0.6","12.7","25","0.8288900096916609","0.732","6.700000000000013","0.4872","134","134","0.148","0.1","false","0.9009100727155935","1","0.72","1.7500000000000009","0.28","0.4972677595628415","0.4597014925373134","0.4222222222222222","0.34285714285714286","0","500","0","8.881784197001252E-16","1.1723955140041653E-13","true","true","true"
"1684","310184","B-bad","false","500","310184","B-bad","500","125","5000","0.8588821376227943","1","41","0.5312551084438585","0.65","11.8","25","0.7865911237992681","0.6426","8.935000000000022","0.4922","178.7","178.7","0.24","0.2","false","0.8588821376227943","1","0.672","2.0500000000000007","0.328","0.5017117958294429","0.4750979294907666","0.47619047619047616","0.3902439024390244","0","500","0","4.440892098500626E-16","1.5631940186722204E-13","true","true","true"
"1685","310185","B-bad","false","500","310185","B-bad","500","125","5000","0.832766961303352","1","38","0.553377117022227","0.75","11.3","25","0.7540767025336403","0.7118","7.205000000000015","0.4826","144.1","144.1","0.282","0.2","false","0.832766961303352","1","0.696","1.900000000000001","0.304","0.4869345321719584","0.4718945176960444","0.42528735632183906","0.39473684210526316","0","500","0","8.881784197001252E-16","1.2789769243681803E-13","true","true","true"
"1686","310186","B-bad","false","500","310186","B-bad","500","125","5000","0.646116504854369","1","55","0.5085751368242073","0.4","11.2","25","0.7759398887179195","0.7066","7.335000000000003","0.5","146.7","146.7","0.194","0.1","false","0.646116504854369","1","0.56","2.7499999999999982","0.44","0.5114633455986414","0.4723926380368098","0.45714285714285713","0.4727272727272727","0","500","0","4.440892098500626E-16","8.526512829121202E-14","true","true","true"
"1687","310187","B-bad","false","500","310187","B-bad","500","125","5000","0.5","0.5","44","0.49170558577582335","0.45","11.8","25","0.6962938237916799","0.6304","9.240000000000013","0.4954","184.8","184.8","0.294","0.3","false","0.5","0.5","0.648","2.2","0.352","0.5019035532994924","0.4843073593073593","0.4567901234567901","0.5","0","500","0","4.440892098500626E-16","1.4210854715202004E-13","true","true","true"
"1688","310188","B-bad","false","500","310188","B-bad","500","125","5000","0.8029278364278081","1","33","0.5152035475911128","0.5","11.1","25","0.9105906745284493","0.7452","6.370000000000009","0.4818","127.4","127.4","0.12","0.1","false","0.8029278364278081","1","0.736","1.6500000000000008","0.264","0.4932903918411165","0.44819466248037676","0.532608695652174","0.3939393939393939","0","500","0","8.881784197001252E-16","1.5631940186722204E-13","true","true","true"
"1689","310189","B-bad","false","500","310189","B-bad","500","125","5000","0.7317174011812813","1","43","0.6441235898333477","0.85","12.5","25","0.8349763980164777","0.819","4.5249999999999915","0.4858","90.5","90.5","0.156","0.1","false","0.7317174011812813","1","0.656","2.1500000000000004","0.344","0.49621489621489623","0.43867403314917125","0.5853658536585366","0.4418604651162791","0","500","0","8.881784197001252E-16","1.865174681370263E-14","true","true","true"
"1690","310190","B-bad","false","500","310190","B-bad","500","125","5000","0.55","1","47","0.5041577291242643","0.55","11","25","0.9263912150591853","0.764","5.899999999999993","0.4846","118","118","0.08","0","false","0.55","1","0.624","2.3499999999999996","0.376","0.49712041884816754","0.4440677966101695","0.5256410256410257","0.48936170212765956","0","500","0","8.881784197001252E-16","1.2434497875801753E-14","true","true","true"
"1691","310191","B-bad","false","500","310191","B-bad","500","125","5000","0.8029278364278081","1","45","0.6058813997419832","0.8","11.3","25","0.8867395292972147","0.7788","5.530000000000004","0.4892","110.6","110.6","0.126","0.1","false","0.8029278364278081","1","0.64","2.25","0.36","0.50231124807396","0.4430379746835443","0.6125","0.4222222222222222","0","500","0","8.881784197001252E-16","7.638334409421077E-14","true","true","true"
"1692","310192","B-bad","false","500","310192","B-bad","500","125","5000","0.55","1","77","0.5786690364057376","0.65","11.5","25","0.9105531289192866","0.785","5.374999999999992","0.4874","107.5","107.5","0.118","0","false","0.55","1","0.384","3.8499999999999943","0.616","0.5006369426751592","0.4390697674418605","0.6875","0.4935064935064935","0","500","0","4.440892098500626E-16","1.7763568394002505E-14","true","true","true"
"1693","310193","B-bad","false","500","310193","B-bad","500","125","5000","0.8814994686598714","1","30","0.44548436132353125","0.4","13.5","25","0.9120944997142335","0.803","4.92499999999999","0.4802","98.5","98.5","0.102","0","false","0.8814994686598714","1","0.76","1.5000000000000007","0.24","0.4921544209215442","0.43147208121827413","0.49473684210526314","0.3333333333333333","0","500","0","8.881784197001252E-16","1.7763568394002505E-14","true","true","true"
"1694","310194","B-bad","false","500","310194","B-bad","500","125","5000","0.7317174011812813","1","33","0.5097096953327112","0.6","12.2","25","0.8938466127672567","0.7526","6.185000000000007","0.486","123.7","123.7","0.09","0","false","0.7317174011812813","1","0.736","1.6500000000000008","0.264","0.4985384002125963","0.44785772029102666","0.4782608695652174","0.42424242424242425","0","500","0","8.881784197001252E-16","1.1368683772161603E-13","true","true","true"
"1697","310197","B-bad","false","500","310197","B-bad","500","125","5000","0.8029278364278081","1","63","0.5161399326451435","0.45","11.6","25","0.8629981017268857","0.787","5.324999999999994","0.4966","106.5","106.5","0.126","0","false","0.8029278364278081","1","0.496","3.149999999999997","0.504","0.5092757306226176","0.4497652582159624","0.41935483870967744","0.4444444444444444","0","500","0","4.440892098500626E-16","2.3092638912203256E-14","true","true","true"
"1696","310196","B-bad","false","500","310196","B-bad","500","125","5000","0.1411178623772057","0","71","0.6389322950670488","0.85","11.2","25","0.851330048682394","0.7876","5.309999999999993","0.4904","106.2","106.2","0.17","0","false","0.1411178623772057","0","0.432","3.5499999999999954","0.568","0.5017775520568817","0.448210922787194","0.46296296296296297","0.5633802816901409","0","500","0","8.881784197001252E-16","1.509903313490213E-14","true","true","true"
"1695","310195","B-bad","false","500","310195","B-bad","500","125","5000","0.8588821376227943","1","33","0.649542960655088","0.9","10.6","25","0.9586259211351285","0.8386","4.034999999999993","0.4924","80.7","80.7","0.042","0","false","0.8588821376227943","1","0.736","1.6500000000000008","0.264","0.5098974481278321","0.40148698884758366","0.5217391304347826","0.36363636363636365","0","500","0","4.440892098500626E-16","1.5987211554602254E-14","true","true","true"
"1698","310198","B-bad","false","500","310198","B-bad","500","125","5000","0.353883495145631","0","69","0.5806827302774972","0.75","11.7","25","0.9148890685685807","0.7922","5.1949999999999905","0.49","103.9","103.9","0.096","0","false","0.353883495145631","0","0.448","3.4499999999999957","0.552","0.5044180762433729","0.43503368623676614","0.39285714285714285","0.5217391304347826","0","500","0","8.881784197001252E-16","1.5987211554602254E-14","true","true","true"
"1699","310199","B-bad","false","500","310199","B-bad","500","125","5000","0.769239887763884","1","28","0.49364588165515133","0.55","12.9","25","0.9041028534324536","0.7214","6.965000000000003","0.478","139.3","139.3","0.098","0","false","0.769239887763884","1","0.776","1.4000000000000006","0.224","0.48710840033268643","0.4544149318018665","0.5051546391752577","0.39285714285714285","0","500","0","8.881784197001252E-16","4.085620730620576E-14","true","true","true"
"1700","310200","B-bad","false","500","310200","B-bad","500","125","5000","0.9009100727155935","1","31","0.5673873509996048","0.7","13.4","25","0.8854905267751603","0.7644","5.889999999999996","0.491","117.8","117.8","0.092","0","false","0.9009100727155935","1","0.752","1.5500000000000007","0.248","0.5041862899005756","0.44821731748726656","0.5638297872340425","0.3225806451612903","0","500","0","8.881784197001252E-16","4.973799150320701E-14","true","true","true"
"1701","310201","B-bad","false","500","310201","B-bad","500","125","5000","0.7317174011812813","1","53","0.575757110919713","0.7","10.8","25","0.8434573183421193","0.7654","5.865000000000004","0.4952","117.3","117.3","0.134","0","false","0.7317174011812813","1","0.576","2.6499999999999986","0.424","0.5077083877711001","0.45439045183290705","0.625","0.4528301886792453","0","500","0","8.881784197001252E-16","9.592326932761353E-14","true","true","true"
"1703","310203","B-bad","false","500","310203","B-bad","500","125","5000","0.9174389747697416","1","20","0.5085758095932303","0.5","12.6","25","0.8590148746409287","0.7026","7.435000000000009","0.4844","148.7","148.7","0.192","0","false","0.9174389747697416","1","0.84","1.0000000000000002","0.16","0.4935952177625961","0.46267652992602554","0.5333333333333333","0.2","0","500","0","8.881784197001252E-16","1.2434497875801753E-13","true","true","true"
"1704","310204","B-bad","false","500","310204","B-bad","500","125","5000","0.55","1","65","0.48297700132262156","0.5","12.8","25","0.9103439682811418","0.7626","5.934999999999995","0.4844","118.7","118.7","0.07","0","false","0.55","1","0.48","3.2499999999999964","0.52","0.4956726986624705","0.44818871103622576","0.4166666666666667","0.49230769230769234","0","500","0","4.440892098500626E-16","2.6645352591003757E-14","true","true","true"
"1702","310202","B-bad","false","500","310202","B-bad","500","125","5000","0.9009100727155935","1","21","0.591541167050958","0.85","10.7","25","0.9360723559005362","0.8132","4.669999999999993","0.5046","93.4","93.4","0.06","0","false","0.9009100727155935","1","0.832","1.0500000000000003","0.168","0.5233644859813084","0.4229122055674518","0.5384615384615384","0.23809523809523808","0","500","0","8.881784197001252E-16","1.865174681370263E-14","true","true","true"
"1705","310205","B-bad","false","500","310205","B-bad","500","125","5000","0.769239887763884","1","48","0.5315454131111474","0.65","11.2","25","0.8625216501802377","0.7254","6.865","0.4866","137.3","137.3","0.12","0","false","0.769239887763884","1","0.616","2.3999999999999995","0.384","0.4965536255858837","0.46030589949016754","0.5194805194805194","0.4375","0","500","0","8.881784197001252E-16","6.394884621840902E-14","true","true","true"
"1706","310206","B-bad","false","500","310206","B-bad","500","125","5000","0.5990099009900991","1","60","0.5522634283520796","0.65","13.3","25","0.9042591242439653","0.734","6.650000000000004","0.4936","133","133","0.086","0","false","0.5990099009900991","1","0.52","2.9999999999999973","0.48","0.5084468664850136","0.45263157894736844","0.49230769230769234","0.48333333333333334","0","500","0","8.881784197001252E-16","5.3290705182007514E-14","true","true","true"
"1707","310207","B-bad","false","500","310207","B-bad","500","125","5000","0.8588821376227943","1","37","0.5376148957830543","0.65","12.4","25","0.9152684804134591","0.785","5.37499999999999","0.4916","107.5","107.5","0.08","0","false","0.8588821376227943","1","0.704","1.850000000000001","0.296","0.5062420382165606","0.4381395348837209","0.5340909090909091","0.3783783783783784","0","500","0","4.440892098500626E-16","1.865174681370263E-14","true","true","true"
"1708","310208","B-bad","false","500","310208","B-bad","500","125","5000","0.9009100727155935","1","27","0.6012847964480624","0.75","10.8","25","0.899979255231522","0.766","5.8500000000000005","0.4832","117","117","0.112","0.1","false","0.9009100727155935","1","0.784","1.3500000000000005","0.216","0.4950391644908616","0.4444444444444444","0.5918367346938775","0.2962962962962963","0","500","0","8.881784197001252E-16","8.704148513061227E-14","true","true","true"
"1709","310209","B-bad","false","500","310209","B-bad","500","125","5000","0.8814994686598714","1","38","0.5695093595779733","0.6","11.9","25","0.8705449910271584","0.7046","7.385000000000015","0.4814","147.7","147.7","0.098","0.1","false","0.8814994686598714","1","0.696","1.900000000000001","0.304","0.4907749077490775","0.45903859174001355","0.4482758620689655","0.3684210526315789","0","500","0","8.881784197001252E-16","1.2789769243681803E-13","true","true","true"
"1710","310210","B-bad","false","500","310210","B-bad","500","125","5000","0.6905480615036318","1","40","0.6139657331214294","0.85","11.6","25","0.8823332446115992","0.779","5.524999999999996","0.4728","110.5","110.5","0.106","0","false","0.6905480615036318","1","0.68","2.000000000000001","0.32","0.4811296534017972","0.4434389140271493","0.49411764705882355","0.45","0","500","0","4.440892098500626E-16","3.907985046680551E-14","true","true","true"
"1711","310211","B-bad","false","500","310211","B-bad","500","125","5000","0.5990099009900991","1","62","0.48923979985587734","0.5","13.3","25","0.9239485342564038","0.7158","7.105000000000002","0.483","142.1","142.1","0.08","0","false","0.5990099009900991","1","0.504","3.099999999999997","0.496","0.49594858899133837","0.45038705137227303","0.4603174603174603","0.4838709677419355","0","500","0","8.881784197001252E-16","1.2434497875801753E-13","true","true","true"
"1712","310212","B-bad","false","500","310212","B-bad","500","125","5000","0.832766961303352","1","48","0.5425853708015849","0.55","13.7","25","0.9398919976464887","0.7848","5.379999999999991","0.4952","107.6","107.6","0.07","0","false","0.832766961303352","1","0.616","2.3999999999999995","0.384","0.5122324159021406","0.43308550185873607","0.5454545454545454","0.4166666666666667","0","500","0","8.881784197001252E-16","1.509903313490213E-14","true","true","true"
"1713","310213","B-bad","false","500","310213","B-bad","500","125","5000","0.353883495145631","0","93","0.5775232429841831","0.8","11.6","25","0.8538173453076014","0.7662","5.844999999999989","0.4814","116.9","116.9","0.164","0.1","false","0.353883495145631","0","0.256","4.6499999999999915","0.744","0.4896893761419995","0.4542343883661249","0.40625","0.5161290322580645","0","500","0","4.440892098500626E-16","1.7763568394002505E-14","true","true","true"
"1714","310214","B-bad","false","500","310214","B-bad","500","125","5000","0.646116504854369","1","83","0.5682795181121388","0.8","11.1","25","0.9126122338010528","0.7444","6.390000000000008","0.4882","127.8","127.8","0.082","0","false","0.646116504854369","1","0.336","4.149999999999993","0.664","0.5018807092960774","0.44835680751173707","0.6190476190476191","0.4819277108433735","0","500","0","8.881784197001252E-16","1.4566126083082054E-13","true","true","true"
"1715","310215","B-bad","false","500","310215","B-bad","500","125","5000","0.8814994686598714","1","36","0.6007318651858996","0.8","10.9","25","0.9254082755171164","0.788","5.2999999999999945","0.4864","106","106","0.08","0","false","0.8814994686598714","1","0.712","1.800000000000001","0.288","0.500507614213198","0.4339622641509434","0.449438202247191","0.3611111111111111","0","500","0","8.881784197001252E-16","1.7763568394002505E-14","true","true","true"
"1716","310216","B-bad","false","500","310216","B-bad","500","125","5000","0.9314206186232206","1","31","0.5561570635965843","0.8","12.7","25","0.9101363815030042","0.7208","6.980000000000004","0.4874","139.6","139.6","0.08","0","false","0.9314206186232206","1","0.752","1.5500000000000007","0.248","0.5008324084350722","0.45272206303724927","0.574468085106383","0.2903225806451613","0","500","0","8.881784197001252E-16","8.348877145181177E-14","true","true","true"
"1717","310217","B-bad","false","500","310217","B-bad","500","125","5000","0.8029278364278081","1","35","0.5008830660322351","0.55","12.2","25","0.8842402039720161","0.7192","7.020000000000006","0.4848","140.4","140.4","0.124","0","false","0.8029278364278081","1","0.72","1.7500000000000009","0.28","0.4972191323692992","0.452991452991453","0.5","0.4","0","500","0","8.881784197001252E-16","6.039613253960852E-14","true","true","true"
"1718","310218","B-bad","false","500","310218","B-bad","500","125","5000","0.7317174011812813","1","37","0.5754914355111984","0.75","11","25","0.889705154225803","0.7762","5.595000000000001","0.4898","111.9","111.9","0.132","0","false","0.7317174011812813","1","0.704","1.850000000000001","0.296","0.5021901571759856","0.44682752457551383","0.45454545454545453","0.43243243243243246","0","500","0","8.881784197001252E-16","5.861977570020827E-14","true","true","true"
"1719","310219","B-bad","false","500","310219","B-bad","500","125","5000","0.8029278364278081","1","35","0.5100014109909018","0.55","11.3","25","0.7771595334647005","0.7452","6.3699999999999966","0.4914","127.4","127.4","0.242","0.2","false","0.8029278364278081","1","0.72","1.7500000000000009","0.28","0.5002683843263553","0.4654631083202512","0.43333333333333335","0.4","0","500","0","4.440892098500626E-16","5.5067062021407764E-14","true","true","true"
"1720","310220","B-bad","false","500","310220","B-bad","500","125","5000","0.8588821376227943","1","25","0.5556665894892927","0.75","12.3","25","0.8979452520945592","0.793","5.175","0.4854","103.5","103.5","0.122","0.1","false","0.8588821376227943","1","0.8","1.2500000000000004","0.2","0.4970996216897856","0.4405797101449275","0.51","0.32","0","500","0","4.440892098500626E-16","5.6843418860808015E-14","true","true","true"
"1721","310221","B-bad","false","500","310221","B-bad","500","125","5000","0.8588821376227943","1","29","0.5799117912303364","0.75","11.7","25","0.857174251716604","0.742","6.450000000000005","0.4892","129","129","0.176","0.1","false","0.8588821376227943","1","0.768","1.4500000000000006","0.232","0.5005390835579515","0.4565891472868217","0.4479166666666667","0.3448275862068966","0","500","0","8.881784197001252E-16","7.460698725481052E-14","true","true","true"
"1723","310223","B-bad","false","500","310223","B-bad","500","125","5000","0.9174389747697416","1","30","0.5779810774182668","0.8","11.4","25","0.9008236655764466","0.7894","5.264999999999993","0.4786","105.3","105.3","0.1","0.1","false","0.9174389747697416","1","0.76","1.5000000000000007","0.24","0.48948568533063086","0.43779677113010446","0.4842105263157895","0.3","0","500","0","8.881784197001252E-16","1.4210854715202004E-14","true","true","true"
"1724","310224","B-bad","false","500","310224","B-bad","500","125","5000","0.8588821376227943","1","41","0.5661472897472623","0.75","10.8","25","0.9252917225819932","0.8366","4.084999999999993","0.4904","81.7","81.7","0.074","0","false","0.8588821376227943","1","0.672","2.0500000000000007","0.328","0.5044226631604112","0.4186046511627907","0.5","0.3902439024390244","0","500","0","4.440892098500626E-16","1.4210854715202004E-14","true","true","true"
"1722","310222","B-bad","false","500","310222","B-bad","500","125","5000","0.8814994686598714","1","28","0.5766362638790372","0.65","13.1","25","0.8542281221831844","0.6856","7.860000000000016","0.4878","157.2","157.2","0.15","0","false","0.8814994686598714","1","0.776","1.4000000000000006","0.224","0.4982497082847141","0.46501272264631044","0.4639175257731959","0.32142857142857145","0","500","0","8.881784197001252E-16","1.2434497875801753E-13","true","true","true"
"1725","310225","B-bad","false","500","310225","B-bad","500","125","5000","0.8814994686598714","1","20","0.49948736166316665","0.6","14.5","25","0.8498373318098782","0.7254","6.865000000000018","0.4954","137.3","137.3","0.162","0.1","false","0.8814994686598714","1","0.84","1.0000000000000002","0.16","0.5108905431486077","0.45447924253459576","0.4666666666666667","0.25","0","500","0","8.881784197001252E-16","2.0250467969162855E-13","true","true","true"
"1726","310226","B-bad","false","500","310226","B-bad","500","125","5000","0.9009100727155935","1","37","0.5556884902594627","0.7","11.6","25","0.9407257043771308","0.801","4.9749999999999925","0.4794","99.5","99.5","0.074","0","false","0.9009100727155935","1","0.704","1.850000000000001","0.296","0.4923845193508115","0.4271356783919598","0.5227272727272727","0.35135135135135137","0","500","0","8.881784197001252E-16","1.4210854715202004E-14","true","true","true"
"1727","310227","B-bad","false","500","310227","B-bad","500","125","5000","0.7317174011812813","1","53","0.5884023959435073","0.85","11.7","25","0.9032775135675492","0.812","4.69999999999999","0.4834","94","94","0.11","0","false","0.7317174011812813","1","0.576","2.6499999999999986","0.424","0.49433497536945814","0.43617021276595747","0.4861111111111111","0.4528301886792453","0","500","0","4.440892098500626E-16","1.9539925233402755E-14","true","true","true"
"1728","310228","B-bad","false","500","310228","B-bad","500","125","5000","0.9431811237123936","1","38","0.5967275836906298","0.8","11.9","25","0.8422443588346871","0.7498","6.255000000000008","0.4816","125.1","125.1","0.174","0.1","false","0.9431811237123936","1","0.696","1.900000000000001","0.304","0.48999733262203254","0.45643485211830537","0.5747126436781609","0.3157894736842105","0","500","0","8.881784197001252E-16","1.3855583347321954E-13","true","true","true"
"1729","310229","B-bad","false","500","310229","B-bad","500","125","5000","0.9174389747697416","1","32","0.4644387465820026","0.45","13.6","25","0.8624799797499036","0.7356","6.609999999999995","0.4896","132.2","132.2","0.168","0.1","false","0.9174389747697416","1","0.744","1.6000000000000008","0.256","0.5005437737901033","0.45915279878971255","0.45161290322580644","0.3125","0","500","0","8.881784197001252E-16","6.572520305780927E-14","true","true","true"
"1731","310231","B-bad","false","500","310231","B-bad","500","125","5000","0.4009900990099009","0","66","0.5085254169211773","0.7","12.6","25","0.8542696860887828","0.6942","7.645000000000003","0.4972","152.9","152.9","0.152","0","false","0.4009900990099009","0","0.472","3.2999999999999963","0.528","0.5110919043503314","0.4656638325703074","0.4745762711864407","0.5151515151515151","0","500","0","4.440892098500626E-16","5.861977570020827E-14","true","true","true"
"1730","310230","B-bad","false","500","310230","B-bad","500","125","5000","0.8029278364278081","1","37","0.5424168759810742","0.6","13.1","25","0.9039788457989809","0.7614","5.964999999999998","0.4906","119.3","119.3","0.122","0","false","0.8029278364278081","1","0.704","1.850000000000001","0.296","0.5038087733123194","0.4484492875104778","0.4090909090909091","0.40540540540540543","0","500","0","8.881784197001252E-16","5.6843418860808015E-14","true","true","true"
"1732","310232","B-bad","false","500","310232","B-bad","500","125","5000","0.44999999999999996","0","59","0.5566051241813458","0.65","12","25","0.9177664747956864","0.7992","5.019999999999991","0.4756","100.4","100.4","0.11","0","false","0.44999999999999996","0","0.528","2.9499999999999975","0.472","0.48573573573573575","0.4352589641434263","0.45454545454545453","0.5084745762711864","0","500","0","8.881784197001252E-16","1.7763568394002505E-14","true","true","true"
"1733","310233","B-bad","false","500","310233","B-bad","500","125","5000","0.8029278364278081","1","39","0.5498054242272277","0.6","11.3","25","0.8687317953220131","0.7596","6.009999999999996","0.4716","120.2","120.2","0.136","0.1","false","0.8029278364278081","1","0.688","1.950000000000001","0.312","0.47788309636650866","0.45174708818635606","0.5116279069767442","0.41025641025641024","0","500","0","4.440892098500626E-16","4.085620730620576E-14","true","true","true"
"1734","310234","B-bad","false","500","310234","B-bad","500","125","5000","0.5990099009900991","1","46","0.5387359415553206","0.55","11.8","25","0.8922007378868579","0.7942","5.144999999999995","0.496","102.9","102.9","0.134","0.1","false","0.5990099009900991","1","0.632","2.3","0.368","0.5094434651221355","0.44412050534499514","0.3924050632911392","0.4782608695652174","0","500","0","4.440892098500626E-16","7.105427357601002E-15","true","true","true"
"1735","310235","B-bad","false","500","310235","B-bad","500","125","5000","0.769239887763884","1","42","0.5966682502399301","0.7","11.7","25","0.9450257134723244","0.822","4.449999999999998","0.488","89","89","0.07","0","false","0.769239887763884","1","0.664","2.1000000000000005","0.336","0.5036496350364964","0.4157303370786517","0.46987951807228917","0.42857142857142855","0","500","0","8.881784197001252E-16","3.375077994860476E-14","true","true","true"
"1737","310237","B-bad","false","500","310237","B-bad","500","125","5000","0.8814994686598714","1","32","0.5694301008091307","0.55","11.8","25","0.8578826568846882","0.7386","6.534999999999999","0.4954","130.7","130.7","0.148","0.1","false","0.8814994686598714","1","0.744","1.6000000000000008","0.256","0.5085296506904955","0.45830145371078806","0.43010752688172044","0.34375","0","500","0","4.440892098500626E-16","5.861977570020827E-14","true","true","true"
"1736","310236","B-bad","false","500","310236","B-bad","500","125","5000","0.44999999999999996","0","43","0.505289339613573","0.6","12.7","25","0.8928117386563384","0.7964","5.08999999999999","0.492","101.8","101.8","0.102","0","false","0.44999999999999996","0","0.656","2.1500000000000004","0.344","0.5047714716223004","0.44204322200392926","0.524390243902439","0.5116279069767442","0","500","0","8.881784197001252E-16","1.7763568394002505E-14","true","true","true"
"1738","310238","B-bad","false","500","310238","B-bad","500","125","5000","0.9314206186232206","1","21","0.5200132178785299","0.55","12.6","25","0.8842532668608033","0.7242","6.89500000000001","0.4934","137.9","137.9","0.104","0","false","0.9314206186232206","1","0.832","1.0500000000000003","0.168","0.5067660867163767","0.45830311820159536","0.5096153846153846","0.19047619047619047","0","500","0","4.440892098500626E-16","7.815970093361102E-14","true","true","true"
"1739","310239","B-bad","false","500","310239","B-bad","500","125","5000","0.832766961303352","1","48","0.6104056434887382","0.9","10.5","25","0.8865117836865408","0.779","5.524999999999994","0.4842","110.5","110.5","0.106","0","false","0.832766961303352","1","0.616","2.3999999999999995","0.384","0.49525032092426186","0.4452488687782805","0.5064935064935064","0.4166666666666667","0","500","0","8.881784197001252E-16","1.5987211554602254E-14","true","true","true"
"1740","310240","B-bad","false","500","310240","B-bad","500","125","5000","0.353883495145631","0","75","0.5347029702970298","0.7","13.7","25","0.9011730813148858","0.7662","5.844999999999993","0.487","116.9","116.9","0.086","0","false","0.353883495145631","0","0.4","3.7499999999999947","0.6","0.4983033150613417","0.4499572284003422","0.5","0.52","0","500","0","4.440892098500626E-16","1.7763568394002505E-14","true","true","true"
"1741","310241","B-bad","false","500","310241","B-bad","500","125","5000","0.832766961303352","1","50","0.5400073571021188","0.7","11.8","25","0.8282478046392001","0.7618","5.954999999999993","0.4888","119.1","119.1","0.17","0.1","false","0.832766961303352","1","0.6","2.499999999999999","0.4","0.49908112365450247","0.45591939546599497","0.52","0.42","0","500","0","8.881784197001252E-16","2.3092638912203256E-14","true","true","true"
"1742","310242","B-bad","false","500","310242","B-bad","500","125","5000","0.353883495145631","0","61","0.5908308750868897","0.75","11.9","25","0.8552320981031034","0.751","6.225000000000004","0.4832","124.5","124.5","0.116","0.1","false","0.353883495145631","0","0.512","3.049999999999997","0.488","0.49427430093209057","0.4497991967871486","0.5625","0.5245901639344263","0","500","0","8.881784197001252E-16","8.526512829121202E-14","true","true","true"
"1743","310243","B-bad","false","500","310243","B-bad","500","125","5000","0.769239887763884","1","54","0.5836262935457383","0.7","11.4","25","0.9118820110787164","0.7772","5.570000000000002","0.4818","111.4","111.4","0.062","0","false","0.769239887763884","1","0.568","2.6999999999999984","0.432","0.49330931549150797","0.44165170556552963","0.4225352112676056","0.4444444444444444","0","500","0","4.440892098500626E-16","6.039613253960852E-14","true","true","true"
"1744","310244","B-bad","false","500","310244","B-bad","500","125","5000","0.8588821376227943","1","27","0.6125266870133909","0.85","10.8","25","0.9316044467665809","0.832","4.199999999999993","0.4874","84","84","0.06","0","false","0.8588821376227943","1","0.784","1.3500000000000005","0.216","0.5019230769230769","0.4154761904761905","0.5408163265306123","0.3333333333333333","0","500","0","8.881784197001252E-16","1.7763568394002505E-14","true","true","true"
"1745","310245","B-bad","false","500","310245","B-bad","500","125","5000","0.8029278364278081","1","51","0.4267325309873553","0.35","12.6","25","0.8470512582679607","0.735","6.625000000000002","0.484","132.5","132.5","0.134","0","false","0.8029278364278081","1","0.592","2.549999999999999","0.408","0.49360544217687075","0.4573584905660377","0.527027027027027","0.43137254901960786","0","500","0","8.881784197001252E-16","6.927791673660977E-14","true","true","true"
"1747","310247","B-bad","false","500","310247","B-bad","500","125","5000","0.9174389747697416","1","30","0.5942569020479885","0.75","11.4","25","0.9433467987245814","0.8034","4.914999999999996","0.489","98.3","98.3","0.048","0","false","0.9174389747697416","1","0.76","1.5000000000000007","0.24","0.5058501369180981","0.4201424211597152","0.6","0.3","0","500","0","8.881784197001252E-16","2.1316282072803006E-14","true","true","true"
"1748","310248","B-bad","false","500","310248","B-bad","500","125","5000","0.8588821376227943","1","41","0.566929516565521","0.7","10.2","25","0.8527314916296993","0.6968","7.580000000000008","0.4848","151.6","151.6","0.152","0","false","0.8588821376227943","1","0.672","2.0500000000000007","0.328","0.49425947187141217","0.4630606860158311","0.4523809523809524","0.3902439024390244","0","500","0","8.881784197001252E-16","7.105427357601002E-14","true","true","true"
"1746","310246","B-bad","false","500","310246","B-bad","500","125","5000","0.646116504854369","1","61","0.5165423642975068","0.5","12","25","0.8222557735273247","0.7832","5.419999999999999","0.4776","108.4","108.4","0.184","0.1","false","0.646116504854369","1","0.512","3.049999999999997","0.488","0.4846782431052094","0.45202952029520294","0.578125","0.47540983606557374","0","500","0","8.881784197001252E-16","3.375077994860476E-14","true","true","true"
"1749","310249","B-bad","false","500","310249","B-bad","500","125","5000","0.8814994686598714","1","28","0.5607807751247714","0.65","9.5","25","0.9025044637093462","0.7916","5.209999999999999","0.4936","104.2","104.2","0.094","0","false","0.8814994686598714","1","0.776","1.4000000000000006","0.224","0.5075795856493178","0.44049904030710174","0.4329896907216495","0.32142857142857145","0","500","0","4.440892098500626E-16","5.3290705182007514E-14","true","true","true"
"1750","310250","B-bad","false","500","310250","B-bad","500","125","5000","0.646116504854369","1","51","0.6432147313356678","0.8","10.2","25","0.8552304183913204","0.7858","5.354999999999995","0.4842","107.1","107.1","0.144","0","false","0.646116504854369","1","0.592","2.549999999999999","0.408","0.49401883430898447","0.4481792717086835","0.5135135135135135","0.47058823529411764","0","500","0","8.881784197001252E-16","1.2434497875801753E-14","true","true","true"
"1751","310251","B-bad","false","500","310251","B-bad","500","125","5000","0.832766961303352","1","48","0.6035641657283364","0.8","10.8","25","0.8713047820786649","0.7572","6.0700000000000065","0.489","121.4","121.4","0.132","0.1","false","0.832766961303352","1","0.616","2.3999999999999995","0.384","0.5013206550449023","0.45057660626029655","0.5714285714285714","0.4166666666666667","0","500","0","4.440892098500626E-16","1.0302869668521453E-13","true","true","true"
"1752","310252","B-bad","false","500","310252","B-bad","500","125","5000","0.6905480615036318","1","36","0.5508429029421731","0.65","11.5","25","0.8925048499602501","0.7706","5.7349999999999905","0.4732","114.7","114.7","0.118","0.1","false","0.6905480615036318","1","0.712","1.800000000000001","0.288","0.4822216454710615","0.44289450741063646","0.550561797752809","0.4444444444444444","0","500","0","8.881784197001252E-16","1.7763568394002505E-14","true","true","true"
"1753","310253","B-bad","false","500","310253","B-bad","500","125","5000","0.769239887763884","1","38","0.5893190298653904","0.8","10.9","25","0.857698944480188","0.7874","5.3149999999999915","0.4886","106.3","106.3","0.164","0.2","false","0.769239887763884","1","0.696","1.900000000000001","0.304","0.5003810007620015","0.444967074317968","0.4482758620689655","0.42105263157894735","0","500","0","8.881784197001252E-16","1.509903313490213E-14","true","true","true"
"1755","310255","B-bad","false","500","310255","B-bad","500","125","5000","0.6905480615036318","1","48","0.5709492699452821","0.7","11.1","25","0.9307506212932128","0.8348","4.129999999999994","0.4894","82.6","82.6","0.07","0","false","0.6905480615036318","1","0.616","2.3999999999999995","0.384","0.5045519885002395","0.4128329297820823","0.45454545454545453","0.4583333333333333","0","500","0","8.881784197001252E-16","1.3322676295501878E-14","true","true","true"
"1754","310254","B-bad","false","500","310254","B-bad","500","125","5000","0.832766961303352","1","30","0.5253806594251658","0.75","11.3","25","0.8860796155683698","0.7122","7.194999999999998","0.484","143.9","143.9","0.112","0","false","0.832766961303352","1","0.76","1.5000000000000007","0.24","0.4945240101095198","0.45795691452397497","0.4842105263157895","0.36666666666666664","0","500","0","8.881784197001252E-16","5.1514348342607263E-14","true","true","true"
"1756","310256","B-bad","false","500","310256","B-bad","500","125","5000","0.5","0.5","74","0.5499083472011287","0.75","10.2","25","0.8619054482026811","0.776","5.599999999999989","0.4894","112","112","0.146","0","false","0.5","0.5","0.408","3.699999999999995","0.592","0.5005154639175258","0.45089285714285715","0.5490196078431373","0.5","0","500","0","8.881784197001252E-16","1.865174681370263E-14","true","true","true"
"1757","310257","B-bad","false","500","310257","B-bad","500","125","5000","0.5990099009900991","1","68","0.544537473568541","0.55","12.7","25","0.888689924486005","0.7038","7.405000000000004","0.4822","148.1","148.1","0.11","0","false","0.5990099009900991","1","0.456","3.399999999999996","0.544","0.49161693662972433","0.4598244429439568","0.5789473684210527","0.4852941176470588","0","500","0","4.440892098500626E-16","8.171241461241152E-14","true","true","true"
"1758","310258","B-bad","false","500","310258","B-bad","500","125","5000","0.769239887763884","1","68","0.6244604496391014","0.9","10.2","25","0.9133929452108811","0.7754","5.6149999999999975","0.4986","112.3","112.3","0.09","0","false","0.769239887763884","1","0.456","3.399999999999996","0.544","0.5153469177198865","0.44078361531611754","0.42105263157894735","0.45588235294117646","0","500","0","8.881784197001252E-16","6.572520305780927E-14","true","true","true"
"1759","310259","B-bad","false","500","310259","B-bad","500","125","5000","0.5990099009900991","1","52","0.5721970212870218","0.75","12.1","25","0.8762764038531368","0.7808","5.4799999999999915","0.493","109.6","109.6","0.116","0","false","0.5990099009900991","1","0.584","2.5999999999999988","0.416","0.5053790983606558","0.4489051094890511","0.3972602739726027","0.4807692307692308","0","500","0","8.881784197001252E-16","1.865174681370263E-14","true","true","true"
"1760","310260","B-bad","false","500","310260","B-bad","500","125","5000","0.9314206186232206","1","25","0.5351282018951812","0.75","11.7","25","0.9233991291276427","0.7678","5.804999999999987","0.477","116.1","116.1","0.066","0","false","0.9314206186232206","1","0.8","1.2500000000000004","0.2","0.48736650169314927","0.4427217915590009","0.51","0.24","0","500","0","8.881784197001252E-16","1.687538997430238E-14","true","true","true"
"1761","310261","B-bad","false","500","310261","B-bad","500","125","5000","0.769239887763884","1","44","0.5926878247317827","0.8","10.8","25","0.9398827548600732","0.835","4.124999999999996","0.4848","82.5","82.5","0.06","0","false","0.769239887763884","1","0.648","2.2","0.352","0.4991616766467066","0.4121212121212121","0.5555555555555556","0.4318181818181818","0","500","0","8.881784197001252E-16","1.0658141036401503E-14","true","true","true"
"1763","310263","B-bad","false","500","310263","B-bad","500","125","5000","0.8588821376227943","1","39","0.6665471908501035","0.9","8.2","25","0.9462237812081387","0.8418","3.954999999999994","0.4812","79.1","79.1","0.06","0","false","0.8588821376227943","1","0.688","1.950000000000001","0.312","0.4953670705630791","0.40581542351453853","0.4883720930232558","0.38461538461538464","0","500","0","8.881784197001252E-16","1.7763568394002505E-14","true","true","true"
"1764","310264","B-bad","false","500","310264","B-bad","500","125","5000","0.5990099009900991","1","48","0.42784365169739597","0.4","12.1","25","0.8993342186208008","0.7704","5.739999999999989","0.4828","114.8","114.8","0.088","0","false","0.5990099009900991","1","0.616","2.3999999999999995","0.384","0.4932502596053998","0.44773519163763065","0.4805194805194805","0.4791666666666667","0","500","0","8.881784197001252E-16","1.7763568394002505E-14","true","true","true"
"1762","310262","B-bad","false","500","310262","B-bad","500","125","5000","0.9314206186232206","1","33","0.5898997421308423","0.65","11.9","25","0.9251300182949482","0.7812","5.4699999999999935","0.4838","109.4","109.4","0.114","0","false","0.9314206186232206","1","0.736","1.6500000000000008","0.264","0.49667178699436765","0.43784277879341865","0.4673913043478261","0.30303030303030304","0","500","0","8.881784197001252E-16","1.5987211554602254E-14","true","true","true"
"1765","310265","B-bad","false","500","310265","B-bad","500","125","5000","0.6905480615036318","1","74","0.5715338099488392","0.85","11.3","25","0.8010641918752789","0.715","7.125000000000009","0.4946","142.5","142.5","0.208","0.1","false","0.6905480615036318","1","0.408","3.699999999999995","0.592","0.5043356643356643","0.47017543859649125","0.39215686274509803","0.47297297297297297","0","500","0","4.440892098500626E-16","6.217248937900877E-14","true","true","true"
"1767","310267","B-bad","false","500","310267","B-bad","500","125","5000","0.7317174011812813","1","61","0.5391140712833756","0.5","13","25","0.8608118518289221","0.7604","5.989999999999992","0.486","119.8","119.8","0.138","0","false","0.7317174011812813","1","0.512","3.049999999999997","0.488","0.49579168858495526","0.4549248747913189","0.5","0.45901639344262296","0","500","0","4.440892098500626E-16","1.9539925233402755E-14","true","true","true"
"1768","310268","B-bad","false","500","310268","B-bad","500","125","5000","0.832766961303352","1","26","0.5806036632907184","0.7","10.7","25","0.8942024510103327","0.7546","6.135000000000006","0.4854","122.7","122.7","0.09","0","false","0.832766961303352","1","0.792","1.3000000000000005","0.208","0.4972170686456401","0.4490627546862266","0.4444444444444444","0.34615384615384615","0","500","0","8.881784197001252E-16","1.4210854715202004E-13","true","true","true"
"1770","310270","B-bad","false","500","310270","B-bad","500","125","5000","0.5990099009900991","1","36","0.5250476500274482","0.6","11.5","25","0.8656830727070209","0.7696","5.759999999999994","0.4872","115.2","115.2","0.134","0","false","0.5990099009900991","1","0.712","1.800000000000001","0.288","0.49636174636174635","0.4565972222222222","0.5168539325842697","0.4722222222222222","0","500","0","4.440892098500626E-16","3.019806626980426E-14","true","true","true"
"1766","310266","B-bad","false","500","310266","B-bad","500","125","5000","0.8029278364278081","1","41","0.4856558542360639","0.45","12.7","25","0.884577322440955","0.7366","6.585000000000008","0.4818","131.7","131.7","0.112","0","false","0.8029278364278081","1","0.672","2.0500000000000007","0.328","0.4914471897909313","0.4548215641609719","0.5119047619047619","0.4146341463414634","0","500","0","8.881784197001252E-16","1.4921397450962104E-13","true","true","true"
"1769","310269","B-bad","false","500","310269","B-bad","500","125","5000","0.6905480615036318","1","58","0.6069339256484447","0.75","10.3","25","0.9289371989190751","0.7526","6.185000000000012","0.4848","123.7","123.7","0.074","0","false","0.6905480615036318","1","0.536","2.8999999999999977","0.464","0.49827265479670474","0.44381568310428454","0.5522388059701493","0.46551724137931033","0","500","0","8.881784197001252E-16","5.3290705182007514E-14","true","true","true"
"1771","310271","B-bad","false","500","310271","B-bad","500","125","5000","0.8814994686598714","1","40","0.6041050775876804","0.75","11","25","0.8773005632082086","0.7198","7.005000000000005","0.4956","140.1","140.1","0.148","0","false","0.8814994686598714","1","0.68","2.000000000000001","0.32","0.5095859961100305","0.4596716630977873","0.5058823529411764","0.375","0","500","0","8.881784197001252E-16","4.618527782440651E-14","true","true","true"
"1772","310272","B-bad","false","500","310272","B-bad","500","125","5000","0.7317174011812813","1","51","0.631580628904484","0.8","11","25","0.8786181445602109","0.7862","5.344999999999991","0.496","106.9","106.9","0.142","0","false","0.7317174011812813","1","0.592","2.549999999999999","0.408","0.5092851691681506","0.4471468662301216","0.527027027027027","0.45098039215686275","0","500","0","8.881784197001252E-16","1.9539925233402755E-14","true","true","true"
"1774","310274","B-bad","false","500","310274","B-bad","500","125","5000","0.6905480615036318","1","36","0.6338667232204394","1","11.4","25","0.7806476034001119","0.7516","6.209999999999999","0.4956","124.2","124.2","0.212","0.1","false","0.6905480615036318","1","0.712","1.800000000000001","0.288","0.5055880787653007","0.46537842190016104","0.5056179775280899","0.4444444444444444","0","500","0","8.881784197001252E-16","6.750155989720952E-14","true","true","true"
"1773","310273","B-bad","false","500","310273","B-bad","500","125","5000","0.832766961303352","1","28","0.49781541766704374","0.5","12.4","25","0.8804831841430314","0.7686","5.7849999999999975","0.4934","115.7","115.7","0.144","0.1","false","0.832766961303352","1","0.776","1.4000000000000006","0.224","0.5076762945615405","0.445980985306828","0.4639175257731959","0.35714285714285715","0","500","0","4.440892098500626E-16","5.1514348342607263E-14","true","true","true"
"1775","310275","B-bad","false","500","310275","B-bad","500","125","5000","0.832766961303352","1","58","0.6195997941053524","0.85","10.1","25","0.8585823972504729","0.7788","5.529999999999997","0.491","110.6","110.6","0.126","0","false","0.832766961303352","1","0.536","2.8999999999999977","0.464","0.5030816640986132","0.4484629294755877","0.43283582089552236","0.43103448275862066","0","500","0","8.881784197001252E-16","2.3092638912203256E-14","true","true","true"
"1776","310276","B-bad","false","500","310276","B-bad","500","125","5000","0.9314206186232206","1","21","0.4992528259523434","0.45","11.2","25","0.878224467337183","0.6924","7.690000000000005","0.481","153.8","153.8","0.166","0.1","false","0.9314206186232206","1","0.832","1.0500000000000003","0.168","0.48902368573079147","0.46293888166449937","0.5384615384615384","0.19047619047619047","0","500","0","4.440892098500626E-16","5.5067062021407764E-14","true","true","true"
"1777","310277","B-bad","false","500","310277","B-bad","500","125","5000","0.8814994686598714","1","28","0.5521254526075763","0.6","12","25","0.8847508603171562","0.805","4.87499999999999","0.4782","97.5","97.5","0.122","0","false","0.8814994686598714","1","0.776","1.4000000000000006","0.224","0.48745341614906834","0.44","0.4742268041237113","0.32142857142857145","0","500","0","4.440892098500626E-16","1.865174681370263E-14","true","true","true"
"1778","310278","B-bad","false","500","310278","B-bad","500","125","5000","0.8588821376227943","1","29","0.6435676097575442","0.9","10.3","25","0.8892693772016559","0.7484","6.289999999999997","0.4836","125.8","125.8","0.126","0","false","0.8588821376227943","1","0.768","1.4500000000000006","0.232","0.49412079102084444","0.4523052464228935","0.5208333333333334","0.3448275862068966","0","500","0","8.881784197001252E-16","3.019806626980426E-14","true","true","true"
"1779","310279","B-bad","false","500","310279","B-bad","500","125","5000","0.3094519384963682","0","62","0.566640176951948","0.65","11.4","25","0.9266706663580404","0.8186","4.534999999999992","0.484","90.7","90.7","0.072","0","false","0.3094519384963682","0","0.504","3.099999999999997","0.496","0.49743464451502567","0.42337375964718854","0.38095238095238093","0.532258064516129","0","500","0","4.440892098500626E-16","1.687538997430238E-14","true","true","true"
"1780","310280","B-bad","false","500","310280","B-bad","500","125","5000","0.6905480615036318","1","56","0.6422424292517647","0.85","12.1","25","0.8937749783663334","0.7836","5.409999999999996","0.498","108.2","108.2","0.108","0","false","0.6905480615036318","1","0.552","2.799999999999998","0.448","0.5130168453292496","0.4436229205175601","0.4782608695652174","0.4642857142857143","0","500","0","8.881784197001252E-16","3.730349362740526E-14","true","true","true"
"1781","310281","B-bad","false","500","310281","B-bad","500","125","5000","0.9314206186232206","1","41","0.5245126405844468","0.6","12.9","25","0.8059095468651899","0.6748","8.130000000000006","0.496","162.6","162.6","0.234","0.1","false","0.9314206186232206","1","0.672","2.0500000000000007","0.328","0.506520450503853","0.474169741697417","0.40476190476190477","0.34146341463414637","0","500","0","4.440892098500626E-16","1.1013412404281553E-13","true","true","true"
"1782","310282","B-bad","false","500","310282","B-bad","500","125","5000","0.8588821376227943","1","29","0.46747047791732144","0.5","13.6","25","0.8997942935913288","0.7654","5.864999999999991","0.4902","117.3","117.3","0.116","0","false","0.8588821376227943","1","0.768","1.4500000000000006","0.232","0.5024823621635746","0.45012787723785164","0.5104166666666666","0.3448275862068966","0","500","0","4.440892098500626E-16","2.1316282072803006E-14","true","true","true"
"1783","310283","B-bad","false","500","310283","B-bad","500","125","5000","0.8029278364278081","1","47","0.6172491542874459","0.75","13.2","25","0.8954347044993616","0.8154","4.614999999999991","0.481","92.3","92.3","0.09","0","false","0.8029278364278081","1","0.624","2.3499999999999996","0.376","0.49104733872945794","0.43661971830985913","0.6025641025641025","0.425531914893617","0","500","0","8.881784197001252E-16","1.687538997430238E-14","true","true","true"
"1784","310284","B-bad","false","500","310284","B-bad","500","125","5000","0.55","1","49","0.5327139056840445","0.65","11.5","25","0.8718091613126356","0.7288","6.779999999999992","0.487","135.6","135.6","0.152","0","false","0.55","1","0.608","2.4499999999999993","0.392","0.4964324917672887","0.4616519174041298","0.5","0.4897959183673469","0","500","0","4.440892098500626E-16","1.9539925233402755E-14","true","true","true"
"1785","310285","B-bad","false","500","310285","B-bad","500","125","5000","0.8814994686598714","1","36","0.5474319231725904","0.55","10.6","25","0.8497266129518934","0.7412","6.4699999999999935","0.5024","129.4","129.4","0.14","0","false","0.8814994686598714","1","0.712","1.800000000000001","0.288","0.518348623853211","0.4567233384853168","0.3707865168539326","0.3611111111111111","0","500","0","8.881784197001252E-16","2.6645352591003757E-14","true","true","true"
"1786","310286","B-bad","false","500","310286","B-bad","500","125","5000","0.5","0.5","46","0.5094431556649263","0.55","12.4","25","0.9096871370960355","0.739","6.525","0.4894","130.5","130.5","0.092","0","false","0.5","0.5","0.632","2.3","0.368","0.5039242219215155","0.4482758620689655","0.4810126582278481","0.5","0","500","0","8.881784197001252E-16","9.947598300641403E-14","true","true","true"
"1787","310287","B-bad","false","500","310287","B-bad","500","125","5000","0.5","0.5","78","0.5981063312942527","0.75","11.5","25","0.8902636341176244","0.7844","5.389999999999995","0.495","107.8","107.8","0.104","0","false","0.5","0.5","0.376","3.899999999999994","0.624","0.50790413054564","0.44805194805194803","0.5957446808510638","0.5","0","500","0","4.440892098500626E-16","3.552713678800501E-14","true","true","true"
"1788","310288","B-bad","false","500","310288","B-bad","500","125","5000","0.769239887763884","1","44","0.5038647889778137","0.7","12.2","25","0.9094391965420886","0.7828","5.429999999999989","0.4892","108.6","108.6","0.082","0","false","0.769239887763884","1","0.648","2.2","0.352","0.5017884517118038","0.4438305709023941","0.5185185185185185","0.4318181818181818","0","500","0","8.881784197001252E-16","1.687538997430238E-14","true","true","true"
"1789","310289","B-bad","false","500","310289","B-bad","500","125","5000","0.9009100727155935","1","33","0.5308496279778545","0.6","13.3","25","0.9039680057538296","0.7486","6.284999999999995","0.4988","125.7","125.7","0.102","0","false","0.9009100727155935","1","0.736","1.6500000000000008","0.264","0.5137590168314187","0.45425616547334924","0.5","0.3333333333333333","0","500","0","4.440892098500626E-16","3.019806626980426E-14","true","true","true"
"1790","310290","B-bad","false","500","310290","B-bad","500","125","5000","0.8588821376227943","1","35","0.5964790392335562","0.8","11.6","25","0.9076023968397056","0.7378","6.555000000000007","0.4912","131.1","131.1","0.092","0","false","0.8588821376227943","1","0.72","1.7500000000000009","0.28","0.5047438330170778","0.45308924485125857","0.4","0.37142857142857144","0","500","0","4.440892098500626E-16","5.6843418860808015E-14","true","true","true"
"1791","310291","B-bad","false","500","310291","B-bad","500","125","5000","0.646116504854369","1","41","0.4592164129124582","0.5","11.8","25","0.8656970957936689","0.7216","6.960000000000005","0.4936","139.2","139.2","0.144","0","false","0.646116504854369","1","0.672","2.0500000000000007","0.328","0.5072062084257206","0.4583333333333333","0.5357142857142857","0.4634146341463415","0","500","0","8.881784197001252E-16","5.5067062021407764E-14","true","true","true"
"1793","310293","B-bad","false","500","310293","B-bad","500","125","5000","0.9174389747697416","1","24","0.5718653049881945","0.6","12.6","25","0.8341871879771231","0.7272","6.820000000000013","0.49","136.4","136.4","0.212","0.1","false","0.9174389747697416","1","0.808","1.2000000000000004","0.192","0.5002750275027503","0.4626099706744868","0.5445544554455446","0.25","0","500","0","8.881784197001252E-16","1.0658141036401503E-13","true","true","true"
"1792","310292","B-bad","false","500","310292","B-bad","500","125","5000","0.5990099009900991","1","76","0.4851980198019801","0.45","13.1","25","0.8941917460054041","0.727","6.824999999999991","0.4836","136.5","136.5","0.104","0","false","0.5990099009900991","1","0.392","3.7999999999999945","0.608","0.49353507565337","0.45714285714285713","0.4897959183673469","0.4868421052631579","0","500","0","4.440892098500626E-16","1.687538997430238E-14","true","true","true"
"1794","310294","B-bad","false","500","310294","B-bad","500","125","5000","0.353883495145631","0","65","0.5609787949267516","0.75","12.9","25","0.7950241828674125","0.7312","6.719999999999996","0.4978","134.4","134.4","0.176","0","false","0.353883495145631","0","0.48","3.2499999999999964","0.52","0.5082056892778993","0.4694940476190476","0.5","0.5230769230769231","0","500","0","4.440892098500626E-16","7.105427357601002E-14","true","true","true"
"1795","310295","B-bad","false","500","310295","B-bad","500","125","5000","0.5","0.5","62","0.5764498472393651","0.75","11.8","25","0.8874581669326924","0.7746","5.634999999999993","0.5014","112.7","112.7","0.146","0.1","false","0.5","0.5","0.504","3.099999999999997","0.496","0.51717015233669","0.4472049689440994","0.4444444444444444","0.5","0","500","0","8.881784197001252E-16","1.509903313490213E-14","true","true","true"
"1796","310296","B-bad","false","500","310296","B-bad","500","125","5000","0.7317174011812813","1","43","0.5926878247317827","0.8","12","25","0.9303007244815668","0.8078","4.804999999999997","0.4872","96.1","96.1","0.102","0","false","0.7317174011812813","1","0.656","2.1500000000000004","0.344","0.5013617231988116","0.42767950052029136","0.43902439024390244","0.4418604651162791","0","500","0","4.440892098500626E-16","3.197442310920451E-14","true","true","true"
"1797","310297","B-bad","false","500","310297","B-bad","500","125","5000","0.8029278364278081","1","27","0.5152893396135729","0.7","12.1","25","0.8581640027848305","0.6884","7.789999999999995","0.4792","155.8","155.8","0.21","0.1","false","0.8029278364278081","1","0.784","1.3500000000000005","0.216","0.4843114468332365","0.46790757381258025","0.5408163265306123","0.37037037037037035","0","500","0","4.440892098500626E-16","4.440892098500626E-14","true","true","true"
"1798","310298","B-bad","false","500","310298","B-bad","500","125","5000","0.646116504854369","1","39","0.49764197082985395","0.45","11","25","0.8788554650381603","0.6834","7.915000000000002","0.4892","158.3","158.3","0.156","0.1","false","0.646116504854369","1","0.688","1.950000000000001","0.312","0.5024875621890548","0.46051800379027164","0.45348837209302323","0.46153846153846156","0","500","0","8.881784197001252E-16","4.973799150320701E-14","true","true","true"
"1799","310299","B-bad","false","500","310299","B-bad","500","125","5000","0.9174389747697416","1","26","0.5734596280382138","0.7","13","25","0.8324650533401421","0.7192","7.020000000000015","0.492","140.4","140.4","0.172","0.1","false","0.9174389747697416","1","0.792","1.3000000000000005","0.208","0.5038932146829811","0.46153846153846156","0.5656565656565656","0.2692307692307692","0","500","0","8.881784197001252E-16","1.4566126083082054E-13","true","true","true"
"1800","310300","B-bad","false","500","310300","B-bad","500","125","5000","0.646116504854369","1","49","0.5930684841569486","0.8","12","25","0.8956450016125856","0.7182","7.045000000000002","0.4868","140.9","140.9","0.12","0","false","0.646116504854369","1","0.608","2.4499999999999993","0.392","0.4981899192425508","0.4577714691270405","0.4868421052631579","0.46938775510204084","0","500","0","8.881784197001252E-16","5.3290705182007514E-14","true","true","true"
"1801","310301","B-bad","false","500","310301","B-bad","500","125","5000","0.769239887763884","1","64","0.5409657688302856","0.7","12","25","0.809322398702631","0.7424","6.440000000000007","0.4926","128.8","128.8","0.19","0.1","false","0.769239887763884","1","0.488","3.1999999999999966","0.512","0.5035021551724138","0.4611801242236025","0.5245901639344263","0.453125","0","500","0","8.881784197001252E-16","5.861977570020827E-14","true","true","true"
"1802","310302","B-bad","false","500","310302","B-bad","500","125","5000","0.5","0.5","60","0.5640252811688936","0.85","11.3","25","0.8967557141188491","0.7804","5.489999999999997","0.4806","109.8","109.8","0.098","0","false","0.5","0.5","0.52","2.9999999999999973","0.48","0.4910302409021015","0.4435336976320583","0.47692307692307695","0.5","0","500","0","8.881784197001252E-16","2.1316282072803006E-14","true","true","true"
"1803","310303","B-bad","false","500","310303","B-bad","500","125","5000","0.26828259881871874","0","51","0.5286295745522118","0.6","12.6","25","0.8845512471116346","0.768","5.799999999999999","0.4812","116","116","0.136","0","false","0.26828259881871874","0","0.592","2.549999999999999","0.408","0.49140625","0.44741379310344825","0.5405405405405406","0.5490196078431373","0","500","0","8.881784197001252E-16","5.3290705182007514E-14","true","true","true"
"1804","310304","B-bad","false","500","310304","B-bad","500","125","5000","0.8029278364278081","1","31","0.5294136306834567","0.6","11.2","25","0.8626089938160424","0.738","6.549999999999997","0.4912","131","131","0.126","0","false","0.8029278364278081","1","0.752","1.5500000000000007","0.248","0.5024390243902439","0.4595419847328244","0.43617021276595747","0.3870967741935484","0","500","0","4.440892098500626E-16","3.375077994860476E-14","true","true","true"
"1805","310305","B-bad","false","500","310305","B-bad","500","125","5000","0.55","1","61","0.5398685170983454","0.55","12.3","25","0.8994673672939133","0.7594","6.015000000000002","0.4832","120.3","120.3","0.088","0","false","0.55","1","0.512","3.049999999999997","0.488","0.49460100079009744","0.4472152950955943","0.4375","0.4918032786885246","0","500","0","8.881784197001252E-16","6.039613253960852E-14","true","true","true"
"1806","310306","B-bad","false","500","310306","B-bad","500","125","5000","0.8814994686598714","1","42","0.5376148957830544","0.65","11.4","25","0.8904177001791396","0.7334","6.665000000000006","0.4734","133.3","133.3","0.14","0.1","false","0.8814994686598714","1","0.664","2.1000000000000005","0.336","0.48104717752931553","0.45236309077269315","0.4939759036144578","0.38095238095238093","0","500","0","8.881784197001252E-16","1.1013412404281553E-13","true","true","true"
"1807","310307","B-bad","false","500","310307","B-bad","500","125","5000","0.769239887763884","1","44","0.5521055096933651","0.6","11.4","25","0.858458303857202","0.6992","7.520000000000019","0.4836","150.4","150.4","0.154","0.1","false","0.769239887763884","1","0.648","2.2","0.352","0.4925629290617849","0.4627659574468085","0.5185185185185185","0.4318181818181818","0","500","0","4.440892098500626E-16","2.0250467969162855E-13","true","true","true"
"1808","310308","B-bad","false","500","310308","B-bad","500","125","5000","0.8029278364278081","1","47","0.5275036989353479","0.5","12.7","25","0.8804377182698321","0.7828","5.429999999999993","0.4936","108.6","108.6","0.136","0.1","false","0.8029278364278081","1","0.624","2.3499999999999996","0.376","0.5068983137455289","0.44567219152854515","0.5128205128205128","0.425531914893617","0","500","0","4.440892098500626E-16","1.7763568394002505E-14","true","true","true"
"1809","310309","B-bad","false","500","310309","B-bad","500","125","5000","0.1185005313401285","0","80","0.5624319231725903","0.7","11.5","25","0.7534687741130698","0.723","6.924999999999995","0.4894","138.5","138.5","0.198","0.1","false","0.1185005313401285","0","0.36","3.999999999999994","0.64","0.4968188105117566","0.4700361010830325","0.4444444444444444","0.5625","0","500","0","4.440892098500626E-16","5.6843418860808015E-14","true","true","true"
"1810","310310","B-bad","false","500","310310","B-bad","500","125","5000","0.8588821376227943","1","37","0.49997633579494155","0.4","11.8","25","0.9137038413049193","0.7106","7.235000000000001","0.483","144.7","144.7","0.16","0","false","0.8588821376227943","1","0.704","1.850000000000001","0.296","0.4947931325640304","0.4540428472702142","0.48863636363636365","0.3783783783783784","0","500","0","8.881784197001252E-16","8.704148513061227E-14","true","true","true"
"1811","310311","B-bad","false","500","310311","B-bad","500","125","5000","0.8814994686598714","1","34","0.5751089467730465","0.7","11","25","0.8503509152810551","0.7548","6.1299999999999955","0.4872","122.6","122.6","0.202","0.2","false","0.8814994686598714","1","0.728","1.7000000000000008","0.272","0.4970853206147324","0.4567699836867863","0.4945054945054945","0.35294117647058826","0","500","0","8.881784197001252E-16","2.4868995751603507E-14","true","true","true"
"1812","310312","B-bad","false","500","310312","B-bad","500","125","5000","0.55","1","47","0.5312671278466774","0.65","12.5","25","0.9095870897707202","0.782","5.449999999999995","0.4876","109","109","0.096","0","false","0.55","1","0.624","2.3499999999999996","0.376","0.4997442455242967","0.44403669724770645","0.48717948717948717","0.48936170212765956","0","500","0","8.881784197001252E-16","3.375077994860476E-14","true","true","true"
"1813","310313","B-bad","false","500","310313","B-bad","500","125","5000","0.646116504854369","1","59","0.5331619662688061","0.5","13.4","25","0.9057015617234251","0.7536","6.159999999999994","0.4818","123.2","123.2","0.088","0","false","0.646116504854369","1","0.528","2.9499999999999975","0.472","0.49203821656050956","0.450487012987013","0.48484848484848486","0.4745762711864407","0","500","0","8.881784197001252E-16","3.907985046680551E-14","true","true","true"
"1814","310314","B-bad","false","500","310314","B-bad","500","125","5000","0.5990099009900991","1","58","0.5875927279037036","0.8","10.2","25","0.9091629988368604","0.8038","4.904999999999996","0.481","98.1","98.1","0.102","0","false","0.5990099009900991","1","0.536","2.8999999999999977","0.464","0.491415775068425","0.4383282364933741","0.4925373134328358","0.4827586206896552","0","500","0","4.440892098500626E-16","2.1316282072803006E-14","true","true","true"
"1815","310315","B-bad","false","500","310315","B-bad","500","125","5000","0.8029278364278081","1","41","0.5743777468410509","0.65","11","25","0.8204377454157447","0.747","6.324999999999996","0.4822","126.5","126.5","0.21","0.2","false","0.8029278364278081","1","0.672","2.0500000000000007","0.328","0.4899598393574297","0.4592885375494071","0.5238095238095238","0.4146341463414634","0","500","0","8.881784197001252E-16","1.9539925233402755E-14","true","true","true"
"1816","310316","B-bad","false","500","310316","B-bad","500","125","5000","0.8814994686598714","1","28","0.6275160489047985","0.75","11.2","25","0.8989104886415575","0.7852","5.369999999999998","0.484","107.4","107.4","0.146","0","false","0.8814994686598714","1","0.776","1.4000000000000006","0.224","0.4956698930208864","0.441340782122905","0.5051546391752577","0.32142857142857145","0","500","0","8.881784197001252E-16","6.039613253960852E-14","true","true","true"
"1817","310317","B-bad","false","500","310317","B-bad","500","125","5000","0.5990099009900991","1","32","0.5410005881788925","0.7","12.3","25","0.8991285523559395","0.7606","5.984999999999991","0.4802","119.7","119.7","0.122","0","false","0.5990099009900991","1","0.744","1.6000000000000008","0.256","0.49092821456744673","0.44611528822055135","0.4838709677419355","0.46875","0","500","0","8.881784197001252E-16","1.9539925233402755E-14","true","true","true"
"1818","310318","B-bad","false","500","310318","B-bad","500","125","5000","0.769239887763884","1","38","0.6186763935078563","0.85","9.3","25","0.8831621657405015","0.817","4.574999999999993","0.4844","91.5","91.5","0.112","0","false","0.769239887763884","1","0.696","1.900000000000001","0.304","0.49547123623011013","0.4349726775956284","0.5057471264367817","0.42105263157894735","0","500","0","8.881784197001252E-16","1.509903313490213E-14","true","true","true"
"1819","310319","B-bad","false","500","310319","B-bad","500","125","5000","0.769239887763884","1","42","0.6249070992329612","0.8","9.6","25","0.9500596437869522","0.8268","4.329999999999993","0.4832","86.6","86.6","0.05","0","false","0.769239887763884","1","0.664","2.1000000000000005","0.336","0.4983067247218191","0.4110854503464203","0.5180722891566265","0.42857142857142855","0","500","0","8.881784197001252E-16","1.4210854715202004E-14","true","true","true"
"1820","310320","B-bad","false","500","310320","B-bad","500","125","5000","0.7317174011812813","1","25","0.5557497538175942","0.7","11.8","25","0.9049602053275804","0.7702","5.744999999999988","0.4886","114.9","114.9","0.066","0","false","0.7317174011812813","1","0.8","1.2500000000000004","0.2","0.5006491820306413","0.4482158398607485","0.56","0.4","0","500","0","4.440892098500626E-16","1.865174681370263E-14","true","true","true"
"1822","310322","B-bad","false","500","310322","B-bad","500","125","5000","0.55","1","47","0.5083736729930193","0.6","11.7","25","0.9069976963598203","0.7812","5.469999999999989","0.4908","109.4","109.4","0.102","0","false","0.55","1","0.624","2.3499999999999996","0.376","0.5033282130056324","0.4460694698354662","0.5897435897435898","0.48936170212765956","0","500","0","4.440892098500626E-16","1.687538997430238E-14","true","true","true"
"1823","310323","B-bad","false","500","310323","B-bad","500","125","5000","0.8814994686598714","1","26","0.537973720316148","0.6","12","25","0.8945068409576795","0.7676","5.809999999999995","0.4866","116.2","116.2","0.092","0","false","0.8814994686598714","1","0.792","1.3000000000000005","0.208","0.49765502866076083","0.45008605851979344","0.5454545454545454","0.3076923076923077","0","500","0","4.440892098500626E-16","4.263256414560601E-14","true","true","true"
"1821","310321","B-bad","false","500","310321","B-bad","500","125","5000","0.8029278364278081","1","39","0.5357884652141687","0.5","10.8","25","0.816463297232354","0.696","7.600000000000006","0.4888","152","152","0.196","0.2","false","0.8029278364278081","1","0.688","1.950000000000001","0.312","0.49798850574712644","0.4677631578947368","0.45348837209302323","0.41025641025641024","0","500","0","4.440892098500626E-16","9.947598300641403E-14","true","true","true"
"1824","310324","B-bad","false","500","310324","B-bad","500","125","5000","0.26828259881871874","0","73","0.5813410634890529","0.6","12.8","25","0.8619195423061521","0.7316","6.7100000000000035","0.497","134.2","134.2","0.154","0","false","0.26828259881871874","0","0.416","3.649999999999995","0.584","0.5120284308365227","0.45603576751117736","0.5769230769230769","0.5342465753424658","0","500","0","4.440892098500626E-16","4.618527782440651E-14","true","true","true"
"1825","310325","B-bad","false","500","310325","B-bad","500","125","5000","0.5990099009900991","1","68","0.6178864766002004","0.8","10.3","25","0.9132230832793227","0.7762","5.5950000000000015","0.4868","111.9","111.9","0.126","0","false","0.5990099009900991","1","0.456","3.399999999999996","0.544","0.5006441638752899","0.4387846291331546","0.5087719298245614","0.4852941176470588","0","500","0","8.881784197001252E-16","7.638334409421077E-14","true","true","true"
"1826","310326","B-bad","false","500","310326","B-bad","500","125","5000","0.8029278364278081","1","25","0.5761605076257921","0.7","13","25","0.919339651134265","0.766","5.849999999999994","0.4912","117","117","0.094","0","false","0.8029278364278081","1","0.8","1.2500000000000004","0.2","0.5049608355091384","0.4461538461538462","0.56","0.36","0","500","0","4.440892098500626E-16","3.375077994860476E-14","true","true","true"
"1827","310327","B-bad","false","500","310327","B-bad","500","125","5000","0.8588821376227943","1","31","0.5966770590355364","0.9","11.6","25","0.8426382005281144","0.7014","7.4649999999999945","0.494","149.3","149.3","0.178","0","false","0.8588821376227943","1","0.752","1.5500000000000007","0.248","0.5055603079555175","0.46684527796383124","0.5212765957446809","0.3548387096774194","0","500","0","4.440892098500626E-16","3.197442310920451E-14","true","true","true"
"1828","310328","B-bad","false","500","310328","B-bad","500","125","5000","0.8814994686598714","1","32","0.6157556592262254","0.7","12.1","25","0.9073053626812442","0.8078","4.804999999999997","0.471","96.1","96.1","0.092","0","false","0.8814994686598714","1","0.744","1.6000000000000008","0.256","0.48031691012626887","0.43184183142559834","0.4946236559139785","0.34375","0","500","0","8.881784197001252E-16","2.4868995751603507E-14","true","true","true"
"1829","310329","B-bad","false","500","310329","B-bad","500","125","5000","0.8814994686598714","1","32","0.4830148484599257","0.4","12.8","25","0.9223942635555726","0.7874","5.31499999999999","0.4974","106.3","106.3","0.092","0","false","0.8814994686598714","1","0.744","1.6000000000000008","0.256","0.5128270256540514","0.44026340545625586","0.41935483870967744","0.34375","0","500","0","4.440892098500626E-16","1.5987211554602254E-14","true","true","true"
"1830","310330","B-bad","false","500","310330","B-bad","500","125","5000","0.8814994686598714","1","24","0.6317727879300529","0.85","10.6","25","0.815682781608025","0.726","6.85000000000001","0.4876","137","137","0.196","0.1","false","0.8814994686598714","1","0.808","1.2000000000000004","0.192","0.49586776859504134","0.4656934306569343","0.5346534653465347","0.2916666666666667","0","500","0","4.440892098500626E-16","9.237055564881302E-14","true","true","true"
"1831","310331","B-bad","false","500","310331","B-bad","500","125","5000","0.400990099009901","0","38","0.5196116504854369","0.6","13","25","0.8116945587579465","0.7136","7.160000000000004","0.4832","143.2","143.2","0.192","0.1","false","0.400990099009901","0","0.696","1.900000000000001","0.304","0.4907511210762332","0.4643854748603352","0.5977011494252874","0.5263157894736842","0","500","0","8.881784197001252E-16","1.4210854715202004E-13","true","true","true"
"1832","310332","B-bad","false","500","310332","B-bad","500","125","5000","0.8029278364278081","1","35","0.6493516658887893","0.95","8.6","25","0.8418265508964625","0.7748","5.629999999999997","0.4908","112.6","112.6","0.15","0.1","false","0.8029278364278081","1","0.72","1.7500000000000009","0.28","0.5012906556530717","0.4547069271758437","0.4777777777777778","0.4","0","500","0","8.881784197001252E-16","3.375077994860476E-14","true","true","true"
"1833","310333","B-bad","false","500","310333","B-bad","500","125","5000","0.8029278364278081","1","27","0.544636929406717","0.6","12.2","25","0.8662340354256506","0.7956","5.1099999999999905","0.4896","102.2","102.2","0.12","0","false","0.8029278364278081","1","0.784","1.3500000000000005","0.216","0.5015082956259427","0.4432485322896282","0.4897959183673469","0.37037037037037035","0","500","0","8.881784197001252E-16","1.5987211554602254E-14","true","true","true"
"1834","310334","B-bad","false","500","310334","B-bad","500","125","5000","0.8588821376227943","1","21","0.5782674690126446","0.7","12.5","25","0.9357810850477298","0.7592","6.019999999999998","0.4928","120.4","120.4","0.09","0","false","0.8588821376227943","1","0.832","1.0500000000000003","0.168","0.5084299262381454","0.4435215946843854","0.4423076923076923","0.2857142857142857","0","500","0","4.440892098500626E-16","5.5067062021407764E-14","true","true","true"
"1836","310336","B-bad","false","500","310336","B-bad","500","125","5000","0.9431811237123936","1","40","0.524739852380618","0.55","11.9","25","0.9031817372518978","0.754","6.15","0.4878","123","123","0.1","0","false","0.9431811237123936","1","0.68","2.000000000000001","0.32","0.5013262599469496","0.44634146341463415","0.49411764705882355","0.325","0","500","0","8.881784197001252E-16","7.105427357601002E-14","true","true","true"
"1835","310335","B-bad","false","500","310335","B-bad","500","125","5000","0.9174389747697416","1","30","0.6137000577129148","0.9","10.4","25","0.9288908980808367","0.8244","4.389999999999995","0.4836","87.8","87.8","0.064","0","false","0.9174389747697416","1","0.76","1.5000000000000007","0.24","0.497573993207181","0.417995444191344","0.4421052631578947","0.3","0","500","0","8.881784197001252E-16","1.2434497875801753E-14","true","true","true"
"1839","310339","B-bad","false","500","310339","B-bad","500","125","5000","0.832766961303352","1","30","0.6019003577587967","0.8","13.8","25","0.9186801746330018","0.7688","5.780000000000007","0.4802","115.6","115.6","0.11","0","false","0.832766961303352","1","0.76","1.5000000000000007","0.24","0.49141519250780435","0.4429065743944637","0.47368421052631576","0.36666666666666664","0","500","0","8.881784197001252E-16","6.750155989720952E-14","true","true","true"
"1840","310340","B-bad","false","500","310340","B-bad","500","125","5000","0.9314206186232206","1","27","0.5361768147287317","0.6","12.8","25","0.9223436040540707","0.8176","4.5599999999999925","0.4834","91.2","91.2","0.066","0","false","0.9314206186232206","1","0.784","1.3500000000000005","0.216","0.49559686888454013","0.42872807017543857","0.5510204081632653","0.25925925925925924","0","500","0","4.440892098500626E-16","1.865174681370263E-14","true","true","true"
"1837","310337","B-bad","false","500","310337","B-bad","500","125","5000","0.5990099009900991","1","54","0.6278864766002004","0.9","11.3","25","0.7534846523837486","0.7068","7.330000000000022","0.4968","146.6","146.6","0.29","0.3","false","0.5990099009900991","1","0.568","2.6999999999999984","0.432","0.5082059988681381","0.4693042291950887","0.4788732394366197","0.48148148148148145","0","500","0","8.881784197001252E-16","1.3855583347321954E-13","true","true","true"
"1838","310338","B-bad","false","500","310338","B-bad","500","125","5000","0.8588821376227943","1","27","0.576338584513561","0.8","12","25","0.805697062421649","0.739","6.525000000000003","0.4924","130.5","130.5","0.22","0.1","false","0.8588821376227943","1","0.784","1.3500000000000005","0.216","0.5014884979702301","0.4666666666666667","0.5306122448979592","0.3333333333333333","0","500","0","8.881784197001252E-16","9.237055564881302E-14","true","true","true"
"1841","310341","B-bad","false","500","310341","B-bad","500","125","5000","0.8588821376227943","1","45","0.6271562593179891","0.85","12.2","25","0.8323593083559615","0.7494","6.264999999999998","0.4806","125.3","125.3","0.188","0","false","0.8588821376227943","1","0.64","2.25","0.36","0.4865225513744329","0.46288906624102155","0.55","0.4","0","500","0","4.440892098500626E-16","5.1514348342607263E-14","true","true","true"
"1842","310342","B-bad","false","500","310342","B-bad","500","125","5000","0.06857938137677944","0","107","0.6161678647279109","0.9","11.6","25","0.9319412679227724","0.8016","4.959999999999995","0.4866","99.2","99.2","0.064","0","false","0.06857938137677944","0","0.144","5.349999999999989","0.856","0.5004990019960079","0.43044354838709675","0.5555555555555556","0.5607476635514018","0","500","0","4.440892098500626E-16","1.4210854715202004E-14","true","true","true"
"1843","310343","B-bad","false","500","310343","B-bad","500","125","5000","0.769239887763884","1","36","0.5826917378046936","0.8","11.1","25","0.9050439778008682","0.8214","4.464999999999995","0.4886","89.3","89.3","0.078","0","false","0.769239887763884","1","0.712","1.800000000000001","0.288","0.5010956902848794","0.4311310190369541","0.5393258426966292","0.4166666666666667","0","500","0","8.881784197001252E-16","1.5987211554602254E-14","true","true","true"
"1845","310345","B-bad","false","500","310345","B-bad","500","125","5000","0.6905480615036318","1","54","0.5853885125372973","0.7","11.7","25","0.8784399376666853","0.6924","7.690000000000012","0.4894","153.8","153.8","0.128","0","false","0.6905480615036318","1","0.568","2.6999999999999984","0.432","0.5017331022530329","0.4616384915474642","0.43661971830985913","0.46296296296296297","0","500","0","8.881784197001252E-16","9.947598300641403E-14","true","true","true"
"1844","310344","B-bad","false","500","310344","B-bad","500","125","5000","0.8029278364278081","1","37","0.649900984301428","1","10.9","25","0.9450274555447382","0.82","4.500000000000002","0.4778","90","90","0.068","0","false","0.8029278364278081","1","0.704","1.850000000000001","0.296","0.49121951219512194","0.4166666666666667","0.45454545454545453","0.40540540540540543","0","500","0","8.881784197001252E-16","1.9539925233402755E-14","true","true","true"
"1847","310347","B-bad","false","500","310347","B-bad","500","125","5000","0.832766961303352","1","40","0.5677135310568346","0.8","11.2","25","0.9032100708263734","0.7654","5.86499999999999","0.4836","117.3","117.3","0.102","0","false","0.832766961303352","1","0.68","2.000000000000001","0.32","0.49412072119153383","0.4492753623188406","0.4588235294117647","0.4","0","500","0","8.881784197001252E-16","1.687538997430238E-14","true","true","true"
"1846","310346","B-bad","false","500","310346","B-bad","500","125","5000","0.769239887763884","1","46","0.5367687118344077","0.55","10.2","25","0.9102160000504659","0.7816","5.459999999999999","0.4858","109.2","109.2","0.094","0","false","0.769239887763884","1","0.632","2.3","0.368","0.4982088024564995","0.4413919413919414","0.5316455696202531","0.43478260869565216","0","500","0","8.881784197001252E-16","3.730349362740526E-14","true","true","true"
"1848","310348","B-bad","false","500","310348","B-bad","500","125","5000","0.5","0.5","44","0.49251427116584257","0.5","13.2","25","0.7868052013571957","0.7378","6.555000000000005","0.4932","131.1","131.1","0.22","0.2","false","0.5","0.5","0.648","2.2","0.352","0.5039306044998645","0.4630053394355454","0.48148148148148145","0.5","0","500","0","8.881784197001252E-16","4.440892098500626E-14","true","true","true"
"1849","310349","B-bad","false","500","310349","B-bad","500","125","5000","0.8588821376227943","1","39","0.5633475920407576","0.7","11.5","25","0.9344251746360834","0.7802","5.494999999999994","0.4862","109.9","109.9","0.084","0","false","0.8588821376227943","1","0.688","1.950000000000001","0.312","0.4998718277364778","0.43767060964513194","0.43023255813953487","0.38461538461538464","0","500","0","8.881784197001252E-16","2.6645352591003757E-14","true","true","true"
"1850","310350","B-bad","false","500","310350","B-bad","500","125","5000","0.5990099009900991","1","42","0.6457556592262256","1","11.5","25","0.894118756042546","0.8076","4.809999999999993","0.4964","96.2","96.2","0.114","0","false","0.5990099009900991","1","0.664","2.1000000000000005","0.336","0.5106488360574541","0.4365904365904366","0.5060240963855421","0.47619047619047616","0","500","0","8.881784197001252E-16","1.509903313490213E-14","true","true","true"
"1851","310351","B-bad","false","500","310351","B-bad","500","125","5000","0.9174389747697416","1","24","0.5290548061503632","0.65","11.8","25","0.8484013894267362","0.7228","6.929999999999995","0.4894","138.6","138.6","0.14","0","false","0.9174389747697416","1","0.808","1.2000000000000004","0.192","0.4994465965688987","0.46320346320346323","0.48514851485148514","0.25","0","500","0","4.440892098500626E-16","6.572520305780927E-14","true","true","true"
"1852","310352","B-bad","false","500","310352","B-bad","500","125","5000","0.646116504854369","1","61","0.503548282745063","0.55","11.8","25","0.8951078127929628","0.8102","4.744999999999996","0.4818","94.9","94.9","0.112","0","false","0.646116504854369","1","0.512","3.049999999999997","0.488","0.4929647000740558","0.43414120126448896","0.46875","0.47540983606557374","0","500","0","8.881784197001252E-16","1.9539925233402755E-14","true","true","true"
"1853","310353","B-bad","false","500","310353","B-bad","500","125","5000","0.7317174011812813","1","61","0.510479669326156","0.65","11.6","25","0.8318136716897765","0.7126","7.185","0.4942","143.7","143.7","0.16","0","false","0.7317174011812813","1","0.512","3.049999999999997","0.488","0.5060342408083076","0.464857341684064","0.453125","0.45901639344262296","0","500","0","8.881784197001252E-16","4.263256414560601E-14","true","true","true"
"1854","310354","B-bad","false","500","310354","B-bad","500","125","5000","0.8588821376227943","1","33","0.5333076321027065","0.65","12.9","25","0.8108134652038534","0.7114","7.215000000000018","0.4976","144.3","144.3","0.228","0.1","false","0.8588821376227943","1","0.736","1.6500000000000008","0.264","0.5105425920719707","0.4656964656964657","0.5760869565217391","0.36363636363636365","0","500","0","8.881784197001252E-16","1.7408297026122455E-13","true","true","true"
"1856","310356","B-bad","false","500","310356","B-bad","500","125","5000","0.832766961303352","1","52","0.47221757445015095","0.45","13.6","25","0.8699149431673053","0.72","6.999999999999997","0.4854","140","140","0.11","0","false","0.832766961303352","1","0.584","2.5999999999999988","0.416","0.49472222222222223","0.4614285714285714","0.5068493150684932","0.4230769230769231","0","500","0","4.440892098500626E-16","9.592326932761353E-14","true","true","true"
"1858","310358","B-bad","false","500","310358","B-bad","500","125","5000","0.6905480615036318","1","48","0.570856120820703","0.7","13.3","25","0.9241087252684164","0.785","5.374999999999992","0.4926","107.5","107.5","0.11","0.1","false","0.6905480615036318","1","0.616","2.3999999999999995","0.384","0.5072611464968153","0.4390697674418605","0.5454545454545454","0.4583333333333333","0","500","0","8.881784197001252E-16","1.5987211554602254E-14","true","true","true"
"1855","310355","B-bad","false","500","310355","B-bad","500","125","5000","0.7317174011812813","1","39","0.5248019801980198","0.65","11.5","25","0.8843423289875277","0.7724","5.689999999999992","0.4956","113.8","113.8","0.12","0.1","false","0.7317174011812813","1","0.688","1.950000000000001","0.312","0.5100983946141895","0.44639718804920914","0.4186046511627907","0.4358974358974359","0","500","0","8.881784197001252E-16","1.7763568394002505E-14","true","true","true"
"1857","310357","B-bad","false","500","310357","B-bad","500","125","5000","0.8814994686598714","1","28","0.6103052225968464","0.9","11.8","25","0.9192024916598331","0.84","3.999999999999993","0.4774","80","80","0.074","0","false","0.8814994686598714","1","0.776","1.4000000000000006","0.224","0.49","0.41125","0.5154639175257731","0.32142857142857145","0","500","0","8.881784197001252E-16","1.9539925233402755E-14","true","true","true"
"1859","310359","B-bad","false","500","310359","B-bad","500","125","5000","0.9431811237123936","1","28","0.5928169916806798","0.65","12.2","25","0.9318747877045187","0.811","4.7249999999999925","0.4836","94.5","94.5","0.062","0","false","0.9431811237123936","1","0.776","1.4000000000000006","0.224","0.49815043156596794","0.4211640211640212","0.4845360824742268","0.25","0","500","0","8.881784197001252E-16","1.7763568394002505E-14","true","true","true"
"1860","310360","B-bad","false","500","310360","B-bad","500","125","5000","0.7317174011812813","1","49","0.5386664566358002","0.65","11.4","25","0.8361349088684916","0.7532","6.1699999999999875","0.4944","123.4","123.4","0.148","0","false","0.7317174011812813","1","0.608","2.4499999999999993","0.392","0.5042485395645246","0.46434359805510533","0.4473684210526316","0.4489795918367347","0","500","0","4.440892098500626E-16","1.687538997430238E-14","true","true","true"
"1861","310361","B-bad","false","500","310361","B-bad","500","125","5000","0.8029278364278081","1","37","0.543969014127903","0.6","12.1","25","0.9234171345333678","0.8188","4.529999999999992","0.481","90.6","90.6","0.054","0","false","0.8029278364278081","1","0.704","1.850000000000001","0.296","0.4934049829018075","0.4249448123620309","0.5113636363636364","0.40540540540540543","0","500","0","8.881784197001252E-16","1.5987211554602254E-14","true","true","true"
"1862","310362","B-bad","false","500","310362","B-bad","500","125","5000","0.400990099009901","0","52","0.5367259689744082","0.55","14.2","25","0.9330436609591478","0.801","4.97499999999999","0.483","99.5","99.5","0.058","0","false","0.400990099009901","0","0.584","2.5999999999999988","0.416","0.4968789013732834","0.4271356783919598","0.3972602739726027","0.5192307692307693","0","500","0","8.881784197001252E-16","1.509903313490213E-14","true","true","true"
"1863","310363","B-bad","false","500","310363","B-bad","500","125","5000","0.646116504854369","1","35","0.5211389675914275","0.55","11.9","25","0.8791702601859626","0.7394","6.515000000000008","0.4866","130.3","130.3","0.146","0.1","false","0.646116504854369","1","0.72","1.7500000000000009","0.28","0.5001352447930755","0.4481964696853415","0.4666666666666667","0.45714285714285713","0","500","0","8.881784197001252E-16","9.592326932761353E-14","true","true","true"
"1864","310364","B-bad","false","500","310364","B-bad","500","125","5000","0.5990099009900991","1","42","0.5312769433359307","0.7","11.6","25","0.9176813395566945","0.758","6.049999999999996","0.4784","121","121","0.096","0","false","0.5990099009900991","1","0.664","2.1000000000000005","0.336","0.48918205804749343","0.4446280991735537","0.5542168674698795","0.47619047619047616","0","500","0","8.881784197001252E-16","5.1514348342607263E-14","true","true","true"
"1865","310365","B-bad","false","500","310365","B-bad","500","125","5000","0.9009100727155935","1","41","0.4714402229073422","0.6","12.5","25","0.8978749774368353","0.7372","6.5699999999999985","0.484","131.4","131.4","0.134","0","false","0.9009100727155935","1","0.672","2.0500000000000007","0.328","0.4956592512208356","0.4512937595129376","0.5238095238095238","0.36585365853658536","0","500","0","4.440892098500626E-16","6.572520305780927E-14","true","true","true"
"1866","310366","B-bad","false","500","310366","B-bad","500","125","5000","0.769239887763884","1","44","0.5743325602839537","0.8","10.9","25","0.8413432953649778","0.8068","4.829999999999991","0.4894","96.6","96.6","0.14","0","false","0.769239887763884","1","0.648","2.2","0.352","0.5","0.4451345755693582","0.5432098765432098","0.4318181818181818","0","500","0","8.881784197001252E-16","1.509903313490213E-14","true","true","true"
"1867","310367","B-bad","false","500","310367","B-bad","500","125","5000","0.3094519384963682","0","58","0.5991578921469984","0.75","11.9","25","0.9202205646601114","0.8114","4.714999999999991","0.485","94.3","94.3","0.11","0","false","0.3094519384963682","0","0.536","2.8999999999999977","0.464","0.4969189055952674","0.4337221633085896","0.5522388059701493","0.5344827586206896","0","500","0","4.440892098500626E-16","1.5987211554602254E-14","true","true","true"
"1868","310368","B-bad","false","500","310368","B-bad","500","125","5000","0.19707216357219193","0","47","0.5847205972584832","0.7","11","25","0.9105288264424243","0.7634","5.915000000000002","0.4804","118.3","118.3","0.094","0","false","0.19707216357219193","0","0.624","2.3499999999999996","0.376","0.4901755305213518","0.44885883347421807","0.5641025641025641","0.574468085106383","0","500","0","8.881784197001252E-16","6.039613253960852E-14","true","true","true"
"1869","310369","B-bad","false","500","310369","B-bad","500","125","5000","0.4009900990099009","0","62","0.5959624878238119","0.8","10.6","25","0.8710573553698632","0.7498","6.255000000000008","0.485","125.1","125.1","0.148","0.1","false","0.4009900990099009","0","0.504","3.099999999999997","0.496","0.49613230194718594","0.451638689048761","0.49206349206349204","0.5161290322580645","0","500","0","4.440892098500626E-16","1.2434497875801753E-13","true","true","true"
"1870","310370","B-bad","false","500","310370","B-bad","500","125","5000","0.55","1","47","0.4823825362568387","0.5","14.3","25","0.888623107884821","0.7584","6.039999999999997","0.489","120.8","120.8","0.136","0.1","false","0.55","1","0.624","2.3499999999999996","0.376","0.5029008438818565","0.445364238410596","0.6025641025641025","0.48936170212765956","0","500","0","8.881784197001252E-16","7.460698725481052E-14","true","true","true"
"1871","310371","B-bad","false","500","310371","B-bad","500","125","5000","0.646116504854369","1","49","0.5843180648116744","0.8","11","25","0.9255286837103787","0.779","5.525000000000002","0.484","110.5","110.5","0.076","0","false","0.646116504854369","1","0.608","2.4499999999999993","0.392","0.4975609756097561","0.43619909502262444","0.5526315789473685","0.46938775510204084","0","500","0","8.881784197001252E-16","6.039613253960852E-14","true","true","true"
"1872","310372","B-bad","false","500","310372","B-bad","500","125","5000","0.769239887763884","1","42","0.5555904454121885","0.6","11","25","0.9054514817530673","0.7502","6.245000000000001","0.4906","124.9","124.9","0.08","0","false","0.769239887763884","1","0.664","2.1000000000000005","0.336","0.5041322314049587","0.4499599679743795","0.46987951807228917","0.42857142857142855","0","500","0","4.440892098500626E-16","6.750155989720952E-14","true","true","true"
"1873","310373","B-bad","false","500","310373","B-bad","500","125","5000","0.769239887763884","1","32","0.6033399019513602","1","10.5","25","0.8645991454340793","0.8008","4.979999999999994","0.4934","99.6","99.6","0.1","0","false","0.769239887763884","1","0.744","1.6000000000000008","0.256","0.5062437562437563","0.44176706827309237","0.5053763440860215","0.40625","0","500","0","8.881784197001252E-16","1.7763568394002505E-14","true","true","true"
"1874","310374","B-bad","false","500","310374","B-bad","500","125","5000","0.8588821376227943","1","37","0.6111678647279108","0.85","10.3","25","0.8324527388260631","0.7708","5.73","0.4842","114.6","114.6","0.158","0.1","false","0.8588821376227943","1","0.704","1.850000000000001","0.296","0.4924753502854177","0.456369982547993","0.5909090909090909","0.3783783783783784","0","500","0","4.440892098500626E-16","3.552713678800501E-14","true","true","true"
"1875","310375","B-bad","false","500","310375","B-bad","500","125","5000","0.7317174011812813","1","51","0.586350837338375","0.8","12.2","25","0.9357418180909967","0.824","4.399999999999994","0.4906","88","88","0.08","0","false","0.7317174011812813","1","0.592","2.549999999999999","0.408","0.5055825242718447","0.42045454545454547","0.43243243243243246","0.45098039215686275","0","500","0","8.881784197001252E-16","1.509903313490213E-14","true","true","true"
"1876","310376","B-bad","false","500","310376","B-bad","500","125","5000","0.832766961303352","1","50","0.5213541183448486","0.6","12.6","25","0.8896628913973835","0.793","5.174999999999992","0.4908","103.5","103.5","0.098","0","false","0.832766961303352","1","0.6","2.499999999999999","0.4","0.5031525851197982","0.4434782608695652","0.5066666666666667","0.42","0","500","0","4.440892098500626E-16","1.687538997430238E-14","true","true","true"
"1877","310377","B-bad","false","500","310377","B-bad","500","125","5000","0.8588821376227943","1","47","0.5692495449458697","0.7","12.9","25","0.8475752274165431","0.7584","6.0399999999999965","0.4914","120.8","120.8","0.19","0.2","false","0.8588821376227943","1","0.624","2.3499999999999996","0.376","0.5042194092827004","0.451158940397351","0.6153846153846154","0.40425531914893614","0","500","0","8.881784197001252E-16","5.6843418860808015E-14","true","true","true"
"1878","310378","B-bad","false","500","310378","B-bad","500","125","5000","0.8029278364278081","1","49","0.5273123382909516","0.65","13","25","0.9336584279568074","0.7386","6.534999999999997","0.4754","130.7","130.7","0.064","0","false","0.8029278364278081","1","0.608","2.4499999999999993","0.392","0.48659626320064986","0.44376434583014535","0.5657894736842105","0.42857142857142855","0","500","0","8.881784197001252E-16","2.6645352591003757E-14","true","true","true"
"1879","310379","B-bad","false","500","310379","B-bad","500","125","5000","0.8814994686598714","1","22","0.5567259689744082","0.75","11.8","25","0.8391225659742323","0.7206","6.9850000000000065","0.4934","139.7","139.7","0.166","0.1","false","0.8814994686598714","1","0.824","1.1000000000000003","0.176","0.5056897030252567","0.4617036506800286","0.49514563106796117","0.2727272727272727","0","500","0","4.440892098500626E-16","1.7053025658242404E-13","true","true","true"
"1880","310380","B-bad","false","500","310380","B-bad","500","125","5000","0.44999999999999996","0","75","0.5222905033988792","0.55","10.1","25","0.9266805775572766","0.759","6.025000000000004","0.4902","120.5","120.5","0.09","0","false","0.44999999999999996","0","0.4","3.7499999999999947","0.6","0.504874835309618","0.44398340248962653","0.6","0.5066666666666667","0","500","0","8.881784197001252E-16","7.993605777301127E-14","true","true","true"
"1881","310381","B-bad","false","500","310381","B-bad","500","125","5000","0.769239887763884","1","40","0.48691957969346467","0.5","13.7","25","0.8891501158699153","0.7196","7.009999999999994","0.4936","140.2","140.2","0.138","0","false","0.769239887763884","1","0.68","2.000000000000001","0.32","0.5072262367982212","0.4586305278174037","0.5058823529411764","0.425","0","500","0","4.440892098500626E-16","1.9539925233402755E-14","true","true","true"
"1882","310382","B-bad","false","500","310382","B-bad","500","125","5000","0.646116504854369","1","55","0.48431886684265607","0.5","11.4","25","0.9297746659671506","0.798","5.04999999999999","0.4884","101","101","0.08","0","false","0.646116504854369","1","0.56","2.7499999999999982","0.44","0.5037593984962406","0.4277227722772277","0.5571428571428572","0.4727272727272727","0","500","0","8.881784197001252E-16","1.5987211554602254E-14","true","true","true"
"1883","310383","B-bad","false","500","310383","B-bad","500","125","5000","0.5990099009900991","1","54","0.6494270115847209","0.9","9.8","25","0.8275991594959198","0.787","5.324999999999994","0.486","106.5","106.5","0.162","0.1","false","0.5990099009900991","1","0.568","2.6999999999999984","0.432","0.49555273189326554","0.4507042253521127","0.49295774647887325","0.48148148148148145","0","500","0","8.881784197001252E-16","2.1316282072803006E-14","true","true","true"
"1884","310384","B-bad","false","500","310384","B-bad","500","125","5000","0.5","0.5","34","0.5370303557794972","0.5","12","25","0.7839667863211106","0.7116","7.210000000000005","0.5014","144.2","144.2","0.216","0.1","false","0.5","0.5","0.728","1.7000000000000008","0.272","0.515177065767285","0.46740638002773927","0.5164835164835165","0.5","0","500","0","8.881784197001252E-16","7.993605777301127E-14","true","true","true"
"1885","310385","B-bad","false","500","310385","B-bad","500","125","5000","0.832766961303352","1","54","0.5770989764397475","0.7","12.4","25","0.8515312740944652","0.7146","7.134999999999998","0.4906","142.7","142.7","0.138","0.1","false","0.832766961303352","1","0.568","2.6999999999999984","0.432","0.503498460677302","0.4583041345480028","0.49295774647887325","0.42592592592592593","0","500","0","8.881784197001252E-16","8.171241461241152E-14","true","true","true"
"1886","310386","B-bad","false","500","310386","B-bad","500","125","5000","0.7317174011812813","1","49","0.5728747104151578","0.9","12.5","25","0.8881488589540739","0.7944","5.1399999999999935","0.4734","102.8","102.8","0.104","0","false","0.7317174011812813","1","0.608","2.4499999999999993","0.392","0.4813695871097684","0.44260700389105057","0.42105263157894735","0.4489795918367347","0","500","0","8.881784197001252E-16","1.2434497875801753E-14","true","true","true"
"1888","310388","B-bad","false","500","310388","B-bad","500","125","5000","0.03876388255528562","0","96","0.5568381967539283","0.65","11.4","25","0.9394850369278848","0.812","4.699999999999991","0.4856","94","94","0.07","0","false","0.03876388255528562","0","0.232","4.799999999999991","0.768","0.5002463054187192","0.4223404255319149","0.3793103448275862","0.5833333333333334","0","500","0","8.881784197001252E-16","1.3322676295501878E-14","true","true","true"
"1887","310387","B-bad","false","500","310387","B-bad","500","125","5000","0.8588821376227943","1","57","0.6342585167642103","0.8","10.7","25","0.8768502941949722","0.7658","5.855000000000009","0.4788","117.1","117.1","0.114","0","false","0.8588821376227943","1","0.544","2.849999999999998","0.456","0.48733350744319665","0.45089666951323654","0.4264705882352941","0.42105263157894735","0","500","0","8.881784197001252E-16","1.5631940186722204E-13","true","true","true"
"1889","310389","B-bad","false","500","310389","B-bad","500","125","5000","0.6905480615036318","1","44","0.6041530140203717","0.75","11.9","25","0.8720288578807797","0.7612","5.970000000000004","0.4958","119.4","119.4","0.142","0","false","0.6905480615036318","1","0.648","2.2","0.352","0.509196006305833","0.45309882747068675","0.5308641975308642","0.45454545454545453","0","500","0","4.440892098500626E-16","4.263256414560601E-14","true","true","true"
"1890","310390","B-bad","false","500","310390","B-bad","500","125","5000","0.55","1","45","0.5323255561694815","0.55","11.3","25","0.9405330720264276","0.7658","5.854999999999993","0.4902","117.1","117.1","0.076","0","false","0.55","1","0.64","2.25","0.36","0.5056150430921912","0.43979504696840305","0.45","0.4888888888888889","0","500","0","8.881784197001252E-16","3.019806626980426E-14","true","true","true"
"1891","310391","B-bad","false","500","310391","B-bad","500","125","5000","0.5990099009900991","1","42","0.6616501138240045","1","11.4","25","0.881211584122361","0.8306","4.234999999999994","0.4896","84.7","84.7","0.126","0","false","0.5990099009900991","1","0.664","2.1000000000000005","0.336","0.5008427642667951","0.4344746162927981","0.5542168674698795","0.47619047619047616","0","500","0","4.440892098500626E-16","1.2434497875801753E-14","true","true","true"
"1892","310392","B-bad","false","500","310392","B-bad","500","125","5000","0.8814994686598714","1","28","0.6424345882773336","0.9","12.5","25","0.9210745466222618","0.8222","4.444999999999998","0.4764","88.9","88.9","0.074","0","false","0.8814994686598714","1","0.776","1.4000000000000006","0.224","0.4886888834833374","0.41957255343082117","0.5154639175257731","0.32142857142857145","0","500","0","8.881784197001252E-16","1.9539925233402755E-14","true","true","true"
"1893","310393","B-bad","false","500","310393","B-bad","500","125","5000","0.6905480615036318","1","30","0.6114203222578956","0.95","10.1","25","0.8983153655096983","0.8348","4.129999999999998","0.4754","82.6","82.6","0.096","0","false","0.6905480615036318","1","0.76","1.5000000000000007","0.24","0.4865836128413991","0.4188861985472155","0.49473684210526314","0.43333333333333335","0","500","0","8.881784197001252E-16","2.3092638912203256E-14","true","true","true"
"1894","310394","B-bad","false","500","310394","B-bad","500","125","5000","0.8814994686598714","1","42","0.6235020379109347","0.9","12","25","0.8076713869336851","0.7448","6.379999999999994","0.4876","127.6","127.6","0.148","0.1","false","0.8814994686598714","1","0.664","2.1000000000000005","0.336","0.4954350161117078","0.4647335423197492","0.4819277108433735","0.38095238095238093","0","500","0","8.881784197001252E-16","4.973799150320701E-14","true","true","true"
"1895","310395","B-bad","false","500","310395","B-bad","500","125","5000","0.769239887763884","1","48","0.5909804096429733","0.7","12.6","25","0.9113469581803099","0.8186","4.534999999999992","0.4802","90.7","90.7","0.096","0","false","0.769239887763884","1","0.616","2.3999999999999995","0.384","0.49132665526508673","0.42998897464167585","0.4805194805194805","0.4375","0","500","0","4.440892098500626E-16","1.687538997430238E-14","true","true","true"
"1896","310396","B-bad","false","500","310396","B-bad","500","125","5000","0.19707216357219193","0","93","0.5722339033706101","0.7","11.9","25","0.8602108019047765","0.7336","6.659999999999999","0.4892","133.2","133.2","0.166","0.1","false","0.19707216357219193","0","0.256","4.6499999999999915","0.744","0.5008178844056707","0.4572072072072072","0.65625","0.5376344086021505","0","500","0","8.881784197001252E-16","4.085620730620576E-14","true","true","true"
"1897","310397","B-bad","false","500","310397","B-bad","500","125","5000","0.44999999999999996","0","79","0.57790278370314","0.7","12.3","25","0.8676470209170315","0.7776","5.559999999999992","0.4836","111.2","111.2","0.15","0","false","0.44999999999999996","0","0.368","3.949999999999994","0.632","0.4930555555555556","0.4505395683453237","0.43478260869565216","0.5063291139240507","0","500","0","4.440892098500626E-16","1.865174681370263E-14","true","true","true"
"1898","310398","B-bad","false","500","310398","B-bad","500","125","5000","0.9009100727155935","1","51","0.6002153137761553","0.8","11.1","25","0.8568710062823385","0.764","5.899999999999996","0.489","118","118","0.156","0","false","0.9009100727155935","1","0.592","2.549999999999999","0.408","0.4989528795811518","0.45677966101694917","0.5405405405405406","0.39215686274509803","0","500","0","4.440892098500626E-16","5.3290705182007514E-14","true","true","true"
"1899","310399","B-bad","false","500","310399","B-bad","500","125","5000","0.646116504854369","1","83","0.5707998537797124","0.65","11.1","25","0.9365231414770185","0.8168","4.579999999999992","0.4812","91.6","91.6","0.066","0","false","0.646116504854369","1","0.336","4.149999999999993","0.664","0.49387855044074436","0.42467248908296945","0.42857142857142855","0.4819277108433735","0","500","0","4.440892098500626E-16","1.5987211554602254E-14","true","true","true"
"1900","310400","B-bad","false","500","310400","B-bad","500","125","5000","0.9314206186232206","1","23","0.45153156316618015","0.35","13.4","25","0.8725806132851774","0.743","6.4250000000000025","0.4972","128.5","128.5","0.168","0","false","0.9314206186232206","1","0.816","1.1500000000000004","0.184","0.5109017496635262","0.4575875486381323","0.5490196078431373","0.21739130434782608","0","500","0","4.440892098500626E-16","3.907985046680551E-14","true","true","true"
"1901","310401","B-bad","false","500","310401","B-bad","500","125","5000","0.7317174011812813","1","33","0.6544418669941731","0.85","11.2","25","0.9345840393753191","0.8124","4.689999999999994","0.4932","93.8","93.8","0.092","0","false","0.7317174011812813","1","0.736","1.6500000000000008","0.264","0.5083702609551944","0.4275053304904051","0.4782608695652174","0.42424242424242425","0","500","0","4.440892098500626E-16","1.7763568394002505E-14","true","true","true"
"1902","310402","B-bad","false","500","310402","B-bad","500","125","5000","0.8588821376227943","1","39","0.5813508373383751","0.75","10.9","25","0.8414230736346363","0.746","6.350000000000004","0.4854","127","127","0.148","0","false","0.8588821376227943","1","0.688","1.950000000000001","0.312","0.4932975871313673","0.4622047244094488","0.5697674418604651","0.38461538461538464","0","500","0","8.881784197001252E-16","6.039613253960852E-14","true","true","true"
"1903","310403","B-bad","false","500","310403","B-bad","500","125","5000","0.55","1","41","0.5290329712582909","0.6","14.4","25","0.940720908914132","0.7476","6.310000000000001","0.4828","126.2","126.2","0.08","0","false","0.55","1","0.672","2.0500000000000007","0.328","0.4970572498662386","0.4405705229793978","0.4880952380952381","0.4878048780487805","0","500","0","8.881784197001252E-16","7.993605777301127E-14","true","true","true"
"1904","310404","B-bad","false","500","310404","B-bad","500","125","5000","0.5","0.5","80","0.5517391868529382","0.55","12.1","25","0.7999938660960575","0.6812","7.970000000000015","0.491","159.4","159.4","0.218","0.2","false","0.5","0.5","0.36","3.999999999999994","0.64","0.5","0.47176913425345046","0.5111111111111111","0.5","0","500","0","8.881784197001252E-16","1.2434497875801753E-13","true","true","true"
"1905","310405","B-bad","false","500","310405","B-bad","500","125","5000","0.26828259881871874","0","53","0.6130826670891943","0.8","12.4","25","0.9302076467733131","0.7924","5.189999999999989","0.497","103.8","103.8","0.122","0","false","0.26828259881871874","0","0.576","2.6499999999999986","0.424","0.5136294800605755","0.43352601156069365","0.4861111111111111","0.5471698113207547","0","500","0","8.881784197001252E-16","1.3322676295501878E-14","true","true","true"
"1906","310406","B-bad","false","500","310406","B-bad","500","125","5000","0.7317174011812813","1","41","0.5915780491345464","0.8","11.1","25","0.8294622321310628","0.7586","6.034999999999998","0.4908","120.7","120.7","0.17","0.1","false","0.7317174011812813","1","0.672","2.0500000000000007","0.328","0.5022409702082784","0.45484672742336374","0.4166666666666667","0.43902439024390244","0","500","0","8.881784197001252E-16","5.3290705182007514E-14","true","true","true"
"1907","310407","B-bad","false","500","310407","B-bad","500","125","5000","0.8814994686598714","1","38","0.5376843807025751","0.55","11.4","25","0.9034145408413611","0.7818","5.45499999999999","0.487","109.1","109.1","0.114","0","false","0.8814994686598714","1","0.696","1.900000000000001","0.304","0.4991046303402405","0.44362969752520626","0.5402298850574713","0.3684210526315789","0","500","0","4.440892098500626E-16","1.687538997430238E-14","true","true","true"
"1908","310408","B-bad","false","500","310408","B-bad","500","125","5000","0.6905480615036318","1","58","0.5804042324978365","0.65","12.2","25","0.9426782123266921","0.749","6.27499999999999","0.4806","125.5","125.5","0.1","0","false","0.6905480615036318","1","0.536","2.8999999999999977","0.464","0.49372496662216286","0.44143426294820715","0.373134328358209","0.46551724137931033","0","500","0","8.881784197001252E-16","1.5987211554602254E-14","true","true","true"
"1909","310409","B-bad","false","500","310409","B-bad","500","125","5000","0.8029278364278081","1","67","0.5518381967539282","0.6","12.9","25","0.8426530283804284","0.786","5.349999999999996","0.492","107","107","0.162","0.1","false","0.8029278364278081","1","0.464","3.349999999999996","0.536","0.5033078880407125","0.4504672897196262","0.6724137931034483","0.44776119402985076","0","500","0","4.440892098500626E-16","3.197442310920451E-14","true","true","true"
"1910","310410","B-bad","false","500","310410","B-bad","500","125","5000","0.44999999999999996","0","47","0.5658561208207031","0.65","13.4","25","0.9612894770979297","0.832","4.199999999999994","0.4896","84","84","0.042","0","false","0.44999999999999996","0","0.624","2.3499999999999996","0.376","0.5074519230769231","0.4011904761904762","0.5641025641025641","0.5106382978723404","0","500","0","8.881784197001252E-16","1.7763568394002505E-14","true","true","true"
"1911","310411","B-bad","false","500","310411","B-bad","500","125","5000","0.769239887763884","1","50","0.5345087275115359","0.6","10.8","25","0.8141793379267174","0.6784","8.04000000000001","0.4884","160.8","160.8","0.176","0.1","false","0.769239887763884","1","0.6","2.499999999999999","0.4","0.49764150943396224","0.4689054726368159","0.52","0.44","0","500","0","8.881784197001252E-16","1.3855583347321954E-13","true","true","true"
"1912","310412","B-bad","false","500","310412","B-bad","500","125","5000","0.7317174011812813","1","37","0.5945594595400915","0.65","9.4","25","0.923472210816336","0.793","5.174999999999991","0.4932","103.5","103.5","0.076","0","false","0.7317174011812813","1","0.704","1.850000000000001","0.296","0.508953341740227","0.43285024154589374","0.5568181818181818","0.43243243243243246","0","500","0","8.881784197001252E-16","1.865174681370263E-14","true","true","true"
"1914","310414","B-bad","false","500","310414","B-bad","500","125","5000","0.6905480615036318","1","50","0.6358887568441018","0.9","10.9","25","0.9296683280116239","0.8496","3.7599999999999953","0.48","75.2","75.2","0.056","0","false","0.6905480615036318","1","0.6","2.499999999999999","0.4","0.4924670433145009","0.4095744680851064","0.6133333333333333","0.46","0","500","0","4.440892098500626E-16","1.687538997430238E-14","true","true","true"
"1913","310413","B-bad","false","500","310413","B-bad","500","125","5000","0.8814994686598714","1","50","0.5783606181372237","0.7","12.5","25","0.900582529112705","0.7782","5.54499999999999","0.4882","110.9","110.9","0.146","0","false","0.8814994686598714","1","0.6","2.499999999999999","0.4","0.5014135183757389","0.4418394950405771","0.5333333333333333","0.4","0","500","0","8.881784197001252E-16","1.7763568394002505E-14","true","true","true"
"1916","310416","B-bad","false","500","310416","B-bad","500","125","5000","0.03876388255528562","0","92","0.548276277808251","0.6","11","25","0.8691333650542272","0.7802","5.494999999999989","0.4942","109.9","109.9","0.168","0","false","0.03876388255528562","0","0.264","4.599999999999992","0.736","0.5060240963855421","0.45222929936305734","0.5151515151515151","0.5869565217391305","0","500","0","4.440892098500626E-16","1.509903313490213E-14","true","true","true"
"1915","310415","B-bad","false","500","310415","B-bad","500","125","5000","0.7317174011812813","1","49","0.5603622685623014","0.75","11.9","25","0.9364587044604079","0.8294","4.264999999999993","0.4862","85.3","85.3","0.066","0","false","0.7317174011812813","1","0.608","2.4499999999999993","0.392","0.500361707258259","0.41735052754982416","0.5657894736842105","0.4489795918367347","0","500","0","8.881784197001252E-16","1.3322676295501878E-14","true","true","true"
"1917","310417","B-bad","false","500","310417","B-bad","500","125","5000","0.8588821376227943","1","41","0.5598063892809435","0.65","12.3","25","0.8109076994228597","0.687","7.825000000000007","0.4954","156.5","156.5","0.22","0.1","false","0.8588821376227943","1","0.672","2.0500000000000007","0.328","0.5065502183406113","0.470926517571885","0.5357142857142857","0.3902439024390244","0","500","0","8.881784197001252E-16","7.815970093361102E-14","true","true","true"
"1919","310419","B-bad","false","500","310419","B-bad","500","125","5000","0.6905480615036318","1","36","0.5224812131705504","0.65","11.9","25","0.8889521380860785","0.805","4.874999999999995","0.4866","97.5","97.5","0.124","0","false","0.6905480615036318","1","0.712","1.800000000000001","0.288","0.4986335403726708","0.4369230769230769","0.5393258426966292","0.4444444444444444","0","500","0","8.881784197001252E-16","1.4210854715202004E-14","true","true","true"
"1920","310420","B-bad","false","500","310420","B-bad","500","125","5000","0.7317174011812813","1","65","0.6775243710606332","1","10.8","25","0.9471756301128404","0.8112","4.719999999999991","0.4902","94.4","94.4","0.072","0","false","0.7317174011812813","1","0.48","3.2499999999999964","0.52","0.5064102564102564","0.4205508474576271","0.38333333333333336","0.46153846153846156","0","500","0","8.881784197001252E-16","1.687538997430238E-14","true","true","true"
"1921","310421","B-bad","false","500","310421","B-bad","500","125","5000","0.9314206186232206","1","29","0.5683606181372236","0.6","13.5","25","0.9334921012091101","0.7784","5.539999999999992","0.4794","110.8","110.8","0.07","0","false","0.9314206186232206","1","0.768","1.4500000000000006","0.232","0.49126413155190135","0.43772563176895307","0.4895833333333333","0.27586206896551724","0","500","0","8.881784197001252E-16","1.509903313490213E-14","true","true","true"
"1918","310418","B-bad","false","500","310418","B-bad","500","125","5000","0.55","1","55","0.5127129406303287","0.5","13.1","25","0.9199888418450453","0.8082","4.794999999999994","0.4844","95.9","95.9","0.076","0","false","0.55","1","0.56","2.7499999999999982","0.44","0.4971541697599604","0.4306569343065693","0.45714285714285713","0.4909090909090909","0","500","0","8.881784197001252E-16","1.7763568394002505E-14","true","true","true"
"1922","310422","B-bad","false","500","310422","B-bad","500","125","5000","0.8029278364278081","1","47","0.553856786348383","0.8","11.9","25","0.8495866564270168","0.7422","6.444999999999993","0.4838","128.9","128.9","0.144","0","false","0.8029278364278081","1","0.624","2.3499999999999996","0.376","0.4925895984909728","0.45849495733126455","0.5","0.425531914893617","0","500","0","8.881784197001252E-16","1.9539925233402755E-14","true","true","true"
"1923","310423","B-bad","false","500","310423","B-bad","500","125","5000","0.8814994686598714","1","24","0.6083720067027674","0.8","11.5","25","0.861936673392267","0.799","5.024999999999991","0.4946","100.5","100.5","0.14","0","false","0.8814994686598714","1","0.808","1.2000000000000004","0.192","0.5076345431789737","0.4427860696517413","0.48514851485148514","0.2916666666666667","0","500","0","8.881784197001252E-16","1.865174681370263E-14","true","true","true"
"1924","310424","B-bad","false","500","310424","B-bad","500","125","5000","0.769239887763884","1","34","0.49689633381049053","0.6","12.2","25","0.7725690341099368","0.709","7.274999999999997","0.4972","145.5","145.5","0.218","0.1","false","0.769239887763884","1","0.728","1.7000000000000008","0.272","0.506064880112835","0.4756013745704467","0.5054945054945055","0.4117647058823529","0","500","0","4.440892098500626E-16","4.085620730620576E-14","true","true","true"
"1925","310425","B-bad","false","500","310425","B-bad","500","125","5000","0.8814994686598714","1","44","0.5989306803508272","0.8","10.5","25","0.9292219924545208","0.8038","4.904999999999991","0.4854","98.1","98.1","0.074","0","false","0.8814994686598714","1","0.648","2.2","0.352","0.49838268225926846","0.4322120285423038","0.49382716049382713","0.38636363636363635","0","500","0","8.881784197001252E-16","1.5987211554602254E-14","true","true","true"
"1926","310426","B-bad","false","500","310426","B-bad","500","125","5000","0.832766961303352","1","42","0.5548423063108159","0.6","13.2","25","0.9211441385374887","0.755","6.124999999999997","0.4942","122.5","122.5","0.088","0","false","0.832766961303352","1","0.664","2.1000000000000005","0.336","0.5101986754966887","0.4448979591836735","0.4578313253012048","0.40476190476190477","0","500","0","8.881784197001252E-16","6.927791673660977E-14","true","true","true"
"1927","310427","B-bad","false","500","310427","B-bad","500","125","5000","0.832766961303352","1","32","0.5290548061503632","0.65","11.2","25","0.8563409229791461","0.7472","6.320000000000005","0.4872","126.4","126.4","0.114","0","false","0.832766961303352","1","0.744","1.6000000000000008","0.256","0.49732334047109206","0.4572784810126582","0.4731182795698925","0.375","0","500","0","8.881784197001252E-16","1.1368683772161603E-13","true","true","true"
"1928","310428","B-bad","false","500","310428","B-bad","500","125","5000","0.5","0.5","74","0.4719272697828619","0.45","12","25","0.901113543849777","0.746","6.34999999999999","0.4958","127","127","0.084","0","false","0.5","0.5","0.408","3.699999999999995","0.592","0.5112600536193029","0.4503937007874016","0.5490196078431373","0.5","0","500","0","8.881784197001252E-16","1.687538997430238E-14","true","true","true"
"1929","310429","B-bad","false","500","310429","B-bad","500","125","5000","0.8588821376227943","1","61","0.5025133061121269","0.65","11.8","25","0.946866172290537","0.8214","4.4649999999999945","0.4716","89.3","89.3","0.036","0","false","0.8588821376227943","1","0.512","3.049999999999997","0.488","0.4835646457268079","0.4165733482642777","0.578125","0.4262295081967213","0","500","0","8.881784197001252E-16","9.769962616701378E-15","true","true","true"
"1930","310430","B-bad","false","500","310430","B-bad","500","125","5000","0.5990099009900991","1","52","0.5788988161620157","0.65","12.2","25","0.9027009524642133","0.7778","5.554999999999994","0.4858","111.1","111.1","0.116","0","false","0.5990099009900991","1","0.584","2.5999999999999988","0.416","0.4975572126510671","0.4446444644464446","0.5342465753424658","0.4807692307692308","0","500","0","8.881784197001252E-16","1.9539925233402755E-14","true","true","true"
"1931","310431","B-bad","false","500","310431","B-bad","500","125","5000","0.5990099009900991","1","30","0.5536427924307417","0.7","12.3","25","0.8135643075135228","0.746","6.35","0.4898","127","127","0.168","0.1","false","0.5990099009900991","1","0.76","1.5000000000000007","0.24","0.5","0.45984251968503936","0.5368421052631579","0.4666666666666667","0","500","0","8.881784197001252E-16","2.8421709430404007E-14","true","true","true"
"1932","310432","B-bad","false","500","310432","B-bad","500","125","5000","0.8814994686598714","1","28","0.5496369294067169","0.65","12.3","25","0.8662921631235767","0.7704","5.739999999999993","0.4954","114.8","114.8","0.134","0","false","0.8814994686598714","1","0.776","1.4000000000000006","0.224","0.5088265835929388","0.45034843205574915","0.5154639175257731","0.32142857142857145","0","500","0","8.881784197001252E-16","1.9539925233402755E-14","true","true","true"
"1933","310433","B-bad","false","500","310433","B-bad","500","125","5000","0.832766961303352","1","44","0.5551937737417908","0.75","11","25","0.8380308958156395","0.7374","6.564999999999991","0.4824","131.3","131.3","0.166","0","false","0.832766961303352","1","0.648","2.2","0.352","0.48955790615676703","0.4623000761614623","0.5185185185185185","0.4090909090909091","0","500","0","4.440892098500626E-16","1.5987211554602254E-14","true","true","true"
"1934","310434","B-bad","false","500","310434","B-bad","500","125","5000","0.8588821376227943","1","31","0.6250541760577636","0.9","10.6","25","0.9119624494512373","0.7926","5.184999999999991","0.4882","103.7","103.7","0.118","0.1","false","0.8588821376227943","1","0.752","1.5500000000000007","0.248","0.5031541761291951","0.43105110896817744","0.48936170212765956","0.3548387096774194","0","500","0","8.881784197001252E-16","1.4210854715202004E-14","true","true","true"
"1935","310435","B-bad","false","500","310435","B-bad","500","125","5000","0.44999999999999996","0","71","0.6368481336259846","0.85","9.7","25","0.8710443145328262","0.8334","4.164999999999994","0.4906","83.3","83.3","0.1","0","false","0.44999999999999996","0","0.432","3.5499999999999954","0.568","0.5032397408207343","0.42737094837935174","0.4074074074074074","0.5070422535211268","0","500","0","8.881784197001252E-16","1.1546319456101628E-14","true","true","true"
"1937","310437","B-bad","false","500","310437","B-bad","500","125","5000","0.832766961303352","1","44","0.674261960793418","0.9","10","25","0.942379653503953","0.827","4.324999999999992","0.498","86.5","86.5","0.062","0","false","0.832766961303352","1","0.648","2.2","0.352","0.5151148730350665","0.4161849710982659","0.4691358024691358","0.4090909090909091","0","500","0","8.881784197001252E-16","1.3322676295501878E-14","true","true","true"
"1936","310436","B-bad","false","500","310436","B-bad","500","125","5000","0.3094519384963682","0","100","0.6007851842076952","0.7","12.6","25","0.8663078549803431","0.7768","5.579999999999996","0.4878","111.6","111.6","0.114","0.1","false","0.3094519384963682","0","0.2","4.99999999999999","0.8","0.49974253347064884","0.44623655913978494","0.48","0.52","0","500","0","8.881784197001252E-16","2.1316282072803006E-14","true","true","true"
"1938","310438","B-bad","false","500","310438","B-bad","500","125","5000","0.8588821376227943","1","35","0.5681790972202468","0.8","11.4","25","0.860284120274892","0.7664","5.840000000000005","0.4826","116.8","116.8","0.186","0.1","false","0.8588821376227943","1","0.72","1.7500000000000009","0.28","0.49164926931106473","0.4529109589041096","0.4888888888888889","0.37142857142857144","0","500","0","8.881784197001252E-16","1.1368683772161603E-13","true","true","true"
"1939","310439","B-bad","false","500","310439","B-bad","500","125","5000","0.5990099009900991","1","34","0.56296529157963","0.75","12.2","25","0.8706400786811322","0.7492","6.269999999999994","0.4862","125.4","125.4","0.156","0.1","false","0.5990099009900991","1","0.728","1.7000000000000008","0.272","0.49679658302189","0.45454545454545453","0.5714285714285714","0.47058823529411764","0","500","0","8.881784197001252E-16","6.217248937900877E-14","true","true","true"
"1940","310440","B-bad","false","500","310440","B-bad","500","125","5000","0.8588821376227943","1","47","0.556634230840731","0.7","10.5","25","0.9155020337168184","0.7948","5.12999999999999","0.489","102.6","102.6","0.082","0","false","0.8588821376227943","1","0.624","2.3499999999999996","0.376","0.501761449421238","0.4395711500974659","0.6025641025641025","0.40425531914893614","0","500","0","4.440892098500626E-16","1.687538997430238E-14","true","true","true"
"1941","310441","B-bad","false","500","310441","B-bad","500","125","5000","0.832766961303352","1","34","0.49713081737397474","0.55","12.5","25","0.7839600813216998","0.7194","7.015000000000013","0.494","140.3","140.3","0.2","0.1","false","0.832766961303352","1","0.728","1.7000000000000008","0.272","0.5015290519877675","0.4746970776906629","0.4725274725274725","0.38235294117647056","0","500","0","8.881784197001252E-16","1.0302869668521453E-13","true","true","true"
"1942","310442","B-bad","false","500","310442","B-bad","500","125","5000","0.646116504854369","1","69","0.5696074044252474","0.7","11.1","25","0.8578416884190638","0.7802","5.494999999999993","0.4856","109.9","109.9","0.142","0.1","false","0.646116504854369","1","0.448","3.4499999999999957","0.552","0.4967956934119457","0.445859872611465","0.5714285714285714","0.4782608695652174","0","500","0","8.881784197001252E-16","1.687538997430238E-14","true","true","true"
"1943","310443","B-bad","false","500","310443","B-bad","500","125","5000","0.3094519384963682","0","74","0.6085651307820523","0.8","12.5","25","0.8454768640707014","0.7384","6.539999999999999","0.489","130.8","130.8","0.13","0","false","0.3094519384963682","0","0.408","3.699999999999995","0.592","0.4989165763813651","0.4610091743119266","0.47058823529411764","0.527027027027027","0","500","0","4.440892098500626E-16","4.618527782440651E-14","true","true","true"
"1944","310444","B-bad","false","500","310444","B-bad","500","125","5000","0.769239887763884","1","38","0.48222982727496494","0.45","12.8","25","0.9061058548431452","0.778","5.549999999999988","0.4934","111","111","0.082","0","false","0.769239887763884","1","0.696","1.900000000000001","0.304","0.5071979434447301","0.44504504504504505","0.5172413793103449","0.42105263157894735","0","500","0","8.881784197001252E-16","1.9539925233402755E-14","true","true","true"
"1945","310445","B-bad","false","500","310445","B-bad","500","125","5000","0.55","1","45","0.5414424901372462","0.6","12.3","25","0.8633284769658374","0.7642","5.8949999999999925","0.4932","117.9","117.9","0.126","0","false","0.55","1","0.64","2.25","0.36","0.5056267992672075","0.4529262086513995","0.5","0.4888888888888889","0","500","0","4.440892098500626E-16","2.3092638912203256E-14","true","true","true"
"1946","310446","B-bad","false","500","310446","B-bad","500","125","5000","0.646116504854369","1","65","0.5388567863483831","0.65","10","25","0.8761476676425369","0.6992","7.5200000000000085","0.4878","150.4","150.4","0.138","0","false","0.646116504854369","1","0.48","3.2499999999999964","0.52","0.5005720823798627","0.45811170212765956","0.5833333333333334","0.47692307692307695","0","500","0","8.881784197001252E-16","1.2789769243681803E-13","true","true","true"
"1947","310447","B-bad","false","500","310447","B-bad","500","125","5000","0.646116504854369","1","45","0.5876878247317828","0.75","10.9","25","0.9361328546246115","0.8174","4.5649999999999915","0.4832","91.3","91.3","0.064","0","false","0.646116504854369","1","0.64","2.25","0.36","0.4964521654024957","0.4238773274917853","0.4125","0.4666666666666667","0","500","0","4.440892098500626E-16","1.7763568394002505E-14","true","true","true"
"1948","310448","B-bad","false","500","310448","B-bad","500","125","5000","0.646116504854369","1","67","0.5365444480574315","0.75","12.1","25","0.8291641503935961","0.7144","7.140000000000012","0.4822","142.8","142.8","0.144","0","false","0.646116504854369","1","0.464","3.349999999999996","0.536","0.48936170212765956","0.4642857142857143","0.5","0.47761194029850745","0","500","0","4.440892098500626E-16","1.1723955140041653E-13","true","true","true"
"1949","310449","B-bad","false","500","310449","B-bad","500","125","5000","0.44999999999999996","0","45","0.5750861468272582","0.7","12.2","25","0.8131133309991982","0.7328","6.680000000000004","0.4844","133.6","133.6","0.208","0.1","false","0.44999999999999996","0","0.64","2.25","0.36","0.4909934497816594","0.4663173652694611","0.425","0.5111111111111111","0","500","0","8.881784197001252E-16","7.105427357601002E-14","true","true","true"
"1951","310451","B-bad","false","500","310451","B-bad","500","125","5000","0.769239887763884","1","48","0.619918284073185","0.85","10.5","25","0.906339810897076","0.768","5.7999999999999945","0.4992","116","116","0.118","0","false","0.769239887763884","1","0.616","2.3999999999999995","0.384","0.51484375","0.44741379310344825","0.4935064935064935","0.4375","0","500","0","8.881784197001252E-16","9.769962616701378E-15","true","true","true"
"1952","310452","B-bad","false","500","310452","B-bad","500","125","5000","0.4009900990099009","0","74","0.5985641657283365","0.75","11.9","25","0.8978163240319468","0.8216","4.459999999999993","0.4862","89.2","89.2","0.128","0","false","0.4009900990099009","0","0.408","3.699999999999995","0.592","0.49878286270691335","0.4282511210762332","0.5882352941176471","0.5135135135135135","0","500","0","8.881784197001252E-16","1.4210854715202004E-14","true","true","true"
"1950","310450","B-bad","false","500","310450","B-bad","500","125","5000","0.8029278364278081","1","21","0.4685180598190585","0.5","13.8","25","0.8612426436763041","0.7168","7.0799999999999885","0.4886","141.6","141.6","0.154","0","false","0.8029278364278081","1","0.832","1.0500000000000003","0.168","0.49916294642857145","0.461864406779661","0.5192307692307693","0.3333333333333333","0","500","0","8.881784197001252E-16","1.865174681370263E-14","true","true","true"
"1953","310453","B-bad","false","500","310453","B-bad","500","125","5000","0.646116504854369","1","49","0.5537570378002723","0.75","11.8","25","0.8860569309944791","0.7704","5.7399999999999975","0.4988","114.8","114.8","0.144","0.1","false","0.646116504854369","1","0.608","2.4499999999999993","0.392","0.5137590861889927","0.44860627177700346","0.5394736842105263","0.46938775510204084","0","500","0","4.440892098500626E-16","3.552713678800501E-14","true","true","true"
"1954","310454","B-bad","false","500","310454","B-bad","500","125","5000","0.8814994686598714","1","40","0.601646123063165","0.85","11.6","25","0.8810581261936598","0.7546","6.134999999999998","0.4944","122.7","122.7","0.12","0","false","0.8814994686598714","1","0.68","2.000000000000001","0.32","0.5091439173071826","0.4490627546862266","0.3411764705882353","0.375","0","500","0","8.881784197001252E-16","2.8421709430404007E-14","true","true","true"
"1955","310455","B-bad","false","500","310455","B-bad","500","125","5000","0.832766961303352","1","26","0.582331083958614","0.8","12.3","25","0.936176691688287","0.8148","4.629999999999991","0.4868","92.6","92.6","0.068","0","false","0.832766961303352","1","0.792","1.3000000000000005","0.208","0.5007363770250368","0.42548596112311016","0.4444444444444444","0.34615384615384615","0","500","0","8.881784197001252E-16","1.5987211554602254E-14","true","true","true"
"1956","310456","B-bad","false","500","310456","B-bad","500","125","5000","0.9009100727155935","1","41","0.6031744052228716","0.75","11.9","25","0.8868964469365507","0.7062","7.345000000000006","0.4912","146.9","146.9","0.132","0","false","0.9009100727155935","1","0.672","2.0500000000000007","0.328","0.5035400736335316","0.46153846153846156","0.47619047619047616","0.36585365853658536","0","500","0","8.881784197001252E-16","1.0302869668521453E-13","true","true","true"
"1957","310457","B-bad","false","500","310457","B-bad","500","125","5000","0.55","1","41","0.5316328198498292","0.5","13.5","25","0.8394470788663929","0.6752","8.120000000000015","0.4862","162.4","162.4","0.176","0.1","false","0.55","1","0.672","2.0500000000000007","0.328","0.4949644549763033","0.46798029556650245","0.5476190476190477","0.4878048780487805","0","500","0","8.881784197001252E-16","1.4210854715202004E-13","true","true","true"
"1958","310458","B-bad","false","500","310458","B-bad","500","125","5000","0.646116504854369","1","43","0.5446835853396275","0.7","9.9","25","0.8559844463501447","0.8222","4.444999999999995","0.4748","88.9","88.9","0.154","0","false","0.646116504854369","1","0.656","2.1500000000000004","0.344","0.4828508878618341","0.437570303712036","0.5365853658536586","0.46511627906976744","0","500","0","8.881784197001252E-16","8.881784197001252E-15","true","true","true"
"1959","310459","B-bad","false","500","310459","B-bad","500","125","5000","0.7317174011812813","1","41","0.5475218319932813","0.55","12.5","25","0.8704561142574425","0.783","5.424999999999999","0.487","108.5","108.5","0.122","0","false","0.7317174011812813","1","0.672","2.0500000000000007","0.328","0.49808429118773945","0.4470046082949309","0.5714285714285714","0.43902439024390244","0","500","0","8.881784197001252E-16","2.1316282072803006E-14","true","true","true"
"1960","310460","B-bad","false","500","310460","B-bad","500","125","5000","0.832766961303352","1","46","0.5982734151238616","0.75","12","25","0.9483229624967275","0.816","4.599999999999996","0.4744","92","92","0.044","0","false","0.832766961303352","1","0.632","2.3","0.368","0.4870098039215686","0.41847826086956524","0.4810126582278481","0.41304347826086957","0","500","0","8.881784197001252E-16","1.5987211554602254E-14","true","true","true"
"1961","310461","B-bad","false","500","310461","B-bad","500","125","5000","0.6905480615036318","1","62","0.590370590718136","0.8","11.3","25","0.8475388854237298","0.7246","6.88500000000001","0.4942","137.7","137.7","0.158","0","false","0.6905480615036318","1","0.504","3.099999999999997","0.496","0.5070383659950317","0.46042120551924476","0.3492063492063492","0.46774193548387094","0","500","0","8.881784197001252E-16","1.0658141036401503E-13","true","true","true"
"1962","310462","B-bad","false","500","310462","B-bad","500","125","5000","0.16723303869664796","0","74","0.5108475949395486","0.65","13.3","25","0.6903986358448166","0.6454","8.865000000000016","0.5036","177.3","177.3","0.366","0.2","false","0.16723303869664796","0","0.408","3.699999999999995","0.592","0.5128602417105671","0.4867456288776086","0.37254901960784315","0.5540540540540541","0","500","0","4.440892098500626E-16","1.3145040611561853E-13","true","true","true"
"1963","310463","B-bad","false","500","310463","B-bad","500","125","5000","0.4009900990099009","0","62","0.5284979618152895","0.6","12.4","25","0.9246480477272364","0.7532","6.169999999999998","0.4794","123.4","123.4","0.1","0","false","0.4009900990099009","0","0.504","3.099999999999997","0.496","0.4917684545937334","0.44165316045380876","0.5714285714285714","0.5161290322580645","0","500","0","8.881784197001252E-16","2.8421709430404007E-14","true","true","true"
"1964","310464","B-bad","false","500","310464","B-bad","500","125","5000","0.8588821376227943","1","23","0.5411361556286571","0.7","12","25","0.8416312082536382","0.6764","8.090000000000007","0.4904","161.8","161.8","0.178","0","false","0.8588821376227943","1","0.816","1.1500000000000004","0.184","0.5005913660555884","0.46909765142150806","0.49019607843137253","0.30434782608695654","0","500","0","4.440892098500626E-16","1.0658141036401503E-13","true","true","true"
"1965","310465","B-bad","false","500","310465","B-bad","500","125","5000","0.832766961303352","1","26","0.5230766432900491","0.6","11.8","25","0.8090580550109069","0.7348","6.630000000000008","0.4906","132.6","132.6","0.184","0.1","false","0.832766961303352","1","0.792","1.3000000000000005","0.208","0.49918345127925967","0.46681749622926094","0.5151515151515151","0.34615384615384615","0","500","0","4.440892098500626E-16","1.6342482922482304E-13","true","true","true"
"1966","310466","B-bad","false","500","310466","B-bad","500","125","5000","0.23076011223611614","0","100","0.5231717401181281","0.55","10.7","25","0.9061814489547111","0.758","6.049999999999993","0.4786","121","121","0.12","0","false","0.23076011223611614","0","0.2","4.99999999999999","0.8","0.487335092348285","0.4512396694214876","0.56","0.53","0","500","0","4.440892098500626E-16","1.865174681370263E-14","true","true","true"
"1967","310467","B-bad","false","500","310467","B-bad","500","125","5000","0.6905480615036318","1","46","0.5976054998450477","0.75","11.3","25","0.8913452552460497","0.794","5.14999999999999","0.4874","103","103","0.094","0","false","0.6905480615036318","1","0.632","2.3","0.368","0.49924433249370276","0.441747572815534","0.4810126582278481","0.45652173913043476","0","500","0","4.440892098500626E-16","1.5987211554602254E-14","true","true","true"
"1968","310468","B-bad","false","500","310468","B-bad","500","125","5000","0.6905480615036318","1","28","0.5390311419453047","0.65","12.6","25","0.7836514173579343","0.654","8.650000000000029","0.49","173","173","0.252","0.3","false","0.6905480615036318","1","0.776","1.4000000000000006","0.224","0.4987767584097859","0.47341040462427747","0.5360824742268041","0.42857142857142855","0","500","0","8.881784197001252E-16","1.1368683772161603E-13","true","true","true"
"1969","310469","B-bad","false","500","310469","B-bad","500","125","5000","0.832766961303352","1","32","0.514897077026099","0.5","13.8","25","0.9203492009439719","0.7742","5.644999999999991","0.486","112.9","112.9","0.082","0","false","0.832766961303352","1","0.744","1.6000000000000008","0.256","0.49961250322913975","0.43932683790965454","0.5483870967741935","0.375","0","500","0","8.881784197001252E-16","1.7763568394002505E-14","true","true","true"
"1970","310470","B-bad","false","500","310470","B-bad","500","125","5000","0.646116504854369","1","47","0.5379720166153114","0.65","11.5","25","0.9014808616369698","0.758","6.050000000000006","0.492","121","121","0.13","0.1","false","0.646116504854369","1","0.624","2.3499999999999996","0.376","0.5079155672823219","0.44214876033057854","0.5","0.46808510638297873","0","500","0","8.881784197001252E-16","1.4210854715202004E-13","true","true","true"
"1971","310471","B-bad","false","500","310471","B-bad","500","125","5000","0.8029278364278081","1","33","0.5604506403546992","0.55","13","25","0.8287214885875465","0.7818","5.454999999999991","0.4844","109.1","109.1","0.17","0.1","false","0.8029278364278081","1","0.736","1.6500000000000008","0.264","0.4927091327705295","0.4546287809349221","0.5108695652173914","0.3939393939393939","0","500","0","4.440892098500626E-16","1.2434497875801753E-14","true","true","true"
"1972","310472","B-bad","false","500","310472","B-bad","500","125","5000","0.8814994686598714","1","40","0.542494050989992","0.6","12.1","25","0.8872127840650942","0.7066","7.334999999999992","0.4962","146.7","146.7","0.116","0","false","0.8814994686598714","1","0.68","2.000000000000001","0.32","0.5103311633172941","0.4621676891615542","0.5058823529411764","0.375","0","500","0","4.440892098500626E-16","1.9539925233402755E-14","true","true","true"
"1973","310473","B-bad","false","500","310473","B-bad","500","125","5000","0.9314206186232206","1","31","0.5461521854699576","0.65","11.6","25","0.8365135142550082","0.671","8.225000000000007","0.4978","164.5","164.5","0.222","0.1","false","0.9314206186232206","1","0.752","1.5500000000000007","0.248","0.5114754098360655","0.46990881458966566","0.48936170212765956","0.2903225806451613","0","500","0","4.440892098500626E-16","7.283063041541027E-14","true","true","true"
"1974","310474","B-bad","false","500","310474","B-bad","500","125","5000","0.8588821376227943","1","23","0.5629115924987462","0.75","11.3","25","0.7887214493237737","0.7434","6.414999999999997","0.4828","128.3","128.3","0.218","0.2","false","0.8588821376227943","1","0.816","1.1500000000000004","0.184","0.4891041162227603","0.46453624318004677","0.5294117647058824","0.30434782608695654","0","500","0","4.440892098500626E-16","4.618527782440651E-14","true","true","true"
"1976","310476","B-bad","false","500","310476","B-bad","500","125","5000","0.832766961303352","1","30","0.5957939930033014","0.85","10.4","25","0.9130782063541789","0.8086","4.784999999999994","0.4844","95.7","95.7","0.088","0","false","0.832766961303352","1","0.76","1.5000000000000007","0.24","0.4983922829581994","0.42528735632183906","0.5263157894736842","0.36666666666666664","0","500","0","8.881784197001252E-16","1.0658141036401503E-14","true","true","true"
"1977","310477","B-bad","false","500","310477","B-bad","500","125","5000","0.8029278364278081","1","43","0.49561369035781694","0.55","12.5","25","0.8783614126956127","0.7064","7.340000000000003","0.49","146.8","146.8","0.158","0","false","0.8029278364278081","1","0.656","2.1500000000000004","0.344","0.5008493771234428","0.46389645776566757","0.4878048780487805","0.4186046511627907","0","500","0","8.881784197001252E-16","9.414691248821327E-14","true","true","true"
"1975","310475","B-bad","false","500","310475","B-bad","500","125","5000","0.8588821376227943","1","53","0.554159343840486","0.7","13.3","25","0.9190448946131846","0.7654","5.8649999999999896","0.493","117.3","117.3","0.058","0","false","0.8588821376227943","1","0.576","2.6499999999999986","0.424","0.5074470864907238","0.4458653026427962","0.4305555555555556","0.41509433962264153","0","500","0","4.440892098500626E-16","1.687538997430238E-14","true","true","true"
"1978","310478","B-bad","false","500","310478","B-bad","500","125","5000","0.646116504854369","1","39","0.5796570584501798","0.6","12","25","0.792404303165516","0.7054","7.3650000000000135","0.4898","147.3","147.3","0.206","0.1","false","0.646116504854369","1","0.688","1.950000000000001","0.312","0.49673943861638786","0.47318397827562797","0.45348837209302323","0.46153846153846156","0","500","0","8.881784197001252E-16","2.0605739337042905E-13","true","true","true"
"1979","310479","B-bad","false","500","310479","B-bad","500","125","5000","0.8588821376227943","1","39","0.5102907506044747","0.6","11.3","25","0.7797476526212079","0.6776","8.060000000000013","0.4906","161.2","161.2","0.264","0.2","false","0.8588821376227943","1","0.688","1.950000000000001","0.312","0.49793388429752067","0.47518610421836227","0.5116279069767442","0.38461538461538464","0","500","0","4.440892098500626E-16","1.5631940186722204E-13","true","true","true"
"1981","310481","B-bad","false","500","310481","B-bad","500","125","5000","0.769239887763884","1","68","0.5611472897472621","0.7","11.5","25","0.914044778064382","0.747","6.3249999999999975","0.4944","126.5","126.5","0.096","0","false","0.769239887763884","1","0.456","3.399999999999996","0.544","0.5092369477911647","0.4505928853754941","0.49122807017543857","0.45588235294117646","0","500","0","4.440892098500626E-16","2.8421709430404007E-14","true","true","true"
"1982","310482","B-bad","false","500","310482","B-bad","500","125","5000","0.44999999999999996","0","83","0.5201684948205106","0.65","12.2","25","0.9183408025499107","0.8122","4.694999999999994","0.4906","93.9","93.9","0.102","0","false","0.44999999999999996","0","0.336","4.149999999999993","0.664","0.5048017729623245","0.4291799787007455","0.42857142857142855","0.5060240963855421","0","500","0","8.881784197001252E-16","1.3322676295501878E-14","true","true","true"
"1983","310483","B-bad","false","500","310483","B-bad","500","125","5000","0.9009100727155935","1","27","0.5396175965966539","0.65","12.5","25","0.8818097572752996","0.736","6.600000000000004","0.492","132","132","0.12","0","false","0.9009100727155935","1","0.784","1.3500000000000005","0.216","0.5040760869565217","0.4583333333333333","0.5102040816326531","0.2962962962962963","0","500","0","4.440892098500626E-16","1.1368683772161603E-13","true","true","true"
"1980","310480","B-bad","false","500","310480","B-bad","500","125","5000","0.7317174011812813","1","63","0.5719076816734487","0.7","11.7","25","0.9318090862301073","0.7636","5.909999999999995","0.4892","118.2","118.2","0.098","0","false","0.7317174011812813","1","0.496","3.149999999999997","0.504","0.5036668412781561","0.44247038917089676","0.43548387096774194","0.4603174603174603","0","500","0","4.440892098500626E-16","3.019806626980426E-14","true","true","true"
"1984","310484","B-bad","false","500","310484","B-bad","500","125","5000","0.1411178623772057","0","73","0.4734348357567052","0.4","12.6","25","0.780450726842856","0.7072","7.320000000000005","0.499","146.4","146.4","0.188","0.1","false","0.1411178623772057","0","0.416","3.649999999999995","0.584","0.5115950226244343","0.4685792349726776","0.5769230769230769","0.5616438356164384","0","500","0","8.881784197001252E-16","6.572520305780927E-14","true","true","true"
"1985","310485","B-bad","false","500","310485","B-bad","500","125","5000","0.832766961303352","1","30","0.5918673887481193","0.85","11.7","25","0.8208481545765499","0.7472","6.320000000000009","0.4898","126.4","126.4","0.192","0.1","false","0.832766961303352","1","0.76","1.5000000000000007","0.24","0.49732334047109206","0.4675632911392405","0.5157894736842106","0.36666666666666664","0","500","0","1.7763568394002505E-15","1.7408297026122455E-13","true","true","true"
"1986","310486","B-bad","false","500","310486","B-bad","500","125","5000","0.8029278364278081","1","29","0.5576222528851732","0.65","11","25","0.9443176020542603","0.81","4.749999999999991","0.4772","95","95","0.076","0","false","0.8029278364278081","1","0.768","1.4500000000000006","0.232","0.49037037037037035","0.42105263157894735","0.5729166666666666","0.3793103448275862","0","500","0","8.881784197001252E-16","1.7763568394002505E-14","true","true","true"
"1987","310487","B-bad","false","500","310487","B-bad","500","125","5000","0.9174389747697416","1","24","0.5377833906035651","0.6","11.8","25","0.880656818059566","0.7514","6.214999999999992","0.4884","124.3","124.3","0.088","0","false","0.9174389747697416","1","0.808","1.2000000000000004","0.192","0.500665424540857","0.45132743362831856","0.4158415841584158","0.25","0","500","0","8.881784197001252E-16","1.4210854715202004E-14","true","true","true"
"1988","310488","B-bad","false","500","310488","B-bad","500","125","5000","0.16723303869664796","0","74","0.5899345911761247","0.85","10.1","25","0.9223159382864742","0.8098","4.754999999999994","0.4814","95.1","95.1","0.068","0","false","0.16723303869664796","0","0.408","3.699999999999995","0.592","0.49345517411706596","0.43007360672975814","0.47058823529411764","0.5540540540540541","0","500","0","8.881784197001252E-16","1.1546319456101628E-14","true","true","true"
"1989","310489","B-bad","false","500","310489","B-bad","500","125","5000","0.55","1","63","0.5146116504854369","0.55","12.3","25","0.8522603311387071","0.697","7.575000000000003","0.4952","151.5","151.5","0.178","0.1","false","0.55","1","0.496","3.149999999999997","0.504","0.5081779053084649","0.46534653465346537","0.5","0.49206349206349204","0","500","0","4.440892098500626E-16","6.394884621840902E-14","true","true","true"
"1990","310490","B-bad","false","500","310490","B-bad","500","125","5000","0.8029278364278081","1","51","0.591631368156342","0.7","11","25","0.8876725337564844","0.7784","5.540000000000002","0.4896","110.8","110.8","0.136","0.1","false","0.8029278364278081","1","0.592","2.549999999999999","0.408","0.5028263103802673","0.44314079422382674","0.581081081081081","0.43137254901960786","0","500","0","8.881784197001252E-16","7.460698725481052E-14","true","true","true"
"1991","310491","B-bad","false","500","310491","B-bad","500","125","5000","0.9431811237123936","1","32","0.5676746068532528","0.7","11.5","25","0.8428822155535407","0.6898","7.755000000000008","0.4866","155.1","155.1","0.188","0","false","0.9431811237123936","1","0.744","1.6000000000000008","0.256","0.4955059437518121","0.46679561573178596","0.3870967741935484","0.28125","0","500","0","4.440892098500626E-16","6.217248937900877E-14","true","true","true"
"1992","310492","B-bad","false","500","310492","B-bad","500","125","5000","0.646116504854369","1","39","0.5224808331114621","0.55","12.9","25","0.9076024819823253","0.812","4.699999999999991","0.4998","94","94","0.1","0","false","0.646116504854369","1","0.688","1.950000000000001","0.312","0.515024630541872","0.4340425531914894","0.47674418604651164","0.46153846153846156","0","500","0","8.881784197001252E-16","1.509903313490213E-14","true","true","true"
"1993","310493","B-bad","false","500","310493","B-bad","500","125","5000","0.55","1","63","0.5425158858820642","0.65","9.9","25","0.8847104590533263","0.7764","5.589999999999989","0.4848","111.8","111.8","0.118","0","false","0.55","1","0.496","3.149999999999997","0.504","0.4953632148377125","0.4481216457960644","0.45161290322580644","0.49206349206349204","0","500","0","4.440892098500626E-16","1.865174681370263E-14","true","true","true"
"1994","310494","B-bad","false","500","310494","B-bad","500","125","5000","0.646116504854369","1","55","0.5443146207824667","0.7","10.9","25","0.9042036276661067","0.8196","4.509999999999992","0.4936","90.2","90.2","0.13","0","false","0.646116504854369","1","0.56","2.7499999999999982","0.44","0.5082967301122499","0.4268292682926829","0.5571428571428572","0.4727272727272727","0","500","0","8.881784197001252E-16","1.2434497875801753E-14","true","true","true"
"1995","310495","B-bad","false","500","310495","B-bad","500","125","5000","0.8029278364278081","1","31","0.5072200534256427","0.55","12.8","25","0.8937347442232447","0.7216","6.960000000000008","0.4814","139.2","139.2","0.14","0","false","0.8029278364278081","1","0.752","1.5500000000000007","0.248","0.4911308203991131","0.4561781609195402","0.5212765957446809","0.3870967741935484","0","500","0","8.881784197001252E-16","1.0302869668521453E-13","true","true","true"
"1996","310496","B-bad","false","500","310496","B-bad","500","125","5000","0.8814994686598714","1","50","0.5595379195057268","0.7","10.9","25","0.919008852493097","0.7984","5.03999999999999","0.4844","100.8","100.8","0.086","0","false","0.8814994686598714","1","0.6","2.499999999999999","0.4","0.4962424849699399","0.4375","0.5733333333333334","0.4","0","500","0","4.440892098500626E-16","1.5987211554602254E-14","true","true","true"
"1997","310497","B-bad","false","500","310497","B-bad","500","125","5000","0.6905480615036318","1","42","0.5287654665367902","0.6","11.6","25","0.9238353316666693","0.7232","6.919999999999997","0.485","138.4","138.4","0.096","0","false","0.6905480615036318","1","0.664","2.1000000000000005","0.336","0.4980641592920354","0.4508670520231214","0.42168674698795183","0.4523809523809524","0","500","0","8.881784197001252E-16","5.3290705182007514E-14","true","true","true"
"1998","310498","B-bad","false","500","310498","B-bad","500","125","5000","0.9009100727155935","1","35","0.4918282598818718","0.6","11","25","0.9018612931115169","0.7534","6.164999999999994","0.4838","123.3","123.3","0.118","0","false","0.9009100727155935","1","0.72","1.7500000000000009","0.28","0.49482346694982743","0.45012165450121655","0.4888888888888889","0.34285714285714286","0","500","0","4.440892098500626E-16","3.552713678800501E-14","true","true","true"
"1999","310499","B-bad","false","500","310499","B-bad","500","125","5000","0.832766961303352","1","36","0.6280768063127832","0.9","10.7","25","0.9257738029141807","0.7728","5.680000000000003","0.4942","113.6","113.6","0.07","0","false","0.832766961303352","1","0.712","1.800000000000001","0.288","0.510351966873706","0.4392605633802817","0.5280898876404494","0.3888888888888889","0","500","0","8.881784197001252E-16","7.283063041541027E-14","true","true","true"
"2000","310500","B-bad","false","500","310500","B-bad","500","125","5000","0.8814994686598714","1","36","0.6184075436735516","0.8","10.9","25","0.8585677246763787","0.8156","4.609999999999994","0.492","92.2","92.2","0.158","0.1","false","0.8814994686598714","1","0.712","1.800000000000001","0.288","0.5036782736635605","0.4403470715835141","0.5955056179775281","0.3611111111111111","0","500","0","8.881784197001252E-16","1.1546319456101628E-14","true","true","true"
