"world","tick","n_runs","current_correct_mean","current_correct_ci_low","current_correct_ci_high","current_b_share_mean","current_b_share_ci_low","current_b_share_ci_high","mean_q_mean","mean_q_ci_low","mean_q_ci_high","lay_truth_mean","lay_truth_ci_low","lay_truth_ci_high","q_dispersion_mean","q_dispersion_ci_low","q_dispersion_ci_high","lay_regret_mean","lay_regret_ci_low","lay_regret_ci_high","lay_b_pulls_mean","lay_b_pulls_ci_low","lay_b_pulls_ci_high","expert_truth_mean","expert_truth_ci_low","expert_truth_ci_high"
"B-good",0,200,0,0,0,0,0,0,0.5,0.5,0.5,0.5,0.5,0.5,0,0,0,0,0,0,0,0,0,0.5,0.5,0.5
"B-good",1,200,0.499,0.478219446406621,0.519780553593379,0.499,0.478219446406621,0.519780553593379,0.506980928578295,0.502834662418193,0.511127194738396,0.506980928578295,0.502834662418193,0.511127194738396,0.0507022374547938,0.0484338093009936,0.0529706656085941,0.02505,0.0240109723203311,0.026089027679669,0.499,0.478219446406621,0.519780553593379,0.508771146873146,0.49816937457254,0.519372919173752
"B-good",2,200,0.509,0.485228179752449,0.532771820247551,0.509,0.485228179752449,0.532771820247551,0.518491697344778,0.512668538287267,0.524314856402289,0.518491697344778,0.512668538287267,0.524314856402289,0.0717381050126252,0.0685055726623932,0.0749706373628572,0.0496,0.0479964509624213,0.0512035490375787,1.008,0.975929019248426,1.04007098075157,0.525817382522726,0.510640713167044,0.540994051878409
"B-good",3,200,0.501,0.4781588324429,0.5238411675571,0.501,0.4781588324429,0.5238411675571,0.522610590164166,0.515281634263073,0.529939546065259,0.522610590164166,0.515281634263073,0.529939546065259,0.08552701420071,0.0815741294305113,0.0894798989709086,0.0745500000000001,0.0724622933145764,0.0766377066854237,1.509,1.46724586629153,1.55075413370847,0.536968858535742,0.517802659114542,0.556135057956943
"B-good",4,200,0.531,0.509013207777071,0.552986792222929,0.531,0.509013207777071,0.552986792222929,0.53091573119968,0.522490030611635,0.539341431787724,0.53091573119968,0.522490030611635,0.539341431787724,0.0982896800630611,0.0936649859975171,0.102914374128605,0.0980000000000001,0.0955687283191277,0.100431271680873,2.04,1.99137456638255,2.08862543361745,0.549681189380457,0.527756188147661,0.571606190613253
"B-good",5,200,0.544,0.521045757721086,0.566954242278914,0.544,0.521045757721086,0.566954242278914,0.537082106370269,0.527301318301485,0.546862894439053,0.537082106370269,0.527301318301485,0.546862894439053,0.110319143458528,0.105648901758791,0.114989385158266,0.1208,0.118050538037796,0.123549461962204,2.584,2.52901076075592,2.63898923924408,0.559784001149737,0.535511619588565,0.584056382710908
"B-good",6,200,0.536,0.51231671110257,0.55968328889743,0.536,0.51231671110257,0.55968328889743,0.543513068760019,0.533191720705656,0.553834416814382,0.543513068760019,0.533191720705656,0.553834416814382,0.120012119098492,0.114931842080963,0.125092396116022,0.144,0.140836951999883,0.147163048000117,3.12,3.05673903999766,3.18326096000234,0.571273455214607,0.54550776933835,0.597039141090864
"B-good",7,200,0.56,0.53430023499905,0.58569976500095,0.56,0.53430023499905,0.58569976500095,0.551430533197662,0.540529282764614,0.56233178363071,0.551430533197662,0.540529282764614,0.56233178363071,0.125719607276278,0.120426039955977,0.131013174596579,0.166,0.162337386660526,0.169662613339474,3.68,3.60674773321051,3.75325226678949,0.583253564295507,0.556884424816643,0.609622703774372
"B-good",8,200,0.561,0.539398750667538,0.582601249332462,0.561,0.539398750667538,0.582601249332462,0.559661454951749,0.54839632506252,0.570926584840978,0.559661454951749,0.54839632506252,0.570926584840978,0.134126626065494,0.128151534825597,0.14010171730539,0.18795,0.183817257756159,0.192082742243841,4.241,4.15834515512318,4.32365484487682,0.589067241702525,0.561179796333265,0.616954687071786
"B-good",9,200,0.5545,0.530135197248366,0.578864802751634,0.5545,0.530135197248366,0.578864802751634,0.563440160734305,0.551060659958769,0.575819661509842,0.563440160734305,0.551060659958769,0.575819661509842,0.141703390069098,0.135335880251077,0.14807089988712,0.210225,0.205714093563862,0.214735906436138,4.7955,4.70528187127724,4.88571812872276,0.605625717354053,0.576988251880585,0.634263182827521
"B-good",10,200,0.5655,0.542420216196663,0.588579783803337,0.5655,0.542420216196663,0.588579783803337,0.57330765447035,0.560493090044799,0.5861222188959,0.57330765447035,0.560493090044799,0.5861222188959,0.149320766474435,0.142638116082077,0.156003416866793,0.23195,0.227042062092744,0.236857937907257,5.361,5.26284124185487,5.45915875814513,0.611648177937196,0.581388294313745,0.641908061560647
"B-good",11,200,0.571,0.545583505103306,0.596416494896694,0.571,0.545583505103306,0.596416494896694,0.578949040290997,0.565869340825917,0.592028739756078,0.578949040290997,0.565869340825917,0.592028739756078,0.157284197464397,0.150427522271787,0.164140872657007,0.2534,0.24791798148116,0.258882018518841,5.932,5.82235962962319,6.04164037037681,0.608420296032573,0.57660208845172,0.640238503613426
"B-good",12,200,0.577,0.553289086808366,0.600710913191634,0.577,0.553289086808366,0.600710913191634,0.584614719760315,0.570985409267581,0.598244030253049,0.584614719760315,0.570985409267581,0.598244030253049,0.16199689883889,0.155003029970167,0.168990767707613,0.27455,0.268488444494711,0.280611555505289,6.509,6.38776888989422,6.63023111010579,0.617497828235118,0.584466417854302,0.650529238615934
"B-good",13,200,0.606,0.582291971422893,0.629708028577107,0.606,0.582291971422893,0.629708028577107,0.590339189594911,0.576106157579091,0.60457222161073,0.590339189594911,0.576106157579091,0.60457222161073,0.166705277090512,0.159478057602918,0.173932496578105,0.29425,0.287523164960935,0.300976835039066,7.115,6.98046329921869,7.24953670078131,0.622667962013258,0.588545166702911,0.656790757323605
"B-good",14,200,0.5965,0.571596587089887,0.621403412910113,0.5965,0.571596587089887,0.621403412910113,0.592484294728706,0.577484887347095,0.607483702110318,0.592484294728706,0.577484887347095,0.607483702110318,0.172145909646356,0.164634013641904,0.179657805650809,0.314425,0.307148224600174,0.321701775399826,7.7115,7.56596449200348,7.85703550799652,0.634416451700827,0.600364682687531,0.668468220714122
"B-good",15,200,0.612,0.587128680837603,0.636871319162397,0.612,0.587128680837603,0.636871319162397,0.599640299266423,0.584364412262043,0.614916186270803,0.599640299266423,0.584364412262043,0.614916186270803,0.176956959113975,0.169532729049543,0.184381189178407,0.333825,0.325973495402145,0.341676504597855,8.3235,8.1664699080429,8.4805300919571,0.637332258446143,0.60166149554993,0.673003021342356
"B-good",16,200,0.5905,0.565983289279621,0.615016710720379,0.5905,0.565983289279621,0.615016710720379,0.605743400757808,0.590100052398231,0.621386749117385,0.605743400757808,0.590100052398231,0.621386749117385,0.181313959077057,0.173704891594353,0.188923026559761,0.3543,0.345822027291565,0.362777972708436,8.914,8.74444054583129,9.08355945416871,0.646251258543043,0.609498561181656,0.68300395590443
"B-good",17,200,0.623,0.598438994017671,0.647561005982329,0.623,0.598438994017671,0.647561005982329,0.612533186991418,0.596665815743636,0.628400558239199,0.612533186991418,0.596665815743636,0.628400558239199,0.186216891666299,0.17833825031823,0.194095533014368,0.37315,0.364070131611854,0.382229868388147,9.537,9.35540263223707,9.71859736776293,0.651931745925372,0.614117138558393,0.689746353292351
"B-good",18,200,0.6075,0.58218567550942,0.63281432449058,0.6075,0.58218567550942,0.63281432449058,0.61974175329903,0.603288094795177,0.636195411802882,0.61974175329903,0.603288094795177,0.636195411802882,0.189724643168677,0.181450982617996,0.197998303719359,0.392775,0.383025656555125,0.402524343444876,10.1445,9.94951313110249,10.3394868688975,0.663034154687246,0.625281055189118,0.700787254185374
"B-good",19,200,0.6295,0.604229713555478,0.654770286444521,0.6295,0.604229713555478,0.654770286444521,0.625427707545074,0.608860482696728,0.64199493239342,0.625427707545074,0.608860482696728,0.64199493239342,0.193628805560378,0.185233916084327,0.202023695036429,0.4113,0.400844751439329,0.421755248560672,10.774,10.5648950287866,10.9831049712134,0.673173943871213,0.635221771845127,0.711126115897298
"B-good",20,200,0.6245,0.600389153271168,0.648610846728832,0.6245,0.600389153271168,0.648610846728832,0.630062113546594,0.612846954836447,0.64727727225674,0.630062113546594,0.612846954836447,0.64727727225674,0.195127431221388,0.186652530252658,0.203602332190117,0.430075,0.418945034176687,0.441204965823314,11.3985,11.1759006835337,11.6210993164663,0.681471418766513,0.643270198717589,0.719672638815437
"B-good",21,200,0.61,0.585268926350386,0.634731073649614,0.61,0.585268926350386,0.634731073649614,0.634983077472687,0.617194318954057,0.652771835991318,0.634983077472687,0.617194318954057,0.652771835991318,0.195278972112324,0.186399841241874,0.204158102982774,0.449575,0.437694685511791,0.46145531448821,12.0085,11.7708937102358,12.2461062897642,0.684774363108734,0.646519229928897,0.72302949628857
"B-good",22,200,0.635,0.610239314198111,0.659760685801889,0.635,0.610239314198111,0.659760685801889,0.643027633487824,0.62522884584851,0.660826421127139,0.643027633487824,0.62522884584851,0.660826421127139,0.197050566710472,0.18816548493625,0.205935648484694,0.467825,0.455247825069757,0.480402174930244,12.6435,12.3919565013951,12.8950434986049,0.694751915137729,0.656774628634764,0.732729201640694
"B-good",23,200,0.6415,0.614966815785551,0.668033184214449,0.6415,0.614966815785551,0.668033184214449,0.649032654856695,0.630885632495688,0.667179677217703,0.649032654856695,0.630885632495688,0.667179677217703,0.197973213020763,0.188939721918165,0.207006704123361,0.48575,0.472269350503772,0.499230649496229,13.285,13.0153870100754,13.5546129899246,0.701045415661316,0.662789364386623,0.73930146693601
"B-good",24,200,0.637,0.610172663464899,0.663827336535101,0.637,0.610172663464899,0.663827336535101,0.654076177380508,0.635375256402028,0.672777098358987,0.654076177380508,0.635375256402028,0.672777098358987,0.197709070324462,0.188359198208962,0.207058942439961,0.5039,0.489622221913498,0.518177778086503,13.922,13.6364444382699,14.2075555617301,0.703618449069569,0.664888510710487,0.74234838742865
"B-good",25,200,0.6565,0.630892497772657,0.682107502227343,0.6565,0.630892497772657,0.682107502227343,0.659983800325605,0.641071503701123,0.678896096950086,0.659983800325605,0.641071503701123,0.678896096950086,0.199558606563469,0.190186941114321,0.208930272012616,0.521075000000001,0.506004927683397,0.536145072316604,14.5785,14.2770985536679,14.8799014463321,0.710601651630694,0.671718191275056,0.749485111986331
"B-good",26,200,0.657,0.630791652147048,0.683208347852952,0.657,0.630791652147048,0.683208347852952,0.664910487335827,0.646471333658771,0.683349641012884,0.664910487335827,0.646471333658771,0.683349641012884,0.20349450289479,0.194050797052954,0.212938208736625,0.538225000000001,0.522344579613775,0.554105420386226,15.2355,14.9178915922755,15.5531084077245,0.710601651630694,0.671718191275056,0.749485111986331
"B-good",27,200,0.652,0.625221874934258,0.678778125065742,0.652,0.625221874934258,0.678778125065742,0.671488940418886,0.652941897034348,0.690035983803424,0.671488940418886,0.652941897034348,0.690035983803424,0.204284945478131,0.194507377632863,0.214062513323398,0.555625,0.538979486679778,0.572270513320223,15.8875,15.5545897335956,16.2204102664044,0.710601651630694,0.671718191275056,0.749485111986331
"B-good",28,200,0.672,0.647065906080604,0.696934093919396,0.672,0.647065906080604,0.696934093919396,0.67369234457568,0.655546054110923,0.691838635040437,0.67369234457568,0.655546054110923,0.691838635040437,0.207351480201301,0.197688301091299,0.217014659311304,0.572025000000001,0.554601846151044,0.589448153848957,16.5595,16.2110369230209,16.9079630769791,0.710601651630694,0.671718191275056,0.749485111986331
"B-good",29,200,0.682,0.656615431278407,0.707384568721593,0.682,0.656615431278407,0.707384568721593,0.682537271776542,0.664012332676402,0.701062210876682,0.682537271776542,0.664012332676402,0.701062210876682,0.207168085855836,0.19729583423741,0.217040337474263,0.587925,0.569761088969543,0.606088911030458,17.2415,16.8782217793908,17.6047782206092,0.710601651630694,0.671718191275056,0.749485111986331
"B-good",30,200,0.68,0.65445275720659,0.70554724279341,0.68,0.65445275720659,0.70554724279341,0.686444575676931,0.667546654733747,0.705342496620116,0.686444575676931,0.667546654733747,0.705342496620116,0.207608049274967,0.197474575085324,0.21774152346461,0.603925,0.584896213981203,0.622953786018798,17.9215,17.5409242796241,18.3020757203759,0.710601651630694,0.671718191275056,0.749485111986331
"B-good",31,200,0.682,0.656538568725215,0.707461431274785,0.682,0.656538568725215,0.707461431274785,0.691080502075336,0.671932220586105,0.710228783564566,0.691080502075336,0.671932220586105,0.710228783564566,0.208527687122924,0.198247284855488,0.218808089390361,0.619825000000001,0.60001073336552,0.639639266634481,18.6035,18.2072146673104,18.9997853326896,0.710601651630694,0.671718191275056,0.749485111986331
"B-good",32,200,0.683,0.655746301342653,0.710253698657347,0.683,0.655746301342653,0.710253698657347,0.696825976421757,0.677697178701867,0.715954774141646,0.696825976421757,0.677697178701867,0.715954774141646,0.208323331706163,0.197776547769239,0.218870115643087,0.635675000000001,0.615008933344519,0.656341066655482,19.2865,18.8731786668904,19.6998213331096,0.710601651630694,0.671718191275056,0.749485111986331
"B-good",33,200,0.703,0.677494477642015,0.728505522357985,0.703,0.677494477642015,0.728505522357985,0.700661123102494,0.681675641113496,0.719646605091492,0.700661123102494,0.681675641113496,0.719646605091492,0.210183612962771,0.199412732539675,0.220954493385866,0.650525000000001,0.629076218754679,0.671973781245322,19.9895,19.5605243750936,20.4184756249064,0.710601651630694,0.671718191275056,0.749485111986331
"B-good",34,200,0.6875,0.663371329839283,0.711628670160717,0.6875,0.663371329839283,0.711628670160717,0.705214624533843,0.685950716545017,0.724478532522669,0.705214624533843,0.685950716545017,0.724478532522669,0.210658767643202,0.199768110410089,0.221549424876316,0.666150000000001,0.643918199110446,0.688381800889555,20.677,20.2323639822089,21.1216360177911,0.710601651630694,0.671718191275056,0.749485111986331
"B-good",35,200,0.712,0.686431349325949,0.737568650674051,0.712,0.686431349325949,0.737568650674051,0.708488844831374,0.688917532006742,0.728060157656006,0.708488844831374,0.688917532006742,0.728060157656006,0.210951678705239,0.200024634061347,0.221878723349132,0.680550000000001,0.657483047745317,0.703616952254685,21.389,20.9276609549063,21.8503390450937,0.710601651630694,0.671718191275056,0.749485111986331
"B-good",36,200,0.7065,0.678157858930694,0.734842141069306,0.7065,0.678157858930694,0.734842141069306,0.713022011901611,0.693184880325909,0.732859143477313,0.713022011901611,0.693184880325909,0.732859143477313,0.209627915751605,0.198463237459112,0.220792594044098,0.695225000000001,0.671190629844622,0.719259370155379,22.0955,21.6148125968924,22.5761874031076,0.710601651630694,0.671718191275056,0.749485111986331
"B-good",37,200,0.721,0.695164113012712,0.746835886987288,0.721,0.695164113012712,0.746835886987288,0.714471193271699,0.694641291961758,0.73430109458164,0.714471193271699,0.694641291961758,0.73430109458164,0.212796817128159,0.201427963889324,0.224165670366994,0.709175000000001,0.684311953649688,0.734038046350314,22.8165,22.3192390729937,23.3137609270063,0.710601651630694,0.671718191275056,0.749485111986331
"B-good",38,200,0.7085,0.683385621873203,0.733614378126797,0.7085,0.683385621873203,0.733614378126797,0.719014890632564,0.699270265607226,0.738759515657901,0.719014890632564,0.699270265607226,0.738759515657901,0.211489788592348,0.199940733156189,0.223038844028508,0.723750000000001,0.698037526072019,0.749462473927983,23.525,23.0107505214404,24.0392494785596,0.710601651630694,0.671718191275056,0.749485111986331
"B-good",39,200,0.732,0.706847428182324,0.757152571817676,0.732,0.706847428182324,0.757152571817676,0.721975654316016,0.701686844142632,0.742264464489401,0.721975654316016,0.701686844142632,0.742264464489401,0.211448654288478,0.199803383438828,0.223093925138129,0.737150000000001,0.710618794188961,0.76368120581104,24.257,23.7263758837792,24.7876241162208,0.710601651630694,0.671718191275056,0.749485111986331
"B-good",40,200,0.735,0.71091946309453,0.75908053690547,0.735,0.71091946309453,0.75908053690547,0.725746787878346,0.705091106294399,0.746402469462293,0.725746787878346,0.705091106294399,0.746402469462293,0.210761869328997,0.198694366303303,0.222829372354691,0.750400000000001,0.723027863747649,0.777772136252352,24.992,24.444557274953,25.539442725047,0.710601651630694,0.671718191275056,0.749485111986331
"B-good",41,200,0.7305,0.705642925271106,0.755357074728894,0.7305,0.705642925271106,0.755357074728894,0.72976077478122,0.709002292773395,0.750519256789044,0.72976077478122,0.709002292773395,0.750519256789044,0.21012908195978,0.197657270474866,0.222600893444695,0.763875000000001,0.735673561732685,0.792076438267316,25.7225,25.1584712346537,26.2865287653463,0.710601651630694,0.671718191275056,0.749485111986331
"B-good",42,200,0.728,0.702332189484011,0.753667810515989,0.728,0.702332189484011,0.753667810515989,0.734083570580064,0.71324612541553,0.754921015744598,0.734083570580064,0.71324612541553,0.754921015744598,0.209748708537281,0.196997226182567,0.222500190891996,0.777475000000001,0.748376026318226,0.806573973681775,26.4505,25.8685205263645,27.0324794736355,0.710601651630694,0.671718191275056,0.749485111986331
"B-good",43,200,0.7405,0.715140943365843,0.765859056634157,0.7405,0.715140943365843,0.765859056634157,0.737327168136807,0.716354406846322,0.758299929427292,0.737327168136807,0.716354406846322,0.758299929427292,0.209332439027543,0.196385890738348,0.222278987316738,0.790450000000001,0.760522473137889,0.820377526862112,27.191,26.5924494627578,27.7895505372422,0.710601651630694,0.671718191275056,0.749485111986331
"B-good",44,200,0.7385,0.713157130368391,0.763842869631609,0.7385,0.713157130368391,0.763842869631609,0.738908556475955,0.717519514584212,0.760297598367699,0.738908556475955,0.717519514584212,0.760297598367699,0.211016648320902,0.197819664565263,0.22421363207654,0.803525000000001,0.772697973116718,0.834352026883283,27.9295,27.3129594623343,28.5460405376657,0.710601651630694,0.671718191275056,0.749485111986331
"B-good",45,200,0.749,0.723994300651185,0.774005699348815,0.749,0.723994300651185,0.774005699348815,0.742998221724305,0.721728135020823,0.764268308427788,0.742998221724305,0.721728135020823,0.764268308427788,0.210491411777764,0.197327551232159,0.223655272323369,0.816075000000001,0.78437880385571,0.847771196144291,28.6785,28.0445760771142,29.3124239228858,0.710601651630694,0.671718191275056,0.749485111986331
"B-good",46,200,0.7385,0.713234353604441,0.763765646395559,0.7385,0.713234353604441,0.763765646395559,0.746370772265039,0.725141610201826,0.767599934328251,0.746370772265039,0.725141610201826,0.767599934328251,0.210786308758049,0.197345121331289,0.224227496184809,0.829150000000001,0.796586219602444,0.861713780397558,29.417,28.7657243920489,30.0682756079511,0.710601651630694,0.671718191275056,0.749485111986331
"B-good",47,200,0.7545,0.728884105184572,0.780115894815428,0.7545,0.728884105184572,0.780115894815428,0.749061638260625,0.727678390575711,0.770444885945538,0.749061638260625,0.727678390575711,0.770444885945538,0.209651145111567,0.196142725561657,0.223159564661476,0.841425000000001,0.808013523297719,0.874836476702282,30.1715,29.5032704659544,30.8397295340456,0.710601651630694,0.671718191275056,0.749485111986331
"B-good",48,200,0.7425,0.715850708322787,0.769149291677213,0.7425,0.715850708322787,0.769149291677213,0.752865827362135,0.73128925293665,0.77444240178762,0.752865827362135,0.73128925293665,0.77444240178762,0.209441096248551,0.195766410175219,0.223115782321883,0.854300000000001,0.819944411187029,0.888655588812972,30.914,30.2268882237406,31.6011117762594,0.710601651630694,0.671718191275056,0.749485111986331
"B-good",49,200,0.76,0.734644700141841,0.785355299858159,0.76,0.734644700141841,0.785355299858159,0.757343050637543,0.736219723837263,0.778466377437822,0.757343050637543,0.736219723837263,0.778466377437822,0.211215031271347,0.197585759153411,0.224844303389283,0.866300000000001,0.831052052722108,0.901547947277893,31.674,30.9690410544422,32.3789589455578,0.710601651630694,0.671718191275056,0.749485111986331
"B-good",50,200,0.7555,0.729434168346243,0.781565831653757,0.7555,0.729434168346243,0.781565831653757,0.760169144128455,0.738845285686356,0.781493002570555,0.760169144128455,0.738845285686356,0.781493002570555,0.20998851084489,0.196275153413821,0.223701868275958,0.878525000000001,0.842343736381007,0.914706263618994,32.4295,31.7058747276201,33.1531252723799,0.710601651630694,0.671718191275056,0.749485111986331
"B-good",51,200,0.7555,0.728404950136374,0.782595049863626,0.7555,0.728404950136374,0.782595049863626,0.763736821068181,0.742252876628597,0.785220765507766,0.763736821068181,0.742252876628597,0.785220765507766,0.208368343360516,0.194574368298066,0.222162318422967,0.890750000000001,0.853612605015135,0.927887394984867,33.185,32.4422521003027,33.9277478996973,0.710601651630694,0.671718191275056,0.749485111986331
"B-good",52,200,0.772,0.745916837993239,0.798083162006761,0.772,0.745916837993239,0.798083162006761,0.767068793332888,0.745935467646729,0.788202119019047,0.767068793332888,0.745935467646729,0.788202119019047,0.208261534856878,0.194475378244234,0.222047691469523,0.902150000000001,0.864137253117235,0.940162746882767,33.957,33.1967450623447,34.7172549376553,0.710601651630694,0.671718191275056,0.749485111986331
"B-good",53,200,0.7605,0.734652486870068,0.786347513129931,0.7605,0.734652486870068,0.786347513129931,0.769067850920156,0.747695310638785,0.790440391201528,0.769067850920156,0.747695310638785,0.790440391201528,0.206985462332672,0.192949399925988,0.221021524739356,0.914125000000001,0.875218535378566,0.953031464621436,34.7175,33.9393707075713,35.4956292924287,0.710601651630694,0.671718191275056,0.749485111986331
"B-good",54,200,0.7755,0.749592077317827,0.801407922682173,0.7755,0.749592077317827,0.801407922682173,0.773440881139248,0.752175450043576,0.79470631223492,0.773440881139248,0.752175450043576,0.79470631223492,0.205891081716895,0.191927450441959,0.219854712991831,0.925350000000001,0.885490935745976,0.965209064254025,35.493,34.6958187149195,36.2901812850805,0.710601651630694,0.671718191275056,0.749485111986331
"B-good",55,200,0.7685,0.742740332356919,0.794259667643081,0.7685,0.742740332356919,0.794259667643081,0.775550869752684,0.754214146090859,0.79688759341451,0.775550869752684,0.754214146090859,0.79688759341451,0.207526261867904,0.193262927205326,0.221789596530481,0.936925000000001,0.896134134285131,0.977715865714871,36.2615,35.4456826857026,37.0773173142974,0.710601651630694,0.671718191275056,0.749485111986331
"B-good",56,200,0.777,0.751927185801559,0.802072814198441,0.777,0.751927185801559,0.802072814198441,0.776717378919677,0.755118114998186,0.798316642841169,0.776717378919677,0.755118114998186,0.798316642841169,0.208266404571547,0.193892722964611,0.222640086178482,0.948075000000001,0.906424382087488,0.989725617912514,37.0385,36.2054876417497,37.8715123582503,0.710601651630694,0.671718191275056,0.749485111986331
"B-good",57,200,0.77,0.745828344487656,0.794171655512344,0.77,0.745828344487656,0.794171655512344,0.779462861064822,0.757851122311087,0.801074599818557,0.779462861064822,0.757851122311087,0.801074599818557,0.207379309508218,0.192927511287113,0.221831107729322,0.959575000000001,0.917122214947384,1.00202778505262,37.8085,36.9594442989477,38.6575557010523,0.710601651630694,0.671718191275056,0.749485111986331
"B-good",58,200,0.787,0.76013626864605,0.81386373135395,0.787,0.76013626864605,0.81386373135395,0.781966027223142,0.760381036398033,0.803551018048252,0.781966027223142,0.760381036398033,0.803551018048252,0.206068297283949,0.191394865395382,0.220741729172517,0.970225000000001,0.926930086697189,1.01351991330281,38.5955,37.7296017339438,39.4613982660562,0.710601651630694,0.671718191275056,0.749485111986331
"B-good",59,200,0.782,0.757397260408887,0.806602739591113,0.782,0.757397260408887,0.806602739591113,0.785781240628019,0.7644081829009,0.807154298355139,0.785781240628019,0.7644081829009,0.807154298355139,0.205892848427703,0.190944095542595,0.220841601312812,0.981125000000001,0.936960115046813,1.02528988495319,39.3775,38.4942023009362,40.2607976990638,0.710601651630694,0.671718191275056,0.749485111986331
"B-good",60,200,0.7795,0.752167992513097,0.806832007486903,0.7795,0.752167992513097,0.806832007486903,0.785814041607754,0.764336385949279,0.80729169726623,0.785814041607754,0.764336385949279,0.80729169726623,0.207102572474,0.191878089914723,0.222327055033277,0.992150000000001,0.947049667415357,1.03725033258464,40.157,39.2549933483071,41.0590066516929,0.710601651630694,0.671718191275056,0.749485111986331
"B-good",61,200,0.772,0.747781501715271,0.796218498284729,0.772,0.747781501715271,0.796218498284729,0.788599994916276,0.767207209906177,0.809992779926376,0.788599994916276,0.767207209906177,0.809992779926376,0.206426736595753,0.191157514310731,0.221695958880776,1.00355,0.957597716602454,1.04950228339755,40.929,40.0099543320491,41.8480456679509,0.710601651630694,0.671718191275056,0.749485111986331
"B-good",62,200,0.7855,0.760635065264197,0.810364934735803,0.7855,0.760635065264197,0.810364934735803,0.789516829715059,0.767901787473904,0.811131871956214,0.789516829715059,0.767901787473904,0.811131871956214,0.207045330104023,0.191515778615041,0.222574881593005,1.014275,0.967443553935857,1.06110644606414,41.7145,40.7778710787171,42.6511289212829,0.710601651630694,0.671718191275056,0.749485111986331
"B-good",63,200,0.7845,0.758494211084865,0.810505788915135,0.7845,0.758494211084865,0.810505788915135,0.792178732802457,0.770688207961955,0.813669257642959,0.792178732802457,0.770688207961955,0.813669257642959,0.207841839518602,0.192054473340509,0.223629205696694,1.02505,0.977252777104539,1.07284722289546,42.499,41.5430555420908,43.4549444579092,0.710601651630694,0.671718191275056,0.749485111986331
"B-good",64,200,0.799,0.773453139653207,0.824546860346793,0.799,0.773453139653207,0.824546860346793,0.794190631721279,0.772515618003777,0.815865645438782,0.794190631721279,0.772515618003777,0.815865645438782,0.206269630048881,0.190193531860521,0.222345728237241,1.0351,0.986418641117386,1.08378135888262,43.298,42.3243728223477,44.2716271776523,0.710601651630694,0.671718191275056,0.749485111986331
"B-good",65,200,0.7945,0.769682262645677,0.819317737354323,0.7945,0.769682262645677,0.819317737354323,0.796587218741874,0.774864261120701,0.818310176363047,0.796587218741874,0.774864261120701,0.818310176363047,0.205756411147695,0.189518936312227,0.221993885983162,1.045375,0.995810540981851,1.09493945901815,44.0925,43.101210819637,45.083789180363,0.710601651630694,0.671718191275056,0.749485111986331
"B-good",66,200,0.7965,0.771635851153077,0.821364148846923,0.7965,0.771635851153077,0.821364148846923,0.799381423096462,0.7777009901911,0.821061856001823,0.799381423096462,0.7777009901911,0.821061856001823,0.204678178318105,0.188260850368269,0.221095506267941,1.05555,1.00508440345255,1.10601559654745,44.889,43.879688069051,45.898311930949,0.710601651630694,0.671718191275056,0.749485111986331
"B-good",67,200,0.796,0.771713820637942,0.820286179362058,0.796,0.771713820637942,0.820286179362058,0.801582187304709,0.779982824771886,0.823181549837531,0.801582187304709,0.779982824771886,0.823181549837531,0.203669066444136,0.187118183260923,0.22021994962735,1.06575,1.01441895883546,1.11708104116454,45.685,44.6583791767092,46.7116208232908,0.710601651630694,0.671718191275056,0.749485111986331
"B-good",68,200,0.7965,0.769963133715021,0.823036866284979,0.7965,0.769963133715021,0.823036866284979,0.8041786028809,0.782781185944767,0.825576019817034,0.8041786028809,0.782781185944767,0.825576019817034,0.203579083050133,0.186965275743225,0.220192890357042,1.075925,1.02364646411162,1.12820353588838,46.4815,45.4359292822324,47.5270707177676,0.710601651630694,0.671718191275056,0.749485111986331
"B-good",69,200,0.7935,0.769204267839395,0.817795732160605,0.7935,0.769204267839395,0.817795732160605,0.806183586247916,0.78456062918438,0.827806543311452,0.806183586247916,0.78456062918438,0.827806543311452,0.202338468933852,0.185641265774956,0.219035672092748,1.08625,1.0331084388129,1.1393915611871,47.275,46.2121687762579,48.3378312237421,0.710601651630694,0.671718191275056,0.749485111986331
"B-good",70,200,0.7945,0.767640360601273,0.821359639398726,0.7945,0.767640360601273,0.821359639398726,0.808339493171625,0.786686072498781,0.829992913844469,0.808339493171625,0.786686072498781,0.829992913844469,0.200623539214791,0.18380151592844,0.217445562501143,1.096525,1.04240538877994,1.15064461122006,48.0695,46.9871077755989,49.1518922244011,0.710601651630694,0.671718191275056,0.749485111986331
"B-good",71,200,0.8,0.775507112384925,0.824492887615075,0.8,0.775507112384925,0.824492887615075,0.810195047519975,0.788498023751169,0.83189207128878,0.810195047519975,0.788498023751169,0.83189207128878,0.199498860675236,0.182563061273989,0.216434660076484,1.106525,1.05150151519317,1.16154848480683,48.8695,47.7690303038634,49.9699696961366,0.710601651630694,0.671718191275056,0.749485111986331
"B-good",72,200,0.8095,0.784666520218382,0.834333479781618,0.8095,0.784666520218382,0.834333479781618,0.814656952097315,0.793438948697852,0.835874955496777,0.814656952097315,0.793438948697852,0.835874955496777,0.197786323046198,0.180841508890714,0.214731137201681,1.11605,1.06009649033992,1.17200350966008,49.679,48.5599298067983,50.7980701932017,0.710601651630694,0.671718191275056,0.749485111986331
"B-good",73,200,0.816,0.7913306334855,0.840669366514501,0.816,0.7913306334855,0.840669366514501,0.81766020019597,0.79668207536193,0.83863832503001,0.81766020019597,0.79668207536193,0.83863832503001,0.196484182418972,0.179474850476476,0.213493514361467,1.12525,1.06838005092535,1.18211994907465,50.495,49.357601018507,51.632398981493,0.710601651630694,0.671718191275056,0.749485111986331
"B-good",74,200,0.8115,0.785945969731609,0.837054030268391,0.8115,0.785945969731609,0.837054030268391,0.818066287847742,0.797045615217203,0.839086960478282,0.818066287847742,0.797045615217203,0.839086960478282,0.197613166289828,0.180404727302277,0.21482160527738,1.134675,1.07684549894728,1.19250450105272,51.3065,50.1499099789456,52.4630900210544,0.710601651630694,0.671718191275056,0.749485111986331
"B-good",75,200,0.8185,0.793608359805656,0.843391640194344,0.8185,0.793608359805656,0.843391640194344,0.819100852953314,0.798214006164403,0.839987699742225,0.819100852953314,0.798214006164403,0.839987699742225,0.198667961040937,0.181518778269212,0.215817143812661,1.14375,1.08501517639653,1.20248482360348,52.125,50.9503035279305,53.2996964720695,0.710601651630694,0.671718191275056,0.749485111986331
"B-good",76,200,0.822,0.79671570191229,0.84728429808771,0.822,0.79671570191229,0.84728429808771,0.821559991738573,0.800709789519159,0.842410193957987,0.821559991738573,0.800709789519159,0.842410193957987,0.196332558464833,0.178962834264833,0.213702282664834,1.15265,1.09296633644776,1.21233366355224,52.947,51.7533267289551,54.1406732710449,0.710601651630694,0.671718191275056,0.749485111986331
"B-good",77,200,0.8215,0.798197769520277,0.844802230479723,0.8215,0.798197769520277,0.844802230479723,0.824388645200092,0.803587855254711,0.845189435145473,0.824388645200092,0.803587855254711,0.845189435145473,0.19462976790919,0.177235144358368,0.212024391460012,1.161575,1.10102312362408,1.22212687637592,53.7685,52.5574624724817,54.9795375275183,0.710601651630694,0.671718191275056,0.749485111986331
"B-good",78,200,0.825,0.800318358887615,0.849681641112385,0.825,0.800318358887615,0.849681641112385,0.826254119191837,0.805496014306126,0.847012224077548,0.826254119191837,0.805496014306126,0.847012224077548,0.193877625755491,0.176299696589689,0.211455554921293,1.170325,1.10885509174015,1.23179490825985,54.5935,53.3641018348029,55.8228981651971,0.710601651630694,0.671718191275056,0.749485111986331
"B-good",79,200,0.835,0.810838451807986,0.859161548192014,0.835,0.810838451807986,0.859161548192014,0.829035892888657,0.808357659191034,0.849714126586279,0.829035892888657,0.808357659191034,0.849714126586279,0.191930030829723,0.174145413297799,0.209714648361648,1.178575,1.11619388185475,1.24095611814525,55.4285,54.180877637095,56.676122362905,0.710601651630694,0.671718191275056,0.749485111986331
"B-good",80,200,0.8305,0.807184356112883,0.853815643887117,0.8305,0.807184356112883,0.853815643887117,0.832142859431057,0.811691321377136,0.852594397484977,0.832142859431057,0.811691321377136,0.852594397484977,0.191097511608465,0.173300096796359,0.208894926420571,1.18705,1.12379721881246,1.25030278118754,56.259,54.9939443762493,57.5240556237507,0.710601651630694,0.671718191275056,0.749485111986331
"B-good",81,200,0.836,0.812152264682831,0.859847735317169,0.836,0.812152264682831,0.859847735317169,0.83565679612043,0.815363410473908,0.855950181766951,0.83565679612043,0.815363410473908,0.855950181766951,0.187989176930962,0.170038150031267,0.205940203830658,1.19525,1.1311258724469,1.2593741275531,57.095,55.812517448938,58.377482551062,0.710601651630694,0.671718191275056,0.749485111986331
"B-good",82,200,0.8215,0.795804892553064,0.847195107446936,0.8215,0.795804892553064,0.847195107446936,0.837044193909415,0.816820770908187,0.857267616910643,0.837044193909415,0.816820770908187,0.857267616910643,0.188391483780808,0.170542270857654,0.206240696703961,1.204175,1.13908835713295,1.26926164286705,57.9165,56.6147671426591,59.2182328573409,0.710601651630694,0.671718191275056,0.749485111986331
"B-good",83,200,0.8405,0.818975439657779,0.862024560342222,0.8405,0.818975439657779,0.862024560342222,0.838709902706196,0.818669621219418,0.858750184192975,0.838709902706196,0.818669621219418,0.858750184192975,0.188582393544328,0.170697225919484,0.206467561169172,1.21215,1.14630383366633,1.27799616633368,58.757,57.4400766733265,60.0739233266735,0.710601651630694,0.671718191275056,0.749485111986331
"B-good",84,200,0.8435,0.820633715749456,0.866366284250544,0.8435,0.820633715749456,0.866366284250544,0.841218942645694,0.821366998219071,0.861070887072317,0.841218942645694,0.821366998219071,0.861070887072317,0.187364076400038,0.169227849338366,0.20550030346171,1.219975,1.15327512551973,1.28667487448027,59.6005,58.2665025103946,60.9344974896053,0.710601651630694,0.671718191275056,0.749485111986331
"B-good",85,200,0.8455,0.822709899102481,0.868290100897519,0.8455,0.822709899102481,0.868290100897519,0.845048017699447,0.825336029211927,0.864760006186967,0.845048017699447,0.825336029211927,0.864760006186967,0.184517881151404,0.166348191122774,0.202687571180033,1.2277,1.16014920243151,1.29525079756849,60.446,59.0949840486302,61.7970159513698,0.710601651630694,0.671718191275056,0.749485111986331
"B-good",86,200,0.845,0.823536692249641,0.866463307750359,0.845,0.823536692249641,0.866463307750359,0.848631407461522,0.829368442236132,0.867894372686912,0.848631407461522,0.829368442236132,0.867894372686912,0.181699638924026,0.163570133955134,0.199829143892918,1.23545,1.16706015120406,1.30383984879594,61.291,59.9232030240812,62.6587969759188,0.710601651630694,0.671718191275056,0.749485111986331
"B-good",87,200,0.853,0.830377174672733,0.875622825327267,0.853,0.830377174672733,0.875622825327267,0.849356388416223,0.830121793080138,0.868590983752308,0.849356388416223,0.830121793080138,0.868590983752308,0.181024926194803,0.162713298028027,0.199336554361578,1.2428,1.17354887958274,1.31205112041726,62.144,60.7589775916548,63.5290224083452,0.710601651630694,0.671718191275056,0.749485111986331
"B-good",88,200,0.8415,0.819786530943014,0.863213469056986,0.8415,0.819786530943014,0.863213469056986,0.852266398471728,0.832989342367657,0.871543454575799,0.852266398471728,0.832989342367657,0.871543454575799,0.177903404283473,0.159559618222591,0.196247190344356,1.250725,1.18063690774164,1.32081309225837,62.9855,61.5837381548327,64.3872618451673,0.710601651630694,0.671718191275056,0.749485111986331
"B-good",89,200,0.8505,0.82698407309968,0.87401592690032,0.8505,0.82698407309968,0.87401592690032,0.854395241500969,0.8352851222367,0.873505360765237,0.854395241500969,0.8352851222367,0.873505360765237,0.177138964322472,0.158654534246132,0.195623394398811,1.2582,1.18720615678046,1.32919384321954,63.836,62.4161231356091,65.2558768643909,0.710601651630694,0.671718191275056,0.749485111986331
"B-good",90,200,0.853,0.8321762357341,0.8738237642659,0.853,0.8321762357341,0.8738237642659,0.857819362579961,0.838901891724013,0.876736833435909,0.857819362579961,0.838901891724013,0.876736833435909,0.173937983218154,0.155373435947996,0.192502530488312,1.26555,1.19378301193725,1.33731698806275,64.689,63.2536602387451,66.124339761255,0.710601651630694,0.671718191275056,0.749485111986331
"B-good",91,200,0.8745,0.854534360528691,0.894465639471309,0.8745,0.854534360528691,0.894465639471309,0.859076488765833,0.840041992949089,0.878110984582577,0.859076488765833,0.840041992949089,0.878110984582577,0.172169233484077,0.153388319537667,0.190950147430486,1.271825,1.19933047656815,1.34431952343186,65.5635,64.1136095313629,67.0133904686371,0.710601651630694,0.671718191275056,0.749485111986331
"B-good",92,200,0.8635,0.841082494388219,0.885917505611781,0.8635,0.841082494388219,0.885917505611781,0.860492097050858,0.841681330111371,0.879302863990345,0.860492097050858,0.841681330111371,0.879302863990345,0.171973699258903,0.153232050964103,0.190715347553703,1.27865,1.20526811222045,1.35203188777955,66.427,64.9593622444089,67.8946377555911,0.710601651630694,0.671718191275056,0.749485111986331
"B-good",93,200,0.8575,0.835555575327493,0.879444424672507,0.8575,0.835555575327493,0.879444424672507,0.859972100548953,0.841092334781426,0.878851866316481,0.859972100548953,0.841092334781426,0.878851866316481,0.173109955394001,0.154151875803777,0.192068034984224,1.285775,1.21153333034415,1.36001666965585,67.2845,65.7996666068831,68.7693333931169,0.710601651630694,0.671718191275056,0.749485111986331
"B-good",94,200,0.8545,0.832011999597752,0.876988000402248,0.8545,0.832011999597752,0.876988000402248,0.860138308183308,0.841260427769473,0.879016188597143,0.860138308183308,0.841260427769473,0.879016188597143,0.172782862537003,0.153656874535879,0.191908850538128,1.29305,1.21795558483511,1.36814441516489,68.139,66.6371116967023,69.6408883032977,0.710601651630694,0.671718191275056,0.749485111986331
"B-good",95,200,0.8705,0.849401806126777,0.891598193873224,0.8705,0.849401806126777,0.891598193873224,0.861978418701177,0.843275045932436,0.880681791469918,0.861978418701177,0.843275045932436,0.880681791469918,0.172120135725883,0.152909691875735,0.191330579576031,1.299525,1.22363264961567,1.37541735038433,69.0095,67.4916529923134,70.5273470076866,0.710601651630694,0.671718191275056,0.749485111986331
"B-good",96,200,0.8615,0.840268854821787,0.882731145178213,0.8615,0.840268854821787,0.882731145178213,0.862585717319761,0.843775141822037,0.881396292817486,0.862585717319761,0.843775141822037,0.881396292817486,0.171744209467775,0.152509845066789,0.190978573868762,1.30645,1.22974800974602,1.38315199025398,69.871,68.3369601949203,71.4050398050797,0.710601651630694,0.671718191275056,0.749485111986331
"B-good",97,200,0.854,0.83133704526966,0.87666295473034,0.854,0.83133704526966,0.87666295473034,0.864423622612529,0.845702133419289,0.88314511180577,0.864423622612529,0.845702133419289,0.88314511180577,0.171751964261409,0.15238589727777,0.191118031245047,1.31375,1.23614071704896,1.39135928295104,70.725,69.1728143409791,72.2771856590209,0.710601651630694,0.671718191275056,0.749485111986331
"B-good",98,200,0.8635,0.841926472222866,0.885073527777134,0.8635,0.841926472222866,0.885073527777134,0.866967077132571,0.848551343455461,0.885382810809681,0.866967077132571,0.848551343455461,0.885382810809681,0.170371723659035,0.151053341323754,0.189690105994317,1.320575,1.24215385546613,1.39899614453387,71.5885,70.0200771093227,73.1569228906773,0.710601651630694,0.671718191275056,0.749485111986331
"B-good",99,200,0.852,0.829899298442207,0.874100701557793,0.852,0.829899298442207,0.874100701557793,0.869462258207708,0.851036027547838,0.887888488867579,0.869462258207708,0.851036027547838,0.887888488867579,0.167883855633173,0.148408492187335,0.187359219079012,1.327975,1.24864735758366,1.40730264241634,72.4405,70.8539471516731,74.0270528483269,0.710601651630694,0.671718191275056,0.749485111986331
"B-good",100,200,0.868,0.847419289048965,0.888580710951035,0.868,0.847419289048965,0.888580710951035,0.872709206738363,0.854551352379731,0.890867061096995,0.872709206738363,0.854551352379731,0.890867061096995,0.1653093954584,0.145905944349672,0.184712846567129,1.334575,1.25447000263956,1.41467999736044,73.3085,71.7064000527913,74.9105999472087,0.710601651630694,0.671718191275056,0.749485111986331
"B-good",101,200,0.8685,0.848311477747569,0.888688522252432,0.8685,0.848311477747569,0.888688522252432,0.873891227564548,0.855714298673536,0.892068156455561,0.873891227564548,0.855714298673536,0.892068156455561,0.164460798178699,0.144787346801472,0.184134249555927,1.34115,1.26028417267542,1.42201582732458,74.177,72.5596834535083,75.7943165464917,0.710601651630694,0.671718191275056,0.749485111986331
"B-good",102,200,0.873,0.851312081705075,0.894687918294925,0.873,0.851312081705075,0.894687918294925,0.875278438531646,0.857154276304327,0.893402600758966,0.875278438531646,0.857154276304327,0.893402600758966,0.163299302278714,0.143511571880248,0.183087032677179,1.3475,1.26578755466624,1.42921244533376,75.05,73.4157510933248,76.6842489066752,0.710601651630694,0.671718191275056,0.749485111986331
"B-good",103,200,0.8765,0.856732062039609,0.896267937960391,0.8765,0.856732062039609,0.896267937960391,0.87735004010176,0.859408749599727,0.895291330603792,0.87735004010176,0.859408749599727,0.895291330603792,0.162078456841022,0.142183098091828,0.181973815590216,1.353675,1.27125182638795,1.43609817361205,75.9265,74.278036527759,77.574963472241,0.710601651630694,0.671718191275056,0.749485111986331
"B-good",104,200,0.8795,0.859716252232033,0.899283747767968,0.8795,0.859716252232033,0.899283747767968,0.878365913680578,0.860661970678023,0.896069856683133,0.878365913680578,0.860661970678023,0.896069856683133,0.161794175823322,0.142126692249226,0.181461659397418,1.3597,1.27654013239863,1.44285986760137,76.806,75.1428026479725,78.4691973520275,0.710601651630694,0.671718191275056,0.749485111986331
"B-good",105,200,0.882,0.862292329340173,0.901707670659827,0.882,0.862292329340173,0.901707670659827,0.880591248085542,0.863235354320957,0.897947141850127,0.880591248085542,0.863235354320957,0.897947141850127,0.160385094938928,0.140821573877831,0.179948616000025,1.3656,1.28171349603522,1.44948650396478,77.688,76.0102699207045,79.3657300792955,0.710601651630694,0.671718191275056,0.749485111986331
"B-good",106,200,0.887,0.867166312032432,0.906833687967568,0.887,0.867166312032432,0.906833687967568,0.882534811557479,0.865338790756194,0.899730832358764,0.882534811557479,0.865338790756194,0.899730832358764,0.158932310579948,0.139277321683579,0.178587299476317,1.37125,1.28669117438039,1.45580882561961,78.575,76.8838234876078,80.2661765123922,0.710601651630694,0.671718191275056,0.749485111986331
"B-good",107,200,0.887,0.867068032415886,0.906931967584114,0.887,0.867068032415886,0.906931967584114,0.883376232809339,0.866138312082753,0.900614153535925,0.883376232809339,0.866138312082753,0.900614153535925,0.158224808240774,0.138509529536833,0.177940086944715,1.3769,1.29161712368093,1.46218287631907,79.462,77.7563424736187,81.1676575263813,0.710601651630694,0.671718191275056,0.749485111986331
"B-good",108,200,0.876,0.856120551574145,0.895879448425855,0.876,0.856120551574145,0.895879448425855,0.884701176058401,0.867762016281468,0.901640335835333,0.884701176058401,0.867762016281468,0.901640335835333,0.159207842658236,0.139475693480062,0.17893999183641,1.3831,1.29713140554878,1.46906859445122,80.338,78.6186281109756,82.0573718890244,0.710601651630694,0.671718191275056,0.749485111986331
"B-good",109,200,0.885,0.865845943028092,0.904154056971908,0.885,0.865845943028092,0.904154056971908,0.884784374738249,0.867827605198376,0.901741144278123,0.884784374738249,0.867827605198376,0.901741144278123,0.159945007575554,0.140130728216628,0.179759286934481,1.38885,1.30220982064239,1.47549017935761,81.223,79.4901964128478,82.9558035871522,0.710601651630694,0.671718191275056,0.749485111986331
"B-good",110,200,0.8835,0.864809228336285,0.902190771663715,0.8835,0.864809228336285,0.902190771663715,0.886088437140764,0.86931630866371,0.902860565617818,0.886088437140764,0.86931630866371,0.902860565617818,0.159369127016722,0.139708319081969,0.179029934951475,1.394675,1.30733625559558,1.48201374440442,82.1065,80.3597251119116,83.8532748880884,0.710601651630694,0.671718191275056,0.749485111986331
"B-good",111,200,0.893,0.874800122537123,0.911199877462877,0.893,0.874800122537123,0.911199877462877,0.887146789729725,0.870319879295696,0.903973700163754,0.887146789729725,0.870319879295696,0.903973700163754,0.158210418508573,0.138544555291922,0.177876281725224,1.400025,1.31202572974095,1.48802427025905,82.9995,81.239514594819,84.759485405181,0.710601651630694,0.671718191275056,0.749485111986331
"B-good",112,200,0.8885,0.868525553992603,0.908474446007397,0.8885,0.868525553992603,0.908474446007397,0.887620133658696,0.870954074014787,0.904286193302605,0.887620133658696,0.870954074014787,0.904286193302605,0.158631847490895,0.1389955586579,0.17826813632389,1.4056,1.31683227212252,1.49436772787748,83.888,82.1126454424503,85.6633545575497,0.710601651630694,0.671718191275056,0.749485111986331
"B-good",113,200,0.8855,0.866934056908852,0.904065943091148,0.8855,0.866934056908852,0.904065943091148,0.889890404947794,0.873357568467842,0.906423241427746,0.889890404947794,0.873357568467842,0.906423241427746,0.156239644996401,0.136679724519113,0.175799565473689,1.411325,1.32187757229247,1.50077242770753,84.7735,82.9845514458493,86.5624485541507,0.710601651630694,0.671718191275056,0.749485111986331
"B-good",114,200,0.887,0.867464117162081,0.906535882837919,0.887,0.867464117162081,0.906535882837919,0.890982571731702,0.874591128940795,0.907374014522609,0.890982571731702,0.874591128940795,0.907374014522609,0.155887402587213,0.136420067858433,0.175354737315992,1.416975,1.32680023048239,1.50714976951761,85.6605,83.8570046096478,87.4639953903522,0.710601651630694,0.671718191275056,0.749485111986331
"B-good",115,200,0.8865,0.866746895226345,0.906253104773655,0.8865,0.866746895226345,0.906253104773655,0.8927705202372,0.876519512377611,0.909021528096788,0.8927705202372,0.876519512377611,0.909021528096788,0.153732240445931,0.134251371069304,0.173213109822559,1.42265,1.33174004255042,1.51355995744958,86.547,84.7288008510083,88.3651991489917,0.710601651630694,0.671718191275056,0.749485111986331
"B-good",116,200,0.8845,0.865175943226079,0.903824056773921,0.8845,0.865175943226079,0.903824056773921,0.894028158788359,0.877820622774897,0.910235694801821,0.894028158788359,0.877820622774897,0.910235694801821,0.152185344169206,0.132693759000428,0.171676929337984,1.428425,1.33678680129691,1.52006319870309,87.4315,85.5987360259381,89.2642639740619,0.710601651630694,0.671718191275056,0.749485111986331
"B-good",117,200,0.898,0.879669069102923,0.916330930897077,0.898,0.879669069102923,0.916330930897077,0.896901273720019,0.881081599368143,0.912720948071896,0.896901273720019,0.881081599368143,0.912720948071896,0.149660089989988,0.130370942280498,0.168949237699477,1.433525,1.34123037366806,1.52581962633194,88.3295,86.4836074733612,90.1753925266388,0.710601651630694,0.671718191275056,0.749485111986331
"B-good",118,200,0.9,0.881666937227485,0.918333062772515,0.9,0.881666937227485,0.918333062772515,0.896785707885333,0.881001193957307,0.912570221813358,0.896785707885333,0.881001193957307,0.912570221813358,0.150460942490007,0.131047976594367,0.169873908385646,1.438525,1.34561107496051,1.53143892503949,89.2295,87.3712214992103,91.0877785007897,0.710601651630694,0.671718191275056,0.749485111986331
"B-good",119,200,0.8935,0.874534200469257,0.912465799530743,0.8935,0.874534200469257,0.912465799530743,0.897308116873237,0.881697273177798,0.912918960568677,0.897308116873237,0.881697273177798,0.912918960568677,0.150896357312191,0.1313805618135,0.170412152810883,1.44385,1.35023904160658,1.53746095839342,90.123,88.2507808321315,91.9952191678685,0.710601651630694,0.671718191275056,0.749485111986331
"B-good",120,200,0.8985,0.879929847361992,0.917070152638008,0.8985,0.879929847361992,0.917070152638008,0.898932959511623,0.883524848839742,0.914341070183504,0.898932959511623,0.883524848839742,0.914341070183504,0.149299701127046,0.129803659007216,0.168795743246876,1.448925,1.35463318831692,1.54321681168308,91.0215,89.1356637663385,92.9073362336616,0.710601651630694,0.671718191275056,0.749485111986331
"B-good",121,200,0.8915,0.872446824878442,0.910553175121558,0.8915,0.872446824878442,0.910553175121558,0.899727364185546,0.884449174611023,0.915005553760069,0.899727364185546,0.884449174611023,0.915005553760069,0.149783849210668,0.1302887547775,0.169278943643836,1.45435,1.35934607924635,1.54935392075365,91.913,90.0129215849269,93.8130784150731,0.710601651630694,0.671718191275056,0.749485111986331
"B-good",122,200,0.896,0.878888633859969,0.913111366140031,0.896,0.878888633859969,0.913111366140031,0.901344212225464,0.886114370052672,0.916574054398255,0.901344212225464,0.886114370052672,0.916574054398255,0.147142558201644,0.12762387172926,0.166661244674028,1.45955,1.36390977073826,1.55519022926174,92.809,90.8961954147653,94.7218045852347,0.710601651630694,0.671718191275056,0.749485111986331
"B-good",123,200,0.9,0.881666937227485,0.918333062772515,0.9,0.881666937227485,0.918333062772515,0.902069840619129,0.886750663609211,0.917389017629046,0.902069840619129,0.886750663609211,0.917389017629046,0.14585422566041,0.126238037151325,0.165470414169496,1.46455,1.36825222026739,1.56084777973261,93.709,91.7830444053478,95.6349555946522,0.710601651630694,0.671718191275056,0.749485111986331
"B-good",124,200,0.896,0.878326867338393,0.913673132661607,0.896,0.878326867338393,0.913673132661607,0.902912174640606,0.887763414043339,0.918060935237874,0.902912174640606,0.887763414043339,0.918060935237874,0.14610212709286,0.126588222281837,0.165616031903884,1.46975,1.37278707323427,1.56671292676572,94.605,92.6657414646855,96.5442585353145,0.710601651630694,0.671718191275056,0.749485111986331
"B-good",125,200,0.914,0.897398705583322,0.930601294416678,0.914,0.897398705583322,0.930601294416678,0.904071299033894,0.889103103186251,0.919039494881537,0.904071299033894,0.889103103186251,0.919039494881537,0.145433595368131,0.125996450568809,0.164870740167453,1.47405,1.37649959347539,1.57160040652461,95.519,93.5679918695077,97.4700081304923,0.710601651630694,0.671718191275056,0.749485111986331
"B-good",126,200,0.91,0.89282252695714,0.92717747304286,0.91,0.89282252695714,0.92717747304286,0.904120404048525,0.889096749227214,0.919144058869835,0.904120404048525,0.889096749227214,0.919144058869835,0.145472752260319,0.125822488074623,0.165123016446016,1.47855,1.38036898327957,1.57673101672043,96.429,94.4653796655913,98.3926203344087,0.710601651630694,0.671718191275056,0.749485111986331
"B-good",127,200,0.912,0.895426979167992,0.928573020832008,0.912,0.895426979167992,0.928573020832008,0.906524551348619,0.891701888746287,0.921347213950951,0.906524551348619,0.891701888746287,0.921347213950951,0.142941239870264,0.12334635486521,0.162536124875318,1.48295,1.38415964436924,1.58174035563076,97.341,95.3651928873848,99.3168071126152,0.710601651630694,0.671718191275056,0.749485111986331
"B-good",128,200,0.9075,0.890670888609105,0.924329111390895,0.9075,0.890670888609105,0.924329111390895,0.907399552791068,0.892636339097723,0.922162766484413,0.907399552791068,0.892636339097723,0.922162766484413,0.142341836565683,0.122668478883333,0.162015194248034,1.487575,1.38822608281386,1.58692391718614,98.2485,96.2615216562772,100.235478343723,0.710601651630694,0.671718191275056,0.749485111986331
"B-good",129,200,0.911,0.894710614692736,0.927289385307264,0.911,0.894710614692736,0.927289385307264,0.90864757237571,0.894091707685473,0.923203437065948,0.90864757237571,0.894091707685473,0.923203437065948,0.141784067978915,0.122237445940014,0.161330690017816,1.492025,1.39204172022348,1.59200827977652,99.1595,97.1598344044696,101.15916559553,0.710601651630694,0.671718191275056,0.749485111986331
"B-good",130,200,0.906,0.888393332909174,0.923606667090826,0.906,0.888393332909174,0.923606667090826,0.909382533214529,0.894890699119986,0.923874367309073,0.909382533214529,0.894890699119986,0.923874367309073,0.140979694912732,0.121439770544193,0.160519619281272,1.496725,1.39608853016787,1.59736146983213,100.0655,98.0527706033573,102.078229396643,0.710601651630694,0.671718191275056,0.749485111986331
"B-good",131,200,0.903,0.885378356298194,0.920621643701806,0.903,0.885378356298194,0.920621643701806,0.909135171066601,0.894684381386238,0.923585960746964,0.909135171066601,0.894684381386238,0.923585960746964,0.142339623905551,0.122777287306738,0.161901960504364,1.501575,1.40027275755685,1.60287724244315,100.9685,98.9424551511371,102.994544848863,0.710601651630694,0.671718191275056,0.749485111986331
"B-good",132,200,0.911,0.894063680527495,0.927936319472505,0.911,0.894063680527495,0.927936319472505,0.909622883363157,0.895230359893608,0.924015406832706,0.909622883363157,0.895230359893608,0.924015406832706,0.141853866461758,0.122319421410653,0.161388311512862,1.506025,1.40411865604148,1.60793134395852,101.8795,99.8413731208296,103.91762687917,0.710601651630694,0.671718191275056,0.749485111986331
"B-good",133,200,0.912,0.896336224300849,0.927663775699151,0.912,0.896336224300849,0.927663775699151,0.911753496665332,0.897630647711009,0.925876345619655,0.911753496665332,0.897630647711009,0.925876345619655,0.1395802839744,0.120070223421918,0.159090344526883,1.510425,1.40795906604072,1.61289093395928,102.7915,100.742181320814,104.840818679186,0.710601651630694,0.671718191275056,0.749485111986331
"B-good",134,200,0.9135,0.897520204738087,0.929479795261913,0.9135,0.897520204738087,0.929479795261913,0.91270413591861,0.898545742143854,0.926862529693365,0.91270413591861,0.898545742143854,0.926862529693365,0.138255427861885,0.118664310248458,0.157846545475312,1.51475,1.41168677925351,1.61781322074649,103.705,101.64373558507,105.76626441493,0.710601651630694,0.671718191275056,0.749485111986331
"B-good",135,200,0.92,0.903758068061228,0.936241931938772,0.92,0.903758068061228,0.936241931938772,0.912793003394014,0.898494817134835,0.927091189653192,0.912793003394014,0.898494817134835,0.927091189653192,0.13780729128304,0.118122068868902,0.157492513697177,1.51875,1.41512008292674,1.62237991707325,104.625,102.552401658535,106.697598341465,0.710601651630694,0.671718191275056,0.749485111986331
"B-good",136,200,0.9105,0.893299932394832,0.927700067605168,0.9105,0.893299932394832,0.927700067605168,0.913304465229912,0.89914371281224,0.927465217647585,0.913304465229912,0.89914371281224,0.927465217647585,0.137548925924013,0.117970932997986,0.15712691885004,1.523225,1.41897786522586,1.62747213477414,105.5355,103.450557304517,107.620442695483,0.710601651630694,0.671718191275056,0.749485111986331
"B-good",137,200,0.9125,0.895497611336164,0.929502388663835,0.9125,0.895497611336164,0.929502388663835,0.91430913821149,0.900186609650432,0.928431666772549,0.91430913821149,0.900186609650432,0.928431666772549,0.136437922925091,0.116744934004958,0.156130911845224,1.5276,1.42275393520121,1.63244606479879,106.448,104.351078704024,108.544921295976,0.710601651630694,0.671718191275056,0.749485111986331
"B-good",138,200,0.9115,0.895187388976447,0.927812611023553,0.9115,0.895187388976447,0.927812611023553,0.914577359344461,0.900499739294486,0.928654979394437,0.914577359344461,0.900499739294486,0.928654979394437,0.137108595595959,0.117335490048801,0.156881701143117,1.532025,1.42656031206369,1.63748968793631,107.3595,105.250206241274,109.468793758726,0.710601651630694,0.671718191275056,0.749485111986331
"B-good",139,200,0.9215,0.906194777742079,0.936805222257921,0.9215,0.906194777742079,0.936805222257921,0.915774682941978,0.901936327564208,0.929613038319748,0.915774682941978,0.901936327564208,0.929613038319748,0.136526886357414,0.116877321714752,0.156176451000076,1.53595,1.42990882247606,1.64199117752394,108.281,106.160176449521,110.401823550479,0.710601651630694,0.671718191275056,0.749485111986331
"B-good",140,200,0.914,0.897755662027301,0.930244337972699,0.914,0.897755662027301,0.930244337972699,0.915679298223329,0.901635447314283,0.929723149132375,0.915679298223329,0.901635447314283,0.929723149132375,0.136642820335973,0.116822372720222,0.156463267951725,1.54025,1.43364273430667,1.64685726569333,109.195,107.062854686133,111.327145313867,0.710601651630694,0.671718191275056,0.749485111986331
"B-good",141,200,0.911,0.894831019812332,0.927168980187668,0.911,0.894831019812332,0.927168980187668,0.916953806728133,0.902969598816196,0.930938014640071,0.916953806728133,0.902969598816196,0.930938014640071,0.135561348774334,0.115654780777024,0.155467916771644,1.5447,1.43752595476716,1.65187404523284,110.106,107.962519095343,112.249480904657,0.710601651630694,0.671718191275056,0.749485111986331
"B-good",142,200,0.918,0.902076401435295,0.933923598564705,0.918,0.902076401435295,0.933923598564705,0.917723398075546,0.903805708613293,0.9316410875378,0.917723398075546,0.903805708613293,0.9316410875378,0.134692640733364,0.114839047965038,0.154546233501691,1.5488,1.44103303428604,1.65656696571396,111.024,108.868660685721,113.179339314279,0.710601651630694,0.671718191275056,0.749485111986331
"B-good",143,200,0.9145,0.897644203801529,0.931355796198471,0.9145,0.897644203801529,0.931355796198471,0.919476790425556,0.905830407025509,0.933123173825603,0.919476790425556,0.905830407025509,0.933123173825603,0.132707799659217,0.112958330316738,0.152457269001697,1.553075,1.44469262171865,1.66145737828135,111.9385,109.770852434373,114.106147565627,0.710601651630694,0.671718191275056,0.749485111986331
"B-good",144,200,0.914,0.897049264427549,0.930950735572451,0.914,0.897049264427549,0.930950735572451,0.921024965514711,0.907476937734466,0.934572993294956,0.921024965514711,0.907476937734466,0.934572993294956,0.130766700293155,0.111121104578097,0.150412296008213,1.557375,1.44838413910789,1.6663658608921,112.8525,110.672682782158,115.032317217842,0.710601651630694,0.671718191275056,0.749485111986331
"B-good",145,200,0.9255,0.910640464989122,0.940359535010878,0.9255,0.910640464989122,0.940359535010878,0.921261404046319,0.907682480255226,0.934840327837411,0.921261404046319,0.907682480255226,0.934840327837411,0.131017009276697,0.1112522740939,0.150781744459495,1.5611,1.45156514207627,1.67063485792373,113.778,111.587302841525,115.968697158475,0.710601651630694,0.671718191275056,0.749485111986331
"B-good",146,200,0.9175,0.901596201663833,0.933403798336167,0.9175,0.901596201663833,0.933403798336167,0.921546912577816,0.907955193521684,0.935138631633948,0.921546912577816,0.907955193521684,0.935138631633948,0.130258622318835,0.110598248515637,0.149918996122032,1.565225,1.45513252685393,1.67531747314607,114.6955,112.493650537079,116.897349462921,0.710601651630694,0.671718191275056,0.749485111986331
"B-good",147,200,0.925,0.909831198788068,0.940168801211932,0.925,0.909831198788068,0.940168801211932,0.921981064135932,0.908483763349375,0.93547836492249,0.921981064135932,0.908483763349375,0.93547836492249,0.130679527876171,0.110963374927571,0.150395680824771,1.568975,1.45833999944343,1.67961000055657,115.6205,113.407799988869,117.833200011131,0.710601651630694,0.671718191275056,0.749485111986331
"B-good",148,200,0.9205,0.90588577073576,0.93511422926424,0.9205,0.90588577073576,0.93511422926424,0.922946030375507,0.909385049299378,0.936507011451636,0.922946030375507,0.909385049299378,0.936507011451636,0.128702004474976,0.108985894142393,0.148418114807558,1.57295,1.46177200206447,1.68412799793553,116.541,114.317440041289,118.764559958711,0.710601651630694,0.671718191275056,0.749485111986331
"B-good",149,200,0.927,0.911769489705556,0.942230510294444,0.927,0.911769489705556,0.942230510294444,0.922970086453706,0.909478884247474,0.936461288659939,0.922970086453706,0.909478884247474,0.936461288659939,0.129146235180373,0.109521042578691,0.148771427782054,1.5766,1.4648515702567,1.68834842974329,117.468,115.233031405134,119.702968594866,0.710601651630694,0.671718191275056,0.749485111986331
"B-good",150,200,0.9195,0.904142520673956,0.934857479326044,0.9195,0.904142520673956,0.934857479326044,0.924739988422796,0.911428039172103,0.938051937673489,0.924739988422796,0.911428039172103,0.938051937673489,0.126656712365026,0.107181711050097,0.146131713679956,1.580625,1.46833790675961,1.69291209324039,118.3875,116.141758135192,120.633241864808,0.710601651630694,0.671718191275056,0.749485111986331
"B-good",151,200,0.9255,0.910839046733908,0.940160953266092,0.9255,0.910839046733908,0.940160953266092,0.926245282847457,0.913228610968099,0.939261954726814,0.926245282847457,0.913228610968099,0.939261954726814,0.125099957302336,0.105817001744701,0.144382912859971,1.58435,1.47152826135259,1.69717173864741,119.313,117.056565227052,121.569434772948,0.710601651630694,0.671718191275056,0.749485111986331
"B-good",152,200,0.9325,0.918044410216107,0.946955589783893,0.9325,0.918044410216107,0.946955589783893,0.927291387187811,0.91440992827934,0.940172846096283,0.927291387187811,0.91440992827934,0.940172846096283,0.12411976546766,0.104863361365762,0.143376169569558,1.587725,1.47441038160439,1.70103961839561,120.2455,117.979207632088,122.511792367912,0.710601651630694,0.671718191275056,0.749485111986331
"B-good",153,200,0.925,0.909138493962006,0.940861506037994,0.925,0.909138493962006,0.940861506037994,0.928064979913696,0.915111939329935,0.941018020497457,0.928064979913696,0.915111939329935,0.941018020497457,0.122931514984952,0.103613964150203,0.1422490658197,1.591475,1.47763904489474,1.70531095510526,121.1705,118.893780897895,123.447219102105,0.710601651630694,0.671718191275056,0.749485111986331
"B-good",154,200,0.9245,0.908348704297256,0.940651295702744,0.9245,0.908348704297256,0.940651295702744,0.928170401033172,0.915313903523945,0.9410268985424,0.928170401033172,0.915313903523945,0.9410268985424,0.123445121369221,0.104217762310366,0.142672480428076,1.59525,1.48084165622666,1.70965834377334,122.095,119.806833124533,124.383166875467,0.710601651630694,0.671718191275056,0.749485111986331
"B-good",155,200,0.931,0.917134156877588,0.944865843122412,0.931,0.917134156877588,0.944865843122412,0.930111023845411,0.917423639357131,0.942798408333691,0.930111023845411,0.917423639357131,0.942798408333691,0.120926097863202,0.101834501125957,0.140017694600446,1.5987,1.48381034474356,1.71358965525644,123.026,120.728206894871,125.323793105129,0.710601651630694,0.671718191275056,0.749485111986331
"B-good",156,200,0.9315,0.915960376062591,0.947039623937409,0.9315,0.915960376062591,0.947039623937409,0.931045547850098,0.918355051206179,0.943736044494017,0.931045547850098,0.918355051206179,0.943736044494017,0.119507595096051,0.100349690162306,0.138665500029796,1.602125,1.48669185050425,1.71755814949575,123.9575,121.648837010085,126.266162989915,0.710601651630694,0.671718191275056,0.749485111986331
"B-good",157,200,0.9335,0.918491300003267,0.948508699996733,0.9335,0.918491300003267,0.948508699996733,0.931974433137044,0.919354999919554,0.944593866354535,0.931974433137044,0.919354999919554,0.944593866354535,0.118984916494694,0.0997583367180815,0.138211496271307,1.60545,1.48948505368882,1.72141494631118,124.891,122.571701073776,127.210298926224,0.710601651630694,0.671718191275056,0.749485111986331
"B-good",158,200,0.93,0.91588207443195,0.94411792556805,0.93,0.91588207443195,0.94411792556805,0.931978141996924,0.919373134131849,0.944583149862,0.931978141996924,0.919373134131849,0.944583149862,0.11920555586725,0.09987707972833,0.13853403200617,1.60895,1.49248788147181,1.72541211852819,125.821,123.491757629436,128.150242370564,0.710601651630694,0.671718191275056,0.749485111986331
"B-good",159,200,0.9335,0.919089087975252,0.947910912024748,0.9335,0.919089087975252,0.947910912024748,0.932466231769586,0.919845766159775,0.945086697379397,0.932466231769586,0.919845766159775,0.945086697379397,0.118038935117411,0.0987458671468193,0.137332003088002,1.612275,1.49532114736867,1.72922885263133,126.7545,124.415422947373,129.093577052627,0.710601651630694,0.671718191275056,0.749485111986331
"B-good",160,200,0.931,0.91706387133437,0.94493612866563,0.931,0.91706387133437,0.94493612866563,0.93337132329354,0.920889952992334,0.945852693594746,0.93337132329354,0.920889952992334,0.945852693594746,0.117077037522513,0.0979154893695947,0.136238585675432,1.615725,1.49829311144915,1.73315688855085,127.6855,125.336862228983,130.034137771017,0.710601651630694,0.671718191275056,0.749485111986331
"B-good",161,200,0.9315,0.917136625337259,0.945863374662741,0.9315,0.917136625337259,0.945863374662741,0.934080221314425,0.921647580899256,0.946512861729594,0.934080221314425,0.921647580899256,0.946512861729594,0.116045334252421,0.0969320312213654,0.135158637283478,1.61915,1.50123072154647,1.73706927845353,128.617,126.258614430929,130.975385569071,0.710601651630694,0.671718191275056,0.749485111986331
"B-good",162,200,0.9315,0.916406909683949,0.946593090316051,0.9315,0.916406909683949,0.946593090316051,0.934364556108764,0.921660408877827,0.947068703339702,0.934364556108764,0.921660408877827,0.947068703339702,0.113946588113156,0.0948407189252035,0.133052457301108,1.622575,1.50411998945344,1.74103001054656,129.5485,127.179399789069,131.917600210931,0.710601651630694,0.671718191275056,0.749485111986331
"B-good",163,200,0.9295,0.914986400103582,0.944013599896418,0.9295,0.914986400103582,0.944013599896418,0.934253257680217,0.921429406546961,0.947077108813472,0.934253257680217,0.921429406546961,0.947077108813472,0.114386389588237,0.0952017463936119,0.133571032782862,1.6261,1.50714588808956,1.74505411191044,130.478,128.098917761791,132.857082238209,0.710601651630694,0.671718191275056,0.749485111986331
"B-good",164,200,0.9325,0.917448396556941,0.947551603443059,0.9325,0.917448396556941,0.947551603443059,0.935278359492099,0.922684765186236,0.947871953797962,0.935278359492099,0.922684765186236,0.947871953797962,0.113267722947349,0.0941600331673336,0.132375412727364,1.629475,1.51000792221097,1.74894207778902,131.4105,129.02115844422,133.799841555781,0.710601651630694,0.671718191275056,0.749485111986331
"B-good",165,200,0.9315,0.916602377866938,0.946397622133062,0.9315,0.916602377866938,0.946397622133062,0.93628526471615,0.923835524907681,0.948735004524618,0.93628526471615,0.923835524907681,0.948735004524618,0.111847457136984,0.0928615469713217,0.130833367302646,1.6329,1.51287218483722,1.75292781516278,132.342,129.941443696744,134.742556303256,0.710601651630694,0.671718191275056,0.749485111986331
"B-good",166,200,0.933,0.919656989575263,0.946343010424737,0.933,0.919656989575263,0.946343010424737,0.937156900946102,0.924915366570485,0.949398435321719,0.937156900946102,0.924915366570485,0.949398435321719,0.111624176192683,0.0926529698009121,0.130595382584454,1.63625,1.51572231676053,1.75677768323947,133.275,130.864446335211,135.685553664789,0.710601651630694,0.671718191275056,0.749485111986331
"B-good",167,200,0.935,0.921108813113934,0.948891186886066,0.935,0.921108813113934,0.948891186886066,0.937514381959259,0.92535122111338,0.949677542805138,0.937514381959259,0.92535122111338,0.949677542805138,0.111610594969296,0.0926586789682047,0.130562510970388,1.6395,1.51850485417047,1.76049514582953,134.21,131.790097083409,136.629902916591,0.710601651630694,0.671718191275056,0.749485111986331
"B-good",168,200,0.9365,0.923523195928006,0.949476804071994,0.9365,0.923523195928006,0.949476804071994,0.937822937464166,0.925674101518893,0.949971773409439,0.937822937464166,0.925674101518893,0.949971773409439,0.111645293302298,0.0925644987366804,0.130726087867916,1.642675,1.5212330026204,1.7641169973796,135.1465,132.717660052408,137.575339947592,0.710601651630694,0.671718191275056,0.749485111986331
"B-good",169,200,0.932,0.917829575848651,0.946170424151349,0.932,0.917829575848651,0.946170424151349,0.938590224046779,0.926413285950261,0.950767162143297,0.938590224046779,0.926413285950261,0.950767162143297,0.109963358505178,0.0908544949731072,0.129072222037248,1.646075,1.52412874380805,1.76802125619195,136.0785,133.639574876161,138.517425123839,0.710601651630694,0.671718191275056,0.749485111986331
"B-good",170,200,0.9395,0.925528336673645,0.953471663326355,0.9395,0.925528336673645,0.953471663326355,0.939307703820289,0.927124085018057,0.951491322622521,0.939307703820289,0.927124085018057,0.951491322622521,0.108052002682605,0.0890387659622194,0.12706523940299,1.6491,1.52664238821085,1.77155761178915,137.018,134.568847764217,139.467152235783,0.710601651630694,0.671718191275056,0.749485111986331
"B-good",171,200,0.9405,0.927157904915793,0.953842095084207,0.9405,0.927157904915793,0.953842095084207,0.940012440367998,0.927971968834577,0.95205291190142,0.940012440367998,0.927971968834577,0.95205291190142,0.107785810515129,0.0887705708548116,0.126801050175447,1.652075,1.52916204890078,1.77498795109922,137.9585,135.500240978016,140.416759021984,0.710601651630694,0.671718191275056,0.749485111986331
"B-good",172,200,0.9445,0.931260823519928,0.957739176480072,0.9445,0.931260823519928,0.957739176480072,0.939926158105739,0.927906364327733,0.951945951883744,0.939926158105739,0.927906364327733,0.951945951883744,0.107917126445116,0.0888789228902593,0.126955329999973,1.65485,1.53148130900563,1.77821869099437,138.903,136.435626180113,141.370373819887,0.710601651630694,0.671718191275056,0.749485111986331
"B-good",173,200,0.9455,0.932327410093311,0.958672589906689,0.9455,0.932327410093311,0.958672589906689,0.940700319066689,0.928837745544987,0.952562892588392,0.940700319066689,0.928837745544987,0.952562892588392,0.107048973976115,0.0880789656112128,0.126018982341017,1.657575,1.53375945803414,1.78139054196585,139.8485,137.372189160683,142.324810839317,0.710601651630694,0.671718191275056,0.749485111986331
"B-good",174,200,0.943,0.930149357173942,0.955850642826058,0.943,0.930149357173942,0.955850642826058,0.941878958410323,0.930241269710885,0.953516647109762,0.941878958410323,0.930241269710885,0.953516647109762,0.106142491974641,0.0872558026990537,0.125029181250228,1.660425,1.53617261304797,1.78467738695203,140.7915,138.306452260959,143.276547739041,0.710601651630694,0.671718191275056,0.749485111986331
"B-good",175,200,0.9375,0.923421056353296,0.951578943646704,0.9375,0.923421056353296,0.951578943646704,0.942085849370245,0.930494372514097,0.953677326226394,0.942085849370245,0.930494372514097,0.953677326226394,0.106004704864498,0.0871530128876799,0.124856396841316,1.66355,1.53884903677149,1.7882509632285,141.729,139.23498073543,144.22301926457,0.710601651630694,0.671718191275056,0.749485111986331
"B-good",176,200,0.9405,0.926514357667846,0.954485642332154,0.9405,0.926514357667846,0.954485642332154,0.942235367811288,0.930676707677002,0.953794027945575,0.942235367811288,0.930676707677002,0.953794027945575,0.105992554590403,0.0871239856757756,0.12486112350503,1.666525,1.54134772121568,1.79170227878432,142.6695,140.165954424314,145.173045575686,0.710601651630694,0.671718191275056,0.749485111986331
"B-good",177,200,0.942,0.929009462562358,0.954990537437642,0.942,0.929009462562358,0.954990537437642,0.942984882068373,0.931526874442074,0.954442889694672,0.942984882068373,0.931526874442074,0.954442889694672,0.105045957130187,0.0863111289304699,0.123780785329905,1.669425,1.54381228327934,1.79503771672066,143.6115,141.099245665587,146.123754334413,0.710601651630694,0.671718191275056,0.749485111986331
"B-good",178,200,0.9445,0.931187229042751,0.957812770957249,0.9445,0.931187229042751,0.957812770957249,0.943379696702444,0.931880478654209,0.95487891475068,0.943379696702444,0.931880478654209,0.95487891475068,0.104733310444823,0.0860499064238254,0.12341671446582,1.6722,1.54615033660551,1.79824966339449,144.556,142.03500673211,147.07699326789,0.710601651630694,0.671718191275056,0.749485111986331
"B-good",179,200,0.9455,0.933491420795741,0.957508579204259,0.9455,0.933491420795741,0.957508579204259,0.944226988731092,0.932904291311884,0.955549686150301,0.944226988731092,0.932904291311884,0.955549686150301,0.103695805551639,0.0850977968637167,0.122293814239562,1.674925,1.54849329923388,1.80135670076612,145.5015,142.972865984678,148.030134015322,0.710601651630694,0.671718191275056,0.749485111986331
"B-good",180,200,0.9505,0.938556687513373,0.962443312486628,0.9505,0.938556687513373,0.962443312486628,0.945129387492953,0.933885491466941,0.956373283518965,0.945129387492953,0.933885491466941,0.956373283518965,0.102194693648476,0.0836239332496519,0.120765454047301,1.6774,1.55057753888023,1.80422246111976,146.452,143.915550777605,148.988449222395,0.710601651630694,0.671718191275056,0.749485111986331
"B-good",181,200,0.9395,0.926544294598525,0.952455705401475,0.9395,0.926544294598525,0.952455705401475,0.944897137856357,0.933644865476061,0.956149410236653,0.944897137856357,0.933644865476061,0.956149410236653,0.102578276021317,0.0839516729006212,0.121204879142014,1.680425,1.55316572755313,1.80768427244687,147.3915,144.846314551063,149.936685448937,0.710601651630694,0.671718191275056,0.749485111986331
"B-good",182,200,0.942,0.928638695933141,0.955361304066859,0.942,0.928638695933141,0.955361304066859,0.945398046869475,0.934278149282299,0.956517944456651,0.945398046869475,0.934278149282299,0.956517944456651,0.102395851960634,0.0838461763332918,0.120945527587976,1.683325,1.55562649524683,1.81102350475317,148.3335,145.779529904937,150.887470095063,0.710601651630694,0.671718191275056,0.749485111986331
"B-good",183,200,0.944,0.930187105734926,0.957812894265074,0.944,0.930187105734926,0.957812894265074,0.946399745840168,0.935471894446931,0.957327597233406,0.946399745840168,0.935471894446931,0.957327597233406,0.101644726456593,0.0832773804321318,0.120012072481054,1.686125,1.55793201950312,1.81431798049688,149.2775,146.713640390062,151.841359609938,0.710601651630694,0.671718191275056,0.749485111986331
"B-good",184,200,0.946,0.933509464266805,0.958490535733195,0.946,0.933509464266805,0.958490535733195,0.94747903517131,0.936592426432786,0.958365643909834,0.94747903517131,0.936592426432786,0.958365643909834,0.0999946288347059,0.0816792347434784,0.118310022925934,1.688825,1.5602384801875,1.8174115198125,150.2235,147.65176960375,152.79523039625,0.710601651630694,0.671718191275056,0.749485111986331
"B-good",185,200,0.9515,0.939476784610218,0.963523215389782,0.9515,0.939476784610218,0.963523215389782,0.947998374965775,0.937183157722336,0.958813592209213,0.947998374965775,0.937183157722336,0.958813592209213,0.099166998712167,0.080835748542888,0.117498248881446,1.69125,1.56231763828878,1.82018236171122,151.175,148.596352765776,153.753647234224,0.710601651630694,0.671718191275056,0.749485111986331
"B-good",186,200,0.9465,0.933470598724206,0.959529401275794,0.9465,0.933470598724206,0.959529401275794,0.94913779767315,0.938436375282087,0.959839220064213,0.94913779767315,0.938436375282087,0.959839220064213,0.097554512769541,0.0792895770879272,0.115819448451155,1.693925,1.56459253657861,1.82325746342138,152.1215,149.534850731572,154.708149268428,0.710601651630694,0.671718191275056,0.749485111986331
"B-good",187,200,0.945,0.931980163102875,0.958019836897125,0.945,0.931980163102875,0.958019836897125,0.949919657322325,0.939259275215489,0.960580039429161,0.949919657322325,0.939259275215489,0.960580039429161,0.0961728373652899,0.0779152508575088,0.114430423873071,1.696675,1.5669276419451,1.8264223580549,153.0665,150.471552838902,155.661447161098,0.710601651630694,0.671718191275056,0.749485111986331
"B-good",188,200,0.951,0.939644405750888,0.962355594249112,0.951,0.939644405750888,0.962355594249112,0.949843959909304,0.939110355233494,0.960577564585114,0.949843959909304,0.939110355233494,0.960577564585114,0.0959992238260111,0.0777719438005256,0.114226503851497,1.699125,1.5689996031344,1.8292503968656,154.0175,151.414992062688,156.620007937312,0.710601651630694,0.671718191275056,0.749485111986331
"B-good",189,200,0.951,0.938894785794651,0.963105214205349,0.951,0.938894785794651,0.963105214205349,0.949505719281488,0.9386220593243,0.960389379238677,0.949505719281488,0.9386220593243,0.960389379238677,0.0966923995318869,0.0783637493259736,0.1150210497378,1.701575,1.57105042604284,1.83209957395716,154.9685,152.358008520857,157.578991479143,0.710601651630694,0.671718191275056,0.749485111986331
"B-good",190,200,0.95,0.938304472295959,0.961695527704041,0.95,0.938304472295959,0.961695527704041,0.950242782408431,0.939456831251416,0.961028733565446,0.950242782408431,0.939456831251416,0.961028733565446,0.0959759652936632,0.077716980780896,0.11423494980643,1.704075,1.57316833720365,1.83498166279635,155.9185,153.300366744073,158.536633255927,0.710601651630694,0.671718191275056,0.749485111986331
"B-good",191,200,0.9565,0.94475632733919,0.96824367266081,0.9565,0.94475632733919,0.96824367266081,0.950743840412444,0.939983089369203,0.961504591455685,0.950743840412444,0.939983089369203,0.961504591455685,0.0951857316591962,0.0769214310447646,0.113450032273628,1.70625,1.57495082260798,1.83754917739202,156.875,154.24901645216,159.50098354784,0.710601651630694,0.671718191275056,0.749485111986331
"B-good",192,200,0.9525,0.940561596901099,0.964438403098901,0.9525,0.940561596901099,0.964438403098901,0.951530639625204,0.940798053807062,0.962263225443345,0.951530639625204,0.940798053807062,0.962263225443345,0.0940312408968769,0.0757723943171526,0.112290087476601,1.708625,1.5769331885717,1.8403168114283,157.8275,155.193663771434,160.461336228566,0.710601651630694,0.671718191275056,0.749485111986331
"B-good",193,200,0.954,0.941353987336653,0.966646012663347,0.954,0.941353987336653,0.966646012663347,0.952391447030057,0.941920418391043,0.962862475669072,0.952391447030057,0.941920418391043,0.962862475669072,0.0933065965560886,0.0752155749079334,0.111397618204244,1.710925,1.5788474924567,1.8430025075433,158.7815,156.139949849134,161.423050150866,0.710601651630694,0.671718191275056,0.749485111986331
"B-good",194,200,0.9525,0.940978060705612,0.964021939294388,0.9525,0.940978060705612,0.964021939294388,0.953268532108274,0.942827288936157,0.963709775280391,0.953268532108274,0.942827288936157,0.963709775280391,0.09151251790288,0.0735859971456911,0.109439038660069,1.7133,1.58085106362946,1.84574893637054,159.734,157.085021272589,162.382978727411,0.710601651630694,0.671718191275056,0.749485111986331
"B-good",195,200,0.9495,0.937075541328043,0.961924458671957,0.9495,0.937075541328043,0.961924458671957,0.953633714226389,0.943176162307198,0.96409126614558,0.953633714226389,0.943176162307198,0.96409126614558,0.0911410228131378,0.0732597013558573,0.109022344270418,1.715825,1.58293356652012,1.84871643347988,160.6835,158.025671330402,163.341328669598,0.710601651630694,0.671718191275056,0.749485111986331
"B-good",196,200,0.954,0.942317846259972,0.965682153740028,0.954,0.942317846259972,0.965682153740028,0.954308549903619,0.943887607267042,0.964729492540196,0.954308549903619,0.943887607267042,0.964729492540196,0.0897021402381192,0.0719282688353515,0.107476011640887,1.718125,1.58485596953638,1.85139403046362,161.6375,158.972119390728,164.302880609272,0.710601651630694,0.671718191275056,0.749485111986331
"B-good",197,200,0.953,0.941145985711446,0.964854014288553,0.953,0.941145985711446,0.964854014288553,0.954621197941282,0.94439268634544,0.964849709537123,0.954621197941282,0.94439268634544,0.964849709537123,0.0897409650940802,0.0720605084087022,0.107421421779458,1.720475,1.58680978428256,1.85414021571743,162.5905,159.917195685651,165.263804314349,0.710601651630694,0.671718191275056,0.749485111986331
"B-good",198,200,0.9555,0.943663513466544,0.967336486533456,0.9555,0.943663513466544,0.967336486533456,0.955058773491852,0.944885617361769,0.965231929621935,0.955058773491852,0.944885617361769,0.965231929621935,0.088789872481524,0.071153879488176,0.106425865474872,1.7227,1.588649552929,1.856750447071,163.546,160.86499105858,166.22700894142,0.710601651630694,0.671718191275056,0.749485111986331
"B-good",199,200,0.955,0.943409367039979,0.96659063296002,0.955,0.943409367039979,0.96659063296002,0.955401443278235,0.945218105430278,0.965584781126192,0.955401443278235,0.945218105430278,0.965584781126192,0.0880532966535643,0.0703621087784621,0.105744484528667,1.72495,1.5905501715454,1.8593498284546,164.501,161.813003430908,167.188996569092,0.710601651630694,0.671718191275056,0.749485111986331
"B-good",200,200,0.956,0.944004242107047,0.967995757892953,0.956,0.944004242107047,0.967995757892953,0.955712539188634,0.945611661748749,0.965813416628518,0.955712539188634,0.945611661748749,0.965813416628518,0.0876747575720188,0.0700561656916684,0.105293349452369,1.72715,1.5923696263212,1.8619303736788,165.457,162.761392526424,168.152607473576,0.710601651630694,0.671718191275056,0.749485111986331
"B-good",201,200,0.952,0.940059755644152,0.963940244355848,0.952,0.940059755644152,0.963940244355848,0.956451998521899,0.94638821828415,0.966515778759649,0.956451998521899,0.94638821828415,0.966515778759649,0.085954191169961,0.0684179508316859,0.103490431508236,1.72955,1.59437211507668,1.86472788492331,166.409,163.705442301534,169.112557698466,0.710601651630694,0.671718191275056,0.749485111986331
"B-good",202,200,0.959,0.948336617676781,0.969663382323219,0.959,0.948336617676781,0.969663382323219,0.957863195506237,0.947954520639068,0.967771870373406,0.957863195506237,0.947954520639068,0.967771870373406,0.0833607298844795,0.0660301942532371,0.100691265515722,1.7316,1.5960683153626,1.8671316846374,167.368,164.657366307252,170.078633692748,0.710601651630694,0.671718191275056,0.749485111986331
"B-good",203,200,0.9615,0.95154873267166,0.97145126732834,0.9615,0.95154873267166,0.97145126732834,0.957874665687936,0.94792586539693,0.967823465978941,0.957874665687936,0.94792586539693,0.967823465978941,0.083444602368747,0.0661582805719056,0.100730924165588,1.733525,1.5976643559466,1.8693856440534,168.3295,165.612287118932,171.046712881068,0.710601651630694,0.671718191275056,0.749485111986331
"B-good",204,200,0.959,0.947040950166673,0.970959049833327,0.959,0.947040950166673,0.970959049833327,0.958008375429979,0.948164880974291,0.967851869885668,0.958008375429979,0.948164880974291,0.967851869885668,0.0831985049775988,0.0659299453716821,0.100467064583515,1.735575,1.59933981202151,1.87181018797849,169.2885,166.56379624043,172.01320375957,0.710601651630694,0.671718191275056,0.749485111986331
"B-good",205,200,0.957,0.944613936827831,0.969386063172169,0.957,0.944613936827831,0.969386063172169,0.958617366024027,0.948825443281948,0.968409288766107,0.958617366024027,0.948825443281948,0.968409288766107,0.0817106157819402,0.0646475825134352,0.0987736490504451,1.737725,1.60110935334377,1.87434064665623,170.2455,167.513187066875,172.977812933125,0.710601651630694,0.671718191275056,0.749485111986331
"B-good",206,200,0.9585,0.947737436133934,0.969262563866066,0.9585,0.947737436133934,0.969262563866066,0.958484523281582,0.948608096280254,0.968360950282909,0.958484523281582,0.948608096280254,0.968360950282909,0.081569025955115,0.0644535112344911,0.0986845406757389,1.7398,1.60281080986084,1.87678919013916,171.204,168.464216197217,173.943783802783,0.710601651630694,0.671718191275056,0.749485111986331
"B-good",207,200,0.964,0.95411152198008,0.97388847801992,0.964,0.95411152198008,0.97388847801992,0.959825198399399,0.950223373244639,0.969427023554158,0.959825198399399,0.950223373244639,0.969427023554158,0.079092926416845,0.0623263073027315,0.0958595455309585,1.7416,1.60428472159065,1.87891527840934,172.168,169.421694431813,174.914305568187,0.710601651630694,0.671718191275056,0.749485111986331
"B-good",208,200,0.961,0.950100994450674,0.971899005549326,0.961,0.950100994450674,0.971899005549326,0.960836193098517,0.95138303600538,0.970289350191653,0.960836193098517,0.95138303600538,0.970289350191653,0.0770945661821412,0.0605915000386823,0.0935976323256001,1.74355,1.60586804731,1.88123195269,173.129,170.3753609462,175.8826390538,0.710601651630694,0.671718191275056,0.749485111986331
"B-good",209,200,0.965,0.954377009421651,0.975622990578349,0.965,0.954377009421651,0.975622990578349,0.9610177795549,0.951577362234125,0.970458196875674,0.9610177795549,0.951577362234125,0.970458196875674,0.0770441247716674,0.060566684250146,0.0935215652931889,1.7453,1.60728677961849,1.8833132203815,174.094,171.33373559237,176.85426440763,0.710601651630694,0.671718191275056,0.749485111986331
"B-good",210,200,0.9615,0.950000129341412,0.972999870658588,0.9615,0.950000129341412,0.972999870658588,0.961240987238652,0.951719764492849,0.970762209984455,0.961240987238652,0.951719764492849,0.970762209984455,0.0761074986921461,0.0596653635391426,0.0925496338451495,1.747225,1.60885678301517,1.88559321698483,175.0555,172.288135660303,177.822864339697,0.710601651630694,0.671718191275056,0.749485111986331
"B-good",211,200,0.9605,0.950725059338671,0.970274940661329,0.9605,0.950725059338671,0.970274940661329,0.961399134158169,0.951774143284114,0.971024125032224,0.961399134158169,0.951774143284114,0.971024125032224,0.0758480934712736,0.0592529313612339,0.0924432555813133,1.7492,1.61050672111364,1.88789327888636,176.016,173.242134422273,178.789865577727,0.710601651630694,0.671718191275056,0.749485111986331
"B-good",212,200,0.9615,0.95088367962674,0.97211632037326,0.9615,0.95088367962674,0.97211632037326,0.961891920687391,0.952320174135199,0.971463667239583,0.961891920687391,0.952320174135199,0.971463667239583,0.0748761328347269,0.0583101334290783,0.0914421322403755,1.751125,1.61207928743534,1.89017071256466,176.9775,174.196585748707,179.758414251293,0.710601651630694,0.671718191275056,0.749485111986331
"B-good",213,200,0.964,0.953350370378849,0.974649629621151,0.964,0.953350370378849,0.974649629621151,0.962704325987439,0.953183389794915,0.972225262179962,0.962704325987439,0.953183389794915,0.972225262179962,0.0731966689647468,0.0567727574106212,0.0896205805188725,1.752925,1.61355583904527,1.89229416095473,177.9415,175.154116780905,180.728883219095,0.710601651630694,0.671718191275056,0.749485111986331
"B-good",214,200,0.956,0.944168260734489,0.96783173926551,0.956,0.944168260734489,0.96783173926551,0.963041807344085,0.953690485949566,0.972393128738603,0.963041807344085,0.953690485949566,0.972393128738603,0.0729440637010603,0.0566231305329462,0.0892649968691744,1.755125,1.61537841477805,1.89487158522195,178.8975,176.102568295561,181.692431704439,0.710601651630694,0.671718191275056,0.749485111986331
"B-good",215,200,0.967,0.956622660920689,0.977377339079311,0.967,0.956622660920689,0.977377339079311,0.963477025613314,0.954123860249328,0.9728301909773,0.963477025613314,0.954123860249328,0.9728301909773,0.0721919592651126,0.0558606751818119,0.0885232433484133,1.756775,1.61672962974747,1.89682037025252,179.8645,177.063592594949,182.665407405051,0.710601651630694,0.671718191275056,0.749485111986331
"B-good",216,200,0.962,0.951121632276595,0.972878367723405,0.962,0.951121632276595,0.972878367723405,0.963870846305802,0.954574638724341,0.973167053887263,0.963870846305802,0.954574638724341,0.973167053887263,0.0713198503263477,0.0550671743067866,0.0875725263459088,1.758675,1.61827816174926,1.89907183825074,180.8265,178.018563234985,183.634436765015,0.710601651630694,0.671718191275056,0.749485111986331
"B-good",217,200,0.9665,0.955205875814873,0.977794124185127,0.9665,0.955205875814873,0.977794124185127,0.964360962791936,0.955098179265249,0.973623746318623,0.964360962791936,0.955098179265249,0.973623746318623,0.0705954111178147,0.0543398348110335,0.0868509874245959,1.76035,1.61962996892674,1.90107003107326,181.793,178.978599378535,184.607400621465,0.710601651630694,0.671718191275056,0.749485111986331
"B-good",218,200,0.964,0.953629253594908,0.974370746405091,0.964,0.953629253594908,0.974370746405091,0.964661918901123,0.955326851855861,0.973996985946385,0.964661918901123,0.955326851855861,0.973996985946385,0.0698390662896159,0.0534824223688832,0.0861957102103486,1.76215,1.62113339294782,1.90316660705218,182.757,179.936667858956,185.577332141044,0.710601651630694,0.671718191275056,0.749485111986331
"B-good",219,200,0.964,0.953168436657296,0.974831563342704,0.964,0.953168436657296,0.974831563342704,0.965534060519446,0.95642908877066,0.974639032268233,0.965534060519446,0.95642908877066,0.974639032268233,0.0683490451032407,0.0522644012620444,0.0844336889444371,1.76395,1.62261082153264,1.90528917846736,183.721,180.894216430653,186.547783569347,0.710601651630694,0.671718191275056,0.749485111986331
"B-good",220,200,0.9645,0.953955708727005,0.975044291272995,0.9645,0.953955708727005,0.975044291272995,0.965863505300441,0.95683502114297,0.974891989457913,0.965863505300441,0.95683502114297,0.974891989457913,0.0677656250937399,0.0518027871807198,0.0837284630067599,1.765725,1.62404579961687,1.90740420038313,184.6855,181.851915992337,187.519084007663,0.710601651630694,0.671718191275056,0.749485111986331
"B-good",221,200,0.967,0.956717243089651,0.977282756910349,0.967,0.956717243089651,0.977282756910349,0.966343284713374,0.957348482447865,0.975338086978883,0.966343284713374,0.957348482447865,0.975338086978883,0.0666049756854724,0.0507596692573554,0.0824502821135894,1.767375,1.62538470257616,1.90936529742384,185.6525,182.812694051523,188.492305948477,0.710601651630694,0.671718191275056,0.749485111986331
"B-good",222,200,0.9665,0.957093847369092,0.975906152630908,0.9665,0.957093847369092,0.975906152630908,0.96629056660014,0.957204431043371,0.97537670215691,0.96629056660014,0.957204431043371,0.97537670215691,0.0662138465540911,0.0503330194010379,0.0820946737071443,1.76905,1.62678157823771,1.91131842176229,186.619,183.773631564754,189.464368435246,0.710601651630694,0.671718191275056,0.749485111986331
"B-good",223,200,0.9665,0.955737436133934,0.977262563866066,0.9665,0.955737436133934,0.977262563866066,0.966324769380067,0.957151496358852,0.975498042401282,0.966324769380067,0.957151496358852,0.975498042401282,0.0658715623877766,0.0498769018414519,0.0818662229341012,1.770725,1.62812397559673,1.91332602440327,187.5855,184.733479511935,190.437520488065,0.710601651630694,0.671718191275056,0.749485111986331
"B-good",224,200,0.9695,0.959695119177706,0.979304880822294,0.9695,0.959695119177706,0.979304880822294,0.965797876241422,0.956471705553074,0.97512404692977,0.965797876241422,0.956471705553074,0.97512404692977,0.0663366113052385,0.0502559108502043,0.0824173117602728,1.77225,1.62935033193162,1.91514966806838,188.555,185.697006638632,191.412993361368,0.710601651630694,0.671718191275056,0.749485111986331
"B-good",225,200,0.967,0.956343950242423,0.977656049757577,0.967,0.956343950242423,0.977656049757577,0.966428790773186,0.957185407383424,0.975672174162949,0.966428790773186,0.957185407383424,0.975672174162949,0.06537298778253,0.0493740615408673,0.0813719140241926,1.7739,1.63065578478987,1.91714421521013,189.522,186.657115695797,192.386884304203,0.710601651630694,0.671718191275056,0.749485111986331
"B-good",226,200,0.965,0.953838799842059,0.976161200157941,0.965,0.953838799842059,0.976161200157941,0.967023076948423,0.95779753848085,0.976248615415995,0.967023076948423,0.95779753848085,0.976248615415995,0.0637934454244353,0.0479271727580915,0.0796597180907791,1.77565,1.63205599597624,1.91924400402376,190.487,187.615119919525,193.358880080475,0.710601651630694,0.671718191275056,0.749485111986331
"B-good",227,200,0.967,0.956909066628997,0.977090933371003,0.967,0.956909066628997,0.977090933371003,0.96778439758648,0.958675400561549,0.976893394611412,0.96778439758648,0.958675400561549,0.976893394611412,0.0628687788101144,0.0471005916048782,0.0786369660153507,1.7773,1.63338885450019,1.92121114549981,191.454,188.575777090004,194.332222909996,0.710601651630694,0.671718191275056,0.749485111986331
"B-good",228,200,0.969,0.958979021949856,0.979020978050144,0.969,0.958979021949856,0.979020978050144,0.968953471205946,0.960215933909717,0.977691008502175,0.968953471205946,0.960215933909717,0.977691008502175,0.0611200052959223,0.0457069939681047,0.07653301662374,1.77885,1.6346206941295,1.9230793058705,192.423,189.53841388259,195.30758611741,0.710601651630694,0.671718191275056,0.749485111986331
"B-good",229,200,0.968,0.957468457240037,0.978531542759963,0.968,0.957468457240037,0.978531542759963,0.969213743454408,0.960419893416316,0.978007593492501,0.969213743454408,0.960419893416316,0.978007593492501,0.0603689035093751,0.0449727807021987,0.0757650263165516,1.78045,1.63592784667971,1.92497215332029,193.391,190.500556933594,196.281443066406,0.710601651630694,0.671718191275056,0.749485111986331
"B-good",230,200,0.972,0.962606060288414,0.981393939711586,0.972,0.962606060288414,0.981393939711586,0.969697599561084,0.960905506392254,0.978489692729915,0.969697599561084,0.960905506392254,0.978489692729915,0.0592795373062153,0.0439942793146313,0.0745647952977993,1.78185,1.63705938203814,1.92664061796186,194.363,191.467187640763,197.258812359237,0.710601651630694,0.671718191275056,0.749485111986331
"B-good",231,200,0.9695,0.96031244168446,0.97868755831554,0.9695,0.96031244168446,0.97868755831554,0.969266099879587,0.960389993454915,0.978142206304259,0.969266099879587,0.960389993454915,0.978142206304259,0.0601862545817883,0.0446724342358544,0.0757000749277222,1.783375,1.63828278275066,1.92846721724934,195.3325,192.430655655013,198.234344344987,0.710601651630694,0.671718191275056,0.749485111986331
"B-good",232,200,0.9695,0.959304314898055,0.979695685101945,0.9695,0.959304314898055,0.979695685101945,0.969534469149394,0.960824967026363,0.978243971272425,0.969534469149394,0.960824967026363,0.978243971272425,0.0598844846316552,0.044529501759201,0.0752394675041094,1.7849,1.63947465093907,1.93032534906093,196.302,193.393493018781,199.210506981219,0.710601651630694,0.671718191275056,0.749485111986331
"B-good",233,200,0.971,0.96115608497395,0.98084391502605,0.971,0.96115608497395,0.98084391502605,0.970331584108952,0.961779328518953,0.978883839698952,0.970331584108952,0.961779328518953,0.978883839698952,0.0585744186771772,0.0433929965165304,0.073755840837824,1.78635,1.64062250272936,1.93207749727064,197.273,194.358450054587,200.187549945413,0.710601651630694,0.671718191275056,0.749485111986331
"B-good",234,200,0.9695,0.959020771747548,0.979979228252452,0.9695,0.959020771747548,0.979979228252452,0.971268360137198,0.962896638824483,0.979640081449913,0.971268360137198,0.962896638824483,0.979640081449913,0.0567208020292231,0.0417721276529187,0.0716694764055276,1.787875,1.6417958417778,1.9339541582222,198.2425,195.320916835556,201.164083164444,0.710601651630694,0.671718191275056,0.749485111986331
"B-good",235,200,0.9735,0.964497210660287,0.982502789339713,0.9735,0.964497210660287,0.982502789339713,0.971141554569918,0.962638994590604,0.979644114549231,0.971141554569918,0.962638994590604,0.979644114549231,0.0564607575153226,0.041499968593424,0.0714215464372212,1.7892,1.6428544008112,1.9355455991888,199.216,196.289088016224,202.142911983776,0.710601651630694,0.671718191275056,0.749485111986331
"B-good",236,200,0.9725,0.963234081559187,0.981765918440813,0.9725,0.963234081559187,0.981765918440813,0.97185399270205,0.963426846964692,0.980281138439407,0.97185399270205,0.963426846964692,0.980281138439407,0.0551972605949552,0.0404080232407211,0.0699864979491892,1.790575,1.64394440695573,1.93720559304427,200.1885,197.255888139115,203.121111860885,0.710601651630694,0.671718191275056,0.749485111986331
"B-good",237,200,0.97,0.960017119094545,0.979982880905455,0.97,0.960017119094545,0.979982880905455,0.972362388267211,0.96398467419419,0.980740102340233,0.972362388267211,0.96398467419419,0.980740102340233,0.0541701063420225,0.0394337047326099,0.068906507951435,1.792075,1.64514305234406,1.93900694765593,201.1585,198.219861046881,204.097138953119,0.710601651630694,0.671718191275056,0.749485111986331
"B-good",238,200,0.975,0.966298248927704,0.983701751072296,0.975,0.966298248927704,0.983701751072296,0.972763074024729,0.964501922685111,0.981024225364347,0.972763074024729,0.964501922685111,0.981024225364347,0.0535419306668337,0.0388743994801625,0.0682094618535049,1.793325,1.64613623658239,1.94051376341761,202.1335,199.189724731648,205.077275268352,0.710601651630694,0.671718191275056,0.749485111986331
"B-good",239,200,0.9745,0.966230308412869,0.982769691587131,0.9745,0.966230308412869,0.982769691587131,0.972700760630742,0.964510793365917,0.980890727895567,0.972700760630742,0.964510793365917,0.980890727895567,0.0538949103887307,0.0392492932288509,0.0685405275486105,1.7946,1.64717226223481,1.94202773776519,203.108,200.159445244696,206.056554755304,0.710601651630694,0.671718191275056,0.749485111986331
"B-good",240,200,0.9745,0.96554945481637,0.983450545183631,0.9745,0.96554945481637,0.983450545183631,0.973288791820595,0.9651456332253,0.98143195041589,0.973288791820595,0.9651456332253,0.98143195041589,0.0524481503000377,0.037916077460509,0.0669802231395664,1.795875,1.6481725032757,1.9435774967243,204.0825,201.128450065514,207.036549934486,0.710601651630694,0.671718191275056,0.749485111986331
"B-good",241,200,0.9735,0.964606398974229,0.982393601025771,0.9735,0.964606398974229,0.982393601025771,0.973545955014066,0.96541327491359,0.981678635114542,0.973545955014066,0.96541327491359,0.981678635114542,0.0521574655177009,0.0377117340043462,0.0666031970310555,1.7972,1.64924311121266,1.94515688878734,205.056,202.096862224253,208.015137775747,0.710601651630694,0.671718191275056,0.749485111986331
"B-good",242,200,0.9745,0.965440952821965,0.983559047178035,0.9745,0.965440952821965,0.983559047178035,0.973740918159998,0.965779789818281,0.981702046501715,0.973740918159998,0.965779789818281,0.981702046501715,0.0522257293045283,0.0378908977784834,0.0665605608305733,1.798475,1.65023463622115,1.94671536377885,206.0305,203.065692724423,208.995307275577,0.710601651630694,0.671718191275056,0.749485111986331
"B-good",243,200,0.975,0.965753873504408,0.984246126495592,0.975,0.965753873504408,0.984246126495592,0.974478658938407,0.966728237567708,0.982229080309106,0.974478658938407,0.966728237567708,0.982229080309106,0.0510166499043441,0.0368747762342085,0.0651585235744796,1.799725,1.65123447524662,1.94821552475338,207.0055,204.035689504932,209.975310495068,0.710601651630694,0.671718191275056,0.749485111986331
"B-good",244,200,0.977,0.968883847881642,0.985116152118358,0.977,0.968883847881642,0.985116152118358,0.974704407559149,0.967150018810727,0.982258796307572,0.974704407559149,0.967150018810727,0.982258796307572,0.050989329057988,0.0369326270018506,0.0650460311141254,1.800875,1.65214942938204,1.94960057061795,207.9825,205.007988587641,210.957011412359,0.710601651630694,0.671718191275056,0.749485111986331
"B-good",245,200,0.9685,0.958757096921769,0.978242903078231,0.9685,0.958757096921769,0.978242903078231,0.975484307240763,0.968122662132824,0.982845952348702,0.975484307240763,0.968122662132824,0.982845952348702,0.0499539893335903,0.0360780009761024,0.0638299776910783,1.80245,1.65341009446142,1.95148990553857,208.951,205.970201889228,211.931798110771,0.710601651630694,0.671718191275056,0.749485111986331
"B-good",246,200,0.9765,0.967229864746435,0.985770135253565,0.9765,0.967229864746435,0.985770135253565,0.976354356582373,0.969055652497266,0.98365306066748,0.976354356582373,0.969055652497266,0.98365306066748,0.0482371412266188,0.0345244816737838,0.0619498007794538,1.803625,1.65431811389779,1.9529318861022,209.9275,206.941362277956,212.913637722044,0.710601651630694,0.671718191275056,0.749485111986331
"B-good",247,200,0.979,0.971143201502758,0.986856798497242,0.979,0.971143201502758,0.986856798497242,0.976440810006345,0.969090106643275,0.983791513369416,0.976440810006345,0.969090106643275,0.983791513369416,0.0477673751403892,0.0340787602598978,0.0614559900208806,1.804675,1.65514273237938,1.95420726762062,210.9065,207.915854647588,213.897145352412,0.710601651630694,0.671718191275056,0.749485111986331
"B-good",248,200,0.9825,0.975732528358845,0.989267471641155,0.9825,0.975732528358845,0.989267471641155,0.976136338633556,0.968708069108598,0.983564608158514,0.976136338633556,0.968708069108598,0.983564608158514,0.0483102541726092,0.0344624796310445,0.0621580287141738,1.80555,1.65583142283464,1.95526857716536,211.889,208.894628456693,214.883371543307,0.710601651630694,0.671718191275056,0.749485111986331
"B-good",249,200,0.974,0.964914836304661,0.983085163695339,0.974,0.964914836304661,0.983085163695339,0.976672041128376,0.969395310288063,0.98394877196869,0.976672041128376,0.969395310288063,0.98394877196869,0.047657300563841,0.0339155800251655,0.0613990211025165,1.80685,1.65685543024832,1.95684456975168,212.863,209.863108604966,215.862891395034,0.710601651630694,0.671718191275056,0.749485111986331
"B-good",250,200,0.972,0.962198856696103,0.981801143303897,0.972,0.962198856696103,0.981801143303897,0.977225732993306,0.970105603006906,0.984345862979707,0.977225732993306,0.970105603006906,0.984345862979707,0.0468399668468457,0.0332310838677747,0.0604488498259167,1.80825,1.65794368598263,1.95855631401736,213.835,210.828873719653,216.841126280347,0.710601651630694,0.671718191275056,0.749485111986331
"B-good",251,200,0.9785,0.971119297261377,0.985880702738623,0.9785,0.971119297261377,0.985880702738623,0.977393449151049,0.970371672534754,0.984415225767343,0.977393449151049,0.970371672534754,0.984415225767343,0.0466991640347167,0.0330809916148942,0.0603173364545391,1.809325,1.6588032910596,1.9598467089404,214.8135,211.803065821192,217.823934178808,0.710601651630694,0.671718191275056,0.749485111986331
"B-good",252,200,0.9795,0.971679660161186,0.987320339838814,0.9795,0.971679660161186,0.987320339838814,0.977690400169077,0.97067726127185,0.984703539066304,0.977690400169077,0.97067726127185,0.984703539066304,0.0460031204089219,0.0324198204203876,0.0595864203974561,1.81035,1.65960915442379,1.96109084557621,215.793,212.778183088476,218.807816911524,0.710601651630694,0.671718191275056,0.749485111986331
"B-good",253,200,0.978,0.969950330253419,0.986049669746581,0.978,0.969950330253419,0.986049669746581,0.978414272785005,0.971573068248409,0.985255477321601,0.978414272785005,0.971573068248409,0.985255477321601,0.0446888424523663,0.0313809911771254,0.0579966937276072,1.81145,1.66049301786609,1.96240698213391,216.771,213.751860357322,219.790139642678,0.710601651630694,0.671718191275056,0.749485111986331
"B-good",254,200,0.979,0.971395979402517,0.986604020597483,0.979,0.971395979402517,0.986604020597483,0.978000604625101,0.970922303137652,0.98507890611255,0.978000604625101,0.970922303137652,0.98507890611255,0.0454795183896071,0.0318707185651434,0.0590883182140709,1.8125,1.66133725153796,1.96366274846204,217.75,214.726745030759,220.773254969241,0.710601651630694,0.671718191275056,0.749485111986331
"B-good",255,200,0.9765,0.968351709337363,0.984648290662637,0.9765,0.968351709337363,0.984648290662637,0.978531758715011,0.971590477106519,0.985473040323503,0.978531758715011,0.971590477106519,0.985473040323503,0.0446903749494565,0.0312057421688689,0.0581750077300442,1.813675,1.66228982116377,1.96506017883623,218.7265,215.698796423275,221.754203576725,0.710601651630694,0.671718191275056,0.749485111986331
"B-good",256,200,0.976,0.967584791194916,0.984415208805084,0.976,0.967584791194916,0.984415208805084,0.978511032457341,0.971475165130645,0.985546899784038,0.978511032457341,0.971475165130645,0.985546899784038,0.044516570618778,0.0310151972500302,0.0580179439875258,1.814875,1.66323698815047,1.96651301184953,219.7025,216.669739763009,222.735260236991,0.710601651630694,0.671718191275056,0.749485111986331
"B-good",257,200,0.977,0.968302741313689,0.985697258686311,0.977,0.968302741313689,0.985697258686311,0.978863701630752,0.971902432503231,0.985824970758273,0.978863701630752,0.971902432503231,0.985824970758273,0.0440883026910981,0.0306482501259594,0.0575283552562368,1.816025,1.66413343583604,1.96791656416396,220.6795,217.641668716721,223.717331283279,0.710601651630694,0.671718191275056,0.749485111986331
"B-good",258,200,0.9795,0.971555706961334,0.987444293038666,0.9795,0.971555706961334,0.987444293038666,0.97914543618525,0.972279072229539,0.986011800140961,0.97914543618525,0.972279072229539,0.986011800140961,0.043664933764633,0.0304665548391052,0.0568633126901609,1.81705,1.6649377550065,1.9691622449935,221.659,218.61675510013,224.70124489987,0.710601651630694,0.671718191275056,0.749485111986331
"B-good",259,200,0.979,0.971525573429534,0.986474426570466,0.979,0.971525573429534,0.986474426570466,0.979508920059429,0.9727451693666,0.986272670752258,0.979508920059429,0.9727451693666,0.986272670752258,0.0430244806358786,0.0299319767485624,0.0561169845231949,1.8181,1.66575479955727,1.97044520044273,222.638,219.591095991145,225.684904008855,0.710601651630694,0.671718191275056,0.749485111986331
"B-good",260,200,0.983,0.976279976763584,0.989720023236416,0.983,0.976279976763584,0.989720023236416,0.980643325809699,0.974058007237389,0.987228644382008,0.980643325809699,0.974058007237389,0.987228644382008,0.040755412130567,0.0279221209293084,0.0535887033318256,1.81895,1.6664374552646,1.9714625447354,223.621,220.570749105292,226.671250894708,0.710601651630694,0.671718191275056,0.749485111986331
"B-good",261,200,0.976,0.967355701728163,0.984644298271837,0.976,0.967355701728163,0.984644298271837,0.980821313338768,0.974228763657547,0.987413863019988,0.980821313338768,0.974228763657547,0.987413863019988,0.0406368861356764,0.0278193084106911,0.0534544638606616,1.82015,1.66739020791758,1.97290979208242,224.597,221.541804158352,227.652195841649,0.710601651630694,0.671718191275056,0.749485111986331
"B-good",262,200,0.981,0.973551762811285,0.988448237188715,0.981,0.973551762811285,0.988448237188715,0.980542517919199,0.97388481868034,0.987200217158058,0.980542517919199,0.97388481868034,0.987200217158058,0.0413278768181801,0.0284043505733821,0.0542514030629781,1.8211,1.66812787925248,1.97407212074752,225.578,222.51855758505,228.63744241495,0.710601651630694,0.671718191275056,0.749485111986331
"B-good",263,200,0.978,0.969829855587648,0.986170144412352,0.978,0.969829855587648,0.986170144412352,0.980234904770667,0.973429164860049,0.987040644681285,0.980234904770667,0.973429164860049,0.987040644681285,0.042042453370888,0.0288255358263242,0.0552593709154519,1.8222,1.66898508547353,1.97541491452647,226.556,223.491701709471,229.620298290529,0.710601651630694,0.671718191275056,0.749485111986331
"B-good",264,200,0.98,0.971730013050918,0.988269986949082,0.98,0.971730013050918,0.988269986949082,0.980215602415007,0.973380531474348,0.987050673355667,0.980215602415007,0.973380531474348,0.987050673355667,0.0420873472035517,0.0287803875241212,0.0553943068829821,1.8232,1.66974882123004,1.97665117876996,227.536,224.466976424601,230.605023575399,0.710601651630694,0.671718191275056,0.749485111986331
"B-good",265,200,0.982,0.974374167436654,0.989625832563346,0.982,0.974374167436654,0.989625832563346,0.980348617898313,0.973475926676031,0.987221309120594,0.980348617898313,0.973475926676031,0.987221309120594,0.0418949831304587,0.0285365310016311,0.0552534352592863,1.8241,1.67044411683787,1.97775588316213,228.518,225.444882336757,231.591117663243,0.710601651630694,0.671718191275056,0.749485111986331
"B-good",266,200,0.978,0.96959408463652,0.98640591536348,0.978,0.96959408463652,0.98640591536348,0.980093254890465,0.97319457207887,0.98699193770206,0.980093254890465,0.97319457207887,0.98699193770206,0.0424375104566126,0.029005416945496,0.0558696039677291,1.8252,1.67129750389335,1.97910249610665,229.496,226.417950077867,232.574049922133,0.710601651630694,0.671718191275056,0.749485111986331
"B-good",267,200,0.983,0.976577340199056,0.989422659800944,0.983,0.976577340199056,0.989422659800944,0.98045661953551,0.973448050420611,0.987465188650409,0.98045661953551,0.973448050420611,0.987465188650409,0.0412979428233463,0.0278670609413074,0.0547288247053853,1.82605,1.6719666522865,1.9801333477135,230.479,227.39733304573,233.56066695427,0.710601651630694,0.671718191275056,0.749485111986331
"B-good",268,200,0.981,0.974096382798798,0.987903617201202,0.981,0.974096382798798,0.987903617201202,0.98061782584037,0.973691048674856,0.987544603005885,0.98061782584037,0.973691048674856,0.987544603005885,0.0413703765514435,0.028026898961016,0.054713854141871,1.827,1.67272009003357,1.98127990996643,231.46,228.374401800671,234.545598199329,0.710601651630694,0.671718191275056,0.749485111986331
"B-good",269,200,0.98,0.972216917231626,0.987783082768374,0.98,0.972216917231626,0.987783082768374,0.981302174110401,0.974504972557683,0.988099375663119,0.981302174110401,0.974504972557683,0.988099375663119,0.0396734175656247,0.0266703921074537,0.0526764430237957,1.828,1.67350248692544,1.98249751307456,232.44,229.350049738509,235.529950261491,0.710601651630694,0.671718191275056,0.749485111986331
"B-good",270,200,0.9765,0.967661498947177,0.985338501052823,0.9765,0.967661498947177,0.985338501052823,0.98142368284118,0.974631861049517,0.988215504632843,0.98142368284118,0.974631861049517,0.988215504632843,0.0398563421267766,0.0267971093178658,0.0529155749356874,1.829175,1.67439746565424,1.98395253434576,233.4165,230.320949313085,236.512050686915,0.710601651630694,0.671718191275056,0.749485111986331
"B-good",271,200,0.981,0.973421720913755,0.988578279086245,0.981,0.973421720913755,0.988578279086245,0.981202142652774,0.974357532738181,0.988046752567367,0.981202142652774,0.974357532738181,0.988046752567367,0.04031470827249,0.0271576479845838,0.0534717685603962,1.830125,1.67513425424627,1.98511574575373,234.3975,231.297685084925,237.497314915075,0.710601651630694,0.671718191275056,0.749485111986331
"B-good",272,200,0.98,0.972216917231626,0.987783082768374,0.98,0.972216917231626,0.987783082768374,0.98146098759704,0.974679957406835,0.988242017787246,0.98146098759704,0.974679957406835,0.988242017787246,0.0400104745913636,0.0268137664420809,0.0532071827406463,1.831125,1.67590400381231,1.98634599618768,235.3775,232.273080076246,238.481919923754,0.710601651630694,0.671718191275056,0.749485111986331
"B-good",273,200,0.9795,0.97193365598091,0.98706634401909,0.9795,0.97193365598091,0.98706634401909,0.981629209517519,0.974836456623329,0.988421962411709,0.981629209517519,0.974836456623329,0.988421962411709,0.0394254674657668,0.0262456303596609,0.0526053045718728,1.83215,1.67670889848487,1.98759110151513,236.357,233.248177969697,239.465822030303,0.710601651630694,0.671718191275056,0.749485111986331
"B-good",274,200,0.9795,0.971194939978955,0.987805060021045,0.9795,0.971194939978955,0.987805060021045,0.981624756274929,0.974792487323248,0.98845702522661,0.981624756274929,0.974792487323248,0.98845702522661,0.0391439978398485,0.0259974547247388,0.0522905409549582,1.833175,1.6775213918969,1.9888286081031,237.3365,234.223427837938,240.449572162062,0.710601651630694,0.671718191275056,0.749485111986331
"B-good",275,200,0.983,0.975203120764355,0.990796879235645,0.983,0.975203120764355,0.990796879235645,0.981500195269939,0.974579420110042,0.988420970429837,0.981500195269939,0.974579420110042,0.988420970429837,0.0394460836905635,0.0260689714283961,0.0528231959527309,1.834025,1.67817058636135,1.98987941363865,238.3195,235.202411727227,241.436588272773,0.710601651630694,0.671718191275056,0.749485111986331
"B-good",276,200,0.977,0.967652980753493,0.986347019246506,0.977,0.967652980753493,0.986347019246506,0.981714419661095,0.974801790423572,0.988627048898619,0.981714419661095,0.974801790423572,0.988627048898619,0.0388768245491623,0.0256133472870526,0.0521403018112721,1.835175,1.67903930814346,1.99131069185654,239.2965,236.173786162869,242.419213837131,0.710601651630694,0.671718191275056,0.749485111986331
"B-good",277,200,0.983,0.976426976676725,0.989573023323275,0.983,0.976426976676725,0.989573023323275,0.981639920995524,0.974699602797663,0.988580239193385,0.981639920995524,0.974699602797663,0.988580239193385,0.038860372859793,0.0255549026776904,0.0521658430418955,1.836025,1.67971103761422,1.99233896238578,240.2795,237.153220752284,243.405779247716,0.710601651630694,0.671718191275056,0.749485111986331
"B-good",278,200,0.9835,0.975871925627902,0.991128074372098,0.9835,0.975871925627902,0.991128074372098,0.981847354709314,0.974949730541217,0.988744978877411,0.981847354709314,0.974949730541217,0.988744978877411,0.0384820251883618,0.0252936822019288,0.0516703681747947,1.83685,1.68033934896444,1.99336065103556,241.263,238.132786979289,244.393213020711,0.710601651630694,0.671718191275056,0.749485111986331
"B-good",279,200,0.9795,0.971313428967907,0.987686571032093,0.9795,0.971313428967907,0.987686571032093,0.981840648628475,0.974957825550387,0.988723471706564,0.981840648628475,0.974957825550387,0.988723471706564,0.0386452185438796,0.0254540511238634,0.0518363859638958,1.837875,1.68113026727123,1.99461973272877,242.2425,239.107605345425,245.377394654576,0.710601651630694,0.671718191275056,0.749485111986331
"B-good",280,200,0.9795,0.971313428967907,0.987686571032093,0.9795,0.971313428967907,0.987686571032093,0.982102215706974,0.975322665167712,0.988881766246236,0.982102215706974,0.975322665167712,0.988881766246236,0.0384299279823814,0.0253287501393848,0.051531105825378,1.8389,1.68192648911557,1.99587351088443,243.222,240.082529782311,246.361470217689,0.710601651630694,0.671718191275056,0.749485111986331
"B-good",281,200,0.982,0.974503384390638,0.989496615609362,0.982,0.974503384390638,0.989496615609362,0.982562093362419,0.975915323416917,0.989208863307921,0.982562093362419,0.975915323416917,0.989208863307921,0.0375733232729662,0.0246484314064809,0.0504982151394515,1.8398,1.68261229350829,1.99698770649171,244.204,241.060245870166,247.347754129834,0.710601651630694,0.671718191275056,0.749485111986331
"B-good",282,200,0.98,0.971730013050918,0.988269986949082,0.98,0.971730013050918,0.988269986949082,0.982808386879055,0.976164192089513,0.989452581668597,0.982808386879055,0.976164192089513,0.989452581668597,0.0370741097960205,0.0241569912822849,0.049991228309756,1.8408,1.68339427834461,1.99820572165539,245.184,242.035885566892,248.332114433108,0.710601651630694,0.671718191275056,0.749485111986331
"B-good",283,200,0.9815,0.974092869094323,0.988907130905678,0.9815,0.974092869094323,0.988907130905678,0.983271705735477,0.976756384466606,0.989787027004348,0.983271705735477,0.976756384466606,0.989787027004348,0.0360692727433148,0.0233679173619638,0.0487706281246657,1.841725,1.68410871558591,1.99934128441409,246.1655,243.013174311718,249.317825688282,0.710601651630694,0.671718191275056,0.749485111986331
"B-good",284,200,0.9845,0.977637903889553,0.991362096110447,0.9845,0.977637903889553,0.991362096110447,0.983480137778709,0.977012482881537,0.98994779267588,0.983480137778709,0.977012482881537,0.98994779267588,0.0357048934190306,0.0231074471968333,0.0483023396412279,1.8425,1.68470057799302,2.00029942200698,247.15,243.99401155986,250.30598844014,0.710601651630694,0.671718191275056,0.749485111986331
"B-good",285,200,0.984,0.976545206840304,0.991454793159696,0.984,0.976545206840304,0.991454793159696,0.983866818766766,0.977499935195882,0.99023370233765,0.983866818766766,0.977499935195882,0.99023370233765,0.034936783578012,0.022508058663871,0.0473655084921531,1.8433,1.68531961570239,2.00128038429761,248.134,244.974392314048,251.293607685952,0.710601651630694,0.671718191275056,0.749485111986331
"B-good",286,200,0.9835,0.976541757752279,0.990458242247721,0.9835,0.976541757752279,0.990458242247721,0.983725120436781,0.97732845255906,0.990121788314502,0.983725120436781,0.97732845255906,0.990121788314502,0.0352602784326861,0.0228009225643783,0.0477196343009939,1.844125,1.68596456226484,2.00228543773516,249.1175,245.954291245297,252.280708754703,0.710601651630694,0.671718191275056,0.749485111986331
"B-good",287,200,0.9815,0.97370719445111,0.98929280554889,0.9815,0.97370719445111,0.98929280554889,0.983775557334234,0.977328603449659,0.990222511218809,0.983775557334234,0.977328603449659,0.990222511218809,0.0350524609332535,0.0225396992832691,0.0475652225832379,1.84505,1.68669535925361,2.00340464074639,250.099,246.931907185072,253.266092814928,0.710601651630694,0.671718191275056,0.749485111986331
"B-good",288,200,0.9835,0.97668361837275,0.990316381627251,0.9835,0.97668361837275,0.990316381627251,0.983911237720713,0.977509960839273,0.990312514602152,0.983911237720713,0.977509960839273,0.990312514602152,0.0348589220664641,0.0224540912296013,0.0472637529033268,1.845875,1.68733959920571,2.00441040079429,251.0825,247.911791984114,254.253208015886,0.710601651630694,0.671718191275056,0.749485111986331
"B-good",289,200,0.9815,0.973460350026144,0.989539649973856,0.9815,0.973460350026144,0.989539649973856,0.984403467840198,0.978104085235479,0.990702850444917,0.984403467840198,0.978104085235479,0.990702850444917,0.0338614041003783,0.0216721437159471,0.0460506644848096,1.8468,1.68804374204956,2.00555625795044,252.064,248.888874840991,255.239125159009,0.710601651630694,0.671718191275056,0.749485111986331
"B-good",290,200,0.9855,0.978738305734045,0.992261694265955,0.9855,0.978738305734045,0.992261694265955,0.984495299378085,0.978210822649711,0.990779776106459,0.984495299378085,0.978210822649711,0.990779776106459,0.033882801241746,0.0216777648901359,0.046087837593356,1.847525,1.68858398952954,2.00646601047046,253.0495,249.870679790591,256.228320209409,0.710601651630694,0.671718191275056,0.749485111986331
"B-good",291,200,0.9825,0.975177774984852,0.989822225015148,0.9825,0.975177774984852,0.989822225015148,0.984653628109585,0.978329434738518,0.990977821480653,0.984653628109585,0.978329434738518,0.990977821480653,0.0333178617808282,0.0211524520991323,0.0454832714625241,1.8484,1.6892413324024,2.0075586675976,254.032,250.848826648048,257.215173351952,0.710601651630694,0.671718191275056,0.749485111986331
"B-good",292,200,0.9885,0.98222079762983,0.99477920237017,0.9885,0.98222079762983,0.99477920237017,0.984645644555616,0.978270443153494,0.991020845957738,0.984645644555616,0.978270443153494,0.991020845957738,0.0330681655803041,0.020901298535924,0.0452350326246843,1.848975,1.68967921241958,2.00827078758042,255.0205,251.834584248392,258.206415751608,0.710601651630694,0.671718191275056,0.749485111986331
"B-good",293,200,0.986,0.979004996046534,0.992995003953466,0.986,0.979004996046534,0.992995003953466,0.98465695913299,0.978349041118115,0.990964877147865,0.98465695913299,0.978349041118115,0.990964877147865,0.0331606538717529,0.020984062230341,0.0453372455131648,1.849675,1.69019759949057,2.00915240050943,256.0065,252.816951989811,259.196048010189,0.710601651630694,0.671718191275056,0.749485111986331
"B-good",294,200,0.9855,0.978455238632462,0.992544761367538,0.9855,0.978455238632462,0.992544761367538,0.984541441402296,0.978232552925152,0.990850329879441,0.984541441402296,0.978232552925152,0.990850329879441,0.0334736650324044,0.0212859481065303,0.0456613819582785,1.8504,1.69075406760896,2.01004593239104,256.992,253.799081352179,260.184918647821,0.710601651630694,0.671718191275056,0.749485111986331
"B-good",295,200,0.985,0.978045620223988,0.991954379776012,0.985,0.978045620223988,0.991954379776012,0.985095662927493,0.978952187125999,0.991239138728987,0.985095662927493,0.978952187125999,0.991239138728987,0.0324590780602401,0.0205234194843703,0.0443947366361099,1.85115,1.6913307452094,2.0109692547906,257.977,254.780614904188,261.173385095812,0.710601651630694,0.671718191275056,0.749485111986331
"B-good",296,200,0.986,0.979004996046534,0.992995003953466,0.986,0.979004996046534,0.992995003953466,0.985152641157985,0.979028817855705,0.991276464460264,0.985152641157985,0.979028817855705,0.991276464460264,0.0323642877162534,0.02038248957539,0.0443460858571169,1.85185,1.69185348473262,2.01184651526738,258.963,255.763069694652,262.162930305348,0.710601651630694,0.671718191275056,0.749485111986331
"B-good",297,200,0.9855,0.978595321438625,0.992404678561375,0.9855,0.978595321438625,0.992404678561375,0.985353336889451,0.979253320898153,0.991453352880749,0.985353336889451,0.979253320898153,0.991453352880749,0.0317846739082106,0.0198888684747961,0.0436804793416251,1.852575,1.69239818649698,2.01275181350302,259.9485,256.74496372994,263.15203627006,0.710601651630694,0.671718191275056,0.749485111986331
"B-good",298,200,0.9865,0.979991582570237,0.993008417429763,0.9865,0.979991582570237,0.993008417429763,0.984928460169136,0.978701589194193,0.991155331144079,0.984928460169136,0.978701589194193,0.991155331144079,0.0327639726057839,0.0205484821426841,0.0449794630688836,1.85325,1.69291915387186,2.01358084612814,260.935,257.728383077437,264.141616922563,0.710601651630694,0.671718191275056,0.749485111986331
"B-good",299,200,0.985,0.977906518854704,0.992093481145296,0.985,0.977906518854704,0.992093481145296,0.985146416131646,0.978958649463768,0.991334182799524,0.985146416131646,0.978958649463768,0.991334182799524,0.0323462707223419,0.0202236919001475,0.0444688495445363,1.854,1.69350231002539,2.01449768997461,261.92,258.710046200508,265.129953799492,0.710601651630694,0.671718191275056,0.749485111986331
"B-good",300,200,0.9845,0.976959526110562,0.992040473889438,0.9845,0.976959526110562,0.992040473889438,0.985300454248704,0.979100135448891,0.991500773048517,0.985300454248704,0.979100135448891,0.991500773048517,0.0319771942879126,0.0198363967062329,0.0441179918695923,1.854775,1.69409315610738,2.01545684389262,262.9045,259.690863122148,266.118136877852,0.710601651630694,0.671718191275056,0.749485111986331
"B-good",301,200,0.986,0.979437389982634,0.992562610017366,0.986,0.979437389982634,0.992562610017366,0.985582198742988,0.979415013608223,0.991749383877752,0.985582198742988,0.979415013608223,0.991749383877752,0.0314455013120216,0.0194031578029477,0.0434878448210955,1.855475,1.69463800452015,2.01631199547985,263.8905,260.673760090403,267.107239909597,0.710601651630694,0.671718191275056,0.749485111986331
"B-good",302,200,0.9875,0.981416799583247,0.993583200416753,0.9875,0.981416799583247,0.993583200416753,0.985417034265575,0.979191691937889,0.99164237659326,0.985417034265575,0.979191691937889,0.99164237659326,0.0315778588724379,0.0195168602022638,0.0436388575426119,1.8561,1.69510408410439,2.01709591589561,264.878,261.658081682088,268.097918317912,0.710601651630694,0.671718191275056,0.749485111986331
"B-good",303,200,0.9855,0.978595321438625,0.992404678561375,0.9855,0.978595321438625,0.992404678561375,0.985357856283355,0.979145006476368,0.991570706090341,0.985357856283355,0.979145006476368,0.991570706090341,0.0318326338587727,0.0197454078986236,0.0439198598189217,1.856825,1.69565685479705,2.01799314520295,265.8635,262.640137095941,269.086862904059,0.710601651630694,0.671718191275056,0.749485111986331
"B-good",304,200,0.983,0.975721606011173,0.990278393988827,0.983,0.975721606011173,0.990278393988827,0.98560973980732,0.979514359159725,0.991705120454915,0.98560973980732,0.979514359159725,0.991705120454915,0.0315659201088529,0.0195325179985667,0.0435993222191391,1.857675,1.69629512348838,2.01905487651162,266.8465,263.618902469768,270.074097530232,0.710601651630694,0.671718191275056,0.749485111986331
"B-good",305,200,0.9855,0.978595321438625,0.992404678561375,0.9855,0.978595321438625,0.992404678561375,0.985497540621237,0.979370112775413,0.991624968467061,0.985497540621237,0.979370112775413,0.991624968467061,0.0319956825187341,0.0198760485883377,0.0441153164491305,1.8584,1.69684021678007,2.01995978321993,267.832,264.600804335601,271.063195664399,0.710601651630694,0.671718191275056,0.749485111986331
"B-good",306,200,0.9855,0.978455238632462,0.992544761367538,0.9855,0.978455238632462,0.992544761367538,0.985416468799358,0.979296649676968,0.991536287921748,0.985416468799358,0.979296649676968,0.991536287921748,0.0320052372075416,0.0199608031182588,0.0440496712968243,1.859125,1.69737248074843,2.02087751925157,268.8175,265.582449614969,272.052550385031,0.710601651630694,0.671718191275056,0.749485111986331
"B-good",307,200,0.9855,0.979033752559101,0.991966247440899,0.9855,0.979033752559101,0.991966247440899,0.985780539186327,0.97979004694247,0.991771031430184,0.985780539186327,0.97979004694247,0.991771031430184,0.0311467105853177,0.0193610719548342,0.0429323492158011,1.85985,1.69791924621446,2.02178075378554,269.803,266.564384924289,273.041615075711,0.710601651630694,0.671718191275056,0.749485111986331
"B-good",308,200,0.9855,0.978884379646882,0.992115620353118,0.9855,0.978884379646882,0.992115620353118,0.985360496656525,0.979212381664382,0.991508611648667,0.985360496656525,0.979212381664382,0.991508611648667,0.0320695572927018,0.0200454804387576,0.0440936341466461,1.860575,1.69848786436948,2.02266213563052,270.7885,267.54675728739,274.03024271261,0.710601651630694,0.671718191275056,0.749485111986331
"B-good",309,200,0.985,0.978187561275185,0.991812438724815,0.985,0.978187561275185,0.991812438724815,0.985833073729369,0.979762114452648,0.991904033006089,0.985833073729369,0.979762114452648,0.991904033006089,0.0310362950541823,0.0192500863478767,0.0428225037604879,1.861325,1.69907207303789,2.02357792696211,271.7735,268.528441460758,275.018558539242,0.710601651630694,0.671718191275056,0.749485111986331
"B-good",310,200,0.9855,0.978595321438625,0.992404678561375,0.9855,0.978595321438625,0.992404678561375,0.986040477487013,0.980009943752151,0.992071011221875,0.986040477487013,0.980009943752151,0.992071011221875,0.0304069610584435,0.0188297175165003,0.0419842046003867,1.86205,1.69959493439944,2.02450506560056,272.759,269.509898687989,276.008101312011,0.710601651630694,0.671718191275056,0.749485111986331
"B-good",311,200,0.986,0.978866686814764,0.993133313185236,0.986,0.978866686814764,0.993133313185236,0.986007776455435,0.979964889830157,0.992050663080714,0.986007776455435,0.979964889830157,0.992050663080714,0.0306311324141019,0.0189360977545926,0.0423261670736112,1.86275,1.70012135848995,2.02537864151005,273.745,270.492427169799,276.997572830201,0.710601651630694,0.671718191275056,0.749485111986331
"B-good",312,200,0.9875,0.980805103879148,0.994194896120853,0.9875,0.980805103879148,0.994194896120853,0.986152169531075,0.980126156610423,0.992178182451726,0.986152169531075,0.980126156610423,0.992178182451726,0.0303210341895335,0.0186133285385798,0.0420287398404871,1.863375,1.70058170548758,2.02616829451242,274.7325,271.476634109752,277.988365890248,0.710601651630694,0.671718191275056,0.749485111986331
"B-good",313,200,0.989,0.983445283901973,0.994554716098027,0.989,0.983445283901973,0.994554716098027,0.986471444057744,0.980496217768869,0.992446670346619,0.986471444057744,0.980496217768869,0.992446670346619,0.0296469627949431,0.0180346404069396,0.0412592851829467,1.863925,1.70099068224318,2.02685931775682,275.7215,272.462813644864,278.980186355136,0.710601651630694,0.671718191275056,0.749485111986331
"B-good",314,200,0.9875,0.980805103879148,0.994194896120853,0.9875,0.980805103879148,0.994194896120853,0.986609894990177,0.980740909252554,0.992478880727801,0.986609894990177,0.980740909252554,0.992478880727801,0.0297872737181749,0.0181336904295079,0.0414408570068419,1.86455,1.70144971853783,2.02765028146217,276.709,273.446994370757,279.971005629243,0.710601651630694,0.671718191275056,0.749485111986331
"B-good",315,200,0.9865,0.979991582570237,0.993008417429763,0.9865,0.979991582570237,0.993008417429763,0.986408715067103,0.980480550420575,0.992336879713631,0.986408715067103,0.980480550420575,0.992336879713631,0.0302038748587869,0.0184645439812843,0.0419432057362895,1.865225,1.7019550817174,2.0284949182826,277.6955,274.430101634348,280.960898365652,0.710601651630694,0.671718191275056,0.749485111986331
"B-good",316,200,0.9885,0.981916950874795,0.995083049125205,0.9885,0.981916950874795,0.995083049125205,0.986536950684517,0.980581360705056,0.992492540663979,0.986536950684517,0.980581360705056,0.992492540663979,0.0298047130778257,0.018144105538019,0.0414653206176323,1.8658,1.70237918314415,2.02922081685585,278.684,275.415583662883,281.952416337117,0.710601651630694,0.671718191275056,0.749485111986331
"B-good",317,200,0.989,0.983103982334745,0.994896017665255,0.989,0.983103982334745,0.994896017665255,0.986735953733097,0.980797299138315,0.992674608327878,0.986735953733097,0.980797299138315,0.992674608327878,0.0291911713059872,0.0175881690883453,0.040794173523629,1.86635,1.70279950846968,2.02990049153032,279.673,276.401990169394,282.944009830606,0.710601651630694,0.671718191275056,0.749485111986331
"B-good",318,200,0.989,0.982626205652991,0.995373794347009,0.989,0.982626205652991,0.995373794347009,0.986812420144157,0.980951913088181,0.992672927200134,0.986812420144157,0.980951913088181,0.992672927200134,0.0291264860622255,0.0176409146683309,0.0406120574561202,1.8669,1.70319630648731,2.03060369351269,280.662,277.387926129746,283.936073870254,0.710601651630694,0.671718191275056,0.749485111986331
"B-good",319,200,0.987,0.980250960984266,0.993749039015734,0.987,0.980250960984266,0.993749039015734,0.986881169140717,0.981039607653177,0.992722730628256,0.986881169140717,0.981039607653177,0.992722730628256,0.0287240553195138,0.0173418168054718,0.0401062938335559,1.86755,1.70369774104367,2.03140225895633,281.649,278.371954820873,284.926045179127,0.710601651630694,0.671718191275056,0.749485111986331
"B-good",320,200,0.987,0.980857262753684,0.993142737246316,0.987,0.980857262753684,0.993142737246316,0.987145204882533,0.981383597798159,0.992906811966907,0.987145204882533,0.981383597798159,0.992906811966907,0.0281282860703642,0.0168680991714392,0.0393884729692891,1.8682,1.70418486947818,2.03221513052182,282.636,279.355697389564,285.916302610436,0.710601651630694,0.671718191275056,0.749485111986331
"B-good",321,200,0.9855,0.978595321438625,0.992404678561375,0.9855,0.978595321438625,0.992404678561375,0.986995395138668,0.981224554255752,0.992766236021584,0.986995395138668,0.981224554255752,0.992766236021584,0.0286879670561069,0.0172069175380314,0.0401690165741823,1.868925,1.70473545428265,2.03311454571735,283.6215,280.337709085653,286.905290914347,0.710601651630694,0.671718191275056,0.749485111986331
"B-good",322,200,0.987,0.98101843296555,0.99298156703445,0.987,0.98101843296555,0.99298156703445,0.987191484158499,0.981394525518875,0.992988442798122,0.987191484158499,0.981394525518875,0.992988442798122,0.0280183444215276,0.0166545372183258,0.0393821516247293,1.869575,1.70524210711921,2.03390789288079,284.6085,281.321842142384,287.895157857616,0.710601651630694,0.671718191275056,0.749485111986331
"B-good",323,200,0.9865,0.979279897446135,0.993720102553865,0.9865,0.979279897446135,0.993720102553865,0.98763924391578,0.981958072153391,0.993320415678168,0.98763924391578,0.981958072153391,0.993320415678168,0.0270250983523215,0.015887202251699,0.038162994452944,1.87025,1.70572902577286,2.03477097422714,285.595,282.304580515457,288.885419484543,0.710601651630694,0.671718191275056,0.749485111986331
"B-good",324,200,0.986,0.979004996046534,0.992995003953466,0.986,0.979004996046534,0.992995003953466,0.987557406684918,0.98181273538458,0.993302077985257,0.987557406684918,0.98181273538458,0.993302077985257,0.0270907684136949,0.0158593494058658,0.0383221874215241,1.87095,1.70624613217909,2.03565386782091,286.581,283.286922643582,289.875077356418,0.710601651630694,0.671718191275056,0.749485111986331
"B-good",325,200,0.9885,0.982540115015687,0.994459884984313,0.9885,0.982540115015687,0.994459884984313,0.987732992907928,0.982045874002924,0.993420111812932,0.987732992907928,0.982045874002924,0.993420111812932,0.0267998733342806,0.0156498051702595,0.0379499414983016,1.871525,1.70667595176946,2.03637404823054,287.5695,284.272519035389,290.866480964611,0.710601651630694,0.671718191275056,0.749485111986331
"B-good",326,200,0.991,0.985923163235185,0.996076836764815,0.991,0.985923163235185,0.996076836764815,0.987815978621731,0.982160519382013,0.993471437861449,0.987815978621731,0.982160519382013,0.993471437861449,0.0266857893925481,0.0156094574808259,0.0377621213042703,1.871975,1.70700321204589,2.03694678795411,288.5605,285.261064240918,291.859935759082,0.710601651630694,0.671718191275056,0.749485111986331
"B-good",327,200,0.9885,0.982706369675533,0.994293630324467,0.9885,0.982706369675533,0.994293630324467,0.988377422322868,0.982869924872542,0.993884919773195,0.988377422322868,0.982869924872542,0.993884919773195,0.0255642481344428,0.0147910958571187,0.0363374004117669,1.87255,1.70744518669683,2.03765481330317,289.549,286.246903733937,292.851096266063,0.710601651630694,0.671718191275056,0.749485111986331
"B-good",328,200,0.988,0.981509245542388,0.994490754457611,0.988,0.981509245542388,0.994490754457611,0.988575524635391,0.983063034757798,0.994088014512985,0.988575524635391,0.983063034757798,0.994088014512985,0.0250998445795404,0.014421914324047,0.0357777748350338,1.87315,1.70790101612036,2.03839898387964,290.537,287.232020322407,293.841979677593,0.710601651630694,0.671718191275056,0.749485111986331
"B-good",329,200,0.9875,0.981746985665665,0.993253014334335,0.9875,0.981746985665665,0.993253014334335,0.988816021405707,0.983323106926405,0.99430893588501,0.988816021405707,0.983323106926405,0.99430893588501,0.0243771227368315,0.0137387860531248,0.0350154594205383,1.873775,1.70838697974656,2.03916302025344,291.5245,288.216739594931,294.832260405069,0.710601651630694,0.671718191275056,0.749485111986331
"B-good",330,200,0.99,0.984408468274747,0.995591531725253,0.99,0.984408468274747,0.995591531725253,0.988849158633081,0.983342912277891,0.994355404988271,0.988849158633081,0.983342912277891,0.994355404988271,0.0242651770658646,0.0136730269900608,0.0348573271416685,1.874275,1.70874959908214,2.03980040091786,292.5145,289.203991981643,295.825008018357,0.710601651630694,0.671718191275056,0.749485111986331
"B-good",331,200,0.989,0.983103982334745,0.994896017665255,0.989,0.983103982334745,0.994896017665255,0.988871240134252,0.983414895913686,0.994327584354817,0.988871240134252,0.983414895913686,0.994327584354817,0.0242252106718109,0.0136641067616199,0.0347863145820019,1.874825,1.70917751858835,2.04047248141165,293.5035,290.190550371767,296.816449628233,0.710601651630694,0.671718191275056,0.749485111986331
"B-good",332,200,0.989,0.982474716016324,0.995525283983676,0.989,0.982474716016324,0.995525283983676,0.988921327179141,0.983491759718025,0.994350894640257,0.988921327179141,0.983491759718025,0.994350894640257,0.0243515448566325,0.0137610661881126,0.0349420235251523,1.875375,1.70957513888494,2.04117486111506,294.4925,291.176502777699,297.808497222301,0.710601651630694,0.671718191275056,0.749485111986331
"B-good",333,200,0.989,0.982474716016324,0.995525283983676,0.989,0.982474716016324,0.995525283983676,0.989095609427779,0.983695298230092,0.994495920625465,0.989095609427779,0.983695298230092,0.994495920625465,0.0239721345629895,0.0133854520286449,0.0345588170973341,1.875925,1.70998014702945,2.04186985297055,295.4815,292.162602940589,298.800397059411,0.710601651630694,0.671718191275056,0.749485111986331
"B-good",334,200,0.988,0.981817626665293,0.994182373334706,0.988,0.981817626665293,0.994182373334706,0.989331017786394,0.983977416394668,0.994684619178121,0.989331017786394,0.983977416394668,0.994684619178121,0.0234785589269315,0.0130775915247287,0.0338795263291344,1.876525,1.71043603207444,2.04261396792556,296.4695,293.147720641489,299.791279358511,0.710601651630694,0.671718191275056,0.749485111986331
"B-good",335,200,0.9875,0.981258253129129,0.993741746870872,0.9875,0.981258253129129,0.993741746870872,0.989226914861625,0.983849534722497,0.994604295000753,0.989226914861625,0.983849534722497,0.994604295000753,0.0238087903070894,0.0133646863148609,0.0342528942993178,1.87715,1.71089429476578,2.04340570523422,297.457,294.131885895316,300.782114104684,0.710601651630694,0.671718191275056,0.749485111986331
"B-good",336,200,0.9895,0.983186658628169,0.995813341371831,0.9895,0.983186658628169,0.995813341371831,0.989416250676926,0.984115959061726,0.994716542292127,0.989416250676926,0.984115959061726,0.994716542292127,0.023582050813951,0.0132125478483475,0.0339515537795545,1.877675,1.71124911317609,2.04410088682391,298.4465,295.117982263522,301.775017736478,0.710601651630694,0.671718191275056,0.749485111986331
"B-good",337,200,0.9895,0.98350415761565,0.99549584238435,0.9895,0.98350415761565,0.99549584238435,0.989482915663784,0.984253605034744,0.994712226292824,0.989482915663784,0.984253605034744,0.994712226292824,0.0236463191517463,0.0132980716681514,0.0339945666353413,1.8782,1.71163378656579,2.04476621343421,299.436,296.104675731316,302.767324268684,0.710601651630694,0.671718191275056,0.749485111986331
"B-good",338,200,0.9885,0.982378373932043,0.994621626067957,0.9885,0.982378373932043,0.994621626067957,0.989587302672608,0.984415902249813,0.994758703095403,0.989587302672608,0.984415902249813,0.994758703095403,0.0235041891289642,0.0132040722046375,0.0338043060532908,1.878775,1.71206789975995,2.04548210024005,300.4245,297.090357995199,303.758642004801,0.710601651630694,0.671718191275056,0.749485111986331
"B-good",339,200,0.9885,0.98222079762983,0.99477920237017,0.9885,0.98222079762983,0.99477920237017,0.989369408210483,0.98403769200709,0.994701124413876,0.989369408210483,0.98403769200709,0.994701124413876,0.0236006950591787,0.0132236788486424,0.0339777112697149,1.87935,1.71250426412601,2.04619573587399,301.413,298.07608528252,304.74991471748,0.710601651630694,0.671718191275056,0.749485111986331
"B-good",340,200,0.9895,0.98350415761565,0.99549584238435,0.9895,0.98350415761565,0.99549584238435,0.989500136288882,0.984226482695707,0.994773789882058,0.989500136288882,0.984226482695707,0.994773789882058,0.0234493387017746,0.0131916256072508,0.0337070517962984,1.879875,1.71288313275266,2.04686686724734,302.4025,299.062662655053,305.742337344947,0.710601651630694,0.671718191275056,0.749485111986331
"B-good",341,200,0.9895,0.984195867729842,0.994804132270158,0.9895,0.984195867729842,0.994804132270158,0.989697408896155,0.984524881591865,0.994869936200445,0.989697408896155,0.984524881591865,0.994869936200445,0.0230176414997924,0.0129413629168868,0.0330939200826979,1.8804,1.71327313703854,2.04752686296146,303.392,300.049462740771,306.734537259229,0.710601651630694,0.671718191275056,0.749485111986331
"B-good",342,200,0.992,0.987085492101526,0.996914507898474,0.992,0.987085492101526,0.996914507898474,0.989727417369752,0.984519138202151,0.994935696537352,0.989727417369752,0.984519138202151,0.994935696537352,0.0230680983421758,0.0129399659168096,0.0331962307675421,1.8808,1.71355670773689,2.04804329226311,304.384,301.039134154738,307.728865845262,0.710601651630694,0.671718191275056,0.749485111986331
"B-good",343,200,0.9905,0.984805020820356,0.996194979179644,0.9905,0.984805020820356,0.996194979179644,0.98973128155508,0.984516524110095,0.994946039000064,0.98973128155508,0.984516524110095,0.994946039000064,0.0230835633596072,0.0129208186714018,0.0332463080478126,1.881275,1.71390402721163,2.04864597278837,305.3745,302.027080544232,308.721919455768,0.710601651630694,0.671718191275056,0.749485111986331
"B-good",344,200,0.99,0.984069284999781,0.995930715000219,0.99,0.984069284999781,0.995930715000219,0.989619352805454,0.984427395123954,0.994811310486955,0.989619352805454,0.984427395123954,0.994811310486955,0.0234301563580147,0.0132032799603229,0.0336570327557065,1.881775,1.71425087734443,2.04929912265557,306.3645,303.014017546889,309.714982453111,0.710601651630694,0.671718191275056,0.749485111986331
"B-good",345,200,0.989,0.982781384584306,0.995218615415694,0.989,0.982781384584306,0.995218615415694,0.989620846227323,0.984451158933885,0.994790533520762,0.989620846227323,0.984451158933885,0.994790533520762,0.0235064395624381,0.0133163237626244,0.0336965553622517,1.882325,1.71465526652275,2.04999473347725,307.3535,304.000105330455,310.706894669545,0.710601651630694,0.671718191275056,0.749485111986331
"B-good",346,200,0.988,0.982311458009233,0.993688541990767,0.988,0.982311458009233,0.993688541990767,0.989741404639849,0.984615657919816,0.994867151359883,0.989741404639849,0.984615657919816,0.994867151359883,0.0234389591927588,0.0132118175377446,0.033666100847773,1.882925,1.71510728699953,2.05074271300047,308.3415,304.985145739991,311.697854260009,0.710601651630694,0.671718191275056,0.749485111986331
"B-good",347,200,0.9895,0.983343361096538,0.995656638903462,0.9895,0.983343361096538,0.995656638903462,0.989743868243814,0.984648471257965,0.994839265229663,0.989743868243814,0.984648471257965,0.994839265229663,0.0235416504987665,0.0133439993107381,0.0337393016867949,1.88345,1.71547831985626,2.05142168014374,309.331,305.971566397125,312.690433602875,0.710601651630694,0.671718191275056,0.749485111986331
"B-good",348,200,0.9895,0.98366938689259,0.995330613107411,0.9895,0.98366938689259,0.995330613107411,0.989705913709224,0.984597085843104,0.994814741575344,0.989705913709224,0.984597085843104,0.994814741575344,0.023492741349849,0.0133250050146811,0.0336604776850168,1.883975,1.71586774536285,2.05208225463715,310.3205,306.958354907257,313.682645092743,0.710601651630694,0.671718191275056,0.749485111986331
"B-good",349,200,0.9905,0.984805020820356,0.996194979179644,0.9905,0.984805020820356,0.996194979179644,0.989954827391655,0.984888550575005,0.995021104208305,0.989954827391655,0.984888550575005,0.995021104208305,0.022931454049213,0.0128668161515441,0.0329960919468818,1.88445,1.7162117578356,2.0526882421644,311.311,307.946235156712,314.675764843288,0.710601651630694,0.671718191275056,0.749485111986331
"B-good",350,200,0.986,0.979290161929696,0.992709838070304,0.986,0.979290161929696,0.992709838070304,0.9900292961848,0.984962613152033,0.995095979217567,0.9900292961848,0.984962613152033,0.995095979217567,0.0226460703260067,0.0126011170601271,0.0326910235918862,1.88515,1.71673743360138,2.05356256639862,312.297,308.928748672028,315.665251327972,0.710601651630694,0.671718191275056,0.749485111986331
"B-good",351,200,0.99,0.984586022687076,0.995413977312924,0.99,0.984586022687076,0.995413977312924,0.990157571136411,0.98516468006326,0.995150462209561,0.990157571136411,0.98516468006326,0.995150462209561,0.0223919709929083,0.0124874488666612,0.0322964931191555,1.88565,1.71711885874424,2.05418114125576,313.287,309.916377174885,316.657622825115,0.710601651630694,0.671718191275056,0.749485111986331
"B-good",352,200,0.9925,0.987876936752204,0.997123063247796,0.9925,0.987876936752204,0.997123063247796,0.990159587609643,0.985169051419299,0.995150123799986,0.990159587609643,0.985169051419299,0.995150123799986,0.0224926926604673,0.0125462538776447,0.0324391314432899,1.886025,1.71740545763728,2.05464454236272,314.2795,310.907109152746,317.651890847254,0.710601651630694,0.671718191275056,0.749485111986331
"B-good",353,200,0.986,0.979146095738971,0.992853904261029,0.986,0.979146095738971,0.992853904261029,0.990491776237751,0.985583859590604,0.995399692884899,0.990491776237751,0.985583859590604,0.995399692884899,0.0216499933135247,0.0119476966565038,0.0313522899705456,1.886725,1.71791971673908,2.05553028326092,315.2655,311.889394334782,318.641605665218,0.710601651630694,0.671718191275056,0.749485111986331
"B-good",354,200,0.9905,0.984805020820356,0.996194979179644,0.9905,0.984805020820356,0.996194979179644,0.990520632402057,0.985568216917909,0.995473047886205,0.990520632402057,0.985568216917909,0.995473047886205,0.0216901930876065,0.0119292222432934,0.0314511639319196,1.8872,1.71825360674202,2.05614639325798,316.256,312.87707213484,319.63492786516,0.710601651630694,0.671718191275056,0.749485111986331
"B-good",355,200,0.9895,0.98350415761565,0.99549584238435,0.9895,0.98350415761565,0.99549584238435,0.990347172677001,0.985242648494618,0.995451696859384,0.990347172677001,0.985242648494618,0.995451696859384,0.0217833331037264,0.0119107864983634,0.0316558797090893,1.887725,1.71864981995352,2.05680018004648,317.2455,313.86399639907,320.62700360093,0.710601651630694,0.671718191275056,0.749485111986331
"B-good",356,200,0.9925,0.988093341730578,0.996906658269422,0.9925,0.988093341730578,0.996906658269422,0.990293399771199,0.985126305992508,0.99546049354989,0.990293399771199,0.985126305992508,0.99546049354989,0.0218181417485727,0.0119397714734409,0.0316965120237044,1.8881,1.71892766765146,2.05727233234854,318.238,314.854553353029,321.621446646971,0.710601651630694,0.671718191275056,0.749485111986331
"B-good",357,200,0.989,0.983103982334745,0.994896017665255,0.989,0.983103982334745,0.994896017665255,0.990659502224672,0.98563204924502,0.995686955204324,0.990659502224672,0.98563204924502,0.995686955204324,0.0209782174917326,0.0114376869671757,0.0305187480162894,1.88865,1.71934182480006,2.05795817519994,319.227,315.840836496001,322.613163503999,0.710601651630694,0.671718191275056,0.749485111986331
"B-good",358,200,0.9905,0.984471655182731,0.996528344817269,0.9905,0.984471655182731,0.996528344817269,0.990475104215482,0.985433760793652,0.995516447637312,0.990475104215482,0.985433760793652,0.995516447637312,0.0214813130169696,0.0118229187022056,0.0311397073317337,1.889125,1.71966894522635,2.05858105477365,320.2175,316.828378904527,323.606621095473,0.710601651630694,0.671718191275056,0.749485111986331
"B-good",359,200,0.9895,0.983343361096538,0.995656638903462,0.9895,0.983343361096538,0.995656638903462,0.990496584835514,0.985447245429207,0.99554592424182,0.990496584835514,0.985447245429207,0.99554592424182,0.021549440966788,0.0118904678790435,0.0312084140545324,1.88965,1.72004513829565,2.05925486170435,321.207,317.814902765913,324.599097234087,0.710601651630694,0.671718191275056,0.749485111986331
"B-good",360,200,0.992,0.985849315102222,0.998150684897778,0.992,0.985849315102222,0.998150684897778,0.990573639419442,0.985543826005912,0.995603452832973,0.990573639419442,0.985543826005912,0.995603452832973,0.0214330762655287,0.011726934419574,0.0311392181114834,1.89005,1.72032097669499,2.05977902330501,322.199,318.8044195339,325.5935804661,0.710601651630694,0.671718191275056,0.749485111986331
"B-good",361,200,0.9925,0.98747199172908,0.99752800827092,0.9925,0.98747199172908,0.99752800827092,0.990622071790945,0.985559469023116,0.995684674558775,0.990622071790945,0.985559469023116,0.995684674558775,0.0212468893049603,0.0116522932619748,0.0308414853479458,1.890425,1.7205868867191,2.0602631132809,323.1915,319.794737734382,326.588262265618,0.710601651630694,0.671718191275056,0.749485111986331
"B-good",362,200,0.991,0.985551842062138,0.996448157937862,0.991,0.985551842062138,0.996448157937862,0.990936944485872,0.985995836446059,0.995878052525685,0.990936944485872,0.985995836446059,0.995878052525685,0.0204383709774892,0.0110963825252904,0.0297803594296881,1.890875,1.72090047647921,2.06084952352079,324.1825,320.783009529584,327.581990470416,0.710601651630694,0.671718191275056,0.749485111986331
"B-good",363,200,0.9925,0.987670218381461,0.997329781618539,0.9925,0.987670218381461,0.997329781618539,0.990942358170598,0.985985224434033,0.995899491907163,0.990942358170598,0.985985224434033,0.995899491907163,0.0204004749046453,0.0110049020875932,0.0297960477216974,1.89125,1.72116431045998,2.06133568954002,325.175,321.7732862092,328.5767137908,0.710601651630694,0.671718191275056,0.749485111986331
"B-good",364,200,0.9915,0.985774223051784,0.997225776948216,0.9915,0.985774223051784,0.997225776948216,0.991231396355956,0.986321385646001,0.996141407065911,0.991231396355956,0.986321385646001,0.996141407065911,0.0197637476151595,0.0104267109635461,0.029100784266773,1.891675,1.72147113877375,2.06187886122625,326.1665,322.762422775475,329.570577224525,0.710601651630694,0.671718191275056,0.749485111986331
"B-good",365,200,0.989,0.982940536244959,0.995059463755041,0.989,0.982940536244959,0.995059463755041,0.991208925266012,0.986204182967948,0.996213667564077,0.991208925266012,0.986204182967948,0.996213667564077,0.0196513919308656,0.0102076459733823,0.0290951378883488,1.892225,1.72186179640904,2.06258820359096,327.1555,323.748235928181,330.562764071819,0.710601651630694,0.671718191275056,0.749485111986331
"B-good",366,200,0.9935,0.988847443226604,0.998152556773396,0.9935,0.988847443226604,0.998152556773396,0.991468123997004,0.986579212140314,0.996357035853693,0.991468123997004,0.986579212140314,0.996357035853693,0.0193150692477542,0.00997580418640209,0.0286543343091064,1.89255,1.7220895824921,2.0630104175079,328.149,324.739791649842,331.558208350158,0.710601651630694,0.671718191275056,0.749485111986331
"B-good",367,200,0.99,0.983748477481994,0.996251522518006,0.99,0.983748477481994,0.996251522518006,0.991425089876474,0.98646006488397,0.996390114868978,0.991425089876474,0.98646006488397,0.996390114868978,0.0192094652596351,0.00981936969899143,0.0285995608202788,1.89305,1.72244731077933,2.06365268922067,329.139,325.726946215587,332.551053784413,0.710601651630694,0.671718191275056,0.749485111986331
"B-good",368,200,0.991,0.985038066170708,0.996961933829292,0.991,0.985038066170708,0.996961933829292,0.991574198686301,0.986600219185387,0.996548178187215,0.991574198686301,0.986600219185387,0.996548178187215,0.0186169482206387,0.00934611628497624,0.0278877801563011,1.8935,1.72275579549811,2.06424420450189,330.13,326.715115909962,333.544884090038,0.710601651630694,0.671718191275056,0.749485111986331
"B-good",369,200,0.9915,0.985947483005784,0.997052516994216,0.9915,0.985947483005784,0.997052516994216,0.991546831580258,0.986565623928491,0.996528039232024,0.991546831580258,0.986565623928491,0.996528039232024,0.0187010101313097,0.00936214775615709,0.0280398725064623,1.893925,1.72305331054628,2.06479668945372,331.1215,327.704066210926,334.538933789074,0.710601651630694,0.671718191275056,0.749485111986331
"B-good",370,200,0.993,0.988257487722952,0.997742512277048,0.993,0.988257487722952,0.997742512277048,0.991396430587103,0.98630943272753,0.996483428446676,0.991396430587103,0.98630943272753,0.996483428446676,0.0187954903370856,0.0093202461624725,0.0282707345116986,1.894275,1.72329212486719,2.06525787513281,332.1145,328.694842497344,335.534157502656,0.710601651630694,0.671718191275056,0.749485111986331
"B-good",371,200,0.9925,0.987876936752204,0.997123063247796,0.9925,0.987876936752204,0.997123063247796,0.991235588739004,0.986068468166798,0.99640270931121,0.991235588739004,0.986068468166798,0.99640270931121,0.0189731805680387,0.00943577180775672,0.0285105893283206,1.89465,1.72354512475921,2.06575487524079,333.107,329.684902495184,336.529097504816,0.710601651630694,0.671718191275056,0.749485111986331
"B-good",372,200,0.9905,0.98463596857561,0.99636403142439,0.9905,0.98463596857561,0.99636403142439,0.991503078354595,0.986368003151572,0.996638153557618,0.991503078354595,0.986368003151572,0.996638153557618,0.0182660585688648,0.00885846759855036,0.0276736495391792,1.895125,1.72388653136077,2.06636346863924,334.0975,330.672730627215,337.522269372785,0.710601651630694,0.671718191275056,0.749485111986331
"B-good",373,200,0.9925,0.987876936752204,0.997123063247796,0.9925,0.987876936752204,0.997123063247796,0.991725311516273,0.986701287204227,0.996749335828318,0.991725311516273,0.986701287204227,0.996749335828318,0.0178328194613393,0.00858815326339878,0.0270774856592798,1.8955,1.72416225836255,2.06683774163745,335.09,331.663245167251,338.516754832749,0.710601651630694,0.671718191275056,0.749485111986331
"B-good",374,200,0.9925,0.988093341730578,0.996906658269422,0.9925,0.988093341730578,0.996906658269422,0.991824569874298,0.986803876374357,0.996845263374239,0.991824569874298,0.986803876374357,0.996845263374239,0.0175296590307467,0.00834881072284208,0.0267105073386513,1.895875,1.72443265905484,2.06731734094516,336.0825,332.653653181097,339.511346818903,0.710601651630694,0.671718191275056,0.749485111986331
"B-good",375,200,0.9915,0.985606054093362,0.997393945906638,0.9915,0.985606054093362,0.997393945906638,0.99185826748885,0.986919240727395,0.996797294250304,0.99185826748885,0.986919240727395,0.996797294250304,0.0176280192771973,0.0084914946718715,0.026764543882523,1.8963,1.72471295580073,2.06788704419927,337.074,333.642259116015,340.505740883985,0.710601651630694,0.671718191275056,0.749485111986331
"B-good",376,200,0.993,0.988689168372734,0.997310831627266,0.993,0.988689168372734,0.997310831627266,0.991861977182022,0.986881208489577,0.996842745874467,0.991861977182022,0.986881208489577,0.996842745874467,0.0175736346175877,0.00840227055133955,0.0267449986838359,1.89665,1.72496013829532,2.06833986170468,338.067,334.633202765906,341.500797234094,0.710601651630694,0.671718191275056,0.749485111986331
"B-good",377,200,0.991,0.985551842062138,0.996448157937862,0.991,0.985551842062138,0.996448157937862,0.992091793047104,0.987204912364792,0.996978673729417,0.992091793047104,0.987204912364792,0.996978673729417,0.0170019129221842,0.00805913506254379,0.0259446907818246,1.8971,1.72528272419187,2.06891727580813,339.058,335.621654483837,342.494345516163,0.710601651630694,0.671718191275056,0.749485111986331
"B-good",378,200,0.994,0.989440243868588,0.998559756131412,0.994,0.989440243868588,0.998559756131412,0.99194381643732,0.987004533602354,0.996883099272285,0.99194381643732,0.987004533602354,0.996883099272285,0.0174270547899256,0.00834147147024978,0.0265126381096015,1.8974,1.72547935203516,2.06932064796485,340.052,336.613587040703,343.490412959297,0.710601651630694,0.671718191275056,0.749485111986331
"B-good",379,200,0.99,0.984069284999781,0.995930715000219,0.99,0.984069284999781,0.995930715000219,0.99208984528645,0.987204762122959,0.996974928449942,0.99208984528645,0.987204762122959,0.996974928449942,0.0171476266309802,0.00810389914883211,0.0261913541131283,1.8979,1.72583979819665,2.06996020180335,341.042,337.600795963933,344.483204036067,0.710601651630694,0.671718191275056,0.749485111986331
"B-good",380,200,0.9935,0.989062409680917,0.997937590319083,0.9935,0.989062409680917,0.997937590319083,0.992255026911065,0.987394699829532,0.997115353992598,0.992255026911065,0.987394699829532,0.997115353992598,0.0167648544075981,0.00776469314233045,0.0257650156728658,1.898225,1.72606750333003,2.07038249666997,342.0355,338.592350066601,345.478649933399,0.710601651630694,0.671718191275056,0.749485111986331
"B-good",381,200,0.993,0.988257487722952,0.997742512277048,0.993,0.988257487722952,0.997742512277048,0.992187185874823,0.987331156522219,0.997043215227427,0.992187185874823,0.987331156522219,0.997043215227427,0.0170596069009089,0.00804570315861897,0.0260735106431987,1.898575,1.72630958692123,2.07084041307877,343.0285,339.583191738425,346.473808261575,0.710601651630694,0.671718191275056,0.749485111986331
"B-good",382,200,0.9925,0.988093341730578,0.996906658269422,0.9925,0.988093341730578,0.996906658269422,0.992330669321136,0.987485924250108,0.997175414392164,0.992330669321136,0.987485924250108,0.997175414392164,0.0165959160097126,0.00773839341528441,0.0254534386041407,1.89895,1.72659004837286,2.07130995162714,344.021,340.573800967457,347.468199032543,0.710601651630694,0.671718191275056,0.749485111986331
"B-good",383,200,0.9925,0.987876936752204,0.997123063247796,0.9925,0.987876936752204,0.997123063247796,0.99243540246214,0.987588400519473,0.997282404404808,0.99243540246214,0.987588400519473,0.997282404404808,0.0163228695871769,0.0074998402965403,0.0251458988778136,1.899325,1.72685566383363,2.07179433616637,345.0135,341.564113276673,348.462886723327,0.710601651630694,0.671718191275056,0.749485111986331
"B-good",384,200,0.9915,0.986126326370033,0.996873673629967,0.9915,0.986126326370033,0.996873673629967,0.992817879326003,0.988073934983527,0.99756182366848,0.992817879326003,0.988073934983527,0.99756182366848,0.0154973499508083,0.0068877577545088,0.0241069421471077,1.89975,1.72715321912694,2.07234678087306,346.005,342.553064382539,349.456935617461,0.710601651630694,0.671718191275056,0.749485111986331
"B-good",385,200,0.992,0.986345913456376,0.997654086543624,0.992,0.986345913456376,0.997654086543624,0.99290551210516,0.988133129230992,0.997677894979329,0.99290551210516,0.988133129230992,0.997677894979329,0.0152033976210171,0.00657737771025535,0.0238294175317788,1.90015,1.72741936220384,2.07288063779616,346.997,343.542387244077,350.451612755923,0.710601651630694,0.671718191275056,0.749485111986331
"B-good",386,200,0.9935,0.988072054597889,0.998927945402111,0.9935,0.988072054597889,0.998927945402111,0.992932963943055,0.988139153656847,0.997726774229264,0.992932963943055,0.988139153656847,0.997726774229264,0.0149632017545434,0.00633416630227725,0.0235922372068095,1.900475,1.72762143962568,2.07332856037432,347.9905,344.533428792514,351.447571207486,0.710601651630694,0.671718191275056,0.749485111986331
"B-good",387,200,0.993,0.987675185189425,0.998324814810575,0.993,0.987675185189425,0.998324814810575,0.992967541490813,0.988257882917076,0.997677200064551,0.992967541490813,0.988257882917076,0.997677200064551,0.0150008541181885,0.00655726217736279,0.0234444460590142,1.900825,1.72785351161556,2.07379648838444,348.9835,345.524070232311,352.442929767689,0.710601651630694,0.671718191275056,0.749485111986331
"B-good",388,200,0.993,0.987494754369097,0.998505245630903,0.993,0.987494754369097,0.998505245630903,0.993081647068606,0.988390974228711,0.997772319908502,0.993081647068606,0.988390974228711,0.997772319908502,0.0146927513885504,0.0063340220808562,0.0230514806962446,1.901175,1.72807532005514,2.07427467994486,349.9765,346.514506401103,353.438493598897,0.710601651630694,0.671718191275056,0.749485111986331
"B-good",389,200,0.994,0.989030137893536,0.998969862106464,0.994,0.989030137893536,0.998969862106464,0.993148478223875,0.988491896944571,0.997805059503179,0.993148478223875,0.988491896944571,0.997805059503179,0.014560189317407,0.00622428390701034,0.0228960947278037,1.901475,1.72826847945358,2.07468152054642,350.9705,347.506369589072,354.434630410928,0.710601651630694,0.671718191275056,0.749485111986331
"B-good",390,200,0.9925,0.986919399921029,0.998080600078971,0.9925,0.986919399921029,0.998080600078971,0.99340566730628,0.988803844580871,0.998007490031689,0.99340566730628,0.988803844580871,0.998007490031689,0.013759068088851,0.00566902070347243,0.0218491154742295,1.90185,1.72851218804316,2.07518781195684,351.963,348.496243760863,355.429756239137,0.710601651630694,0.671718191275056,0.749485111986331
"B-good",391,200,0.9925,0.98747199172908,0.99752800827092,0.9925,0.98747199172908,0.99752800827092,0.993597835160203,0.989131372022026,0.998064298298379,0.993597835160203,0.989131372022026,0.998064298298379,0.0134871704854566,0.00550005993175974,0.0214742810391534,1.902225,1.72875999677724,2.07569000322276,352.9555,349.486199935545,356.424800064455,0.710601651630694,0.671718191275056,0.749485111986331
"B-good",392,200,0.993,0.988257487722952,0.997742512277048,0.993,0.988257487722952,0.997742512277048,0.993558248179533,0.989064987411826,0.998051508947241,0.993558248179533,0.989064987411826,0.998051508947241,0.0135479632055176,0.00556036240491999,0.0215355640061152,1.902575,1.72899504382261,2.0761549561774,353.9485,350.476900876452,357.420099123548,0.710601651630694,0.671718191275056,0.749485111986331
"B-good",393,200,0.993,0.987675185189425,0.998324814810575,0.993,0.987675185189425,0.998324814810575,0.993586462648133,0.989052020593985,0.99812090470228,0.993586462648133,0.989052020593985,0.99812090470228,0.013474223862233,0.00546136697252181,0.0214870807519441,1.902925,1.72921399546026,2.07663600453974,354.9415,351.467279909205,358.415720090795,0.710601651630694,0.671718191275056,0.749485111986331
"B-good",394,200,0.993,0.9873200522761,0.9986799477239,0.993,0.9873200522761,0.9986799477239,0.993649807525497,0.989190091579384,0.99810952347161,0.993649807525497,0.989190091579384,0.99810952347161,0.0135553629918341,0.00554866143368263,0.0215620645499855,1.903275,1.72943685337904,2.07711314662097,355.9345,352.457737067581,359.411262932419,0.710601651630694,0.671718191275056,0.749485111986331
"B-good",395,200,0.993,0.987861948221625,0.998138051778375,0.993,0.987861948221625,0.998138051778375,0.993583678315554,0.989159036887983,0.998008319743125,0.993583678315554,0.989159036887983,0.998008319743125,0.0138466496839241,0.00579518323563535,0.0218981161322129,1.903625,1.72967040500185,2.07757959499815,356.9275,353.448408100037,360.406591899963,0.710601651630694,0.671718191275056,0.749485111986331
"B-good",396,200,0.9945,0.989617905119512,0.999382094880488,0.9945,0.989617905119512,0.999382094880488,0.993659748637217,0.989184443023514,0.99813505425092,0.993659748637217,0.989184443023514,0.99813505425092,0.0134643168676373,0.00551692036599673,0.0214117133692779,1.9039,1.72983359669365,2.07796640330635,357.922,354.440671933873,361.403328066127,0.710601651630694,0.671718191275056,0.749485111986331
"B-good",397,200,0.995,0.990865006525459,0.999134993474541,0.995,0.990865006525459,0.999134993474541,0.993869796754228,0.989450785918811,0.998288807589646,0.993869796754228,0.989450785918811,0.998288807589646,0.0130821124949443,0.0052148340170263,0.0209493909728623,1.90415,1.72999542513693,2.07830457486307,358.917,355.433908502739,362.400091497261,0.710601651630694,0.671718191275056,0.749485111986331
"B-good",398,200,0.994,0.989440243868588,0.998559756131412,0.994,0.989440243868588,0.998559756131412,0.994151811502298,0.989794802184835,0.998508820819762,0.994151811502298,0.989794802184835,0.998508820819762,0.0123381427289405,0.00475329466465368,0.0199229907932273,1.90445,1.73018955564965,2.07871044435035,359.911,356.425791112993,363.396208887007,0.710601651630694,0.671718191275056,0.749485111986331
"B-good",399,200,0.9935,0.988641979701634,0.998358020298366,0.9935,0.988641979701634,0.998358020298366,0.994346300631231,0.990106950035905,0.998585651226557,0.994346300631231,0.990106950035905,0.998585651226557,0.0120294418736996,0.0046048264774902,0.0194540572699089,1.904775,1.73039729434711,2.07915270565289,360.9045,357.416945886942,364.392054113058,0.710601651630694,0.671718191275056,0.749485111986331
"B-good",400,200,0.994,0.989030137893536,0.998969862106464,0.994,0.989030137893536,0.998969862106464,0.994287936989509,0.990053457564398,0.99852241641462,0.994287936989509,0.990053457564398,0.99852241641462,0.0121841809715904,0.004746515560429,0.0196218463827518,1.905075,1.73059127326698,2.07955872673302,361.8985,358.40882546534,365.38817453466,0.710601651630694,0.671718191275056,0.749485111986331
"B-good",401,200,0.995,0.990008559547272,0.999991440452728,0.995,0.990008559547272,0.999991440452728,0.994394274213275,0.990207683331542,0.998580865095008,0.994394274213275,0.990207683331542,0.998580865095008,0.0119654705401072,0.00456623737051312,0.0193647037097014,1.905325,1.73073770308377,2.07991229691623,362.8935,359.401754061675,366.385245938325,0.710601651630694,0.671718191275056,0.749485111986331
"B-good",402,200,0.9935,0.989062409680917,0.997937590319083,0.9935,0.989062409680917,0.997937590319083,0.994434184722246,0.990251951649308,0.998616417795183,0.994434184722246,0.990251951649308,0.998616417795183,0.0119192578258695,0.00460510813536363,0.0192334075163753,1.90565,1.73096238745873,2.08033761254127,363.887,360.393247749175,367.380752250825,0.710601651630694,0.671718191275056,0.749485111986331
"B-good",403,200,0.9955,0.991473344895273,0.999526655104728,0.9955,0.991473344895273,0.999526655104728,0.99434873773151,0.990165410679438,0.998532064783582,0.99434873773151,0.990165410679438,0.998532064783582,0.0120502822105674,0.00479437589072819,0.0193061885304066,1.905875,1.73109808732855,2.08065191267146,364.8825,361.386961746571,368.378038253429,0.710601651630694,0.671718191275056,0.749485111986331
"B-good",404,200,0.9935,0.988255143986853,0.998744856013147,0.9935,0.988255143986853,0.998744856013147,0.994465584651258,0.990377258248807,0.99855391105371,0.994465584651258,0.990377258248807,0.99855391105371,0.0118554021712816,0.00473863414176271,0.0189721702008005,1.9062,1.73130658716828,2.08109341283172,365.876,362.378131743366,369.373868256634,0.710601651630694,0.671718191275056,0.749485111986331
"B-good",405,200,0.9955,0.991473344895273,0.999526655104728,0.9955,0.991473344895273,0.999526655104728,0.994541456915725,0.990468997559162,0.998613916272288,0.994541456915725,0.990468997559162,0.998613916272288,0.0116290562215796,0.00446826766877317,0.018789844774386,1.906425,1.73144338302335,2.08140661697665,366.8715,363.371867660467,370.371132339533,0.710601651630694,0.671718191275056,0.749485111986331
"B-good",406,200,0.9935,0.988444860248323,0.998555139751677,0.9935,0.988444860248323,0.998555139751677,0.994713267339979,0.990674018316375,0.998752516363582,0.994713267339979,0.990674018316375,0.998752516363582,0.0112726757747658,0.0042254350655812,0.0183199164839504,1.90675,1.73164107474604,2.08185892525396,367.865,364.362821494921,371.367178505079,0.710601651630694,0.671718191275056,0.749485111986331
"B-good",407,200,0.994,0.98865138497024,0.99934861502976,0.994,0.98865138497024,0.99934861502976,0.994836317782342,0.990742740489502,0.998929895075183,0.994836317782342,0.990742740489502,0.998929895075183,0.0108928948121636,0.00387481161851325,0.017910978005814,1.90705,1.73182042335303,2.08227957664697,368.859,365.354408467061,372.363591532939,0.710601651630694,0.671718191275056,0.749485111986331
"B-good",408,200,0.9965,0.992219304477394,1.00078069552261,0.9965,0.992219304477394,1.00078069552261,0.994864233361965,0.990837478771032,0.998890987952899,0.994864233361965,0.990837478771032,0.998890987952899,0.0108884733891492,0.00387274370249224,0.0179042030758062,1.907225,1.73191327668654,2.08253672331346,369.8555,366.349265533731,373.361734466269,0.710601651630694,0.671718191275056,0.749485111986331
"B-good",409,200,0.995,0.990865006525459,0.999134993474541,0.995,0.990865006525459,0.999134993474541,0.994993359433211,0.990995496678387,0.998991222188035,0.994993359433211,0.990995496678387,0.998991222188035,0.0106108757320056,0.00369190752208517,0.0175298439419261,1.907475,1.73206900017593,2.08288099982407,370.8505,367.342380003519,374.358619996481,0.710601651630694,0.671718191275056,0.749485111986331
"B-good",410,200,0.995,0.990865006525459,0.999134993474541,0.995,0.990865006525459,0.999134993474541,0.995017487860557,0.991013856191881,0.999021119529232,0.995017487860557,0.991013856191881,0.999021119529232,0.0104879806550695,0.00357743908278258,0.0173985222273564,1.907725,1.73222223430978,2.08322776569022,371.8455,368.335444686196,375.355555313804,0.710601651630694,0.671718191275056,0.749485111986331
"B-good",411,200,0.9935,0.988444860248323,0.998555139751677,0.9935,0.988444860248323,0.998555139751677,0.995126065684771,0.991222688145836,0.999029443223705,0.995126065684771,0.991222688145836,0.999029443223705,0.0103626782654783,0.00354262349068615,0.0171827330402704,1.90805,1.73243521871195,2.08366478128805,372.839,369.326704374239,376.351295625761,0.710601651630694,0.671718191275056,0.749485111986331
"B-good",412,200,0.9955,0.990801470293656,1.00019852970634,0.9955,0.990801470293656,1.00019852970634,0.995013063191743,0.991076269624634,0.998949856758852,0.995013063191743,0.991076269624634,0.998949856758852,0.0105532671567755,0.00372101778440217,0.0173855165291488,1.908275,1.73255791003105,2.08399208996895,373.8345,370.320158200621,377.348841799379,0.710601651630694,0.671718191275056,0.749485111986331
"B-good",413,200,0.9935,0.988641979701634,0.998358020298366,0.9935,0.988641979701634,0.998358020298366,0.99501966033589,0.991163055964177,0.998876264707603,0.99501966033589,0.991163055964177,0.998876264707603,0.0105983116925274,0.00384341742807369,0.0173532059569812,1.9086,1.73277017565173,2.08442982434827,374.828,371.311403513035,378.344596486965,0.710601651630694,0.671718191275056,0.749485111986331
"B-good",414,200,0.9965,0.993575282798462,0.999424717201538,0.9965,0.993575282798462,0.999424717201538,0.995036840972421,0.991230555353374,0.998843126591468,0.995036840972421,0.991230555353374,0.998843126591468,0.0106440052150116,0.00383177060133692,0.0174562398286862,1.908775,1.73287249010492,2.08467750989508,375.8245,372.306449802098,379.342550197902,0.710601651630694,0.671718191275056,0.749485111986331
"B-good",415,200,0.9965,0.993575282798462,0.999424717201538,0.9965,0.993575282798462,0.999424717201538,0.995194060994243,0.991420886991032,0.998967234997453,0.995194060994243,0.991420886991032,0.998967234997453,0.0102484978859554,0.0034758215084727,0.0170211742634382,1.90895,1.73297743362471,2.0849225663753,376.821,373.301548672494,380.340451327506,0.710601651630694,0.671718191275056,0.749485111986331
"B-good",416,200,0.995,0.990865006525459,0.999134993474541,0.995,0.990865006525459,0.999134993474541,0.995357439093246,0.991699403456407,0.999015474730084,0.995357439093246,0.991699403456407,0.999015474730084,0.0100286424762512,0.00330540637876824,0.0167518785737341,1.9092,1.73312898075148,2.08527101924852,377.816,374.29457961503,381.33742038497,0.710601651630694,0.671718191275056,0.749485111986331
"B-good",417,200,0.996,0.992344061740503,0.999655938259497,0.996,0.992344061740503,0.999655938259497,0.995224651464302,0.991493228066681,0.998956074861923,0.995224651464302,0.991493228066681,0.998956074861923,0.0103907260141109,0.00346090210590735,0.0173205499223145,1.9094,1.73324766171148,2.08555233828852,378.812,375.28895323423,382.33504676577,0.710601651630694,0.671718191275056,0.749485111986331
"B-good",418,200,0.997,0.993601677879325,1.00039832212068,0.997,0.993601677879325,1.00039832212068,0.995260625241856,0.991588892345418,0.998932358138295,0.995260625241856,0.991588892345418,0.998932358138295,0.0103553118212579,0.00348321476607109,0.0172274088764446,1.90955,1.73332432893811,2.08577567106189,379.809,376.284486578762,383.333513421238,0.710601651630694,0.671718191275056,0.749485111986331
"B-good",419,200,0.9965,0.993258388148061,0.999741611851939,0.9965,0.993258388148061,0.999741611851939,0.995445291272213,0.991907862435668,0.998982720108759,0.995445291272213,0.991907862435668,0.998982720108759,0.0100528061206876,0.00323404625171769,0.0168715659896575,1.909725,1.73342243306824,2.08602756693177,380.8055,377.279448661365,384.331551338635,0.710601651630694,0.671718191275056,0.749485111986331
"B-good",420,200,0.9965,0.993575282798462,0.999424717201538,0.9965,0.993575282798462,0.999424717201538,0.995620834304841,0.992157579953565,0.999084088656117,0.995620834304841,0.992157579953565,0.999084088656117,0.0097085825273769,0.00307357061218966,0.0163435944425641,1.9099,1.73352745696938,2.08627254303062,381.802,378.274549139388,385.329450860612,0.710601651630694,0.671718191275056,0.749485111986331
"B-good",421,200,0.9945,0.990036067088007,0.998963932911993,0.9945,0.990036067088007,0.998963932911993,0.995685107506513,0.992247777622799,0.999122437390228,0.995685107506513,0.992247777622799,0.999122437390228,0.00948997993184527,0.00293303757421917,0.0160469222894714,1.910175,1.73368745829488,2.08666254170512,382.7965,379.266749165898,386.326250834102,0.710601651630694,0.671718191275056,0.749485111986331
"B-good",422,200,0.996,0.992621863255048,0.999378136744952,0.996,0.992621863255048,0.999378136744952,0.995822430232403,0.992474749224308,0.999170111240498,0.995822430232403,0.992474749224308,0.999170111240498,0.00921736243462001,0.00282875719994648,0.0156059676692935,1.910375,1.73380799888229,2.08694200111771,383.7925,380.261159977646,387.323840022354,0.710601651630694,0.671718191275056,0.749485111986331
"B-good",423,200,0.9955,0.991473344895273,0.999526655104728,0.9955,0.991473344895273,0.999526655104728,0.99596884524596,0.992684072857962,0.999253617633958,0.99596884524596,0.992684072857962,0.999253617633958,0.00890138130858447,0.00261458849549141,0.0151881741216775,1.9106,1.73393551642731,2.08726448357269,384.788,381.254710328546,388.321289671454,0.710601651630694,0.671718191275056,0.749485111986331
"B-good",424,200,0.996,0.992085927792323,0.999914072207677,0.996,0.992085927792323,0.999914072207677,0.995939907412593,0.992661612370147,0.999218202455038,0.995939907412593,0.992661612370147,0.999218202455038,0.00901566940211421,0.00271822260291211,0.0153131162013163,1.9108,1.73404390188587,2.08755609811413,385.784,382.248878037717,389.319121962283,0.710601651630694,0.671718191275056,0.749485111986331
"B-good",425,200,0.9945,0.990036067088007,0.998963932911993,0.9945,0.990036067088007,0.998963932911993,0.99601756465113,0.99279525971503,0.999239869587231,0.99601756465113,0.99279525971503,0.999239869587231,0.00892931384337905,0.00268700274750827,0.0151716249392498,1.911075,1.73420371039539,2.08794628960461,386.7785,383.241074207908,390.315925792092,0.710601651630694,0.671718191275056,0.749485111986331
"B-good",426,200,0.9965,0.992969826620648,1.00003017337935,0.9965,0.992969826620648,1.00003017337935,0.996224850126462,0.993077825519772,0.999371874733151,0.996224850126462,0.993077825519772,0.999371874733151,0.00839361544926325,0.00244072608869606,0.0143465048098304,1.91125,1.73429915671789,2.08820084328211,387.775,384.235983134358,391.314016865642,0.710601651630694,0.671718191275056,0.749485111986331
"B-good",427,200,0.9965,0.992703132767933,1.00029686723207,0.9965,0.992703132767933,1.00029686723207,0.996336223127325,0.993188861865864,0.999483584388785,0.996336223127325,0.993188861865864,0.999483584388785,0.00798844233845138,0.00217384722701003,0.0138030374498927,1.911425,1.73438948193954,2.08846051806046,388.7715,385.230789638791,392.312210361209,0.710601651630694,0.671718191275056,0.749485111986331
"B-good",428,200,0.995,0.990865006525459,0.999134993474541,0.995,0.990865006525459,0.999134993474541,0.996449732462093,0.993360196911668,0.999539268012519,0.996449732462093,0.993360196911668,0.999539268012519,0.00777378216006023,0.00205766947160039,0.0134898948485201,1.911675,1.73455623674079,2.08879376325921,389.7665,386.224124734816,393.308875265184,0.710601651630694,0.671718191275056,0.749485111986331
"B-good",429,200,0.995,0.990865006525459,0.999134993474541,0.995,0.990865006525459,0.999134993474541,0.996495035569763,0.993384360559396,0.999605710580131,0.996495035569763,0.993384360559396,0.999605710580131,0.00759938974459996,0.00187840358395817,0.0133203759052418,1.911925,1.73470674530814,2.08914325469186,390.7615,387.217134906163,394.305865093837,0.710601651630694,0.671718191275056,0.749485111986331
"B-good",430,200,0.996,0.992344061740503,0.999655938259497,0.996,0.992344061740503,0.999655938259497,0.996546502886946,0.993497718692058,0.999595287081834,0.996546502886946,0.993497718692058,0.999595287081834,0.00740505708881362,0.00179255737567247,0.0130175568019548,1.912125,1.73481663083075,2.08943336916925,391.7575,388.211332616615,395.303667383385,0.710601651630694,0.671718191275056,0.749485111986331
"B-good",431,200,0.9965,0.993575282798462,0.999424717201538,0.9965,0.993575282798462,0.999424717201538,0.996601984534659,0.993573665520472,0.999630303548847,0.996601984534659,0.993573665520472,0.999630303548847,0.00731876701097716,0.00171459766719277,0.0129229363547616,1.9123,1.73493037410158,2.08966962589842,392.754,389.206607482032,396.301392517969,0.710601651630694,0.671718191275056,0.749485111986331
"B-good",432,200,0.998,0.995594991267919,1.00040500873208,0.998,0.995594991267919,1.00040500873208,0.996758520331279,0.993745329703678,0.999771710958881,0.996758520331279,0.993745329703678,0.999771710958881,0.00681632591467442,0.00138951121524225,0.0122431406141066,1.9124,1.73498626872008,2.08981373127992,393.752,390.203725374402,397.300274625598,0.710601651630694,0.671718191275056,0.749485111986331
"B-good",433,200,0.9985,0.996299721608836,1.00070027839116,0.9985,0.996299721608836,1.00070027839116,0.997006709462844,0.994115550409663,0.999897868516025,0.997006709462844,0.994115550409663,0.999897868516025,0.0062363622100574,0.00108835762831043,0.0113843667918044,1.912475,1.73501991456767,2.08993008543233,394.7505,391.201398291353,398.299601708647,0.710601651630694,0.671718191275056,0.749485111986331
"B-good",434,200,0.9965,0.992969826620648,1.00003017337935,0.9965,0.992969826620648,1.00003017337935,0.996861772898411,0.993929398105389,0.999794147691434,0.996861772898411,0.993929398105389,0.999794147691434,0.00653699298348504,0.00134434254333511,0.011729643423635,1.91265,1.73512457890983,2.09017542109018,395.747,392.196491578197,399.297508421804,0.710601651630694,0.671718191275056,0.749485111986331
"B-good",435,200,0.9965,0.992219304477394,1.00078069552261,0.9965,0.992219304477394,1.00078069552261,0.997091480728336,0.99423899976893,0.999943961687741,0.997091480728336,0.99423899976893,0.999943961687741,0.00600144113740606,0.00100072554817757,0.0110021567266345,1.912825,1.73521475117894,2.09043524882107,396.7435,393.191295023579,400.295704976421,0.710601651630694,0.671718191275056,0.749485111986331
"B-good",436,200,0.997,0.994235865441669,0.999764134558331,0.997,0.994235865441669,0.999764134558331,0.997102595462939,0.994222323929605,0.999982866996272,0.997102595462939,0.994222323929605,0.999982866996272,0.00589728448133112,0.000853767787233102,0.0109408011754291,1.912975,1.73530351442809,2.09064648557191,397.7405,394.187070288562,401.293929711438,0.710601651630694,0.671718191275056,0.749485111986331
"B-good",437,200,0.9965,0.993258388148061,0.999741611851939,0.9965,0.993258388148061,0.999741611851939,0.997077331887792,0.99419251006307,0.999962153712515,0.997077331887792,0.99419251006307,0.999962153712515,0.00588554631146308,0.000883872913691618,0.0108872197092345,1.91315,1.73540085328848,2.09089914671152,398.737,395.18201706577,402.29198293423,0.710601651630694,0.671718191275056,0.749485111986331
"B-good",438,200,0.9975,0.99424035400695,1.00075964599305,0.9975,0.99424035400695,1.00075964599305,0.997151917421411,0.994333284066765,0.999970550776056,0.997151917421411,0.994333284066765,0.999970550776056,0.00568946969957887,0.000803238162184242,0.0105757012369735,1.913275,1.73546400818815,2.09108599181186,399.7345,396.178280163763,403.290719836237,0.710601651630694,0.671718191275056,0.749485111986331
"B-good",439,200,0.9975,0.99424035400695,1.00075964599305,0.9975,0.99424035400695,1.00075964599305,0.997221627343023,0.994372675063079,1.00007057962297,0.997221627343023,0.994372675063079,1.00007057962297,0.00555453933360054,0.000597377925006213,0.0105117007421949,1.9134,1.735529671864,2.091270328136,400.732,397.17459343728,404.28940656272,0.710601651630694,0.671718191275056,0.749485111986331
"B-good",440,200,0.9965,0.992969826620648,1.00003017337935,0.9965,0.992969826620648,1.00003017337935,0.997104376763843,0.994171234365001,1.00003751916269,0.997104376763843,0.994171234365001,1.00003751916269,0.00588185525861268,0.000724085890651672,0.0110396246265737,1.913575,1.7356258291149,2.0915241708851,401.7285,398.169516582298,405.287483417702,0.710601651630694,0.671718191275056,0.749485111986331
"B-good",441,200,0.9985,0.996800838939662,1.00019916106034,0.9985,0.996800838939662,1.00019916106034,0.996947565901288,0.993830664823694,1.00006446697888,0.996947565901288,0.993830664823694,1.00006446697888,0.00621099270535024,0.000768074523482115,0.0116539108872184,1.91365,1.73566877636757,2.09163122363243,402.727,399.167375527351,406.286624472648,0.710601651630694,0.671718191275056,0.749485111986331
"B-good",442,200,0.997,0.992827372134393,1.00117262786561,0.997,0.992827372134393,1.00117262786561,0.997139229805493,0.994119726419342,1.00015873319164,0.997139229805493,0.994119726419342,1.00015873319164,0.00578479986586967,0.000546064168288985,0.0110235355634504,1.9138,1.73574050519997,2.09185949480003,403.724,400.162810103999,407.285189896001,0.710601651630694,0.671718191275056,0.749485111986331
"B-good",443,200,0.998,0.99488676689265,1.00111323310735,0.998,0.99488676689265,1.00111323310735,0.99731374464679,0.994380080207416,1.00024740908616,0.99731374464679,0.994380080207416,1.00024740908616,0.00545375355980765,0.000393566213999325,0.010513940905616,1.9139,1.73578264003329,2.09201735996671,404.722,401.159652800666,408.284347199334,0.710601651630694,0.671718191275056,0.749485111986331
"B-good",444,200,0.997,0.993325402072943,1.00067459792706,0.997,0.993325402072943,1.00067459792706,0.997304416790181,0.99432494706565,1.00028388651471,0.997304416790181,0.99432494706565,1.00028388651471,0.00546213981947158,0.00027887185056537,0.0106454077883778,1.91405,1.7358529660903,2.0922470339097,405.719,402.155059321806,409.282940678194,0.710601651630694,0.671718191275056,0.749485111986331
"B-good",445,200,0.9975,0.99424035400695,1.00075964599305,0.9975,0.99424035400695,1.00075964599305,0.997485378735827,0.99461227178064,1.00035848569101,0.997485378735827,0.99461227178064,1.00035848569101,0.00503780129735656,0.000101255649322372,0.00997434694539076,1.914175,1.73591508289339,2.09243491710661,406.7165,403.151301657868,410.281698342132,0.710601651630694,0.671718191275056,0.749485111986331
"B-good",446,200,0.9975,0.99424035400695,1.00075964599305,0.9975,0.99424035400695,1.00075964599305,0.99755540290082,0.994722433853729,1.00038837194791,0.99755540290082,0.994722433853729,1.00038837194791,0.00492038004533213,7.07973477590638e-05,0.00976996274290519,1.9143,1.73598267531577,2.09261732468424,407.714,404.147653506315,411.280346493685,0.710601651630694,0.671718191275056,0.749485111986331
"B-good",447,200,0.9975,0.99424035400695,1.00075964599305,0.9975,0.99424035400695,1.00075964599305,0.997593386007905,0.994842090940202,1.00034468107561,0.997593386007905,0.994842090940202,1.00034468107561,0.00493058436621039,0.000132997722887137,0.00972817100953365,1.914425,1.7360499592791,2.0928000407209,408.7115,405.143999185582,412.279000814418,0.710601651630694,0.671718191275056,0.749485111986331
"B-good",448,200,0.998,0.99488676689265,1.00111323310735,0.998,0.99488676689265,1.00111323310735,0.997603943021025,0.994868261546919,1.00033962449513,0.997603943021025,0.994868261546919,1.00033962449513,0.00492737626378658,0.000144574151554325,0.00971017837601884,1.914525,1.73609719990238,2.09295280009762,409.7095,406.140943998048,413.278056001952,0.710601651630694,0.671718191275056,0.749485111986331
"B-good",449,200,0.998,0.99488676689265,1.00111323310735,0.998,0.99488676689265,1.00111323310735,0.997585583501353,0.994789612699326,1.00038155430338,0.997585583501353,0.994789612699326,1.00038155430338,0.00491553722097807,7.17115318800577e-05,0.00975936291007607,1.914625,1.73614432036136,2.09310567963864,410.7075,407.137886407227,414.277113592773,0.710601651630694,0.671718191275056,0.749485111986331
"B-good",450,200,0.9975,0.99424035400695,1.00075964599305,0.9975,0.99424035400695,1.00075964599305,0.997635863242568,0.994797727070726,1.00047399941441,0.997635863242568,0.994797727070726,1.00047399941441,0.00479093946531838,-5.92547426324849e-05,0.00964113367326924,1.91475,1.73620892538531,2.09329107461469,411.705,408.134178507706,415.275821492294,0.710601651630694,0.671718191275056,0.749485111986331
"B-good",451,200,0.998,0.99488676689265,1.00111323310735,0.998,0.99488676689265,1.00111323310735,0.997784880683448,0.995038351692221,1.00053140967468,0.997784880683448,0.995038351692221,1.00053140967468,0.00443854133528259,-0.000181001469816157,0.00905808414038134,1.91485,1.73625017355928,2.09344982644072,412.703,409.131003471186,416.274996528814,0.710601651630694,0.671718191275056,0.749485111986331
"B-good",452,200,0.998,0.99488676689265,1.00111323310735,0.998,0.99488676689265,1.00111323310735,0.997753778152974,0.995015158359604,1.00049239794634,0.997753778152974,0.995015158359604,1.00049239794634,0.0045493249701479,-0.00010825763526862,0.00920690757556443,1.91495,1.73629670589348,2.09360329410652,413.701,410.12793411787,417.27406588213,0.710601651630694,0.671718191275056,0.749485111986331
"B-good",453,200,0.9975,0.994555307263847,1.00044469273615,0.9975,0.994555307263847,1.00044469273615,0.997709083258468,0.994981583050443,1.00043658346649,0.997709083258468,0.994981583050443,1.00043658346649,0.00480545085655681,3.51870218125942e-06,0.00960738301093235,1.915075,1.73636358786675,2.09378641213325,414.6985,411.124271757335,418.272728242665,0.710601651630694,0.671718191275056,0.749485111986331
"B-good",454,200,0.998,0.99488676689265,1.00111323310735,0.998,0.99488676689265,1.00111323310735,0.997706986179865,0.994935430764628,1.0004785415951,0.997706986179865,0.994935430764628,1.0004785415951,0.00484626167394888,-7.46194546636285e-05,0.00976714280256139,1.915175,1.73640762826161,2.09394237173839,415.6965,412.121152565232,419.271847434768,0.710601651630694,0.671718191275056,0.749485111986331
"B-good",455,200,0.9965,0.992969826620648,1.00003017337935,0.9965,0.992969826620648,1.00003017337935,0.997699584354294,0.994893931759379,1.00050523694921,0.997699584354294,0.994893931759379,1.00050523694921,0.0048157789908398,-0.000112686792463073,0.00974424477414267,1.91535,1.73650351837172,2.09419648162828,416.693,413.116070367434,420.269929632566,0.710601651630694,0.671718191275056,0.749485111986331
"B-good",456,200,0.9985,0.995542065183622,1.00145793481638,0.9985,0.995542065183622,1.00145793481638,0.997683551318576,0.994867688300979,1.00049941433617,0.997683551318576,0.994867688300979,1.00049941433617,0.00483112980834578,-0.000113856055961789,0.00977611567265335,1.915425,1.73652975043409,2.09432024956591,417.6915,414.113595008682,421.269404991318,0.710601651630694,0.671718191275056,0.749485111986331
"B-good",457,200,0.9975,0.994908255679914,1.00009174432009,0.9975,0.994908255679914,1.00009174432009,0.997747584605563,0.994998348266024,1.0004968209451,0.997747584605563,0.994998348266024,1.0004968209451,0.00469666750474311,-0.000167830120771276,0.0095611651302575,1.91555,1.73659871028589,2.09450128971411,418.689,415.109974205718,422.268025794282,0.710601651630694,0.671718191275056,0.749485111986331
"B-good",458,200,0.9975,0.99424035400695,1.00075964599305,0.9975,0.99424035400695,1.00075964599305,0.997931584660537,0.995287148916221,1.00057602040485,0.997931584660537,0.995287148916221,1.00057602040485,0.00422840550992349,-0.000359008357167519,0.00881581937701451,1.915675,1.73666043027233,2.09468956972767,419.6865,416.106208605447,423.266791394553,0.710601651630694,0.671718191275056,0.749485111986331
"B-good",459,200,0.9985,0.996299721608836,1.00070027839116,0.9985,0.996299721608836,1.00070027839116,0.997985512911508,0.995474479745787,1.00049654607723,0.997985512911508,0.995474479745787,1.00049654607723,0.00405875654853992,-0.00025226605861115,0.008369779155691,1.91575,1.736695304787,2.094804695213,420.685,417.10390609574,424.26609390426,0.710601651630694,0.671718191275056,0.749485111986331
"B-good",460,200,0.9985,0.995542065183622,1.00145793481638,0.9985,0.995542065183622,1.00145793481638,0.99801210918405,0.995571541734536,1.00045267663356,0.99801210918405,0.995571541734536,1.00045267663356,0.00408150355850557,-0.000168205189195116,0.00833121230620626,1.915825,1.73672118767999,2.09492881232001,421.6835,418.1014237536,425.2655762464,0.710601651630694,0.671718191275056,0.749485111986331
"B-good",461,200,0.9975,0.994908255679914,1.00009174432009,0.9975,0.994908255679914,1.00009174432009,0.998102338933347,0.995618471540784,1.00058620632591,0.998102338933347,0.995618471540784,1.00058620632591,0.00374901106005152,-0.000407881406850705,0.00790590352695374,1.91595,1.73678423316452,2.09511576683548,422.681,419.09768466329,426.26431533671,0.710601651630694,0.671718191275056,0.749485111986331
"B-good",462,200,0.998,0.99488676689265,1.00111323310735,0.998,0.99488676689265,1.00111323310735,0.998126686781607,0.995660961475708,1.00059241208751,0.998126686781607,0.995660961475708,1.00059241208751,0.00370655796324736,-0.000458874651234579,0.00787199057772931,1.91605,1.73682703482182,2.09527296517818,423.679,420.094540696436,427.263459303563,0.710601651630694,0.671718191275056,0.749485111986331
"B-good",463,200,0.998,0.99488676689265,1.00111323310735,0.998,0.99488676689265,1.00111323310735,0.998260194495036,0.995890203569815,1.00063018542026,0.998260194495036,0.995890203569815,1.00063018542026,0.00339206315463642,-0.000567114255063429,0.00735124056433626,1.91615,1.73687018280533,2.09542981719467,424.677,421.091403656107,428.262596343893,0.710601651630694,0.671718191275056,0.749485111986331
"B-good",464,200,0.998,0.99488676689265,1.00111323310735,0.998,0.99488676689265,1.00111323310735,0.998307780579347,0.995949006518603,1.00066655464009,0.998307780579347,0.995949006518603,1.00066655464009,0.00329775612061137,-0.000676977759018957,0.0072724900002417,1.91625,1.73691584240991,2.0955841575901,425.675,422.088316848198,429.261683151802,0.710601651630694,0.671718191275056,0.749485111986331
"B-good",465,200,0.999,0.997028043455748,1.00097195654425,0.999,0.997028043455748,1.00097195654425,0.998245401505605,0.995833692334311,1.0006571106769,0.998245401505605,0.995833692334311,1.0006571106769,0.00345988759839918,-0.000645715007971211,0.00756549020476957,1.9163,1.73693278216851,2.09566721783149,426.674,423.08665564337,430.26134435663,0.710601651630694,0.671718191275056,0.749485111986331
"B-good",466,200,0.9995,0.998514021727874,1.00048597827213,0.9995,0.998514021727874,1.00048597827213,0.998445002006039,0.996244848333804,1.00064515567827,0.998445002006039,0.996244848333804,1.00064515567827,0.00307976558045229,-0.000708190321696832,0.00686772148260141,1.916325,1.73695031650786,2.09569968349214,427.6735,424.086006330157,431.260993669843,0.710601651630694,0.671718191275056,0.749485111986331
"B-good",467,200,0.9985,0.996299721608836,1.00070027839116,0.9985,0.996299721608836,1.00070027839116,0.998550632963795,0.996495035056833,1.00060623087076,0.998550632963795,0.996495035056833,1.00060623087076,0.0028985220783397,-0.000648901121642918,0.00644594527832232,1.9164,1.73698473230133,2.09581526769867,428.672,425.083694646027,432.260305353973,0.710601651630694,0.671718191275056,0.749485111986331
"B-good",468,200,0.998,0.99488676689265,1.00111323310735,0.998,0.99488676689265,1.00111323310735,0.998637795602891,0.996673313109236,1.00060227809655,0.998637795602891,0.996673313109236,1.00060227809655,0.00272828313610017,-0.000694332333389237,0.00615089860558957,1.9165,1.73702749588598,2.09597250411402,429.67,426.08054991772,433.25945008228,0.710601651630694,0.671718191275056,0.749485111986331
"B-good",469,200,0.999,0.997028043455748,1.00097195654425,0.999,0.997028043455748,1.00097195654425,0.998639853617319,0.996681424138692,1.00059828309595,0.998639853617319,0.996681424138692,1.00059828309595,0.00276399986101188,-0.00070091097643505,0.00622891069845881,1.91655,1.73704427198226,2.09605572801774,430.669,427.078885439645,434.259114560355,0.710601651630694,0.671718191275056,0.749485111986331
"B-good",470,200,0.9985,0.996800838939662,1.00019916106034,0.9985,0.996800838939662,1.00019916106034,0.998737915119495,0.996848054107739,1.00062777613125,0.998737915119495,0.996848054107739,1.00062777613125,0.00250935736413154,-0.000765447407786015,0.0057841621360491,1.916625,1.73709256891307,2.09615743108693,431.6675,428.076851378261,435.258148621739,0.710601651630694,0.671718191275056,0.749485111986331
"B-good",471,200,0.9985,0.996800838939662,1.00019916106034,0.9985,0.996800838939662,1.00019916106034,0.998722365936677,0.996709344055418,1.00073538781794,0.998722365936677,0.996709344055418,1.00073538781794,0.00248423268774671,-0.000991660670264217,0.00596012604575764,1.9167,1.73713221893978,2.09626778106023,432.666,429.074644378795,436.257355621205,0.710601651630694,0.671718191275056,0.749485111986331
"B-good",472,200,0.9985,0.995542065183622,1.00145793481638,0.9985,0.995542065183622,1.00145793481638,0.998745819736932,0.996724658904806,1.00076698056906,0.998745819736932,0.996724658904806,1.00076698056906,0.00238052344715727,-0.00104675698526745,0.00580780387958199,1.916775,1.73715722997305,2.09639277002695,433.6645,430.072144599461,437.256855400539,0.710601651630694,0.671718191275056,0.749485111986331
"B-good",473,200,0.9985,0.996299721608836,1.00070027839116,0.9985,0.996299721608836,1.00070027839116,0.998659429598883,0.996554310005152,1.00076454919261,0.998659429598883,0.996554310005152,1.00076454919261,0.0025457903784676,-0.000975265153097312,0.00606684591003251,1.91685,1.73719194907413,2.09650805092587,434.663,431.069838981483,438.256161018517,0.710601651630694,0.671718191275056,0.749485111986331
"B-good",474,200,0.9995,0.998514021727874,1.00048597827213,0.9995,0.998514021727874,1.00048597827213,0.998788159249225,0.99682619440245,1.000750124096,0.998788159249225,0.99682619440245,1.000750124096,0.00225755142478782,-0.00100317137579804,0.00551827422537369,1.916875,1.7372002388732,2.0965497611268,435.6625,432.069004777464,439.255995222536,0.710601651630694,0.671718191275056,0.749485111986331
"B-good",475,200,0.9995,0.998514021727874,1.00048597827213,0.9995,0.998514021727874,1.00048597827213,0.99875404217203,0.996702789859734,1.00080529448433,0.99875404217203,0.996702789859734,1.00080529448433,0.00228651751221257,-0.00110347807960791,0.00567651310403305,1.9169,1.7372085167009,2.0965914832991,436.662,433.068170334018,440.255829665982,0.710601651630694,0.671718191275056,0.749485111986331
"B-good",476,200,0.999,0.997028043455748,1.00097195654425,0.999,0.997028043455748,1.00097195654425,0.998796236659907,0.996818316954044,1.00077415636577,0.998796236659907,0.996818316954044,1.00077415636577,0.00220376676881788,-0.00105219609466485,0.00545972963230062,1.91695,1.73722503645559,2.09667496354442,437.661,434.066500729112,441.255499270888,0.710601651630694,0.671718191275056,0.749485111986331
"B-good",477,200,0.9995,0.998514021727874,1.00048597827213,0.9995,0.998514021727874,1.00048597827213,0.998919000420443,0.997246445477248,1.00059155536364,0.998919000420443,0.997246445477248,1.00059155536364,0.00208467826134239,-0.000758777110500209,0.00492813363318499,1.916975,1.73723327838925,2.09671672161075,438.6605,435.065665567785,442.255334432215,0.710601651630694,0.671718191275056,0.749485111986331
"B-good",478,200,0.999,0.997028043455748,1.00097195654425,0.999,0.997028043455748,1.00097195654425,0.999056998041599,0.997568121154805,1.00054587492839,0.999056998041599,0.997568121154805,1.00054587492839,0.00182720726089672,-0.000758537451136382,0.00441295197292982,1.917025,1.73724972638597,2.09680027361403,439.6595,436.063994527719,443.255005472281,0.710601651630694,0.671718191275056,0.749485111986331
"B-good",479,200,0.9985,0.995542065183622,1.00145793481638,0.9985,0.995542065183622,1.00145793481638,0.999010242528627,0.997429921383393,1.00059056367386,0.999010242528627,0.997429921383393,1.00059056367386,0.00186707439383643,-0.000816102788556376,0.00455025157622923,1.9171,1.7372743087547,2.09692569124531,440.658,437.061486175094,444.254513824906,0.710601651630694,0.671718191275056,0.749485111986331
"B-good",480,200,0.999,0.997028043455748,1.00097195654425,0.999,0.997028043455748,1.00097195654425,0.999067985974248,0.997581892757546,1.00055407919095,0.999067985974248,0.997581892757546,1.00055407919095,0.0017502951301154,-0.000755090752833714,0.00425568101306451,1.91715,1.7372906372887,2.0970093627113,441.657,438.059812745774,445.254187254226,0.710601651630694,0.671718191275056,0.749485111986331
"B-good",481,200,0.9995,0.998514021727874,1.00048597827213,0.9995,0.998514021727874,1.00048597827213,0.999040669206995,0.997471927993288,1.0006094104207,0.999040669206995,0.997471927993288,1.0006094104207,0.00180121631812276,-0.000886284445707864,0.00448871708195337,1.917175,1.73729878365222,2.09705121634778,442.6565,439.058975673044,446.254024326956,0.710601651630694,0.671718191275056,0.749485111986331
"B-good",482,200,0.9985,0.995542065183622,1.00145793481638,0.9985,0.995542065183622,1.00145793481638,0.999024958158772,0.997449031980086,1.00060088433746,0.999024958158772,0.997449031980086,1.00060088433746,0.00185730782619394,-0.000880088555866761,0.00459470420825464,1.91725,1.73732315116907,2.09717684883093,443.655,440.056463023381,447.253536976619,0.710601651630694,0.671718191275056,0.749485111986331
"B-good",483,200,0.999,0.997609124044798,1.0003908759552,0.999,0.997609124044798,1.0003908759552,0.998972941250283,0.997306159779901,1.00063972272066,0.998972941250283,0.997306159779901,1.00063972272066,0.00191350584225787,-0.000896321723333914,0.00472333340784964,1.9173,1.73734506444231,2.09725493555769,444.654,441.054901288846,448.253098711154,0.710601651630694,0.671718191275056,0.749485111986331
"B-good",484,200,0.9985,0.996800838939662,1.00019916106034,0.9985,0.996800838939662,1.00019916106034,0.999092293732268,0.997696241975373,1.00048834548916,0.999092293732268,0.997696241975373,1.00048834548916,0.00176198136654434,-0.00064899847965554,0.00417296121274422,1.917375,1.73739086915709,2.09735913084291,445.6525,442.052817383142,449.252182616858,0.710601651630694,0.671718191275056,0.749485111986331
"B-good",485,200,0.9985,0.996299721608836,1.00070027839116,0.9985,0.996299721608836,1.00070027839116,0.999016371950202,0.997517880661277,1.00051486323913,0.999016371950202,0.997517880661277,1.00051486323913,0.00195398247015663,-0.000692318897330406,0.00460028383764367,1.91745,1.73742476605352,2.09747523394648,446.651,443.05049532107,450.25150467893,0.710601651630694,0.671718191275056,0.749485111986331
"B-good",486,200,0.9985,0.996299721608836,1.00070027839116,0.9985,0.996299721608836,1.00070027839116,0.999031328287199,0.997541498356282,1.00052115821812,0.999031328287199,0.997541498356282,1.00052115821812,0.00195287262194719,-0.000716355576355097,0.00462210082024947,1.917525,1.73746103326458,2.09758896673542,447.6495,444.048220665292,451.250779334708,0.710601651630694,0.671718191275056,0.749485111986331
"B-good",487,200,0.9985,0.995542065183622,1.00145793481638,0.9985,0.995542065183622,1.00145793481638,0.999029027074767,0.99754873718917,1.00050931696036,0.999029027074767,0.99754873718917,1.00050931696036,0.00194803549373905,-0.000672133650933118,0.00456820463841121,1.9176,1.73748509025232,2.09771490974768,448.648,445.045701805046,452.250298194954,0.710601651630694,0.671718191275056,0.749485111986331
"B-good",488,200,0.9985,0.996299721608836,1.00070027839116,0.9985,0.996299721608836,1.00070027839116,0.999084923260641,0.997693621891113,1.00047622463017,0.999084923260641,0.997693621891113,1.00047622463017,0.0018386284497779,-0.000621947496381802,0.0042992043959376,1.917675,1.73752101188723,2.09782898811277,449.6465,446.043420237745,453.249579762255,0.710601651630694,0.671718191275056,0.749485111986331
"B-good",489,200,0.9995,0.998514021727874,1.00048597827213,0.9995,0.998514021727874,1.00048597827213,0.999040070752641,0.997590447373999,1.00048969413128,0.999040070752641,0.997590447373999,1.00048969413128,0.00193820551845828,-0.000636861245066275,0.00451327228198284,1.9177,1.73752898387768,2.09787101612232,450.646,447.042579677554,454.249420322446,0.710601651630694,0.671718191275056,0.749485111986331
"B-good",490,200,0.9995,0.998514021727874,1.00048597827213,0.9995,0.998514021727874,1.00048597827213,0.99920454516798,0.998040734485041,1.00036835585092,0.99920454516798,0.998040734485041,1.00036835585092,0.00166976160800505,-0.000498002583307425,0.00383752579931752,1.917725,1.73753694398927,2.09791305601073,451.6455,448.041738879785,455.249261120215,0.710601651630694,0.671718191275056,0.749485111986331
"B-good",491,200,0.9985,0.996299721608836,1.00070027839116,0.9985,0.996299721608836,1.00070027839116,0.999216030623112,0.998053842155616,1.00037821909061,0.999216030623112,0.998053842155616,1.00037821909061,0.00162160316244944,-0.000504220748917828,0.0037474270738167,1.9178,1.73757057852657,2.09802942147343,452.644,449.039411570531,456.248588429469,0.710601651630694,0.671718191275056,0.749485111986331
"B-good",492,200,0.999,0.997028043455748,1.00097195654425,0.999,0.997028043455748,1.00097195654425,0.999259309630929,0.998146498854406,1.00037212040745,0.999259309630929,0.998146498854406,1.00037212040745,0.00156215751150963,-0.000534553066472106,0.00365886808949137,1.91785,1.73758641716112,2.09811358283888,453.643,450.037728343222,457.248271656778,0.710601651630694,0.671718191275056,0.749485111986331
"B-good",493,200,0.9995,0.998514021727874,1.00048597827213,0.9995,0.998514021727874,1.00048597827213,0.999215275668765,0.998076020431798,1.00035453090573,0.999215275668765,0.998076020431798,1.00035453090573,0.00168108421361201,-0.00044750972430454,0.00380967815152857,1.917875,1.7375943186842,2.0981556813158,454.6425,451.036886373684,458.248113626316,0.710601651630694,0.671718191275056,0.749485111986331
"B-good",494,200,0.9995,0.998514021727874,1.00048597827213,0.9995,0.998514021727874,1.00048597827213,0.999294892710111,0.99827743555847,1.00031234986175,0.999294892710111,0.99827743555847,1.00031234986175,0.00151600891228736,-0.000408210469550994,0.00344022829412572,1.9179,1.73760220834898,2.09819779165102,455.642,452.03604416698,459.24795583302,0.710601651630694,0.671718191275056,0.749485111986331
"B-good",495,200,0.9995,0.998514021727874,1.00048597827213,0.9995,0.998514021727874,1.00048597827213,0.99928173018247,0.998336502881617,1.00022695748332,0.99928173018247,0.998336502881617,1.00022695748332,0.00162291605347253,-0.000242188771067943,0.00348802087801301,1.917925,1.73761008615884,2.09823991384116,456.6415,453.035201723177,460.247798276823,0.710601651630694,0.671718191275056,0.749485111986331
"B-good",496,200,0.9995,0.998514021727874,1.00048597827213,0.9995,0.998514021727874,1.00048597827213,0.999269662011158,0.998336635922784,1.00020268809953,0.999269662011158,0.998336635922784,1.00020268809953,0.00171181868966572,-0.000251724782944116,0.00367536216227556,1.91795,1.73761795211715,2.09828204788285,457.641,454.034359042343,461.247640957657,0.710601651630694,0.671718191275056,0.749485111986331
"B-good",497,200,0.9995,0.998514021727874,1.00048597827213,0.9995,0.998514021727874,1.00048597827213,0.999426189954941,0.998723207725311,1.00012917218457,0.999426189954941,0.998723207725311,1.00012917218457,0.00136527468367091,-0.000128481626795492,0.0028590309941373,1.917975,1.73763546314586,2.09831453685414,458.6405,455.033709262917,462.247290737083,0.710601651630694,0.671718191275056,0.749485111986331
"B-good",498,200,0.999,0.997028043455748,1.00097195654425,0.999,0.997028043455748,1.00097195654425,0.999480467189962,0.998859368571881,1.00010156580804,0.999480467189962,0.998859368571881,1.00010156580804,0.00125235655589186,-7.30451490700578e-05,0.00257775826085379,1.918025,1.73765116108104,2.09839883891897,459.6395,456.032023221621,463.246976778379,0.710601651630694,0.671718191275056,0.749485111986331
"B-good",499,200,0.9995,0.998514021727874,1.00048597827213,0.9995,0.998514021727874,1.00048597827213,0.999439827713892,0.998841754857581,1.0000379005702,0.999439827713892,0.998841754857581,1.0000379005702,0.00142987587531507,3.66419995447443e-06,0.00285608755067567,1.91805,1.73767132816031,2.0984286718397,460.639,457.031426563206,464.246573436794,0.710601651630694,0.671718191275056,0.749485111986331
"B-good",500,200,0.9995,0.998514021727874,1.00048597827213,0.9995,0.998514021727874,1.00048597827213,0.99950524608879,0.998970226455353,1.00004026572223,0.99950524608879,0.998970226455353,1.00004026572223,0.00125478638566944,-1.29093255792035e-06,0.0025108637038968,1.918075,1.73767915989227,2.09847084010773,461.6385,458.030583197845,465.246416802155,0.710601651630694,0.671718191275056,0.749485111986331
"B-bad",0,200,0,0,0,0,0,0,0.5,0.5,0.5,0.5,0.5,0.5,0,0,0,0,0,0,0,0,0,0.5,0.5,0.5
"B-bad",1,200,0.501,0.480219446406621,0.521780553593379,0.499,0.478219446406621,0.519780553593379,0.49064218494665,0.486724377115194,0.494559992778106,0.50935781505335,0.505440007221894,0.513275622884806,0.0496704120589332,0.0474068856682263,0.0519339384496401,0.02495,0.0239109723203311,0.0259890276796689,0.499,0.478219446406621,0.519780553593379,0.514775240924349,0.504203562379777,0.52534691946892
"B-bad",2,200,0.5075,0.483452451884956,0.531547548115044,0.4925,0.468452451884956,0.516547548115044,0.488058406534778,0.482112108318265,0.494004704751292,0.511941593465222,0.505995295248708,0.517887891681735,0.0686644575594281,0.0654716635979642,0.071857251520892,0.049575,0.047995365227061,0.051154634772939,0.9915,0.95990730454122,1.02309269545878,0.519826804603414,0.505138066471479,0.53451554273535
"B-bad",3,200,0.532,0.509863959913788,0.554136040086212,0.468,0.445863959913788,0.490136040086212,0.481812016681066,0.474496130972672,0.489127902389461,0.518187983318934,0.510872097610539,0.525503869027328,0.0817154304396741,0.0776811071049612,0.0857497537743869,0.072975,0.0709287630602046,0.0750212369397953,1.4595,1.41857526120409,1.50042473879591,0.533584394947297,0.515499541463112,0.551669248431483
"B-bad",4,200,0.503,0.481896596996226,0.524103403003774,0.497,0.475896596996226,0.518103403003774,0.474548237284196,0.466483670191847,0.482612804376544,0.525451762715804,0.517387195623456,0.533516329808153,0.0950766528350787,0.0905943582946848,0.0995589473754726,0.097825,0.0954583037976775,0.100191696202323,1.9565,1.90916607595355,2.00383392404645,0.541226336127613,0.520554890438772,0.561897781816454
"B-bad",5,200,0.5055,0.481934268311619,0.529065731688381,0.4945,0.470934268311619,0.518065731688381,0.464294908055527,0.455107110754464,0.473482705356589,0.535705091944473,0.52651729464341,0.544892889245536,0.103016918274181,0.0983434424602049,0.107690394088158,0.12255,0.11983851245754,0.12526148754246,2.451,2.3967702491508,2.5052297508492,0.555991074742304,0.534135082848975,0.577847066635632
"B-bad",6,200,0.5355,0.511740204747301,0.559259795252699,0.4645,0.440740204747301,0.488259795252699,0.460029216084026,0.450206970803914,0.469851461364138,0.539970783915974,0.530148538635862,0.549793029196086,0.111459635235314,0.106380562300146,0.116538708170483,0.145775,0.142738746866671,0.148811253133329,2.9155,2.85477493733342,2.97622506266658,0.558925712614664,0.535929158451917,0.581922266777411
"B-bad",7,200,0.528,0.502600040160324,0.553399959839676,0.472,0.446600040160324,0.497399959839676,0.452114475484639,0.44211651608881,0.462112434880467,0.547885524515361,0.537887565119533,0.55788348391119,0.117638777957942,0.112108573420197,0.123168982495687,0.169375,0.165842103238035,0.172907896761965,3.3875,3.31684206476071,3.45815793523929,0.570296491604485,0.547260844648212,0.593332138560757
"B-bad",8,200,0.5395,0.516920945034396,0.562079054965604,0.4605,0.437920945034396,0.483079054965604,0.446348050713809,0.435723420647159,0.456972680780459,0.553651949286191,0.543027319219541,0.564276579352841,0.122677707362082,0.117016321854246,0.128339092869918,0.1924,0.18839099945563,0.19640900054437,3.848,3.7678199891126,3.9281800108874,0.581568830596376,0.558073880808011,0.605063780384741
"B-bad",9,200,0.5565,0.531984086331263,0.581015913668737,0.4435,0.418984086331263,0.468015913668737,0.440021586567545,0.42854537480941,0.45149779832568,0.559978413432455,0.54850220167432,0.57145462519059,0.128046607484143,0.122187618212937,0.133905596755349,0.214575,0.210093167627575,0.219056832372425,4.2915,4.2018633525515,4.3811366474485,0.586739308702093,0.562178182246836,0.61130043515735
"B-bad",10,200,0.5715,0.549469369437411,0.593530630562589,0.4285,0.406469369437411,0.450530630562589,0.436722224472198,0.424617144609706,0.448827304334691,0.563277775527802,0.551172695665309,0.575382855390294,0.132746845452516,0.12659475452973,0.138898936375302,0.236,0.231247711988872,0.240752288011128,4.72,4.62495423977744,4.81504576022256,0.593435472298631,0.567162941323578,0.619708003273684
"B-bad",11,200,0.576,0.552308461672212,0.599691538327788,0.424,0.400308461672212,0.447691538327788,0.431931084301557,0.419547628149838,0.444314540453276,0.568068915698443,0.555685459546724,0.580452371850162,0.136594070191511,0.13016785961772,0.143020280765303,0.2572,0.251999743975934,0.262400256024066,5.144,5.03999487951869,5.24800512048131,0.608601581464042,0.581101493471908,0.636101669456177
"B-bad",12,200,0.562,0.536584658362851,0.587415341637149,0.438,0.412584658362851,0.463415341637149,0.427903482446961,0.415313597353233,0.440493367540689,0.572096517553039,0.559506632459311,0.584686402646767,0.141188141794855,0.134629297342927,0.147746986246783,0.2791,0.273342419032787,0.284857580967213,5.582,5.46684838065574,5.69715161934426,0.615875722005989,0.587795210511666,0.643956233500312
"B-bad",13,200,0.568,0.541670772012406,0.594329227987594,0.432,0.405670772012406,0.458329227987594,0.421588777375401,0.409046021413546,0.434131533337257,0.578411222624599,0.565868466662743,0.590953978586454,0.145239033952995,0.13871914399927,0.151758923906719,0.3007,0.294365014173536,0.307034985826464,6.014,5.88730028347072,6.14069971652928,0.623709859118695,0.595320209793817,0.652099508443573
"B-bad",14,200,0.5685,0.54475336727219,0.59224663272781,0.4315,0.40775336727219,0.45524663272781,0.413652692081726,0.40087650338785,0.426428880775602,0.586347307918274,0.573571119224399,0.59912349661215,0.148113578114707,0.14144291126372,0.154784244965694,0.322275,0.315479506778975,0.329070493221025,6.4455,6.3095901355795,6.5814098644205,0.626499758904601,0.59807979848302,0.654919719326182
"B-bad",15,200,0.572,0.547223141183301,0.596776858816699,0.428,0.403223141183301,0.452776858816699,0.406413255692125,0.39344097014675,0.419385541237499,0.593586744307876,0.580614458762501,0.60655902985325,0.149253830834328,0.142450821620313,0.156056840048342,0.343675,0.336471331547545,0.350878668452454,6.8735,6.72942663095091,7.01757336904909,0.631363642940185,0.602107927786713,0.660619358093656
"B-bad",16,200,0.6055,0.582352582366229,0.628647417633771,0.3945,0.371352582366229,0.417647417633771,0.402919796228589,0.389907629527015,0.415931962930162,0.597080203771411,0.584068037069837,0.610092370472985,0.152144624519923,0.145171975519985,0.159117273519861,0.3634,0.355650961077195,0.371149038922805,7.268,7.1130192215439,7.4229807784561,0.640103693811698,0.61050782804158,0.669699559581816
"B-bad",17,200,0.5805,0.555584035657589,0.605415964342411,0.4195,0.394584035657589,0.444415964342411,0.399014187342048,0.38599964657541,0.412028728108686,0.600985812657952,0.587971271891314,0.61400035342459,0.154365949824029,0.147388245428398,0.161343654219659,0.384375,0.376128101561252,0.392621898438748,7.6875,7.52256203122504,7.85243796877496,0.646122528455006,0.616224458698133,0.676020598211879
"B-bad",18,200,0.6075,0.582031758380819,0.632968241619181,0.3925,0.367031758380819,0.417968241619181,0.392906916024092,0.37997739566303,0.405836436385155,0.607093083975908,0.594163563614845,0.620022604336971,0.156053806720252,0.148690854545963,0.163416758894541,0.404,0.395241451852949,0.412758548147051,8.08,7.90482903705898,8.25517096294102,0.643028583328797,0.612209220722857,0.673847945934737
"B-bad",19,200,0.597,0.573322074773548,0.620677925226452,0.403,0.379322074773548,0.426677925226452,0.390496236216304,0.377501634975645,0.403490837456963,0.609503763783696,0.596509162543037,0.622498365024355,0.159783896016267,0.152424064582591,0.167143727449942,0.42415,0.414853786847798,0.433446213152202,8.483,8.29707573695597,8.66892426304404,0.649397568533824,0.618690865002842,0.680104272064805
"B-bad",20,200,0.6165,0.595126671683702,0.637873328316298,0.3835,0.362126671683702,0.404873328316298,0.389162988396303,0.375827439002793,0.402498537789813,0.610837011603697,0.597501462210187,0.624172560997207,0.163070359834837,0.15550376116915,0.170636958500524,0.443325,0.433553738940273,0.453096261059727,8.8665,8.67107477880546,9.06192522119454,0.65588356359551,0.625597258317666,0.686169868873355
"B-bad",21,200,0.617,0.59356262603811,0.64043737396189,0.383,0.35956262603811,0.40643737396189,0.38564151272738,0.371781522167543,0.399501503287216,0.61435848727262,0.600498496712784,0.628218477832457,0.163699956896661,0.155797734435015,0.171602179358307,0.462475,0.452208647228183,0.472741352771817,9.2495,9.04417294456366,9.45482705543634,0.66051265595312,0.629978084864578,0.691047227041662
"B-bad",22,200,0.6085,0.58169206386664,0.63530793613336,0.3915,0.36469206386664,0.41830793613336,0.383689072471876,0.369236141049157,0.398142003894594,0.616310927528124,0.601857996105406,0.630763858950843,0.164921266494215,0.156710061156887,0.173132471831542,0.48205,0.471168895515034,0.492931104484966,9.641,9.42337791030068,9.85862208969932,0.662177042199044,0.631133551143462,0.693220533254627
"B-bad",23,200,0.612,0.588212977356191,0.635787022643809,0.388,0.364212977356191,0.411787022643809,0.381345710955751,0.367104778276764,0.395586643634738,0.618654289044249,0.604413356365262,0.632895221723236,0.170482724572889,0.162247835714992,0.178717613430786,0.50145,0.489888994739041,0.513011005260959,10.029,9.79777989478082,10.2602201052192,0.667250166323218,0.636298946501665,0.698201386144771
"B-bad",24,200,0.622,0.596754373584747,0.647245626415253,0.378,0.352754373584747,0.403245626415253,0.376734753338476,0.362357545765407,0.391111960911544,0.623265246661524,0.608888039088456,0.637642454234593,0.170515566827963,0.162051906067306,0.17897922758862,0.52035,0.508160631167044,0.532539368832956,10.407,10.1632126233409,10.6507873766591,0.672123857966002,0.641378065174158,0.702869650757847
"B-bad",25,200,0.608,0.584180140478819,0.631819859521181,0.392,0.368180140478819,0.415819859521181,0.37415959771117,0.359397349429568,0.388921845992771,0.62584040228883,0.611078154007229,0.640602650570432,0.171982392420945,0.163409784168482,0.180555000673408,0.53995,0.527218326985551,0.552681673014449,10.799,10.544366539711,11.053633460289,0.6754615739341,0.644494728573066,0.706428419295135
"B-bad",26,200,0.622,0.59637028248312,0.64762971751688,0.378,0.35237028248312,0.40362971751688,0.372956736428799,0.358207738769769,0.387705734087828,0.627043263571201,0.612294265912172,0.641792261230231,0.175282635323089,0.16637640674856,0.184188863897618,0.55885,0.545509056503377,0.572190943496623,11.177,10.9101811300675,11.4438188699325,0.6754615739341,0.644494728573066,0.706428419295135
"B-bad",27,200,0.6445,0.619079373019577,0.669920626980423,0.3555,0.330079373019577,0.380920626980423,0.369442119842557,0.354679563296335,0.384204676388778,0.630557880157443,0.615795323611222,0.645320436703665,0.17692817812757,0.168201513696113,0.185654842559027,0.576625,0.562642687334504,0.590607312665496,11.5325,11.2528537466901,11.8121462533099,0.6754615739341,0.644494728573066,0.706428419295135
"B-bad",28,200,0.621,0.597459468816108,0.644540531183892,0.379,0.355459468816108,0.402540531183892,0.363961278021025,0.349347340361415,0.378575215680634,0.636038721978975,0.621424784319366,0.650652659638585,0.176941808645773,0.168164300843783,0.185719316447762,0.595575,0.580977631752772,0.610172368247228,11.9115,11.6195526350554,12.2034473649446,0.6754615739341,0.644494728573066,0.706428419295135
"B-bad",29,200,0.6325,0.608049532985198,0.656950467014802,0.3675,0.343049532985198,0.391950467014802,0.364494974093245,0.349519959818494,0.379469988367995,0.635505025906755,0.620530011632004,0.650480040181506,0.17916344535207,0.170160434077288,0.188166456626851,0.61395,0.598788029507149,0.629111970492851,12.279,11.975760590143,12.582239409857,0.6754615739341,0.644494728573066,0.706428419295135
"B-bad",30,200,0.6335,0.608679113361459,0.658320886638541,0.3665,0.341679113361459,0.391320886638541,0.362275976793215,0.34711186097883,0.3774400926076,0.637724023206785,0.6225599073924,0.65288813902117,0.180701154613805,0.171414734642984,0.189987574584625,0.632275,0.616567809022838,0.647982190977162,12.6455,12.3313561804568,12.9596438195432,0.6754615739341,0.644494728573066,0.706428419295135
"B-bad",31,200,0.6345,0.608588306397026,0.660411693602974,0.3655,0.339588306397026,0.391411693602974,0.359607347403009,0.344423293772191,0.374791401033827,0.640392652596991,0.625208598966173,0.655576706227809,0.182847689389772,0.173631786914273,0.192063591865272,0.65055,0.634164809867034,0.666935190132965,13.011,12.6832961973407,13.3387038026593,0.6754615739341,0.644494728573066,0.706428419295135
"B-bad",32,200,0.645,0.619120282355097,0.670879717644903,0.355,0.329120282355097,0.380879717644903,0.354507723709753,0.339596466611083,0.369418980808423,0.645492276290247,0.630581019191577,0.660403533388917,0.181928289201399,0.172613731667024,0.191242846735773,0.6683,0.651325009627656,0.685274990372344,13.366,13.0265001925531,13.7054998074469,0.6754615739341,0.644494728573066,0.706428419295135
"B-bad",33,200,0.646,0.623079834702879,0.668920165297122,0.354,0.331079834702878,0.376920165297121,0.351096736665008,0.336212952938381,0.365980520391635,0.648903263334992,0.634019479608365,0.663787047061619,0.181885414650482,0.17262105199762,0.191149777303345,0.686,0.668557804042705,0.703442195957295,13.72,13.3711560808541,14.0688439191459,0.6754615739341,0.644494728573066,0.706428419295135
"B-bad",34,200,0.6495,0.62709034083146,0.67190965916854,0.3505,0.32809034083146,0.37290965916854,0.348137016233485,0.333048268500045,0.363225763966924,0.651862983766515,0.636774236033076,0.666951731499955,0.183111461457453,0.173548808671043,0.192674114243863,0.703525,0.685561416001062,0.721488583998938,14.0705,13.7112283200212,14.4297716799788,0.6754615739341,0.644494728573066,0.706428419295135
"B-bad",35,200,0.653,0.630857340218442,0.675142659781558,0.347,0.324857340218442,0.369142659781558,0.343338924332605,0.328092619445428,0.358585229219782,0.656661075667395,0.641414770780218,0.671907380554572,0.183292677690756,0.173578377161969,0.193006978219543,0.720875,0.702401322890982,0.739348677109018,14.4175,14.0480264578196,14.7869735421804,0.6754615739341,0.644494728573066,0.706428419295135
"B-bad",36,200,0.665,0.640838451807986,0.689161548192014,0.335,0.310838451807986,0.359161548192014,0.340049837890011,0.324668731466648,0.355430944313375,0.659950162109989,0.644569055686625,0.675331268533352,0.183581713037476,0.17372325942304,0.193440166651911,0.737625,0.718595821193865,0.756654178806135,14.7525,14.3719164238773,15.1330835761227,0.6754615739341,0.644494728573066,0.706428419295135
"B-bad",37,200,0.6585,0.634438641841745,0.682561358158255,0.3415,0.317438641841745,0.365561358158255,0.335079684430999,0.319910645677155,0.350248723184843,0.664920315569001,0.649751276815157,0.680089354322844,0.184955468913284,0.174936808616888,0.19497412920968,0.7547,0.735023383770674,0.774376616229326,15.094,14.7004676754135,15.4875323245865,0.6754615739341,0.644494728573066,0.706428419295135
"B-bad",38,200,0.667,0.643479399420747,0.690520600579253,0.333,0.309479399420747,0.356520600579253,0.331661613101233,0.316311522715472,0.347011703486995,0.668338386898767,0.652988296513005,0.683688477284528,0.184485088454945,0.174349089773548,0.194621087136343,0.77135,0.75108049142978,0.79161950857022,15.427,15.0216098285956,15.8323901714044,0.6754615739341,0.644494728573066,0.706428419295135
"B-bad",39,200,0.66,0.637115670146844,0.682884329853156,0.34,0.317115670146844,0.362884329853156,0.328497688071507,0.313017485624939,0.343977890518074,0.671502311928493,0.656022109481926,0.686982514375061,0.186692404425983,0.176635666226281,0.196749142625685,0.78835,0.767571079134512,0.809128920865489,15.767,15.3514215826902,16.1825784173098,0.6754615739341,0.644494728573066,0.706428419295135
"B-bad",40,200,0.6575,0.633149637671735,0.681850362328265,0.3425,0.318149637671735,0.366850362328265,0.328141779932251,0.312397859155482,0.34388570070902,0.671858220067749,0.65611429929098,0.687602140844518,0.187104855687737,0.176749380233393,0.197460331142082,0.805475,0.784037359151273,0.826912640848727,16.1095,15.6807471830255,16.5382528169745,0.6754615739341,0.644494728573066,0.706428419295135
"B-bad",41,200,0.6615,0.636506513829443,0.686493486170557,0.3385,0.313506513829443,0.363493486170557,0.323182880933472,0.307308539116678,0.339057222750266,0.676817119066528,0.660942777249734,0.692691460883322,0.185738761107182,0.175181048881894,0.196296473332471,0.8224,0.800448568477699,0.844351431522302,16.448,16.008971369554,16.887028630446,0.6754615739341,0.644494728573066,0.706428419295135
"B-bad",42,200,0.6855,0.661801967266972,0.709198032733028,0.3145,0.290801967266972,0.338198032733028,0.319646382780903,0.304028695784418,0.335264069777389,0.680353617219097,0.664735930222611,0.695971304215582,0.186733700513318,0.175951784173513,0.197515616853122,0.838125,0.815532919896166,0.860717080103834,16.7625,16.3106583979233,17.2143416020767,0.6754615739341,0.644494728573066,0.706428419295135
"B-bad",43,200,0.6655,0.641752544400646,0.689247455599354,0.3345,0.310752544400646,0.358247455599354,0.316862046537458,0.300879803186252,0.332844289888664,0.683137953462542,0.667155710111336,0.699120196813748,0.187489223198435,0.176704319437706,0.198274126959163,0.85485,0.831668743563206,0.878031256436794,17.097,16.6333748712641,17.5606251287359,0.6754615739341,0.644494728573066,0.706428419295135
"B-bad",44,200,0.671,0.647252852974134,0.694747147025866,0.329,0.305252852974134,0.352747147025866,0.314197578539416,0.29791264837177,0.330482508707061,0.685802421460584,0.669517491292939,0.70208735162823,0.186576331636915,0.175808234552597,0.197344428721234,0.8713,0.847524970004828,0.895075029995173,17.426,16.9504994000965,17.9015005999034,0.6754615739341,0.644494728573066,0.706428419295135
"B-bad",45,200,0.664,0.638489498226743,0.689510501773257,0.336,0.310489498226743,0.361510501773257,0.311309080145071,0.295435968128935,0.327182192161206,0.688690919854929,0.672817807838794,0.704564031871065,0.188685062305416,0.178088419310193,0.199281705300639,0.8881,0.863693472418415,0.912506527581585,17.762,17.2738694483683,18.2501305516317,0.6754615739341,0.644494728573066,0.706428419295135
"B-bad",46,200,0.678,0.6552802091044,0.7007197908956,0.322,0.2992802091044,0.3447197908956,0.310467955207326,0.294375242028304,0.326560668386348,0.689532044792674,0.673439331613653,0.705624757971696,0.188739963820754,0.177959983780024,0.199519943861485,0.9042,0.879317346134095,0.929082653865905,18.084,17.5863469226819,18.5816530773181,0.6754615739341,0.644494728573066,0.706428419295135
"B-bad",47,200,0.679,0.6535450930168,0.7044549069832,0.321,0.2955450930168,0.3464549069832,0.308380990272599,0.29241310927508,0.324348871270117,0.691619009727401,0.675651128729883,0.70758689072492,0.190870715119554,0.179888015165188,0.201853415073919,0.92025,0.894776124437244,0.945723875562757,18.405,17.8955224887449,18.9144775112551,0.6754615739341,0.644494728573066,0.706428419295135
"B-bad",48,200,0.6985,0.675723622009231,0.721276377990769,0.3015,0.278723622009231,0.324276377990769,0.306185563632055,0.289888255888338,0.322482871375771,0.693814436367945,0.677517128624229,0.710111744111662,0.189964078315877,0.178967616626208,0.200960540005547,0.935325,0.909251571784017,0.961398428215983,18.7065,18.1850314356803,19.2279685643197,0.6754615739341,0.644494728573066,0.706428419295135
"B-bad",49,200,0.6945,0.669800650670126,0.719199349329875,0.3055,0.280800650670125,0.330199349329874,0.303430365011598,0.28720683553122,0.319653894491976,0.696569634988402,0.680346105508024,0.71279316446878,0.18833742307436,0.177339496567217,0.199335349581502,0.9506,0.923791375048695,0.977408624951305,19.012,18.4758275009739,19.5481724990261,0.6754615739341,0.644494728573066,0.706428419295135
"B-bad",50,200,0.691,0.66447003801647,0.71752996198353,0.309,0.28247003801647,0.33552996198353,0.299675944055738,0.283540688421347,0.315811199690129,0.700324055944262,0.684188800309871,0.716459311578653,0.18764554955193,0.176498955730389,0.198792143373471,0.96605,0.938553018249113,0.993546981750888,19.321,18.7710603649823,19.8709396350177,0.6754615739341,0.644494728573066,0.706428419295135
"B-bad",51,200,0.709,0.685601009686848,0.732398990313152,0.291,0.267601009686848,0.314398990313152,0.299111662385182,0.283293236684778,0.314930088085587,0.700888337614818,0.685069911914413,0.716706763315222,0.189576140640155,0.178450685331477,0.200701595948834,0.9806,0.95258163780985,1.00861836219015,19.612,19.051632756197,20.172367243803,0.6754615739341,0.644494728573066,0.706428419295135
"B-bad",52,200,0.6955,0.672054810992257,0.718945189007743,0.3045,0.281054810992257,0.327945189007743,0.296569685373245,0.280778557193273,0.312360813553217,0.703430314626755,0.687639186446783,0.719221442806727,0.189974193149314,0.178838369919646,0.201110016378981,0.995825,0.967283720542947,1.02436627945705,19.9165,19.3456744108589,20.4873255891411,0.6754615739341,0.644494728573066,0.706428419295135
"B-bad",53,200,0.7245,0.70150928754126,0.74749071245874,0.2755,0.25250928754126,0.29849071245874,0.291913569819685,0.276227556298543,0.307599583340827,0.708086430180315,0.692400416659173,0.723772443701457,0.18854914206406,0.177436539378255,0.199661744749864,1.0096,0.980446988085535,1.03875301191447,20.192,19.6089397617107,20.7750602382893,0.6754615739341,0.644494728573066,0.706428419295135
"B-bad",54,200,0.707,0.682767385902284,0.731232614097716,0.293,0.268767385902284,0.317232614097716,0.290125826639158,0.274599094391603,0.305652558886713,0.709874173360842,0.694347441113287,0.725400905608397,0.188851891006523,0.177881971349186,0.19982181066386,1.02425,0.994510410231627,1.05398958976837,20.485,19.8902082046325,21.0797917953675,0.6754615739341,0.644494728573066,0.706428419295135
"B-bad",55,200,0.711,0.687039862465872,0.734960137534128,0.289,0.265039862465872,0.312960137534128,0.286999942346304,0.271682746483534,0.302317138209075,0.713000057653696,0.697682861790925,0.728317253516466,0.188106634990825,0.177271727952184,0.198941542029466,1.0387,1.00834571648084,1.06905428351916,20.774,20.1669143296169,21.3810856703831,0.6754615739341,0.644494728573066,0.706428419295135
"B-bad",56,200,0.71,0.68698794266266,0.73301205733734,0.29,0.26698794266266,0.31301205733734,0.284992152838204,0.26970547057938,0.300278835097028,0.715007847161796,0.699721164902972,0.73029452942062,0.188705370709097,0.17779285907536,0.199617882342833,1.0532,1.02230061754084,1.08409938245916,21.064,20.4460123508168,21.6819876491832,0.6754615739341,0.644494728573066,0.706428419295135
"B-bad",57,200,0.735,0.713536692249641,0.756463307750359,0.265,0.243536692249641,0.286463307750359,0.283544607292499,0.26798411903263,0.299105095552368,0.716455392707501,0.700894904447632,0.73201588096737,0.188145495650168,0.17717031700031,0.199120674300026,1.06645,1.03504966356953,1.09785033643047,21.329,20.7009932713906,21.9570067286094,0.6754615739341,0.644494728573066,0.706428419295135
"B-bad",58,200,0.728,0.704981150437796,0.751018849562204,0.272,0.248981150437796,0.295018849562204,0.280434630699331,0.265060729610015,0.295808531788647,0.719565369300669,0.704191468211353,0.734939270389985,0.188469024688516,0.17742207413249,0.199515975244542,1.08005,1.04814533247406,1.11195466752594,21.601,20.9629066494812,22.2390933505188,0.6754615739341,0.644494728573066,0.706428419295135
"B-bad",59,200,0.714,0.690986244418509,0.737013755581491,0.286,0.262986244418509,0.309013755581491,0.277694113214376,0.262402664055291,0.292985562373461,0.722305886785624,0.707014437626539,0.737597335944709,0.187021189456396,0.176009157082373,0.198033221830419,1.09435,1.0619014732736,1.1267985267264,21.887,21.238029465472,22.535970534528,0.6754615739341,0.644494728573066,0.706428419295135
"B-bad",60,200,0.721,0.696683666692462,0.745316333307538,0.279,0.254683666692462,0.303316333307538,0.275631448570328,0.260368993609353,0.290893903531303,0.724368551429672,0.709106096468697,0.739631006390647,0.187147558415211,0.17605197405005,0.198243142780372,1.1083,1.07525023370314,1.14134976629686,22.166,21.5050046740628,22.8269953259372,0.6754615739341,0.644494728573066,0.706428419295135
"B-bad",61,200,0.731,0.708704315012052,0.753295684987948,0.269,0.246704315012052,0.291295684987948,0.27478862990751,0.259223045325361,0.29035421448966,0.72521137009249,0.70964578551034,0.740776954674639,0.186998421964787,0.175667237172489,0.198329606757084,1.12175,1.08816255349403,1.15533744650597,22.435,21.7632510698806,23.1067489301194,0.6754615739341,0.644494728573066,0.706428419295135
"B-bad",62,200,0.7305,0.707994627468816,0.753005372531184,0.2695,0.246994627468816,0.292005372531184,0.270273012266181,0.254738804344527,0.285807220187834,0.729726987733819,0.714192779812166,0.745261195655473,0.184079315285742,0.172778940230117,0.195379690341366,1.135225,1.10107941681571,1.16937058318429,22.7045,22.0215883363142,23.3874116636858,0.6754615739341,0.644494728573066,0.706428419295135
"B-bad",63,200,0.726,0.703536234413238,0.748463765586762,0.274,0.251536234413238,0.296463765586762,0.266939139843087,0.251335285894929,0.282542993791245,0.733060860156913,0.717457006208755,0.748664714105071,0.182161605404068,0.170928923204299,0.193394287603836,1.148925,1.11414025703164,1.18370974296836,22.9785,22.2828051406328,23.6741948593672,0.6754615739341,0.644494728573066,0.706428419295135
"B-bad",64,200,0.7195,0.696843189518797,0.742156810481203,0.2805,0.257843189518797,0.303156810481203,0.263806615861711,0.248346733967723,0.279266497755699,0.736193384138289,0.720733502244301,0.751653266032277,0.182422627062441,0.171130634747671,0.193714619377212,1.16295,1.12759142304034,1.19830857695966,23.259,22.5518284608067,23.9661715391933,0.6754615739341,0.644494728573066,0.706428419295135
"B-bad",65,200,0.74,0.717030439573049,0.762969560426951,0.26,0.237030439573049,0.282969560426951,0.261841990630101,0.246380828593217,0.277303152666986,0.738158009369899,0.722696847333014,0.753619171406783,0.18044463074399,0.169255731141406,0.191633530346575,1.17595,1.14006009484101,1.21183990515899,23.519,22.8012018968202,24.2367981031797,0.6754615739341,0.644494728573066,0.706428419295135
"B-bad",66,200,0.7345,0.710547713451707,0.758452286548293,0.2655,0.241547713451707,0.289452286548293,0.260062544847756,0.244577149919677,0.275547939775835,0.739937455152244,0.724452060224165,0.755422850080323,0.180843500122558,0.169431776198852,0.192255224046263,1.189225,1.15270431536754,1.22574568463246,23.7845,23.0540863073509,24.5149136926491,0.6754615739341,0.644494728573066,0.706428419295135
"B-bad",67,200,0.743,0.721822650282834,0.764177349717166,0.257,0.235822650282834,0.278177349717166,0.258127753249698,0.242586460713603,0.273669045785792,0.741872246750302,0.726330954214208,0.757413539286397,0.180153814149267,0.168938906210178,0.191368722088357,1.202075,1.16501256012043,1.23913743987957,24.0415,23.3002512024086,24.7827487975914,0.6754615739341,0.644494728573066,0.706428419295135
"B-bad",68,200,0.742,0.719661848253027,0.764338151746973,0.258,0.235661848253027,0.280338151746973,0.257016360728191,0.241622298561827,0.272410422894555,0.742983639271809,0.727589577105445,0.758377701438173,0.180166875277805,0.168952400489369,0.191381350066241,1.214975,1.17748602512069,1.25246397487931,24.2995,23.5497205024138,25.0492794975862,0.6754615739341,0.644494728573066,0.706428419295135
"B-bad",69,200,0.7485,0.726442776035977,0.770557223964023,0.2515,0.229442776035977,0.273557223964023,0.255532794856548,0.239878906431038,0.271186683282058,0.744467205143452,0.728813316717942,0.760121093568962,0.180668369335204,0.169347114907618,0.191989623762789,1.22755,1.18948700628703,1.26561299371297,24.551,23.7897401257406,25.3122598742594,0.6754615739341,0.644494728573066,0.706428419295135
"B-bad",70,200,0.747,0.72382252768843,0.77017747231157,0.253,0.22982252768843,0.27617747231157,0.252458097832191,0.236845879462414,0.268070316201968,0.747541902167809,0.731929683798032,0.763154120537586,0.178846618831257,0.167460637662514,0.190232600000001,1.2402,1.20157674251402,1.27882325748598,24.804,24.0315348502803,25.5764651497197,0.6754615739341,0.644494728573066,0.706428419295135
"B-bad",71,200,0.7655,0.742547566788251,0.788452433211749,0.2345,0.211547566788251,0.257452433211749,0.251133299777164,0.235426284529917,0.266840315024411,0.748866700222836,0.733159684975589,0.764573715470083,0.179819206214294,0.168389940343237,0.191248472085351,1.251925,1.21272069609373,1.29112930390627,25.0385,24.2544139218746,25.8225860781254,0.6754615739341,0.644494728573066,0.706428419295135
"B-bad",72,200,0.749,0.726330579438087,0.771669420561913,0.251,0.228330579438087,0.273669420561913,0.249479440882466,0.234013439115664,0.264945442649268,0.750520559117534,0.735054557350732,0.765986560884336,0.178801367074821,0.167405079268922,0.19019765488072,1.264475,1.22464500034214,1.30430499965786,25.2895,24.4929000068428,26.0860999931572,0.6754615739341,0.644494728573066,0.706428419295135
"B-bad",73,200,0.7405,0.719434247437384,0.761565752562616,0.2595,0.238434247437384,0.280565752562616,0.24774394932599,0.23249566254578,0.2629922361062,0.75225605067401,0.7370077638938,0.76750433745422,0.178747834112334,0.167387958915887,0.190107709308781,1.27745,1.23712489392951,1.31777510607049,25.549,24.7424978785902,26.3555021214098,0.6754615739341,0.644494728573066,0.706428419295135
"B-bad",74,200,0.753,0.728431039293411,0.777568960706589,0.247,0.222431039293411,0.271568960706589,0.246008428691665,0.230435126622129,0.261581730761202,0.753991571308335,0.738418269238798,0.769564873377871,0.177616154733035,0.166255063112174,0.188977246353896,1.2898,1.24888738861961,1.33071261138039,25.796,24.9777477723923,26.6142522276077,0.6754615739341,0.644494728573066,0.706428419295135
"B-bad",75,200,0.7575,0.735914700356722,0.779085299643277,0.2425,0.220914700356722,0.264085299643278,0.244231687237955,0.228494301179888,0.259969073296021,0.755768312762045,0.740030926703979,0.771505698820112,0.17771206346913,0.166024521269137,0.189399605669124,1.301925,1.26047124907912,1.34337875092088,26.0385,25.2094249815825,26.8675750184175,0.6754615739341,0.644494728573066,0.706428419295135
"B-bad",76,200,0.7425,0.719940858884644,0.765059141115356,0.2575,0.234940858884644,0.280059141115356,0.242179883161935,0.226460988513262,0.257898777810608,0.757820116838065,0.742101222189392,0.773539011486738,0.176558563654644,0.16483218226544,0.188284945043848,1.3148,1.27271293683772,1.35688706316228,26.296,25.4542587367543,27.1377412632457,0.6754615739341,0.644494728573066,0.706428419295135
"B-bad",77,200,0.767,0.744629068392487,0.789370931607513,0.233,0.210629068392487,0.255370931607513,0.239737779757915,0.224277764827032,0.255197794688799,0.760262220242085,0.744802205311201,0.775722235172968,0.175504709688657,0.163860317784749,0.187149101592564,1.32645,1.28374378476395,1.36915621523605,26.529,25.6748756952791,27.3831243047209,0.6754615739341,0.644494728573066,0.706428419295135
"B-bad",78,200,0.757,0.734051291787348,0.779948708212652,0.243,0.220051291787348,0.265948708212652,0.239989789168231,0.224756249757966,0.255223328578495,0.760010210831769,0.744776671421505,0.775243750242034,0.177809401667324,0.166016906341186,0.189601896993463,1.3386,1.29528388662088,1.38191611337912,26.772,25.9056777324177,27.6383222675823,0.6754615739341,0.644494728573066,0.706428419295135
"B-bad",79,200,0.7635,0.741169831964919,0.785830168035081,0.2365,0.214169831964919,0.258830168035081,0.237091117824444,0.222078229541825,0.252104006107062,0.762908882175556,0.747895993892938,0.777921770458175,0.175670662309185,0.164104752638735,0.187236571979634,1.350425,1.30652636900064,1.39432363099936,27.0085,26.1305273800129,27.8864726199871,0.6754615739341,0.644494728573066,0.706428419295135
"B-bad",80,200,0.7565,0.73626313988222,0.77673686011778,0.2435,0.22326313988222,0.26373686011778,0.233997647661293,0.219187440368794,0.248807854953791,0.766002352338707,0.751192145046209,0.780812559631206,0.17383734596344,0.162303840254624,0.185370851672256,1.3626,1.31822272294983,1.40697727705017,27.252,26.3644544589967,28.1395455410033,0.6754615739341,0.644494728573066,0.706428419295135
"B-bad",81,200,0.77,0.74816437057751,0.79183562942249,0.23,0.20816437057751,0.25183562942249,0.233112249192097,0.218213981153583,0.248010517230611,0.766887750807903,0.751989482769389,0.781786018846417,0.173256709330306,0.161666830250984,0.184846588409628,1.3741,1.3292045701459,1.4189954298541,27.482,26.5840914029179,28.3799085970821,0.6754615739341,0.644494728573066,0.706428419295135
"B-bad",82,200,0.7605,0.737620046766495,0.783379953233505,0.2395,0.216620046766495,0.262379953233505,0.229834783015708,0.214690441089681,0.244979124941734,0.770165216984293,0.755020875058266,0.785309558910319,0.171306722377941,0.159653148449582,0.182960296306301,1.386075,1.34065789986379,1.43149210013621,27.7215,26.8131579972758,28.6298420027242,0.6754615739341,0.644494728573066,0.706428419295135
"B-bad",83,200,0.77,0.748800055692972,0.791199944307028,0.23,0.208800055692972,0.251199944307028,0.227826172492181,0.212716330263708,0.242936014720654,0.772173827507819,0.757063985279346,0.787283669736292,0.170949383444867,0.159251436091848,0.182647330797887,1.397575,1.35163449793594,1.44351550206406,27.9515,27.0326899587189,28.8703100412811,0.6754615739341,0.644494728573066,0.706428419295135
"B-bad",84,200,0.785,0.762997216088356,0.807002783911644,0.215,0.192997216088356,0.237002783911644,0.227198799610688,0.212215965573769,0.242181633647606,0.772801200389312,0.757818366352394,0.787784034426231,0.171054127349379,0.15929873835911,0.182809516339648,1.408325,1.36180997140631,1.45484002859369,28.1665,27.2361994281262,29.0968005718738,0.6754615739341,0.644494728573066,0.706428419295135
"B-bad",85,200,0.7645,0.744686642844779,0.784313357155221,0.2355,0.215686642844779,0.255313357155221,0.226934304544107,0.211867450419043,0.24200115866917,0.773065695455893,0.75799884133083,0.788132549580957,0.170516504611564,0.158848844318091,0.182184164905037,1.4201,1.37311798027273,1.46708201972727,28.402,27.4623596054546,29.3416403945454,0.6754615739341,0.644494728573066,0.706428419295135
"B-bad",86,200,0.769,0.746704315012052,0.791295684987948,0.231,0.208704315012052,0.253295684987948,0.225341803171206,0.210285746455276,0.240397859887135,0.774658196828794,0.759602140112865,0.789714253544724,0.169155746725295,0.157535538406987,0.180775955043602,1.43165,1.38416207794534,1.47913792205466,28.633,27.6832415589068,29.5827584410932,0.6754615739341,0.644494728573066,0.706428419295135
"B-bad",87,200,0.7685,0.746593898834931,0.790406101165069,0.2315,0.209593898834931,0.253406101165069,0.222829612130487,0.207949135735915,0.237710088525059,0.777170387869513,0.762289911474941,0.792050864264085,0.168154248428423,0.156491187963744,0.179817308893101,1.443225,1.39522996147167,1.49122003852833,28.8645,27.9045992294333,29.8244007705667,0.6754615739341,0.644494728573066,0.706428419295135
"B-bad",88,200,0.771,0.748390999109926,0.793609000890074,0.229,0.206390999109926,0.251609000890074,0.221812203391599,0.207236712969014,0.236387693814184,0.778187796608401,0.763612306185816,0.792763287030986,0.169195923871173,0.15744770275492,0.180944144987427,1.454675,1.40614806848255,1.50320193151745,29.0935,28.1229613696509,30.0640386303491,0.6754615739341,0.644494728573066,0.706428419295135
"B-bad",89,200,0.772,0.751686880254674,0.792313119745326,0.228,0.207686880254674,0.248313119745326,0.221396127182244,0.206768413838854,0.236023840525633,0.778603872817756,0.763976159474367,0.793231586161146,0.168663754393387,0.156963704168015,0.18036380461876,1.466075,1.41702494929883,1.51512505070117,29.3215,28.3404989859767,30.3025010140233,0.6754615739341,0.644494728573066,0.706428419295135
"B-bad",90,200,0.771,0.749048786573346,0.792951213426654,0.229,0.207048786573346,0.250951213426654,0.218739191602938,0.20442122079008,0.233057162415796,0.781260808397062,0.766942837584204,0.79557877920992,0.167318123576532,0.155605711725114,0.17903053542795,1.477525,1.42806226023017,1.52698773976983,29.5505,28.5612452046033,30.5397547953967,0.6754615739341,0.644494728573066,0.706428419295135
"B-bad",91,200,0.774,0.750808620824514,0.797191379175486,0.226,0.202808620824514,0.249191379175486,0.215837338798541,0.201792540116939,0.229882137480143,0.784162661201459,0.770117862519857,0.798207459883061,0.166040857333878,0.154495925404052,0.177585789263705,1.488825,1.43874780830337,1.53890219169663,29.7765,28.7749561660675,30.7780438339325,0.6754615739341,0.644494728573066,0.706428419295135
"B-bad",92,200,0.7795,0.757875808300813,0.801124191699187,0.2205,0.198875808300813,0.242124191699187,0.213749015851586,0.199622268604298,0.227875763098873,0.786250984148414,0.772124236901127,0.800377731395702,0.164350966911556,0.152621032922271,0.176080900900841,1.49985,1.44919858868221,1.55050141131779,29.997,28.9839717736442,31.0100282263558,0.6754615739341,0.644494728573066,0.706428419295135
"B-bad",93,200,0.778,0.756931348860868,0.799068651139133,0.222,0.200931348860867,0.243068651139133,0.212751459064359,0.198417810418456,0.227085107710262,0.787248540935641,0.772914892289738,0.801582189581544,0.163455059974078,0.151729755907477,0.17518036404068,1.51095,1.45980179066571,1.56209820933429,30.219,29.1960358133142,31.2419641866858,0.6754615739341,0.644494728573066,0.706428419295135
"B-bad",94,200,0.802,0.781792974858463,0.822207025141537,0.198,0.177792974858463,0.218207025141537,0.211305485336919,0.197099940278305,0.225511030395532,0.788694514663081,0.774488969604468,0.802900059721695,0.163608430304117,0.151857946859045,0.175358913749188,1.52085,1.46918134083028,1.57251865916972,30.417,29.3836268166055,31.4503731833945,0.6754615739341,0.644494728573066,0.706428419295135
"B-bad",95,200,0.7835,0.760412597499656,0.806587402500344,0.2165,0.193412597499656,0.239587402500344,0.210148709476865,0.195995623541278,0.224301795412452,0.789851290523135,0.775698204587548,0.804004376458722,0.16331728202134,0.151364404424689,0.17527015961799,1.531675,1.4794657905409,1.5838842094591,30.6335,29.5893158108181,31.6776841891819,0.6754615739341,0.644494728573066,0.706428419295135
"B-bad",96,200,0.7945,0.773993600549525,0.815006399450475,0.2055,0.184993600549525,0.226006399450475,0.207764981230204,0.193813393038419,0.22171656942199,0.792235018769796,0.77828343057801,0.806186606961581,0.162726502597181,0.150743070496168,0.174709934698194,1.54195,1.48919437274711,1.59470562725289,30.839,29.7838874549422,31.8941125450578,0.6754615739341,0.644494728573066,0.706428419295135
"B-bad",97,200,0.7905,0.769226559372475,0.811773440627525,0.2095,0.188226559372475,0.230773440627525,0.206629165891674,0.192826960132726,0.220431371650621,0.793370834108326,0.779568628349379,0.807173039867274,0.162701551586545,0.1508702613089,0.174532841864191,1.552425,1.499230642009,1.605619357991,31.0485,29.98461284018,32.11238715982,0.6754615739341,0.644494728573066,0.706428419295135
"B-bad",98,200,0.791,0.76906659761399,0.81293340238601,0.209,0.18706659761399,0.23093340238601,0.206722609488119,0.193031026337951,0.220414192638286,0.793277390511881,0.779585807361714,0.806968973662049,0.163054741497867,0.151194963311278,0.174914519684457,1.562875,1.50918157975414,1.61656842024586,31.2575,30.1836315950827,32.3313684049173,0.6754615739341,0.644494728573066,0.706428419295135
"B-bad",99,200,0.801,0.779985676525389,0.822014323474611,0.199,0.177985676525389,0.220014323474611,0.206039394218359,0.192271421532481,0.219807366904237,0.793960605781641,0.780192633095763,0.807728578467519,0.162458399014223,0.150570110369357,0.17434668765909,1.572825,1.51862302093031,1.62702697906969,31.4565,30.3724604186062,32.5405395813938,0.6754615739341,0.644494728573066,0.706428419295135
"B-bad",100,200,0.777,0.756326922996446,0.797673077003554,0.223,0.202326922996446,0.243673077003554,0.204722806184168,0.190949461352457,0.218496151015879,0.795277193815832,0.781503848984121,0.809050538647543,0.162074391098663,0.150120121746167,0.17402866045116,1.583975,1.52921650246684,1.63873349753316,31.6795,30.5843300493368,32.7746699506632,0.6754615739341,0.644494728573066,0.706428419295135
"B-bad",101,200,0.7935,0.772951715256271,0.814048284743729,0.2065,0.185951715256271,0.227048284743729,0.203172456192272,0.189411655590289,0.216933256794255,0.796827543807728,0.783066743205745,0.810588344409711,0.161379936691168,0.14942236695372,0.173337506428616,1.5943,1.53904541506721,1.64955458493279,31.886,30.7809083013443,32.9910916986557,0.6754615739341,0.644494728573066,0.706428419295135
"B-bad",102,200,0.7895,0.768052744521652,0.810947255478348,0.2105,0.189052744521652,0.231947255478348,0.202490150812429,0.188503084699636,0.216477216925223,0.797509849187571,0.783522783074777,0.811496915300364,0.161618912218179,0.149720243424996,0.173517581011362,1.604825,1.54907521092303,1.66057478907697,32.0965,30.9815042184606,33.2114957815394,0.6754615739341,0.644494728573066,0.706428419295135
"B-bad",103,200,0.8,0.779172013416947,0.820827986583053,0.2,0.179172013416947,0.220827986583053,0.201215217418297,0.186900760201671,0.215529674634924,0.798784782581703,0.784470325365076,0.813099239798329,0.160240005611063,0.148215755572964,0.172264255649162,1.614825,1.55856171508446,1.67108828491554,32.2965,31.1712343016893,33.4217656983107,0.6754615739341,0.644494728573066,0.706428419295135
"B-bad",104,200,0.784,0.760632347354564,0.807367652645436,0.216,0.192632347354564,0.239367652645436,0.200012605273632,0.185923684870275,0.214101525676989,0.799987394726368,0.785898474323011,0.814076315129725,0.160168768673095,0.148159262047866,0.172178275298325,1.625625,1.56875676092002,1.68249323907998,32.5125,31.3751352184004,33.6498647815996,0.6754615739341,0.644494728573066,0.706428419295135
"B-bad",105,200,0.8055,0.783790130991793,0.827209869008207,0.1945,0.172790130991792,0.216209869008208,0.198959826251755,0.184855798799577,0.213063853703934,0.801040173748245,0.786936146296066,0.815144201200424,0.160705219611598,0.148531051664595,0.172879387558601,1.63535,1.57797475929539,1.69272524070461,32.707,31.5594951859079,33.8545048140921,0.6754615739341,0.644494728573066,0.706428419295135
"B-bad",106,200,0.796,0.77522650014697,0.81677349985303,0.204,0.18322650014697,0.22477349985303,0.196808845914989,0.182712049223722,0.210905642606256,0.803191154085011,0.789094357393744,0.817287950776278,0.160204389391401,0.14783735589244,0.172571422890363,1.64555,1.5876057379113,1.7034942620887,32.911,31.752114758226,34.069885241774,0.6754615739341,0.644494728573066,0.706428419295135
"B-bad",107,200,0.7975,0.776050922382976,0.818949077617024,0.2025,0.181050922382976,0.223949077617024,0.194833420009824,0.180699499919975,0.208967340099673,0.805166579990176,0.791032659900327,0.819300500080025,0.158446889526723,0.146135422543162,0.170758356510284,1.655675,1.59728122518772,1.71406877481227,33.1135,31.9456245037545,34.2813754962455,0.6754615739341,0.644494728573066,0.706428419295135
"B-bad",108,200,0.7985,0.777278060639037,0.819721939360963,0.2015,0.180278060639037,0.222721939360963,0.1924941627599,0.178376560043945,0.206611765475856,0.8075058372401,0.793388234524144,0.821623439956055,0.157127581054451,0.144814696514875,0.169440465594027,1.66575,1.60693866485366,1.72456133514634,33.315,32.1387732970731,34.4912267029269,0.6754615739341,0.644494728573066,0.706428419295135
"B-bad",109,200,0.8095,0.788318613766953,0.830681386233047,0.1905,0.169318613766953,0.211681386233047,0.191360370594363,0.177346630092778,0.205374111095949,0.808639629405637,0.794625888904051,0.822653369907222,0.157046428599881,0.144701488192509,0.169391369007253,1.675275,1.61593337960014,1.73461662039986,33.5055,32.3186675920028,34.6923324079972,0.6754615739341,0.644494728573066,0.706428419295135
"B-bad",110,200,0.809,0.787699364643949,0.830300635356051,0.191,0.169699364643949,0.212300635356051,0.190034636733412,0.17610930409405,0.203959969372773,0.809965363266588,0.796040030627227,0.82389069590595,0.156570252950653,0.144253851123175,0.168886654778131,1.684825,1.62501209110999,1.74463790889001,33.6965,32.5002418221998,34.8927581778002,0.6754615739341,0.644494728573066,0.706428419295135
"B-bad",111,200,0.797,0.776459681159636,0.817540318840364,0.203,0.182459681159636,0.223540318840364,0.189253460656162,0.175262802640629,0.203244118671696,0.810746539343838,0.796755881328304,0.824737197359371,0.156904520600031,0.144383311337243,0.16942572986282,1.694975,1.63471629355994,1.75523370644006,33.8995,32.6943258711989,35.1046741288011,0.6754615739341,0.644494728573066,0.706428419295135
"B-bad",112,200,0.8015,0.780980264136799,0.822019735863201,0.1985,0.177980264136799,0.219019735863201,0.18609786859214,0.172322172806837,0.199873564377443,0.81390213140786,0.800126435622557,0.827677827193163,0.154622004379641,0.142055874276641,0.167188134482641,1.7049,1.64413372348112,1.76566627651888,34.098,32.8826744696223,35.3133255303777,0.6754615739341,0.644494728573066,0.706428419295135
"B-bad",113,200,0.82,0.797986117583785,0.842013882416215,0.18,0.157986117583785,0.202013882416215,0.184629209950063,0.170970505404034,0.198287914496092,0.815370790049937,0.801712085503908,0.829029494595966,0.153873185758538,0.141327186527317,0.166419184989759,1.7139,1.65259346342123,1.77520653657877,34.278,33.0518692684247,35.5041307315753,0.6754615739341,0.644494728573066,0.706428419295135
"B-bad",114,200,0.8105,0.790320190859853,0.830679809140147,0.1895,0.169320190859852,0.209679809140148,0.183507468006274,0.169899094750475,0.197115841262073,0.816492531993726,0.802884158737927,0.830100905249525,0.153448525311891,0.141008900704807,0.165888149918976,1.723375,1.66165490916942,1.78509509083058,34.4675,33.2330981833883,35.7019018166117,0.6754615739341,0.644494728573066,0.706428419295135
"B-bad",115,200,0.8155,0.795726131880468,0.835273868119532,0.1845,0.164726131880468,0.204273868119532,0.181796641455034,0.168428598645279,0.19516468426479,0.818203358544966,0.80483531573521,0.831571401354721,0.153085593104678,0.140732174957217,0.165439011252138,1.7326,1.67046520598055,1.79473479401945,34.652,33.4093041196109,35.8946958803891,0.6754615739341,0.644494728573066,0.706428419295135
"B-bad",116,200,0.81,0.78979104089424,0.830208959105761,0.19,0.169791040894239,0.210208959105761,0.180962196478213,0.1677256712172,0.194198721739226,0.819037803521787,0.805801278260775,0.832274328782799,0.153150984791138,0.140728429884451,0.165573539697824,1.7421,1.67944718331303,1.80475281668696,34.842,33.5889436662607,36.0950563337393,0.6754615739341,0.644494728573066,0.706428419295135
"B-bad",117,200,0.8155,0.795238049765504,0.835761950234496,0.1845,0.164238049765504,0.204761950234496,0.179771455539146,0.166637135650227,0.192905775428065,0.820228544460854,0.807094224571935,0.833362864349773,0.152786107818587,0.140387035690462,0.165185179946713,1.751325,1.68822848830956,1.81442151169044,35.0265,33.7645697661912,36.2884302338088,0.6754615739341,0.644494728573066,0.706428419295135
"B-bad",118,200,0.8255,0.806130492024256,0.844869507975744,0.1745,0.155130492024256,0.193869507975744,0.178092708959558,0.165158981987391,0.191026435931724,0.821907291040442,0.808973564068276,0.834841018012609,0.151893375902053,0.139427482347624,0.164359269456483,1.76005,1.69648939177456,1.82361060822544,35.201,33.9297878354912,36.4722121645088,0.6754615739341,0.644494728573066,0.706428419295135
"B-bad",119,200,0.8245,0.804363812974843,0.844636187025157,0.1755,0.155363812974843,0.195636187025157,0.17662090741226,0.163969747269285,0.189272067555236,0.82337909258774,0.810727932444764,0.836030252730715,0.151749679026518,0.139423535660433,0.164075822392603,1.768825,1.70479047993399,1.83285952006601,35.3765,34.0958095986798,36.6571904013202,0.6754615739341,0.644494728573066,0.706428419295135
"B-bad",120,200,0.83,0.81161372067789,0.84838627932211,0.17,0.15161372067789,0.18838627932211,0.177141140430883,0.164501898505628,0.189780382356138,0.822858859569117,0.810219617643862,0.835498101494372,0.152579567468436,0.140190209437526,0.164968925499345,1.777325,1.71291937845019,1.84173062154981,35.5465,34.2583875690038,36.8346124309962,0.6754615739341,0.644494728573066,0.706428419295135
"B-bad",121,200,0.8245,0.80530785132382,0.84369214867618,0.1755,0.15630785132382,0.19469214867618,0.17551799451541,0.162954117889031,0.188081871141789,0.82448200548459,0.811918128858211,0.837045882110969,0.151331342924095,0.139026041247804,0.163636644600386,1.7861,1.72124677500021,1.85095322499979,35.722,34.4249355000042,37.0190644999958,0.6754615739341,0.644494728573066,0.706428419295135
"B-bad",122,200,0.839,0.821834475713414,0.856165524286586,0.161,0.143834475713414,0.178165524286586,0.174662539829667,0.162163960883335,0.187161118775999,0.825337460170333,0.812838881224001,0.837836039116665,0.151159304177794,0.138939780458684,0.163378827896905,1.79415,1.72891018395632,1.85938981604368,35.883,34.5782036791263,37.1877963208737,0.6754615739341,0.644494728573066,0.706428419295135
"B-bad",123,200,0.8275,0.807439649348124,0.847560350651876,0.1725,0.152439649348124,0.192560350651876,0.173268980159078,0.160847874814664,0.185690085503491,0.826731019840922,0.814309914496509,0.839152125185336,0.150665957937044,0.138478566099852,0.162853349774235,1.802775,1.73705128149207,1.86849871850793,36.0555,34.7410256298415,37.3699743701586,0.6754615739341,0.644494728573066,0.706428419295135
"B-bad",124,200,0.8175,0.797173537197305,0.837826462802695,0.1825,0.162173537197305,0.202826462802695,0.173115055672434,0.16056095135791,0.185669159986957,0.826884944327566,0.814330840013043,0.83943904864209,0.150554002268136,0.138272914214589,0.162835090321683,1.8119,1.74573720406835,1.87806279593165,36.238,34.914744081367,37.561255918633,0.6754615739341,0.644494728573066,0.706428419295135
"B-bad",125,200,0.8215,0.801786504956065,0.841213495043935,0.1785,0.158786504956065,0.198213495043935,0.171956031377802,0.159472506352748,0.184439556402855,0.828043968622198,0.815560443597145,0.840527493647252,0.149719161424685,0.137524572146974,0.161913750702396,1.820825,1.75417394852316,1.88747605147684,36.4165,35.0834789704631,37.7495210295369,0.6754615739341,0.644494728573066,0.706428419295135
"B-bad",126,200,0.8165,0.797192129437428,0.835807870562572,0.1835,0.164192129437428,0.202807870562572,0.170500477231722,0.157880838878721,0.183120115584723,0.829499522768278,0.816879884415277,0.842119161121279,0.149136580682261,0.136910178881034,0.161362982483488,1.83,1.7629428768083,1.89705712319169,36.6,35.2588575361661,37.9411424638339,0.6754615739341,0.644494728573066,0.706428419295135
"B-bad",127,200,0.8345,0.815558944194441,0.853441055805559,0.1655,0.146558944194441,0.184441055805559,0.170845821379765,0.158117086181393,0.183574556578137,0.829154178620235,0.816425443421863,0.841882913818607,0.149957562686066,0.137528051679418,0.162387073692713,1.838275,1.77080829797661,1.90574170202339,36.7655,35.4161659595322,38.1148340404678,0.6754615739341,0.644494728573066,0.706428419295135
"B-bad",128,200,0.833,0.814767940717584,0.851232059282416,0.167,0.148767940717584,0.185232059282416,0.16939749799375,0.156838185561259,0.181956810426241,0.83060250200625,0.818043189573759,0.843161814438741,0.149157233654661,0.136834677393002,0.16147978991632,1.846625,1.77891492376353,1.91433507623647,36.9325,35.5782984752706,38.2867015247294,0.6754615739341,0.644494728573066,0.706428419295135
"B-bad",129,200,0.8205,0.800132241261679,0.840867758738321,0.1795,0.159132241261679,0.199867758738321,0.169114927937887,0.156389826126619,0.181840029749154,0.830885072062113,0.818159970250846,0.843610173873381,0.149425888131306,0.136847514601283,0.162004261661329,1.8556,1.78749366595526,1.92370633404474,37.112,35.7498733191052,38.4741266808948,0.6754615739341,0.644494728573066,0.706428419295135
"B-bad",130,200,0.835,0.817554443419195,0.852445556580805,0.165,0.147554443419195,0.182445556580805,0.169175514275383,0.156271427190543,0.182079601360223,0.830824485724617,0.817920398639777,0.843728572809457,0.15001258946133,0.137216964896218,0.162808214026443,1.86385,1.79536940336129,1.93233059663871,37.277,35.9073880672258,38.6466119327742,0.6754615739341,0.644494728573066,0.706428419295135
"B-bad",131,200,0.8195,0.800399705950765,0.838600294049235,0.1805,0.161399705950765,0.199600294049235,0.167476942622142,0.154714547601896,0.180239337642387,0.832523057377858,0.819760662357613,0.845285452398104,0.148311272060968,0.135500217049339,0.161122327072596,1.872875,1.80402811478387,1.94172188521613,37.4575,36.0805622956775,38.8344377043225,0.6754615739341,0.644494728573066,0.706428419295135
"B-bad",132,200,0.8375,0.819683846310829,0.855316153689171,0.1625,0.144683846310829,0.180316153689171,0.16613866388881,0.153428136624346,0.178849191153274,0.83386133611119,0.821150808846726,0.846571863375654,0.147527096301641,0.134644335048695,0.160409857554587,1.881,1.81175034830656,1.95024965169344,37.62,36.2350069661313,39.0049930338687,0.6754615739341,0.644494728573066,0.706428419295135
"B-bad",133,200,0.843,0.82350416821715,0.86249583178285,0.157,0.13750416821715,0.17649583178285,0.166434275660277,0.15360258927636,0.179265962044194,0.833565724339723,0.820734037955806,0.84639741072364,0.14804332417854,0.134969045135421,0.161117603221659,1.88885,1.81923477353801,1.95846522646199,37.777,36.3846954707602,39.1693045292398,0.6754615739341,0.644494728573066,0.706428419295135
"B-bad",134,200,0.836,0.817087723635828,0.854912276364172,0.164,0.145087723635828,0.182912276364172,0.164708340568196,0.152164203278291,0.1772524778581,0.835291659431804,0.8227475221419,0.847835796721709,0.147336170559427,0.134308268822535,0.160364072296318,1.89705,1.82699673914651,1.96710326085349,37.941,36.5399347829302,39.3420652170698,0.6754615739341,0.644494728573066,0.706428419295135
"B-bad",135,200,0.836,0.819457663417172,0.852542336582828,0.164,0.147457663417172,0.180542336582828,0.162643219190346,0.150311166328526,0.174975272052166,0.837356780809654,0.825024727947834,0.849688833671474,0.145415413581896,0.132628456524874,0.158202370638917,1.90525,1.83479833842492,1.97570166157508,38.105,36.6959667684983,39.5140332315017,0.6754615739341,0.644494728573066,0.706428419295135
"B-bad",136,200,0.8495,0.832609460887876,0.866390539112124,0.1505,0.133609460887876,0.167390539112124,0.160478831019254,0.14833705577953,0.172620606258978,0.839521168980746,0.827379393741022,0.85166294422047,0.143840744873072,0.131063676459683,0.156617813286462,1.912775,1.84198586822209,1.98356413177791,38.2555,36.8397173644419,39.6712826355581,0.6754615739341,0.644494728573066,0.706428419295135
"B-bad",137,200,0.8455,0.826343520231372,0.864656479768628,0.1545,0.135343520231372,0.173656479768628,0.160208235716703,0.148145291784687,0.172271179648718,0.839791764283297,0.827728820351282,0.851854708215313,0.143962624201711,0.131243651615941,0.15668159678748,1.9205,1.84932163910828,1.99167836089172,38.41,36.9864327821656,39.8335672178344,0.6754615739341,0.644494728573066,0.706428419295135
"B-bad",138,200,0.8365,0.817632334375181,0.855367665624819,0.1635,0.144632334375181,0.182367665624819,0.15819996591644,0.14626392972883,0.170136002104051,0.84180003408356,0.829863997895949,0.85373607027117,0.143162662972913,0.13034811516698,0.155977210778845,1.928675,1.85707485230256,2.00027514769744,38.5735,37.1414970460513,40.0055029539487,0.6754615739341,0.644494728573066,0.706428419295135
"B-bad",139,200,0.85,0.832879500490682,0.867120499509317,0.15,0.132879500490682,0.167120499509318,0.156484487287712,0.144654851908382,0.168314122667043,0.843515512712288,0.831685877332957,0.855345148091618,0.141995940667688,0.129213014796657,0.15477886653872,1.936175,1.86422777782921,2.00812222217079,38.7235,37.2845555565842,40.1624444434159,0.6754615739341,0.644494728573066,0.706428419295135
"B-bad",140,200,0.8385,0.820184132537917,0.856815867462083,0.1615,0.143184132537917,0.179815867462083,0.155537490646063,0.14379338649121,0.167281594800917,0.844462509353937,0.832718405199083,0.85620661350879,0.141704554411641,0.128885449658857,0.154523659164424,1.94425,1.87188704880067,2.01661295119933,38.885,37.4377409760134,40.3322590239866,0.6754615739341,0.644494728573066,0.706428419295135
"B-bad",141,200,0.838,0.819009360362455,0.856990639637545,0.162,0.143009360362455,0.180990639637545,0.154639890831117,0.143021786554285,0.166257995107948,0.845360109168883,0.833742004892052,0.856978213445715,0.141249481949811,0.128391879850571,0.154107084049052,1.95235,1.87961863636812,2.02508136363188,39.047,37.5923727273624,40.5016272726376,0.6754615739341,0.644494728573066,0.706428419295135
"B-bad",142,200,0.836,0.818150835776382,0.853849164223617,0.164,0.146150835776382,0.181849164223618,0.153232024959474,0.14174361048405,0.164720439434898,0.846767975040526,0.835279560565102,0.85825638951595,0.140419527139235,0.127544815970068,0.153294238308401,1.96055,1.88742369248799,2.03367630751201,39.211,37.7484738497598,40.6735261502402,0.6754615739341,0.644494728573066,0.706428419295135
"B-bad",143,200,0.8565,0.838350251705584,0.874649748294416,0.1435,0.125350251705584,0.161649748294416,0.154255305905302,0.142694085615947,0.165816526194657,0.845744694094698,0.834183473805343,0.857305914384053,0.14258756507131,0.129624905139958,0.155550225002662,1.967725,1.89420214498699,2.04124785501301,39.3545,37.8840428997398,40.8249571002602,0.6754615739341,0.644494728573066,0.706428419295135
"B-bad",144,200,0.8385,0.819400729039216,0.857599270960784,0.1615,0.142400729039216,0.180599270960784,0.15209240614804,0.140745128082884,0.163439684213196,0.84790759385196,0.836560315786804,0.859254871917116,0.140794429051563,0.127950548353341,0.153638309749785,1.9758,1.90185045897771,2.04974954102228,39.516,38.0370091795543,40.9949908204457,0.6754615739341,0.644494728573066,0.706428419295135
"B-bad",145,200,0.8465,0.827908813925013,0.865091186074987,0.1535,0.134908813925013,0.172091186074987,0.150979978846385,0.139600320547107,0.162359637145663,0.849020021153615,0.837640362854337,0.860399679452893,0.139757786134891,0.126930963645931,0.152584608623851,1.983475,1.90916771933857,2.05778228066143,39.6695,38.1833543867714,41.1556456132286,0.6754615739341,0.644494728573066,0.706428419295135
"B-bad",146,200,0.855,0.837893773523184,0.872106226476816,0.145,0.127893773523184,0.162106226476816,0.149362135644503,0.138054109156157,0.16067016213285,0.850637864355497,0.83932983786715,0.861945890843843,0.1382924620538,0.125530826993072,0.151054097114528,1.990725,1.91602096044001,2.06542903955999,39.8145,38.3204192088002,41.3085807911998,0.6754615739341,0.644494728573066,0.706428419295135
"B-bad",147,200,0.848,0.83105387624523,0.86494612375477,0.152,0.13505387624523,0.16894612375477,0.149110013495843,0.137712951080457,0.160507075911229,0.850889986504157,0.839492924088772,0.862287048919543,0.138710917876454,0.125750182762653,0.151671652990255,1.998325,1.92328097020078,2.07336902979922,39.9665,38.4656194040156,41.4673805959844,0.6754615739341,0.644494728573066,0.706428419295135
"B-bad",148,200,0.8595,0.843072793735699,0.875927206264301,0.1405,0.124072793735699,0.156927206264301,0.147923890889309,0.13655655827414,0.159291223504477,0.852076109110691,0.840708776495522,0.86344344172586,0.137595123228985,0.124533474430547,0.150656772027423,2.00535,1.92995314892254,2.08074685107746,40.107,38.5990629784508,41.6149370215492,0.6754615739341,0.644494728573066,0.706428419295135
"B-bad",149,200,0.864,0.847998056073944,0.880001943926056,0.136,0.119998056073944,0.152001943926056,0.147689817123539,0.136296384654534,0.159083249592544,0.852310182876461,0.840916750407456,0.863703615345466,0.137758524706238,0.124694873073971,0.150822176338505,2.01215,1.93649787530627,2.08780212469372,40.243,38.7299575061255,41.7560424938745,0.6754615739341,0.644494728573066,0.706428419295135
"B-bad",150,200,0.846,0.828271669713015,0.863728330286985,0.154,0.136271669713015,0.171728330286985,0.148486659375827,0.136883739631114,0.16008957912054,0.851513340624173,0.83991042087946,0.863116260368886,0.139460645660615,0.126137456135823,0.152783835185407,2.01985,1.94378320419674,2.09591679580326,40.397,38.8756640839348,41.9183359160652,0.6754615739341,0.644494728573066,0.706428419295135
"B-bad",151,200,0.818,0.798642475726255,0.837357524273745,0.182,0.162642475726255,0.201357524273745,0.14841632695096,0.136750592433342,0.160082061468577,0.85158367304904,0.839917938531423,0.863249407566658,0.139957795467507,0.126442065398499,0.153473525536516,2.02895,1.9525027491154,2.1053972508846,40.579,39.050054982308,42.107945017692,0.6754615739341,0.644494728573066,0.706428419295135
"B-bad",152,200,0.848,0.828682896576948,0.867317103423052,0.152,0.132682896576948,0.171317103423052,0.147280526784844,0.135704960594539,0.158856092975149,0.852719473215156,0.841143907024851,0.864295039405461,0.139177722863943,0.125728422750195,0.152627022977691,2.03655,1.95967373384886,2.11342626615114,40.731,39.1934746769773,42.2685253230227,0.6754615739341,0.644494728573066,0.706428419295135
"B-bad",153,200,0.8505,0.832327656305245,0.868672343694755,0.1495,0.131327656305245,0.167672343694755,0.146983138478756,0.135405372911669,0.158560904045843,0.853016861521244,0.841439095954157,0.864594627088331,0.140198805500455,0.126505295911365,0.153892315089545,2.044025,1.96682243976026,2.12122756023973,40.8805,39.3364487952053,42.4245512047947,0.6754615739341,0.644494728573066,0.706428419295135
"B-bad",154,200,0.855,0.836680265519157,0.873319734480843,0.145,0.126680265519157,0.163319734480843,0.145148666998101,0.133829795549746,0.156467538446455,0.854851333001899,0.843532461553545,0.866170204450254,0.138335518471258,0.12478752801653,0.151883508925985,2.051275,1.97358917323137,2.12896082676862,41.0255,39.4717834646275,42.5792165353725,0.6754615739341,0.644494728573066,0.706428419295135
"B-bad",155,200,0.85,0.832207854999342,0.867792145000658,0.15,0.132207854999342,0.167792145000658,0.14486788727899,0.133503190408047,0.156232584149932,0.85513211272101,0.843767415850068,0.866496809591953,0.138484472890024,0.124878149112046,0.152090796668002,2.058775,1.98077421287156,2.13677578712844,41.1755,39.6154842574312,42.7355157425688,0.6754615739341,0.644494728573066,0.706428419295135
"B-bad",156,200,0.8505,0.833783897540718,0.867216102459282,0.1495,0.132783897540718,0.166216102459282,0.143164080577355,0.131991668591088,0.154336492563622,0.856835919422645,0.845663507436378,0.868008331408912,0.136818527791262,0.123361705885573,0.15027534969695,2.06625,1.98793490311992,2.14456509688008,41.325,39.7586980623984,42.8913019376016,0.6754615739341,0.644494728573066,0.706428419295135
"B-bad",157,200,0.851,0.833653292259328,0.868346707740671,0.149,0.131653292259329,0.166346707740671,0.142575021528069,0.131407097704072,0.153742945352066,0.857424978471931,0.846257054647934,0.868592902295928,0.136671351491375,0.123138001673351,0.150204701309399,2.0737,1.99504773954279,2.1523522604572,41.474,39.9009547908559,43.0470452091441,0.6754615739341,0.644494728573066,0.706428419295135
"B-bad",158,200,0.857,0.838693069808319,0.87530693019168,0.143,0.12469306980832,0.16130693019168,0.142697036845337,0.131408769923659,0.153985303767015,0.857302963154663,0.846014696232985,0.868591230076341,0.136842925303494,0.123253356962666,0.150432493644323,2.08085,2.00182453284249,2.15987546715751,41.617,40.0364906568498,43.1975093431501,0.6754615739341,0.644494728573066,0.706428419295135
"B-bad",159,200,0.863,0.845861818438868,0.880138181561132,0.137,0.119861818438868,0.154138181561132,0.142077507499395,0.130601833997346,0.153553181001445,0.857922492500605,0.846446818998555,0.869398166002654,0.136211742372046,0.122561507447697,0.149861977296395,2.0877,2.00836420625465,2.16703579374535,41.754,40.1672841250929,43.3407158749071,0.6754615739341,0.644494728573066,0.706428419295135
"B-bad",160,200,0.869,0.85231944305965,0.88568055694035,0.131,0.11431944305965,0.14768055694035,0.140741585986869,0.12928662218447,0.152196549789269,0.859258414013131,0.847803450210731,0.87071337781553,0.135512457792282,0.121909314792377,0.149115600792186,2.09425,2.01461689156218,2.17388310843782,41.885,40.2923378312436,43.4776621687563,0.6754615739341,0.644494728573066,0.706428419295135
"B-bad",161,200,0.8675,0.85026928535914,0.88473071464086,0.1325,0.11526928535914,0.14973071464086,0.140322860897806,0.128665604600098,0.151980117195513,0.859677139102194,0.848019882804487,0.871334395399902,0.134741094363792,0.121097923422905,0.148384265304679,2.100875,2.02086010782367,2.18088989217632,42.0175,40.4172021564735,43.6177978435265,0.6754615739341,0.644494728573066,0.706428419295135
"B-bad",162,200,0.8605,0.842934584431187,0.878065415568813,0.1395,0.121934584431187,0.157065415568813,0.139743235822638,0.128037189171654,0.151449282473622,0.860256764177362,0.848550717526378,0.871962810828346,0.134408993807692,0.12079745518561,0.148020532429774,2.10785,2.02746278215417,2.18823721784583,42.157,40.5492556430834,43.7647443569166,0.6754615739341,0.644494728573066,0.706428419295135
"B-bad",163,200,0.8545,0.836231135410166,0.872768864589834,0.1455,0.127231135410166,0.163768864589834,0.139572991071386,0.127887633062105,0.151258349080667,0.860427008928614,0.848741650919333,0.872112366937895,0.134654699398907,0.120905476871602,0.148403921926212,2.115125,2.03429749060766,2.19595250939234,42.3025,40.6859498121533,43.9190501878467,0.6754615739341,0.644494728573066,0.706428419295135
"B-bad",164,200,0.8545,0.83710786998763,0.87189213001237,0.1455,0.12810786998763,0.16289213001237,0.139996478926317,0.128210739590554,0.151782218262081,0.860003521073683,0.848217781737919,0.871789260409446,0.135016118336558,0.121295223154329,0.148737013518787,2.1224,2.04114644000352,2.20365355999648,42.448,40.8229288000704,44.0730711999296,0.6754615739341,0.644494728573066,0.706428419295135
"B-bad",165,200,0.856,0.838227635044369,0.873772364955631,0.144,0.126227635044369,0.161772364955631,0.140244375224793,0.128471699894023,0.152017050555564,0.859755624775207,0.847982949444436,0.871528300105977,0.13560258982908,0.121748978620933,0.149456201037228,2.1296,2.04792375183743,2.21127624816257,42.592,40.9584750367486,44.2255249632514,0.6754615739341,0.644494728573066,0.706428419295135
"B-bad",166,200,0.8725,0.854711287457173,0.890288712542827,0.1275,0.109711287457173,0.145288712542827,0.139959013417899,0.128253877661482,0.151664149174316,0.860040986582101,0.848335850825684,0.871746122338518,0.13500639147231,0.121251260334176,0.148761522610444,2.135975,2.05389579771779,2.21805420228221,42.7195,41.0779159543558,44.3610840456442,0.6754615739341,0.644494728573066,0.706428419295135
"B-bad",167,200,0.8575,0.838984646121619,0.876015353878381,0.1425,0.123984646121619,0.161015353878381,0.139244762270251,0.127487233068279,0.151002291472223,0.860755237729749,0.848997708527777,0.872512766931721,0.134600060126679,0.120769562534905,0.148430557718452,2.1431,2.06054091218209,2.2256590878179,42.862,41.2108182436419,44.5131817563581,0.6754615739341,0.644494728573066,0.706428419295135
"B-bad",168,200,0.8595,0.84248841945772,0.87651158054228,0.1405,0.12348841945772,0.15751158054228,0.138877229788508,0.127125218149363,0.150629241427653,0.861122770211492,0.849370758572347,0.872874781850637,0.13392294720777,0.120100833156491,0.147745061259048,2.150125,2.06728871623968,2.23296128376031,43.0025,41.3457743247937,44.6592256752063,0.6754615739341,0.644494728573066,0.706428419295135
"B-bad",169,200,0.871,0.853507462481579,0.888492537518421,0.129,0.111507462481579,0.146492537518421,0.137286657975394,0.125677696277174,0.148895619673614,0.862713342024606,0.851104380326386,0.874322303722826,0.132508016057286,0.118794152846148,0.146221879268424,2.156575,2.07337428740785,2.23977571259215,43.1315,41.467485748157,44.795514251843,0.6754615739341,0.644494728573066,0.706428419295135
"B-bad",170,200,0.8715,0.854996838975134,0.888003161024866,0.1285,0.111996838975134,0.145003161024866,0.136357458147851,0.124847219007544,0.147867697288158,0.863642541852149,0.852132302711842,0.875152780992456,0.131948379506728,0.118300284933301,0.145596474080154,2.163,2.07942241020131,2.24657758979869,43.26,41.5884482040262,44.9315517959738,0.6754615739341,0.644494728573066,0.706428419295135
"B-bad",171,200,0.87,0.852994020167329,0.887005979832671,0.13,0.112994020167329,0.147005979832671,0.135269089597974,0.123752958999219,0.146785220196729,0.864730910402026,0.853214779803271,0.87624704100078,0.130635294417687,0.117014399956766,0.144256188878607,2.1695,2.08547499652173,2.25352500347827,43.39,41.7094999304346,45.0705000695654,0.6754615739341,0.644494728573066,0.706428419295135
"B-bad",172,200,0.861,0.843664560746773,0.878335439253227,0.139,0.121664560746773,0.156335439253228,0.134634609801897,0.123233941534653,0.146035278069141,0.865365390198103,0.853964721930859,0.876766058465347,0.130672913689958,0.117154857713142,0.144190969666774,2.17645,2.09202236703251,2.26087763296749,43.529,41.8404473406502,45.2175526593498,0.6754615739341,0.644494728573066,0.706428419295135
"B-bad",173,200,0.8665,0.848913460452745,0.884086539547255,0.1335,0.115913460452745,0.151086539547255,0.133750952127322,0.12234419411177,0.145157710142875,0.866249047872678,0.854842289857125,0.87765580588823,0.130152587807456,0.11659057593228,0.143714599682633,2.183125,2.09834900583393,2.26790099416606,43.6625,41.9669801166787,45.3580198833213,0.6754615739341,0.644494728573066,0.706428419295135
"B-bad",174,200,0.8705,0.854090646489182,0.886909353510818,0.1295,0.113090646489182,0.145909353510818,0.133495274189623,0.122126599484838,0.144863948894408,0.866504725810377,0.855136051105592,0.877873400515162,0.129938889440682,0.116454455302883,0.14342332357848,2.1896,2.10447715420634,2.27472284579366,43.792,42.0895430841269,45.4944569158731,0.6754615739341,0.644494728573066,0.706428419295135
"B-bad",175,200,0.858,0.840745344847371,0.875254655152629,0.142,0.124745344847371,0.159254655152629,0.132383428144147,0.121117640723097,0.143649215565196,0.867616571855854,0.856350784434804,0.878882359276903,0.128785329628233,0.115342107630986,0.14222855162548,2.1967,2.11118516320595,2.28221483679405,43.934,42.223703264119,45.644296735881,0.6754615739341,0.644494728573066,0.706428419295135
"B-bad",176,200,0.868,0.850166169171808,0.885833830828192,0.132,0.114166169171808,0.149833830828192,0.130888199019532,0.119856124593841,0.141920273445224,0.869111800980468,0.858079726554776,0.880143875406159,0.128353612876399,0.115003772709969,0.14170345304283,2.2033,2.11739450820775,2.28920549179224,44.066,42.3478901641551,45.7841098358449,0.6754615739341,0.644494728573066,0.706428419295135
"B-bad",177,200,0.875,0.859575706273358,0.890424293726642,0.125,0.109575706273358,0.140424293726642,0.131119729126177,0.120084999305313,0.142154458947042,0.868880270873823,0.857845541052958,0.879915000694687,0.129118601628833,0.115736336848739,0.142500866408927,2.20955,2.12337861841389,2.2957213815861,44.191,42.4675723682779,45.9144276317221,0.6754615739341,0.644494728573066,0.706428419295135
"B-bad",178,200,0.8555,0.836297672376856,0.874702327623144,0.1445,0.125297672376856,0.163702327623144,0.130362054738678,0.119485966746779,0.141238142730578,0.869637945261322,0.858761857269422,0.880514033253221,0.129820101067051,0.116436608893322,0.143203593240781,2.216775,2.1301848995578,2.3033651004422,44.3355,42.603697991156,46.067302008844,0.6754615739341,0.644494728573066,0.706428419295135
"B-bad",179,200,0.8585,0.842002760347752,0.874997239652248,0.1415,0.125002760347752,0.157997239652248,0.129393977840546,0.118643812354083,0.140144143327009,0.870606022159454,0.859855856672991,0.881356187645917,0.129090379441524,0.1157976400079,0.142383118875147,2.22385,2.13693866741904,2.31076133258096,44.477,42.7387733483808,46.2152266516191,0.6754615739341,0.644494728573066,0.706428419295135
"B-bad",180,200,0.8685,0.852163448678451,0.88483655132155,0.1315,0.115163448678451,0.147836551321549,0.128012596284421,0.117502569781194,0.138522622787649,0.871987403715579,0.861477377212351,0.882497430218806,0.127847950602631,0.114737368474053,0.14095853273121,2.230425,2.14312190111842,2.31772809888157,44.6085,42.8624380223685,46.3545619776315,0.6754615739341,0.644494728573066,0.706428419295135
"B-bad",181,200,0.869,0.853160684794315,0.884839315205685,0.131,0.115160684794315,0.146839315205685,0.127720105935853,0.117079426226195,0.138360785645511,0.872279894064147,0.861639214354489,0.882920573773805,0.127565299377635,0.114403827718955,0.140726771036314,2.236975,2.14936381229855,2.32458618770145,44.7395,42.9872762459711,46.4917237540289,0.6754615739341,0.644494728573066,0.706428419295135
"B-bad",182,200,0.882,0.867025026180155,0.896974973819845,0.118,0.103025026180155,0.132974973819845,0.127333925406334,0.116702781732254,0.137965069080415,0.872666074593666,0.862034930919585,0.883297218267746,0.127022743037169,0.113903771766779,0.140141714307559,2.242875,2.15488175488193,2.33086824511807,44.8575,43.0976350976385,46.6173649023615,0.6754615739341,0.644494728573066,0.706428419295135
"B-bad",183,200,0.87,0.853401059875955,0.886598940124045,0.13,0.113401059875955,0.146598940124045,0.12754961441474,0.116976994986837,0.138122233842644,0.87245038558526,0.861877766157356,0.883023005013163,0.127418348426507,0.114236478427725,0.14060021842529,2.249375,2.16105316171715,2.33769683828285,44.9875,43.221063234343,46.753936765657,0.6754615739341,0.644494728573066,0.706428419295135
"B-bad",184,200,0.8695,0.852425359245211,0.886574640754789,0.1305,0.113425359245211,0.147574640754789,0.127332783694628,0.116787120326435,0.137878447062821,0.872667216305372,0.862121552937179,0.883212879673565,0.127475468951223,0.114314410935157,0.140636526967289,2.2559,2.16725863073741,2.34454136926259,45.118,43.3451726147482,46.8908273852519,0.6754615739341,0.644494728573066,0.706428419295135
"B-bad",185,200,0.861,0.84305529889665,0.87894470110335,0.139,0.12105529889665,0.15694470110335,0.126794485021081,0.116358123305552,0.137230846736611,0.873205514978919,0.862769153263389,0.883641876694448,0.126820652940375,0.113773309528844,0.139867996351905,2.26285,2.17376929983,2.35193070016999,45.257,43.4753859966001,47.0386140033999,0.6754615739341,0.644494728573066,0.706428419295135
"B-bad",186,200,0.8785,0.861386492789201,0.895613507210799,0.1215,0.104386492789201,0.138613507210799,0.126077233274747,0.115792138761935,0.13636232778756,0.873922766725253,0.86363767221244,0.884207861238065,0.126256702267464,0.113368750512449,0.13914465402248,2.268925,2.17942337217601,2.35842662782399,45.3785,43.5884674435202,47.1685325564798,0.6754615739341,0.644494728573066,0.706428419295135
"B-bad",187,200,0.873,0.857140958076676,0.888859041923324,0.127,0.111140958076676,0.142859041923324,0.125448248501276,0.115192063096749,0.135704433905803,0.874551751498724,0.864295566094197,0.884807936903251,0.125820006688515,0.112914651874832,0.138725361502198,2.275275,2.18545030164224,2.36509969835775,45.5055,43.7090060328449,47.3019939671551,0.6754615739341,0.644494728573066,0.706428419295135
"B-bad",188,200,0.8865,0.871927279957393,0.901072720042607,0.1135,0.0989272799573933,0.128072720042607,0.124358948699299,0.114111292787239,0.13460660461136,0.875641051300701,0.86539339538864,0.885888707212761,0.125219288911203,0.112204010697204,0.138234567125202,2.28095,2.19080125184306,2.37109874815694,45.619,43.8160250368611,47.4219749631389,0.6754615739341,0.644494728573066,0.706428419295135
"B-bad",189,200,0.881,0.865037792772791,0.896962207227209,0.119,0.103037792772791,0.134962207227209,0.12434724708473,0.114120160268071,0.134574333901388,0.87565275291527,0.865425666098612,0.885879839731929,0.125790293364194,0.11277454653284,0.138806040195548,2.2869,2.19647800012629,2.3773219998737,45.738,43.9295600025259,47.5464399974741,0.6754615739341,0.644494728573066,0.706428419295135
"B-bad",190,200,0.8775,0.862159070715548,0.892840929284452,0.1225,0.107159070715548,0.137840929284452,0.123895147802906,0.113647981245264,0.134142314360549,0.876104852197094,0.865857685639451,0.886352018754736,0.125351137281161,0.112356647528849,0.138345627033473,2.293025,2.20223460483166,2.38381539516834,45.8605,44.0446920966332,47.6763079033668,0.6754615739341,0.644494728573066,0.706428419295135
"B-bad",191,200,0.8635,0.847368073632179,0.879631926367821,0.1365,0.120368073632179,0.152631926367821,0.122983290683608,0.112789457499067,0.133177123868149,0.877016709316392,0.866822876131851,0.887210542500933,0.124923088016727,0.111864044053427,0.137982131980027,2.29985,2.20882608491631,2.39087391508369,45.997,44.1765216983263,47.8174783016737,0.6754615739341,0.644494728573066,0.706428419295135
"B-bad",192,200,0.873,0.856957199720912,0.889042800279088,0.127,0.110957199720912,0.143042800279088,0.122051079010828,0.111889632616914,0.132212525404742,0.877948920989172,0.867787474595258,0.888110367383086,0.123983289265748,0.111038595582546,0.13692798294895,2.3062,2.2148593074177,2.39754069258229,46.124,44.2971861483541,47.9508138516459,0.6754615739341,0.644494728573066,0.706428419295135
"B-bad",193,200,0.875,0.859262172309559,0.890737827690441,0.125,0.109262172309559,0.140737827690441,0.122224472111377,0.112101964709605,0.13234697951315,0.877775527888623,0.86765302048685,0.887898035290395,0.124541903036677,0.111709611324059,0.137374194749296,2.31245,2.22079659833933,2.40410340166067,46.249,44.4159319667866,48.0820680332134,0.6754615739341,0.644494728573066,0.706428419295135
"B-bad",194,200,0.8895,0.873784071507515,0.905215928492485,0.1105,0.0947840715075146,0.126215928492485,0.121455311381176,0.111375617835985,0.131535004926367,0.878544688618824,0.868464995073633,0.888624382164015,0.123827303330516,0.110892841220915,0.136761765440117,2.317975,2.22601557396688,2.40993442603312,46.3595,44.5203114793375,48.1986885206625,0.6754615739341,0.644494728573066,0.706428419295135
"B-bad",195,200,0.8805,0.863396772373323,0.897603227626677,0.1195,0.102396772373323,0.136603227626677,0.120131341180671,0.110146895112765,0.130115787248576,0.879868658819329,0.869884212751424,0.889853104887235,0.122490827066995,0.109655799460713,0.135325854673276,2.32395,2.23160584958979,2.4162941504102,46.479,44.6321169917959,48.3258830082041,0.6754615739341,0.644494728573066,0.706428419295135
"B-bad",196,200,0.883,0.867616299928679,0.898383700071321,0.117,0.101616299928679,0.132383700071321,0.120027469021394,0.109971923336615,0.130083014706172,0.879972530978606,0.869916985293828,0.890028076663385,0.122555739889684,0.109647132373278,0.13546434740609,2.3298,2.23712518900887,2.42247481099113,46.596,44.7425037801774,48.4494962198226,0.6754615739341,0.644494728573066,0.706428419295135
"B-bad",197,200,0.8745,0.858138349065841,0.890861650934159,0.1255,0.109138349065841,0.141861650934159,0.118646730603297,0.108856647948753,0.128436813257841,0.881353269396703,0.871563186742159,0.891143352051247,0.121176786683393,0.108490719848095,0.133862853518691,2.336075,2.24309156497435,2.42905843502565,46.7215,44.861831299487,48.581168700513,0.6754615739341,0.644494728573066,0.706428419295135
"B-bad",198,200,0.8795,0.863852606478321,0.895147393521679,0.1205,0.104852606478321,0.136147393521679,0.117933381642547,0.108085830868291,0.127780932416803,0.882066618357453,0.872219067583197,0.891914169131709,0.120695203477082,0.107979293682522,0.133411113271643,2.3421,2.24879263997706,2.43540736002294,46.842,44.9758527995412,48.7081472004588,0.6754615739341,0.644494728573066,0.706428419295135
"B-bad",199,200,0.8965,0.880538557909583,0.912461442090417,0.1035,0.0875385579095826,0.119461442090417,0.117765812733333,0.107857607613698,0.127674017852969,0.882234187266667,0.872325982147031,0.892142392386302,0.120819608088197,0.107946838495071,0.133692377681324,2.347275,2.25370851245188,2.44084148754811,46.9455,45.0741702490377,48.8168297509623,0.6754615739341,0.644494728573066,0.706428419295135
"B-bad",200,200,0.886,0.870494207666314,0.901505792333686,0.114,0.0984942076663142,0.129505792333686,0.11745124433493,0.107600162174303,0.127302326495557,0.88254875566507,0.872697673504443,0.892399837825697,0.120856045837744,0.108071955679091,0.133640135996396,2.352975,2.25910234474389,2.44684765525611,47.0595,45.1820468948778,48.9369531051222,0.6754615739341,0.644494728573066,0.706428419295135
"B-bad",201,200,0.8905,0.875085369278813,0.905914630721187,0.1095,0.0940853692788131,0.124914630721187,0.116484752510009,0.106828944929628,0.126140560090391,0.883515247489991,0.873859439909609,0.893171055070372,0.120343517128543,0.107647190081888,0.133039844175198,2.35845,2.26425152977066,2.45264847022933,47.169,45.2850305954133,49.0529694045867,0.6754615739341,0.644494728573066,0.706428419295135
"B-bad",202,200,0.882,0.865772511756339,0.898227488243661,0.118,0.101772511756339,0.134227488243661,0.116123933625589,0.106397167353965,0.125850699897212,0.883876066374411,0.874149300102788,0.893602832646035,0.120129356588984,0.10745552272093,0.132803190457038,2.36435,2.26973112829325,2.45896887170674,47.287,45.3946225658651,49.1793774341349,0.6754615739341,0.644494728573066,0.706428419295135
"B-bad",203,200,0.8795,0.863728218952775,0.895271781047225,0.1205,0.104728218952775,0.136271781047225,0.114946228899111,0.105344076925222,0.124548380873,0.885053771100889,0.875451619127,0.894655923074778,0.118494513870688,0.105981035814156,0.13100799192722,2.370375,2.27541123135874,2.46533876864126,47.4075,45.5082246271747,49.3067753728252,0.6754615739341,0.644494728573066,0.706428419295135
"B-bad",204,200,0.874,0.858544698820674,0.889455301179326,0.126,0.110544698820674,0.141455301179326,0.114571296808437,0.105003105500784,0.124139488116091,0.885428703191563,0.875860511883909,0.894996894499216,0.118858345793412,0.106224649747243,0.131492041839581,2.376675,2.28140145129269,2.47194854870731,47.5335,45.6280290258537,49.4389709741463,0.6754615739341,0.644494728573066,0.706428419295135
"B-bad",205,200,0.8885,0.874719858944512,0.902280141055488,0.1115,0.0977198589445123,0.125280141055488,0.113293485257775,0.103694860275862,0.122892110239687,0.886706514742225,0.877107889760313,0.896305139724138,0.117359832859106,0.104676415882819,0.130043249835392,2.38225,2.28675290983439,2.4777470901656,47.645,45.7350581966879,49.5549418033121,0.6754615739341,0.644494728573066,0.706428419295135
"B-bad",206,200,0.8855,0.869054960363174,0.901945039636827,0.1145,0.0980549603631735,0.130945039636827,0.112938141545084,0.103406769941206,0.122469513148963,0.887061858454916,0.877530486851037,0.896593230058794,0.116950343284089,0.104392639786305,0.129508046781873,2.387975,2.29211181844928,2.48383818155072,47.7595,45.8422363689856,49.6767636310144,0.6754615739341,0.644494728573066,0.706428419295135
"B-bad",207,200,0.8825,0.866534885587409,0.898465114412591,0.1175,0.101534885587409,0.133465114412591,0.111914671790866,0.102408871342385,0.121420472239348,0.888085328209134,0.878579527760652,0.897591128657615,0.115622251346004,0.10317283467749,0.128071668014519,2.39385,2.29767548390802,2.49002451609198,47.877,45.9535096781604,49.8004903218396,0.6754615739341,0.644494728573066,0.706428419295135
"B-bad",208,200,0.888,0.872461476396581,0.903538523603419,0.112,0.0964614763965809,0.127538523603419,0.112161348802109,0.102609675690586,0.121713021913632,0.887838651197891,0.878286978086368,0.897390324309414,0.116476730760479,0.104024502945028,0.128928958575931,2.39945,2.3029293521626,2.4959706478374,47.989,46.058587043252,49.919412956748,0.6754615739341,0.644494728573066,0.706428419295135
"B-bad",209,200,0.887,0.869976219167206,0.904023780832794,0.113,0.0959762191672055,0.130023780832794,0.111290466298247,0.101842209684578,0.120738722911917,0.888709533701753,0.879261277088083,0.898157790315422,0.11594486609461,0.103521026030447,0.128368706158774,2.4051,2.3082421967099,2.5019578032901,48.102,46.1648439341979,50.0391560658021,0.6754615739341,0.644494728573066,0.706428419295135
"B-bad",210,200,0.894,0.879564531937446,0.908435468062554,0.106,0.091564531937446,0.120435468062554,0.111199333533828,0.101731417467703,0.120667249599954,0.888800666466172,0.879332750400046,0.898268582532297,0.116001601871083,0.10366612405292,0.128337079689246,2.4104,2.31334301499618,2.50745698500382,48.208,46.2668602999236,50.1491397000764,0.6754615739341,0.644494728573066,0.706428419295135
"B-bad",211,200,0.8855,0.870034745342469,0.900965254657531,0.1145,0.099034745342469,0.129965254657531,0.111298223675199,0.101836392362415,0.120760054987984,0.888701776324801,0.879239945012016,0.898163607637585,0.11638066264274,0.104034045268509,0.128727280016971,2.416125,2.3187525086633,2.51349749133669,48.3225,46.3750501732661,50.2699498267339,0.6754615739341,0.644494728573066,0.706428419295135
"B-bad",212,200,0.873,0.856775522477944,0.889224477522056,0.127,0.110775522477944,0.143224477522056,0.112139806755776,0.102500204329911,0.121779409181641,0.887860193244224,0.878220590818359,0.897499795670089,0.117469524019036,0.105003243993945,0.129935804044128,2.422475,2.32474408657358,2.52020591342641,48.4495,46.4948817314717,50.4041182685283,0.6754615739341,0.644494728573066,0.706428419295135
"B-bad",213,200,0.874,0.857095439222049,0.890904560777951,0.126,0.109095439222049,0.142904560777951,0.112343288569534,0.102687656520616,0.121998920618452,0.887656711430466,0.878001079381548,0.897312343479384,0.118644924609643,0.10593392048944,0.131355928729846,2.428775,2.3306767414533,2.5268732585467,48.5755,46.613534829066,50.537465170934,0.6754615739341,0.644494728573066,0.706428419295135
"B-bad",214,200,0.8855,0.86953733370832,0.90146266629168,0.1145,0.0985373337083199,0.13046266629168,0.112272945581911,0.102663901299015,0.121881989864807,0.887727054418089,0.878118010135193,0.897336098700985,0.118956662967653,0.106357386192156,0.131555939743151,2.4345,2.33609487459408,2.53290512540592,48.69,46.7218974918816,50.6581025081184,0.6754615739341,0.644494728573066,0.706428419295135
"B-bad",215,200,0.8915,0.876201162766557,0.906798837233443,0.1085,0.0932011627665569,0.123798837233443,0.112009135071766,0.102337738756728,0.121680531386804,0.887990864928234,0.878319468613196,0.897662261243272,0.119039427263045,0.106326955540819,0.131751898985272,2.439925,2.3412811923912,2.5385688076088,48.7985,46.825623847824,50.771376152176,0.6754615739341,0.644494728573066,0.706428419295135
"B-bad",216,200,0.8895,0.874679968464078,0.904320031535922,0.1105,0.0956799684640782,0.125320031535922,0.111865464735518,0.102090258808825,0.121640670662212,0.888134535264482,0.878359329337788,0.897909741191175,0.11886568114108,0.10602983274196,0.1317015295402,2.44545,2.3465055297572,2.54439447024279,48.909,46.9301105951441,50.8878894048559,0.6754615739341,0.644494728573066,0.706428419295135
"B-bad",217,200,0.889,0.873509968472499,0.904490031527501,0.111,0.095509968472499,0.126490031527501,0.111953451536901,0.102206592425872,0.121700310647931,0.888046548463098,0.878299689352069,0.897793407574128,0.11874250936845,0.10601314330254,0.131471875434359,2.451,2.35168137687336,2.55031862312664,49.02,47.0336275374672,51.0063724625328,0.6754615739341,0.644494728573066,0.706428419295135
"B-bad",218,200,0.897,0.881314408012615,0.912685591987385,0.103,0.0873144080126154,0.118685591987385,0.111890122787695,0.102115537074536,0.121664708500854,0.888109877212305,0.878335291499146,0.897884462925464,0.118749870638659,0.106028795161521,0.131470946115797,2.45615,2.3565559984845,2.5557440015155,49.123,47.13111996969,51.1148800303099,0.6754615739341,0.644494728573066,0.706428419295135
"B-bad",219,200,0.8835,0.867885109537891,0.899114890462109,0.1165,0.100885109537891,0.132114890462109,0.110583680947787,0.100974798225265,0.120192563670309,0.889416319052213,0.879807436329691,0.899025201774735,0.117904892429141,0.105269451466127,0.130540333392154,2.461975,2.36206328188614,2.56188671811386,49.2395,47.2412656377228,51.2377343622772,0.6754615739341,0.644494728573066,0.706428419295135
"B-bad",220,200,0.898,0.882817678493987,0.913182321506013,0.102,0.0868176784939874,0.117182321506013,0.110589261754368,0.100996343798757,0.120182179709979,0.889410738245632,0.879817820290021,0.899003656201243,0.117941926710429,0.105256831012027,0.130627022408831,2.467075,2.36683267762696,2.56731732237303,49.3415,47.3366535525393,51.3463464474607,0.6754615739341,0.644494728573066,0.706428419295135
"B-bad",221,200,0.879,0.863970970604944,0.894029029395056,0.121,0.105970970604944,0.136029029395056,0.109906047162133,0.100341096035075,0.119470998289191,0.890093952837867,0.880529001710809,0.899658903964925,0.117161900883673,0.104611097153906,0.12971270461344,2.473125,2.3726065626521,2.5736434373479,49.4625,47.452131253042,51.472868746958,0.6754615739341,0.644494728573066,0.706428419295135
"B-bad",222,200,0.8965,0.880056148652977,0.912943851347023,0.1035,0.0870561486529766,0.119943851347023,0.108755230115848,0.0995859761498208,0.117924484081875,0.891244769884152,0.882075515918124,0.900414023850179,0.116462145853794,0.10403711717436,0.128887174533229,2.4783,2.37741580864632,2.57918419135367,49.566,47.5483161729265,51.5836838270735,0.6754615739341,0.644494728573066,0.706428419295135
"B-bad",223,200,0.8785,0.863004450366853,0.893995549633147,0.1215,0.106004450366853,0.136995549633147,0.107824444392391,0.0987748400561139,0.116874048728668,0.892175555607609,0.883125951271332,0.901225159943886,0.11618203878759,0.103778332220003,0.128585745355178,2.484375,2.38324326750245,2.58550673249755,49.6875,47.664865350049,51.710134649951,0.6754615739341,0.644494728573066,0.706428419295135
"B-bad",224,200,0.8865,0.870828896874682,0.902171103125318,0.1135,0.0978288968746817,0.129171103125318,0.107646815388455,0.0985302693611788,0.116763361415732,0.892353184611545,0.883236638584268,0.901469730638821,0.116021694681681,0.103554569058451,0.128488820304911,2.49005,2.38857522876553,2.59152477123447,49.801,47.7715045753106,51.8304954246894,0.6754615739341,0.644494728573066,0.706428419295135
"B-bad",225,200,0.893,0.878304932290936,0.907695067709064,0.107,0.0923049322909356,0.121695067709064,0.10672461341762,0.0976570849363654,0.115792141898874,0.89327538658238,0.884207858101126,0.902342915063635,0.115765473731614,0.103229023149232,0.128301924313995,2.4954,2.39360473961794,2.59719526038205,49.908,47.8720947923589,51.9439052076411,0.6754615739341,0.644494728573066,0.706428419295135
"B-bad",226,200,0.899,0.884813726413615,0.913186273586385,0.101,0.0868137264136149,0.115186273586385,0.106302218527587,0.0972173237002827,0.115387113354892,0.893697781472413,0.884612886645108,0.902782676299717,0.115367166799081,0.102881587053941,0.127852746544221,2.50045,2.39834426360227,2.60255573639772,50.009,47.9668852720455,52.0511147279545,0.6754615739341,0.644494728573066,0.706428419295135
"B-bad",227,200,0.8945,0.879431528738906,0.909568471261094,0.1055,0.0904315287389061,0.120568471261094,0.10553089505066,0.0964289127727996,0.11463287732852,0.89446910494934,0.88536712267148,0.9035710872272,0.114608608470144,0.102246175540143,0.126971041400145,2.505725,2.40331370281295,2.60813629718705,50.1145,48.066274056259,52.162725943741,0.6754615739341,0.644494728573066,0.706428419295135
"B-bad",228,200,0.896,0.880697171814057,0.911302828185943,0.104,0.0886971718140571,0.119302828185943,0.105556571091646,0.0964047840565295,0.114708358126762,0.894443428908354,0.885291641873238,0.90359521594347,0.114650886541142,0.10222918421979,0.127072588862495,2.510925,2.40826041763648,2.61358958236351,50.2185,48.1652083527297,52.2717916472703,0.6754615739341,0.644494728573066,0.706428419295135
"B-bad",229,200,0.889,0.873636636978068,0.904363363021932,0.111,0.0956366369780682,0.126363363021932,0.106094993089687,0.0967299676662152,0.115460018513159,0.893905006910313,0.884539981486841,0.903270032333785,0.115436237814273,0.102885712143693,0.127986763484853,2.516475,2.41352337062759,2.6194266293724,50.3295,48.2704674125519,52.3885325874481,0.6754615739341,0.644494728573066,0.706428419295135
"B-bad",230,200,0.897,0.881756665090371,0.912243334909629,0.103,0.0877566650903712,0.118243334909629,0.105402706935144,0.0961487672000339,0.114656646670254,0.894597293064856,0.885343353329746,0.903851232799966,0.115076475811007,0.102511424061576,0.127641527560438,2.521625,2.41838564489422,2.62486435510578,50.4325,48.3677128978844,52.4972871021156,0.6754615739341,0.644494728573066,0.706428419295135
"B-bad",231,200,0.8875,0.872909858486653,0.902090141513347,0.1125,0.0979098584866526,0.127090141513347,0.104168488047429,0.0950097416184362,0.113327234476421,0.895831511952571,0.886672765523579,0.904990258381564,0.114024850783647,0.101521435223087,0.126528266344208,2.52725,2.42378105217369,2.63071894782631,50.545,48.4756210434738,52.6143789565263,0.6754615739341,0.644494728573066,0.706428419295135
"B-bad",232,200,0.898,0.882946936094847,0.913053063905153,0.102,0.086946936094847,0.117053063905153,0.104310885359543,0.0949211491047219,0.113700621614365,0.895689114640457,0.886299378385635,0.905078850895278,0.113902616845837,0.101286909712004,0.126518323979671,2.53235,2.4285564884689,2.6361435115311,50.647,48.571129769378,52.722870230622,0.6754615739341,0.644494728573066,0.706428419295135
"B-bad",233,200,0.8965,0.880723263850315,0.912276736149685,0.1035,0.087723263850315,0.119276736149685,0.103755163718269,0.0944509131472823,0.113059414289255,0.896244836281731,0.886940585710745,0.905549086852718,0.11374602073891,0.101108435026817,0.126383606451004,2.537525,2.43337645953617,2.64167354046383,50.7505,48.6675291907234,52.8334708092766,0.6754615739341,0.644494728573066,0.706428419295135
"B-bad",234,200,0.9005,0.886768156884083,0.914231843115917,0.0995,0.0857681568840825,0.113231843115917,0.102466036242956,0.0932552180135931,0.111676854472319,0.897533963757044,0.888323145527681,0.906744781986407,0.112608072398743,0.100005878327464,0.125210266470022,2.5425,2.43806906947854,2.64693093052145,50.85,48.7613813895709,52.9386186104291,0.6754615739341,0.644494728573066,0.706428419295135
"B-bad",235,200,0.8915,0.876010756933783,0.906989243066217,0.1085,0.0930107569337829,0.123989243066217,0.10236336813018,0.0930880851515726,0.111638651108787,0.89763663186982,0.888361348891213,0.906911914848427,0.112380647277812,0.099845507595942,0.124915786959682,2.547925,2.44321318101236,2.65263681898764,50.9585,48.8642636202472,53.0527363797528,0.6754615739341,0.644494728573066,0.706428419295135
"B-bad",236,200,0.9015,0.886608937662123,0.916391062337877,0.0985,0.0836089376621228,0.113391062337877,0.102440445175531,0.0930087176624004,0.111872172688662,0.897559554824469,0.888127827311338,0.9069912823376,0.112706477982155,0.0999622926673642,0.125450663296945,2.55285,2.44789760233296,2.65780239766703,51.057,48.9579520466593,53.1560479533407,0.6754615739341,0.644494728573066,0.706428419295135
"B-bad",237,200,0.8915,0.875760465142737,0.907239534857262,0.1085,0.0927604651427374,0.124239534857263,0.102204998303063,0.092799588371562,0.111610408234564,0.897795001696937,0.888389591765436,0.907200411628438,0.113286817272108,0.100496802775147,0.126076831769069,2.558275,2.45297656048705,2.66357343951294,51.1655,49.0595312097411,53.2714687902589,0.6754615739341,0.644494728573066,0.706428419295135
"B-bad",238,200,0.9,0.885675962426258,0.914324037573742,0.1,0.0856759624262578,0.114324037573742,0.102626520896244,0.0932741105968869,0.111978931195601,0.897373479103756,0.888021068804399,0.906725889403113,0.113806027928531,0.101049069914914,0.126562985942148,2.563275,2.45770164193059,2.66884835806941,51.2655,49.1540328386118,53.3769671613882,0.6754615739341,0.644494728573066,0.706428419295135
"B-bad",239,200,0.8965,0.882287063534054,0.910712936465946,0.1035,0.0892870635340543,0.117712936465946,0.101564303514219,0.0922341233297815,0.110894483698656,0.898435696485781,0.889105516301344,0.907765876670218,0.113068586087771,0.100319324668227,0.125817847507315,2.56845,2.46260881152571,2.67429118847428,51.369,49.2521762305143,53.4858237694857,0.6754615739341,0.644494728573066,0.706428419295135
"B-bad",240,200,0.911,0.897247360879021,0.924752639120979,0.089,0.0752473608790205,0.102752639120979,0.101046901090125,0.0917434028434832,0.110350399336766,0.898953098909875,0.889649600663234,0.908256597156517,0.112235630354987,0.0996271476354824,0.124844113074491,2.5729,2.4669051324415,2.67889486755849,51.458,49.3381026488301,53.5778973511699,0.6754615739341,0.644494728573066,0.706428419295135
"B-bad",241,200,0.8985,0.883807093293648,0.913192906706352,0.1015,0.0868070932936476,0.116192906706352,0.100138641546033,0.0909309187638052,0.109346364328261,0.899861358453967,0.890653635671739,0.909069081236195,0.111290475200996,0.0987542417745125,0.123826708627479,2.577975,2.471727756301,2.684222243699,51.5595,49.43455512602,53.68444487398,0.6754615739341,0.644494728573066,0.706428419295135
"B-bad",242,200,0.902,0.887815792726871,0.916184207273129,0.098,0.0838157927268713,0.112184207273129,0.0991709283743137,0.0900199256652935,0.108321931083334,0.900829071625686,0.891678068916666,0.909980074334706,0.109913405487813,0.0974648840080885,0.122361926967537,2.582875,2.47641152018329,2.68933847981671,51.6575,49.5282304036658,53.7867695963342,0.6754615739341,0.644494728573066,0.706428419295135
"B-bad",243,200,0.912,0.898551232829934,0.925448767170066,0.088,0.074551232829934,0.101448767170066,0.0985956634083149,0.0894208449139786,0.107770481902651,0.901404336591685,0.892229518097349,0.910579155086021,0.109329998306403,0.0969297960000357,0.121730200612771,2.587275,2.48051760431806,2.69403239568193,51.7455,49.6103520863613,53.8806479136387,0.6754615739341,0.644494728573066,0.706428419295135
"B-bad",244,200,0.89,0.875206197607053,0.904793802392947,0.11,0.0952061976070526,0.124793802392947,0.0982060773173714,0.0891603737267511,0.107251780907992,0.901793922682629,0.892748219092008,0.910839626273249,0.10910673238101,0.0968675032690906,0.12134596149293,2.592775,2.48575994694222,2.69979005305778,51.8555,49.7151989388444,53.9958010611556,0.6754615739341,0.644494728573066,0.706428419295135
"B-bad",245,200,0.8915,0.877055228498524,0.905944771501476,0.1085,0.0940552284985243,0.122944771501476,0.0979237928996712,0.0888109658327162,0.107036619966626,0.902076207100329,0.892963380033374,0.911189034167284,0.108969733156455,0.0966253371002769,0.121314129212632,2.5982,2.49093372765987,2.70546627234012,51.964,49.8186745531975,54.1093254468025,0.6754615739341,0.644494728573066,0.706428419295135
"B-bad",246,200,0.8965,0.881550003124708,0.911449996875292,0.1035,0.0885500031247081,0.118449996875292,0.0972990330314963,0.08833117672015,0.106266889342842,0.902700966968504,0.893733110657158,0.91166882327985,0.108160701577618,0.0961117492967559,0.120209653858479,2.603375,2.49582868936172,2.71092131063828,52.0675,49.9165737872344,54.2184262127656,0.6754615739341,0.644494728573066,0.706428419295135
"B-bad",247,200,0.912,0.898697324140785,0.925302675859215,0.088,0.0746973241407854,0.101302675859215,0.0965940832837997,0.0876567897370504,0.105531376830549,0.9034059167162,0.894468623169451,0.91234321026295,0.107630438334671,0.0955114087047943,0.119749467964547,2.607775,2.50006032599102,2.71548967400898,52.1555,50.0012065198204,54.3097934801796,0.6754615739341,0.644494728573066,0.706428419295135
"B-bad",248,200,0.9005,0.884470146616448,0.916529853383552,0.0995,0.0834701466164483,0.115529853383552,0.0963305684188698,0.0873423665506118,0.105318770287128,0.90366943158113,0.894681229712872,0.912657633449388,0.107778545903759,0.0956445458015647,0.119912546005953,2.61275,2.50488406511742,2.72061593488257,52.255,50.0976813023485,54.4123186976515,0.6754615739341,0.644494728573066,0.706428419295135
"B-bad",249,200,0.9025,0.886719548544539,0.918280451455461,0.0975,0.0817195485445392,0.113280451455461,0.0967970104109052,0.0875439386599472,0.106050082161863,0.903202989589095,0.893949917838137,0.912456061340053,0.108039786318763,0.0957159521089131,0.120363620528614,2.617625,2.50950074463263,2.72574925536736,52.3525,50.1900148926527,54.5149851073473,0.6754615739341,0.644494728573066,0.706428419295135
"B-bad",250,200,0.905,0.890830265356675,0.919169734643325,0.095,0.0808302653566748,0.109169734643325,0.0972376521565493,0.0877752500733356,0.106700054239763,0.902762347843451,0.893299945760237,0.912224749926664,0.1089221578405,0.0964378595192656,0.121406456161735,2.622375,2.51400334392328,2.73074665607671,52.4475,50.2800668784657,54.6149331215343,0.6754615739341,0.644494728573066,0.706428419295135
"B-bad",251,200,0.9,0.88393954785709,0.91606045214291,0.1,0.0839395478570896,0.11606045214291,0.0956770080334623,0.0863938481589251,0.104960167908,0.904322991966538,0.895039832092,0.913606151841075,0.107506942010269,0.0951766395548153,0.119837244465722,2.627375,2.51871756475077,2.73603243524922,52.5475,50.3743512950155,54.7206487049845,0.6754615739341,0.644494728573066,0.706428419295135
"B-bad",252,200,0.9095,0.895690112248146,0.923309887751854,0.0905,0.0766901122481465,0.104309887751854,0.095428269526688,0.086038848032526,0.10481769102085,0.904571730473312,0.89518230897915,0.913961151967474,0.107114367100487,0.0948044859822086,0.119424248218765,2.6319,2.52292846757719,2.74087153242281,52.638,50.4585693515438,54.8174306484562,0.6754615739341,0.644494728573066,0.706428419295135
"B-bad",253,200,0.8985,0.884984741816842,0.912015258183158,0.1015,0.0879847418168425,0.115015258183158,0.0950071117976881,0.0857150156924462,0.10429920790293,0.904992888202312,0.89570079209707,0.914284984307554,0.106689568044769,0.0945176479224376,0.118861488167101,2.636975,2.52774988288495,2.74620011711505,52.7395,50.554997657699,54.924002342301,0.6754615739341,0.644494728573066,0.706428419295135
"B-bad",254,200,0.9085,0.894055228498524,0.922944771501476,0.0915,0.0770552284985243,0.105944771501476,0.094669799049035,0.0852634441854929,0.104076153912577,0.905330200950965,0.895923846087423,0.914736555814507,0.1060658184912,0.0938387728538557,0.118292864128543,2.64155,2.53203239828424,2.75106760171576,52.831,50.6406479656848,55.0213520343152,0.6754615739341,0.644494728573066,0.706428419295135
"B-bad",255,200,0.9105,0.896217117895591,0.924782882104409,0.0895,0.0752171178955905,0.103782882104409,0.0945847086915765,0.0851849409908424,0.103984476392311,0.905415291308423,0.896015523607689,0.914815059009158,0.106110978427551,0.0938409569370173,0.118380999918085,2.646025,2.53619822336877,2.75585177663123,52.9205,50.7239644673754,55.1170355326246,0.6754615739341,0.644494728573066,0.706428419295135
"B-bad",256,200,0.905,0.890557088706882,0.919442911293118,0.095,0.0805570887068819,0.109442911293118,0.0944780333058252,0.0851602138453429,0.103795852766307,0.905521966694175,0.896204147233693,0.914839786154657,0.106499417291708,0.0941090890837166,0.1188897454997,2.650775,2.54072604814034,2.76082395185966,53.0155,50.8145209628068,55.2164790371932,0.6754615739341,0.644494728573066,0.706428419295135
"B-bad",257,200,0.8995,0.885006609818735,0.913993390181265,0.1005,0.0860066098187347,0.114993390181265,0.0944275012618271,0.0851090281418358,0.103745974381818,0.905572498738173,0.896254025618182,0.914890971858164,0.106704486368142,0.0943133776305569,0.119095595105727,2.6558,2.54553883383807,2.76606116616192,53.116,50.9107766767615,55.3212233232385,0.6754615739341,0.644494728573066,0.706428419295135
"B-bad",258,200,0.9145,0.899946064863169,0.929053935136831,0.0855,0.0709460648631689,0.100053935136831,0.0939904772898443,0.0846705477193551,0.103310406860334,0.906009522710156,0.896689593139666,0.915329452280645,0.105960481336062,0.0936633431042728,0.118257619567851,2.660075,2.54959051504274,2.77055948495726,53.2015,50.9918103008548,55.4111896991452,0.6754615739341,0.644494728573066,0.706428419295135
"B-bad",259,200,0.911,0.897105999993839,0.924894000006161,0.089,0.0751059999938387,0.102894000006161,0.0932541576808338,0.083960193406383,0.102548121955285,0.906745842319166,0.897451878044715,0.916039806593617,0.105236149433579,0.0929138169292433,0.117558481937915,2.664525,2.55377597472506,2.77527402527494,53.2905,51.0755194945012,55.5054805054988,0.6754615739341,0.644494728573066,0.706428419295135
"B-bad",260,200,0.9045,0.889489998097078,0.919510001902922,0.0955,0.080489998097078,0.110510001902922,0.0925865044769472,0.0832911844719893,0.101881824481905,0.907413495523053,0.898118175518095,0.916708815528011,0.10419425877505,0.0919364269902097,0.116452090559889,2.6693,2.55830699403025,2.78029300596974,53.386,51.1661398806051,55.6058601193949,0.6754615739341,0.644494728573066,0.706428419295135
"B-bad",261,200,0.8995,0.885626584099816,0.913373415900184,0.1005,0.0866265840998158,0.114373415900184,0.0924724725996918,0.0832005122313047,0.101744432968079,0.907527527400308,0.898255567031921,0.916799487768695,0.104268717019776,0.0920709416533088,0.116466492386243,2.674325,2.56314207015269,2.7855079298473,53.4865,51.2628414030539,55.7101585969461,0.6754615739341,0.644494728573066,0.706428419295135
"B-bad",262,200,0.902,0.888164489437726,0.915835510562274,0.098,0.0841644894377261,0.111835510562274,0.0932799257920538,0.083821184199235,0.102738667384873,0.906720074207946,0.897261332615127,0.916178815800765,0.105373482676006,0.0929582210929017,0.117788744259111,2.679225,2.56784085169448,2.79060914830552,53.5845,51.3568170338896,55.8121829661104,0.6754615739341,0.644494728573066,0.706428419295135
"B-bad",263,200,0.906,0.891837852160552,0.920162147839448,0.094,0.0798378521605518,0.108162147839448,0.092887688309951,0.0834616347760747,0.102313741843827,0.907112311690049,0.897686258156173,0.916538365223925,0.105038999387127,0.0926201214101877,0.117457877364065,2.683925,2.57226254637192,2.79558745362808,53.6785,51.4452509274384,55.9117490725616,0.6754615739341,0.644494728573066,0.706428419295135
"B-bad",264,200,0.9,0.884944340067596,0.915055659932404,0.1,0.0849443400675957,0.115055659932404,0.092308216767047,0.0829088347472954,0.101707598786799,0.907691783232953,0.898292401213201,0.917091165252705,0.104753053470457,0.0922204733214922,0.117285633619422,2.688925,2.577031371971,2.800818628029,53.7785,51.54062743942,56.01637256058,0.6754615739341,0.644494728573066,0.706428419295135
"B-bad",265,200,0.9125,0.897578786482736,0.927421213517264,0.0875,0.0725787864827358,0.102421213517264,0.0923169605870228,0.0828399786511956,0.10179394252285,0.907683039412977,0.89820605747715,0.917160021348804,0.104801685367356,0.0921760196537518,0.11742735108096,2.6933,2.58114569019215,2.80545430980785,53.866,51.622913803843,56.109086196157,0.6754615739341,0.644494728573066,0.706428419295135
"B-bad",266,200,0.9025,0.887222891810919,0.917777108189081,0.0975,0.0822228918109185,0.112777108189082,0.0917250027308342,0.0823542570123651,0.101095748449303,0.908274997269166,0.898904251550697,0.917645742987635,0.104403547935456,0.0916917458085119,0.1171153500624,2.698175,2.58570443325401,2.81064556674599,53.9635,51.7140886650802,56.2129113349199,0.6754615739341,0.644494728573066,0.706428419295135
"B-bad",267,200,0.913,0.898791704436898,0.927208295563102,0.087,0.0727917044368982,0.101208295563102,0.0912916060840853,0.0821323516082104,0.10045086055996,0.908708393915915,0.89954913944004,0.91786764839179,0.104096511336659,0.0915762649901404,0.116616757683178,2.702525,2.58987050878955,2.81517949121044,54.0505,51.7974101757911,56.3035898242089,0.6754615739341,0.644494728573066,0.706428419295135
"B-bad",268,200,0.9175,0.903490625370224,0.931509374629776,0.0825,0.0684906253702237,0.0965093746297763,0.091020386801794,0.0816990051527711,0.100341768450817,0.908979613198206,0.899658231549183,0.918300994847229,0.103574109848882,0.0909602641832707,0.116187955514493,2.70665,2.5937427154818,2.81955728451819,54.133,51.8748543096361,56.3911456903639,0.6754615739341,0.644494728573066,0.706428419295135
"B-bad",269,200,0.9055,0.89150737340197,0.91949262659803,0.0945,0.0805073734019698,0.10849262659803,0.0909264084743153,0.0817617481292955,0.100091068819335,0.909073591525685,0.899908931180665,0.918238251870704,0.103458054132253,0.0909168242461968,0.115999284018309,2.711375,2.59825087709447,2.82449912290553,54.2275,51.9650175418894,56.4899824581106,0.6754615739341,0.644494728573066,0.706428419295135
"B-bad",270,200,0.912,0.898051958014752,0.925948041985248,0.088,0.0740519580147519,0.101948041985248,0.0904286829564936,0.0813562392942333,0.099501126618754,0.909571317043506,0.900498873381246,0.918643760705767,0.103159086077563,0.0907547124226678,0.115563459732457,2.715775,2.60235667416388,2.82919332583612,54.3155,52.0471334832776,56.5838665167224,0.6754615739341,0.644494728573066,0.706428419295135
"B-bad",271,200,0.908,0.894565770470298,0.921434229529702,0.092,0.0785657704702981,0.105434229529702,0.0903345112594551,0.0811266287950132,0.0995423937238969,0.909665488740545,0.900457606276103,0.918873371204987,0.10314981670802,0.0905717392210867,0.115727894194953,2.720375,2.60671338604416,2.83403661395583,54.4075,52.1342677208833,56.6807322791167,0.6754615739341,0.644494728573066,0.706428419295135
"B-bad",272,200,0.908,0.893719683360212,0.922280316639788,0.092,0.0777196833602123,0.106280316639788,0.0890837553120729,0.0801072855647436,0.0980602250594021,0.910916244687927,0.901939774940598,0.919892714435256,0.101720231366139,0.0893034325320167,0.114137030200262,2.724975,2.611084734768,2.838865265232,54.4995,52.22169469536,56.77730530464,0.6754615739341,0.644494728573066,0.706428419295135
"B-bad",273,200,0.9115,0.897508769976228,0.925491230023772,0.0885,0.0745087699762277,0.102491230023772,0.088624023888633,0.0796797002832403,0.0975683474940257,0.911375976111367,0.902431652505974,0.92032029971676,0.101259872488321,0.0888047908992465,0.113714954077395,2.7294,2.61527237030827,2.84352762969172,54.588,52.3054474061655,56.8705525938345,0.6754615739341,0.644494728573066,0.706428419295135
"B-bad",274,200,0.9045,0.889425046142181,0.919574953857819,0.0955,0.0804250461421808,0.110574953857819,0.0883394321244231,0.0794782108734625,0.0972006533753837,0.911660567875577,0.902799346624616,0.920521789126537,0.100965536571148,0.088610209911006,0.113320863231289,2.734175,2.61975288584384,2.84859711415615,54.6835,52.3950577168769,56.9719422831231,0.6754615739341,0.644494728573066,0.706428419295135
"B-bad",275,200,0.916,0.901851656772312,0.930148343227688,0.084,0.0698516567723123,0.0981483432276877,0.0880135520826851,0.0792837873904043,0.0967433167749659,0.911986447917315,0.903256683225034,0.920716212609596,0.100645579937213,0.088460967276558,0.112830192597869,2.738375,2.62369851399841,2.85305148600158,54.7675,52.4739702799683,57.0610297200317,0.6754615739341,0.644494728573066,0.706428419295135
"B-bad",276,200,0.9115,0.897862399986441,0.925137600013559,0.0885,0.074862399986441,0.102137600013559,0.0877636106066895,0.0790655231322425,0.0964616980811365,0.912236389393311,0.903538301918864,0.920934476867758,0.100417188409381,0.0883033563302215,0.112531020488541,2.7428,2.62792624009109,2.85767375990891,54.856,52.5585248018217,57.1534751981783,0.6754615739341,0.644494728573066,0.706428419295135
"B-bad",277,200,0.917,0.902600448703536,0.931399551296464,0.083,0.068600448703536,0.097399551296464,0.087687656081176,0.0790159314295278,0.0963593807328243,0.912312343918824,0.903640619267176,0.920984068570472,0.100704740129696,0.0885380077543881,0.112871472505003,2.74695,2.63189330550057,2.86200669449942,54.939,52.6378661100115,57.2401338899885,0.6754615739341,0.644494728573066,0.706428419295135
"B-bad",278,200,0.923,0.909395934310751,0.936604065689249,0.077,0.0633959343107507,0.0906040656892493,0.0874607630331268,0.0788484259958756,0.0960731000703779,0.912539236966873,0.903926899929622,0.921151574004124,0.100558338240097,0.088430054055957,0.112686622424237,2.7508,2.63550589364296,2.86609410635704,55.016,52.7101178728592,57.3218821271408,0.6754615739341,0.644494728573066,0.706428419295135
"B-bad",279,200,0.9165,0.90260687903268,0.93039312096732,0.0835,0.0696068790326799,0.0973931209673201,0.0866550112561141,0.0780871099943318,0.0952229125178963,0.913344988743886,0.904777087482104,0.921912890005668,0.0996331095322694,0.0876596442322872,0.111606574832252,2.754975,2.63941538014025,2.87053461985975,55.0995,52.788307602805,57.410692397195,0.6754615739341,0.644494728573066,0.706428419295135
"B-bad",280,200,0.9095,0.895409957186814,0.923590042813186,0.0905,0.0764099571868138,0.104590042813186,0.0857041006407452,0.077269353500094,0.0941388477813965,0.914295899359255,0.905861152218604,0.922730646499906,0.0984188302522298,0.0866289741255566,0.110208686378903,2.7595,2.64374550176784,2.87525449823215,55.19,52.8749100353569,57.5050899646431,0.6754615739341,0.644494728573066,0.706428419295135
"B-bad",281,200,0.9035,0.889150236365559,0.917849763634441,0.0965,0.082150236365559,0.110849763634441,0.0847306594793969,0.0764223997572294,0.0930389192015643,0.915269340520603,0.906961080798436,0.923577600242771,0.0974431250919834,0.0857557619884202,0.109130488195547,2.764325,2.64834258332219,2.88030741667781,55.2865,52.9668516664438,57.6061483335562,0.6754615739341,0.644494728573066,0.706428419295135
"B-bad",282,200,0.9165,0.904092853816471,0.928907146183529,0.0835,0.0710928538164713,0.0959071461835287,0.0849552749861071,0.0766456329379415,0.0932649170342728,0.915044725013893,0.906735082965727,0.923354367062059,0.0978578323236432,0.0861138059578286,0.109601858689458,2.7685,2.65228072430819,2.88471927569181,55.37,53.0456144861637,57.6943855138362,0.6754615739341,0.644494728573066,0.706428419295135
"B-bad",283,200,0.9115,0.897934232147049,0.925065767852951,0.0885,0.0749342321470487,0.102065767852951,0.0845513483168025,0.0763684139235681,0.0927342827100369,0.915448651683197,0.907265717289963,0.923631586076432,0.097433699010269,0.0859416470728976,0.108925750947641,2.772925,2.65644518789821,2.88940481210178,55.4585,53.1289037579643,57.7880962420357,0.6754615739341,0.644494728573066,0.706428419295135
"B-bad",284,200,0.9155,0.902379433275691,0.928620566724309,0.0845,0.0713794332756907,0.0976205667243093,0.0846858432634621,0.0765463861121414,0.0928253004147827,0.915314156736538,0.907174699585217,0.923453613887859,0.0978202230144883,0.0863681912401742,0.109272254788802,2.77715,2.66048474506164,2.89381525493836,55.543,53.2096949012328,57.8763050987672,0.6754615739341,0.644494728573066,0.706428419295135
"B-bad",285,200,0.9105,0.897734221107756,0.923265778892244,0.0895,0.0767342211077559,0.102265778892244,0.0841251978230552,0.0760593778029003,0.0921910178432102,0.915874802176945,0.90780898215679,0.9239406221971,0.0972739129415655,0.0858783968940342,0.108669428989097,2.781625,2.66476144481445,2.89848855518554,55.6325,53.2952288962891,57.9697711037109,0.6754615739341,0.644494728573066,0.706428419295135
"B-bad",286,200,0.9185,0.905306658257935,0.931693341742065,0.0815,0.0683066582579349,0.0946933417420651,0.0841430006613782,0.0760452647449619,0.0922407365777944,0.915856999338622,0.907759263422206,0.923954735255038,0.0974614211574168,0.085972063392652,0.108950778922182,2.7857,2.6686225259268,2.90277747407319,55.714,53.3724505185361,58.0555494814639,0.6754615739341,0.644494728573066,0.706428419295135
"B-bad",287,200,0.9165,0.90310820126402,0.92989179873598,0.0835,0.0701082012640202,0.0968917987359798,0.0840220613740426,0.0758938556971685,0.0921502670509167,0.915977938625957,0.907849732949083,0.924106144302831,0.0973481967496675,0.0858702975296856,0.108826095969649,2.789875,2.67258444919974,2.90716555080025,55.7975,53.4516889839949,58.1433110160051,0.6754615739341,0.644494728573066,0.706428419295135
"B-bad",288,200,0.9185,0.904869566167548,0.932130433832452,0.0815,0.0678695661675478,0.0951304338324522,0.0837697027988118,0.075690987305724,0.0918484182918996,0.916230297201188,0.9081515817081,0.924309012694276,0.0971827046121334,0.0857777497759136,0.108587659448353,2.79395,2.67642115656985,2.91147884343014,55.879,53.5284231313971,58.2295768686029,0.6754615739341,0.644494728573066,0.706428419295135
"B-bad",289,200,0.912,0.898335024022574,0.925664975977426,0.088,0.0743350240225745,0.101664975977426,0.0825773173907208,0.0746367522998503,0.0905178824815912,0.917422682609279,0.909482117518409,0.92536324770015,0.0955463369285443,0.0842820204865826,0.106810653370506,2.79835,2.68068202392964,2.91601797607036,55.967,53.6136404785928,58.3203595214072,0.6754615739341,0.644494728573066,0.706428419295135
"B-bad",290,200,0.9155,0.901169313523379,0.929830686476621,0.0845,0.0701693135233786,0.0988306864766214,0.0814472636768903,0.0736905862865025,0.089203941067278,0.91855273632311,0.910796058932722,0.926309413713498,0.0944375805061658,0.0832791250524847,0.105596035959847,2.802575,2.68472103333193,2.92042896666806,56.0515,53.6944206666387,58.4085793333613,0.6754615739341,0.644494728573066,0.706428419295135
"B-bad",291,200,0.9275,0.915238606306358,0.939761393693642,0.0725,0.0602386063063581,0.0847613936936419,0.0811570091899186,0.0733920809827583,0.0889219373970788,0.918842990810081,0.911078062602921,0.926607919017242,0.093948766789895,0.0827910413315914,0.105106492248199,2.8062,2.68822111863618,2.92417888136381,56.124,53.7644223727237,58.4835776272763,0.6754615739341,0.644494728573066,0.706428419295135
"B-bad",292,200,0.9265,0.914848203434421,0.938151796565579,0.0735,0.0618482034344209,0.0851517965655791,0.0810823526262421,0.0733071602064136,0.0888575450460706,0.918917647373758,0.911142454953929,0.926692839793586,0.094211262075869,0.082981482032999,0.105441042118739,2.809875,2.69171710150535,2.92803289849465,56.1975,53.834342030107,58.560657969893,0.6754615739341,0.644494728573066,0.706428419295135
"B-bad",293,200,0.922,0.910890567803946,0.933109432196055,0.078,0.0668905678039455,0.0891094321960545,0.080961713593624,0.0731959711073251,0.0887274560799228,0.919038286406376,0.911272543920077,0.926804028892675,0.0939229582143494,0.0828858154277287,0.10496010100097,2.813775,2.69547764451848,2.93207235548152,56.2755,53.9095528903696,58.6414471096304,0.6754615739341,0.644494728573066,0.706428419295135
"B-bad",294,200,0.9195,0.905612506198834,0.933387493801166,0.0805,0.0666125061988343,0.0943874938011657,0.0803105909481066,0.0726644451019796,0.0879567367942335,0.919689409051893,0.912043263205766,0.92733555489802,0.0932525917854988,0.0822319609874072,0.10427322258359,2.8178,2.69928506791473,2.93631493208526,56.356,53.9857013582947,58.7262986417053,0.6754615739341,0.644494728573066,0.706428419295135
"B-bad",295,200,0.9165,0.902191147133661,0.930808852866339,0.0835,0.0691911471336613,0.0978088528663387,0.0799353737513274,0.0723508316774874,0.0875199158251673,0.920064626248673,0.912480084174833,0.927649168322513,0.0929183712865961,0.0819604467106482,0.103876295862544,2.821975,2.70324792798079,2.94070207201921,56.4395,54.0649585596158,58.8140414403842,0.6754615739341,0.644494728573066,0.706428419295135
"B-bad",296,200,0.9195,0.906334829390363,0.932665170609637,0.0805,0.0673348293903631,0.0936651706096369,0.0796075256703565,0.0720931946335304,0.0871218567071826,0.920392474329643,0.912878143292817,0.92790680536647,0.0928649883153271,0.0819827210637737,0.103747255566881,2.826,2.70710072962012,2.94489927037988,56.52,54.1420145924024,58.8979854075976,0.6754615739341,0.644494728573066,0.706428419295135
"B-bad",297,200,0.915,0.900968847998723,0.929031152001277,0.085,0.0709688479987231,0.0990311520012769,0.078802543485046,0.071477683337519,0.0861274036325729,0.921197456514954,0.913872596367427,0.928522316662481,0.0915061708743456,0.0808699442236315,0.10214239752506,2.83025,2.71109594083281,2.94940405916718,56.605,54.2219188166563,58.9880811833437,0.6754615739341,0.644494728573066,0.706428419295135
"B-bad",298,200,0.93,0.918056482999344,0.941943517000656,0.07,0.0580564829993441,0.0819435170006559,0.0784254415003498,0.071225896064264,0.0856249869364357,0.92157455849965,0.914375013063564,0.928774103935736,0.0913228093677975,0.0807231572221656,0.101922461513429,2.83375,2.71436685390875,2.95313314609124,56.675,54.2873370781751,59.0626629218249,0.6754615739341,0.644494728573066,0.706428419295135
"B-bad",299,200,0.919,0.906544714038134,0.931455285961866,0.081,0.0685447140381337,0.0934552859618663,0.0774462041093716,0.0703892003310018,0.0845032078877413,0.922553795890628,0.915496792112259,0.929610799668998,0.0904365658800274,0.0799957847167908,0.100877347043264,2.8378,2.7182484447717,2.95735155522829,56.756,54.3649688954341,59.1470311045659,0.6754615739341,0.644494728573066,0.706428419295135
"B-bad",300,200,0.9285,0.917025645893674,0.939974354106326,0.0715,0.060025645893674,0.082974354106326,0.0771401355914056,0.0700705647092533,0.0842097064735579,0.922859864408594,0.915790293526442,0.929929435290747,0.0902535407979728,0.0798656231390328,0.100641458456913,2.841375,2.72165306075833,2.96109693924167,56.8275,54.4330612151666,59.2219387848334,0.6754615739341,0.644494728573066,0.706428419295135
"B-bad",301,200,0.92,0.907733627059983,0.932266372940017,0.08,0.0677336270599829,0.0922663729400171,0.0773053038732666,0.0702753199548571,0.0843352877916761,0.922694696126733,0.915664712208324,0.929724680045143,0.0907660809714218,0.0803597875909058,0.101172374351938,2.845375,2.7255136721815,2.96523632781849,56.9075,54.5102734436301,59.3047265563699,0.6754615739341,0.644494728573066,0.706428419295135
"B-bad",302,200,0.922,0.908800550100485,0.935199449899515,0.078,0.0648005501004848,0.0911994498995152,0.0766592476647082,0.0697661255745601,0.0835523697548563,0.923340752335292,0.916447630245144,0.93023387442544,0.0899189854036603,0.0796664074418705,0.10017156336545,2.849275,2.72928601863031,2.96926398136969,56.9855,54.5857203726062,59.3852796273938,0.6754615739341,0.644494728573066,0.706428419295135
"B-bad",303,200,0.9285,0.915735751914356,0.941264248085644,0.0715,0.0587357519143558,0.0842642480856442,0.0765864878346491,0.0697123465341214,0.0834606291351769,0.923413512165351,0.916539370864823,0.930287653465879,0.0899647947957053,0.0796573630637352,0.100272226527675,2.85285,2.73262663274412,2.97307336725587,57.057,54.6525326548825,59.4614673451175,0.6754615739341,0.644494728573066,0.706428419295135
"B-bad",304,200,0.9225,0.910040988520969,0.934959011479031,0.0775,0.0650409885209691,0.0899590114790309,0.0760401631501495,0.0692033959494775,0.0828769303508215,0.923959836849851,0.917123069649178,0.930796604050523,0.0893270255433898,0.0790105213951533,0.0996435296916263,2.856725,2.73632652309761,2.97712347690239,57.1345,54.7265304619522,59.5424695380478,0.6754615739341,0.644494728573066,0.706428419295135
"B-bad",305,200,0.9175,0.905119657099056,0.929880342900944,0.0825,0.0701196570990555,0.0948803429009445,0.0761436222075189,0.0693463211127053,0.0829409233023325,0.923856377792481,0.917059076697668,0.930653678887295,0.0896906255688674,0.0794635566886006,0.0999176944491342,2.86085,2.74028480321575,2.98141519678425,57.217,54.8056960643151,59.6283039356849,0.6754615739341,0.644494728573066,0.706428419295135
"B-bad",306,200,0.9255,0.913154430081948,0.937845569918052,0.0745,0.0621544300819477,0.0868455699180523,0.0762571253268354,0.0694134733081631,0.0831007773455076,0.923742874673165,0.916899222654492,0.930586526691837,0.0900427464456025,0.0797455256252774,0.100339967265928,2.864575,2.74383003921981,2.98531996078018,57.2915,54.8766007843963,59.7063992156037,0.6754615739341,0.644494728573066,0.706428419295135
"B-bad",307,200,0.93,0.917733627059983,0.942266372940017,0.07,0.0577336270599829,0.0822663729400171,0.0760815117962676,0.0693335584659832,0.082829465126552,0.923918488203732,0.917170534873448,0.930666441534017,0.0900110046297755,0.0797587565436955,0.100263252715855,2.868075,2.7471790222031,2.9889709777969,57.3615,54.943580444062,59.779419555938,0.6754615739341,0.644494728573066,0.706428419295135
"B-bad",308,200,0.922,0.909329288069638,0.934670711930362,0.078,0.0653292880696381,0.0906707119303619,0.0761098475410283,0.0692217393009107,0.0829979557811459,0.923890152458972,0.917002044218854,0.930778260699089,0.0899209346166924,0.0795342837726528,0.100307585460732,2.871975,2.75093414006902,2.99301585993098,57.4395,55.0186828013804,59.8603171986196,0.6754615739341,0.644494728573066,0.706428419295135
"B-bad",309,200,0.924,0.911323120772154,0.936676879227846,0.076,0.0633231207721543,0.0886768792278457,0.0758048127878917,0.0690749401790548,0.0825346853967286,0.924195187212108,0.917465314603271,0.930925059820945,0.0898029613185199,0.0796308641949836,0.0999750584420562,2.875775,2.7545824578333,2.9969675421667,57.5155,55.091649156666,59.939350843334,0.6754615739341,0.644494728573066,0.706428419295135
"B-bad",310,200,0.921,0.907621887875874,0.934378112124126,0.079,0.0656218878758743,0.0923781121241257,0.0754520614686359,0.0686182632463129,0.082285859690959,0.924547938531364,0.917714140309041,0.931381736753687,0.0891151479636624,0.0789094036983979,0.0993208922289268,2.879725,2.75832612669488,3.00112387330511,57.5945,55.1665225338977,60.0224774661023,0.6754615739341,0.644494728573066,0.706428419295135
"B-bad",311,200,0.9305,0.91845892009906,0.94254107990094,0.0695,0.05745892009906,0.08154107990094,0.0752437360882759,0.068476726321758,0.0820107458547939,0.924756263911724,0.917989254145206,0.931523273678242,0.0889648843562803,0.0787995772611821,0.0991301914513784,2.8832,2.76159081224614,3.00480918775385,57.664,55.2318162449229,60.0961837550771,0.6754615739341,0.644494728573066,0.706428419295135
"B-bad",312,200,0.922,0.910043401377678,0.933956598622322,0.078,0.0660434013776784,0.0899565986223216,0.0748676872954862,0.0681098740859434,0.0816255005050291,0.925132312704514,0.918374499494971,0.931890125914057,0.0884442246338185,0.0782964600942622,0.0985919891733748,2.8871,2.76531199450486,3.00888800549514,57.742,55.3062398900972,60.1777601099028,0.6754615739341,0.644494728573066,0.706428419295135
"B-bad",313,200,0.926,0.912215428287312,0.939784571712688,0.074,0.0602154282873119,0.0877845717126881,0.074034058152849,0.0673369758328335,0.0807311404728644,0.925965941847151,0.919268859527136,0.932663024167166,0.0873821728333672,0.0772608308924249,0.0975035147743095,2.8908,2.76881299812226,3.01278700187774,57.816,55.3762599624452,60.2557400375548,0.6754615739341,0.644494728573066,0.706428419295135
"B-bad",314,200,0.93,0.91781353913501,0.94218646086499,0.07,0.0578135391350102,0.0821864608649898,0.0734117560591135,0.0667674116901921,0.0800561004280349,0.926588243940886,0.919943899571965,0.933232588309808,0.0868241300870055,0.0767384666001615,0.0969097935738495,2.8943,2.77216318285021,3.01643681714979,57.886,55.4432636570042,60.3287363429959,0.6754615739341,0.644494728573066,0.706428419295135
"B-bad",315,200,0.9245,0.91165030758795,0.93734969241205,0.0755,0.0626503075879503,0.0883496924120497,0.0730796305534921,0.0664673579388388,0.0796919031681454,0.926920369446508,0.920308096831855,0.933532642061161,0.0863404568315939,0.0763822180156074,0.0962986956475804,2.898075,2.77569416790478,3.02045583209522,57.9615,55.5138833580956,60.4091166419044,0.6754615739341,0.644494728573066,0.706428419295135
"B-bad",316,200,0.925,0.912595019576376,0.937404980423624,0.075,0.0625950195763764,0.0874049804236236,0.0729639198373477,0.0664147707912738,0.0795130688834216,0.927036080162652,0.920486931116578,0.933585229208726,0.0863928227535173,0.076525906992029,0.0962597385150057,2.901825,2.77927155469512,3.02437844530487,58.0365,55.5854310939025,60.4875689060975,0.6754615739341,0.644494728573066,0.706428419295135
"B-bad",317,200,0.9255,0.913804681146533,0.937195318853467,0.0745,0.062804681146533,0.086195318853467,0.0724533341951561,0.0660256266274658,0.0788810417628464,0.927546665804844,0.921118958237154,0.933974373372534,0.0855433292789836,0.0758722549874663,0.095214403570501,2.90555,2.78280973339345,3.02829026660655,58.111,55.656194667869,60.565805332131,0.6754615739341,0.644494728573066,0.706428419295135
"B-bad",318,200,0.931,0.919188923212738,0.942811076787263,0.069,0.0571889232127376,0.0808110767872624,0.0719109578306086,0.065562805759913,0.0782591099013041,0.928089042169391,0.921740890098696,0.934437194240087,0.0845777060121652,0.0749853174988896,0.0941700945254409,2.909,2.78611674761855,3.03188325238145,58.18,55.722334952371,60.637665047629,0.6754615739341,0.644494728573066,0.706428419295135
"B-bad",319,200,0.9165,0.904251362400653,0.928748637599347,0.0835,0.0712513624006531,0.095748637599347,0.0720336214900012,0.0655876897704075,0.078479553209595,0.927966378509999,0.921520446790405,0.934412310229592,0.0850464360931654,0.075290303322389,0.0948025688639417,2.913175,2.79012627700774,3.03622372299226,58.2635,55.8025255401548,60.7244744598452,0.6754615739341,0.644494728573066,0.706428419295135
"B-bad",320,200,0.9225,0.908560541587717,0.936439458412283,0.0775,0.0635605415877172,0.0914394584122828,0.0715628811638199,0.0652161984561725,0.0779095638714674,0.92843711883618,0.922090436128533,0.934783801543827,0.0844563848955483,0.0748218341847938,0.0940909356063027,2.91705,2.79378057676537,3.04031942323462,58.341,55.8756115353075,60.8063884646925,0.6754615739341,0.644494728573066,0.706428419295135
"B-bad",321,200,0.9285,0.916363550120624,0.940636449879376,0.0715,0.0593635501206236,0.0836364498793764,0.0717908396821307,0.0654060266712373,0.0781756526930242,0.928209160317869,0.921824347306976,0.934593973328763,0.08485026666415,0.0751976862734759,0.0945028470548241,2.920625,2.797207869438,3.04404213056199,58.4125,55.9441573887601,60.8808426112399,0.6754615739341,0.644494728573066,0.706428419295135
"B-bad",322,200,0.927,0.914998542055458,0.939001457944542,0.073,0.0609985420554579,0.0850014579445421,0.0716442637991853,0.0653445710591491,0.0779439565392216,0.928355736200815,0.922056043460778,0.934655428940851,0.0847402911740302,0.0751704262680416,0.0943101560800188,2.924275,2.80063199005439,3.04791800994561,58.4855,56.0126398010878,60.9583601989122,0.6754615739341,0.644494728573066,0.706428419295135
"B-bad",323,200,0.9235,0.911077114193659,0.935922885806341,0.0765,0.0640771141936593,0.0889228858063407,0.0709597617705838,0.0646814551173163,0.0772380684238514,0.929040238229416,0.922761931576149,0.935318544882684,0.0836857407572893,0.074197036343319,0.0931744451712597,2.9281,2.80431269983001,3.05188730016998,58.562,56.0862539966003,61.0377460033997,0.6754615739341,0.644494728573066,0.706428419295135
"B-bad",324,200,0.9265,0.914116500760587,0.938883499239413,0.0735,0.0611165007605866,0.0858834992394134,0.0700312851013145,0.0638113381921433,0.0762512320104857,0.929968714898685,0.923748767989514,0.936188661807857,0.0819774289496814,0.0727465693690297,0.0912082885303332,2.931775,2.80780686124883,3.05574313875116,58.6355,56.1561372249767,61.1148627750233,0.6754615739341,0.644494728573066,0.706428419295135
"B-bad",325,200,0.9315,0.92000862856334,0.94299137143666,0.0685,0.0570086285633397,0.0799913714366603,0.0699614622826508,0.0636313089588759,0.0762916156064256,0.930038537717349,0.923708384393574,0.936368691041124,0.0819561264471595,0.0725453684691876,0.0913668844251314,2.9352,2.81107943194754,3.05932056805246,58.704,56.2215886389507,61.1864113610493,0.6754615739341,0.644494728573066,0.706428419295135
"B-bad",326,200,0.927,0.915930214581647,0.938069785418353,0.073,0.0619302145816467,0.0840697854183533,0.0698925364663693,0.0635999504675952,0.0761851224651434,0.930107463533631,0.923814877534857,0.936400049532405,0.0819656935492595,0.0726415401326854,0.0912898469658336,2.93885,2.81460663788143,3.06309336211856,58.777,56.2921327576287,61.2618672423713,0.6754615739341,0.644494728573066,0.706428419295135
"B-bad",327,200,0.9235,0.911806352085407,0.935193647914593,0.0765,0.0648063520854069,0.0881936479145931,0.070469871230123,0.0640849188127484,0.0768548236474977,0.929530128769877,0.923145176352502,0.935915081187252,0.0825996599918222,0.0731989853365677,0.0920003346470767,2.942675,2.81824714667014,3.06710285332985,58.8535,56.3649429334029,61.3420570665971,0.6754615739341,0.644494728573066,0.706428419295135
"B-bad",328,200,0.9265,0.914275315953644,0.938724684046356,0.0735,0.0612753159536437,0.0857246840463563,0.0705253061937703,0.0640500571266092,0.0770005552609313,0.92947469380623,0.922999444739069,0.935949942873391,0.0829713824723217,0.0733781809194135,0.0925645840252298,2.94635,2.82178006612961,3.07091993387038,58.927,56.4356013225923,61.4183986774077,0.6754615739341,0.644494728573066,0.706428419295135
"B-bad",329,200,0.938,0.927302769940479,0.948697230059521,0.062,0.0513027699404794,0.0726972300595206,0.0701991158967301,0.0636626272702991,0.0767356045231612,0.92980088410327,0.923264395476839,0.936337372729701,0.0827398611992238,0.073131443606637,0.0923482787918107,2.94945,2.82477908389263,3.07412091610737,58.989,56.4955816778526,61.4824183221474,0.6754615739341,0.644494728573066,0.706428419295135
"B-bad",330,200,0.9295,0.917821401293548,0.941178598706451,0.0705,0.0588214012935485,0.0821785987064515,0.0695941717218019,0.0631732083521419,0.0760151350914619,0.930405828278198,0.923984864908538,0.936826791647858,0.0817042091714076,0.0723036906745383,0.0911047276682769,2.952975,2.82820979596375,3.07774020403625,59.0595,56.564195919275,61.554804080725,0.6754615739341,0.644494728573066,0.706428419295135
"B-bad",331,200,0.9355,0.924413677860187,0.946586322139813,0.0645,0.0534136778601875,0.0755863221398125,0.069144538197426,0.0627869953673206,0.0755020810275314,0.930855461802574,0.924497918972469,0.937213004632679,0.0815008168942622,0.0721096201105276,0.0908920136779969,2.9562,2.8312442534265,3.0811557465735,59.124,56.62488506853,61.62311493147,0.6754615739341,0.644494728573066,0.706428419295135
"B-bad",332,200,0.937,0.925877383616155,0.948122616383845,0.063,0.0518773836161548,0.0741226163838452,0.069023500980323,0.0626817236880925,0.0753652782725534,0.930976499019677,0.924634721727447,0.937318276311908,0.0812106642406765,0.0719020944187952,0.0905192340625577,2.95935,2.83427536094257,3.08442463905742,59.187,56.6855072188515,61.6884927811485,0.6754615739341,0.644494728573066,0.706428419295135
"B-bad",333,200,0.932,0.919673240353291,0.944326759646709,0.068,0.0556732403532914,0.0803267596467086,0.0686927956153457,0.0624620899482448,0.0749235012824466,0.931307204384654,0.925076498717553,0.937537910051755,0.0807653482962616,0.0716807804765305,0.0898499161159927,2.96275,2.83741173337485,3.08808826662515,59.255,56.748234667497,61.761765332503,0.6754615739341,0.644494728573066,0.706428419295135
"B-bad",334,200,0.9265,0.914932360374044,0.938067639625956,0.0735,0.0619323603740442,0.0850676396259558,0.0684992532893926,0.0623602788326888,0.0746382277460964,0.931500746710607,0.925361772253903,0.937639721167311,0.0802291959943477,0.0713083198816878,0.0891500721070076,2.966425,2.84092379020495,3.09192620979504,59.3285,56.8184758040991,61.8385241959009,0.6754615739341,0.644494728573066,0.706428419295135
"B-bad",335,200,0.938,0.926425394268362,0.949574605731639,0.062,0.0504253942683615,0.0735746057316385,0.0681210335413375,0.0620127567301498,0.0742293103525253,0.931878966458662,0.925770689647475,0.93798724326985,0.0798460865463798,0.0709979201827128,0.0886942529100467,2.969525,2.84387900835377,3.09517099164623,59.3905,56.8775801670754,61.9034198329246,0.6754615739341,0.644494728573066,0.706428419295135
"B-bad",336,200,0.933,0.921129512643065,0.944870487356935,0.067,0.0551295126430647,0.0788704873569354,0.0680257496621908,0.0618544428258788,0.0741970564985027,0.931974250337809,0.925802943501497,0.938145557174121,0.079511403065954,0.0707065249070803,0.0883162812248278,2.972875,2.84706651785863,3.09868348214136,59.4575,56.9413303571727,61.9736696428273,0.6754615739341,0.644494728573066,0.706428419295135
"B-bad",337,200,0.9295,0.915675969652206,0.943324030347794,0.0705,0.0566759696522062,0.0843240303477938,0.0676145122273826,0.0614547729320149,0.0737742515227503,0.932385487772617,0.92622574847725,0.938545227067985,0.0792690527324963,0.0703892377639276,0.0881488677010649,2.9764,2.85040066135389,3.1023993386461,59.528,57.0080132270779,62.0479867729221,0.6754615739341,0.644494728573066,0.706428419295135
"B-bad",338,200,0.935,0.92349397133133,0.94650602866867,0.065,0.0534939713313299,0.0765060286686701,0.0679233695518214,0.0616881532605292,0.0741585858431137,0.932076630448179,0.925841414156886,0.938311846739471,0.0795384423361374,0.0705747227602454,0.0885021619120293,2.97965,2.85349891649036,3.10580108350964,59.593,57.0699783298072,62.1160216701928,0.6754615739341,0.644494728573066,0.706428419295135
"B-bad",339,200,0.9265,0.914517484823115,0.938482515176885,0.0735,0.0615174848231155,0.0854825151768845,0.0676371410091293,0.0614816220601841,0.0737926599580744,0.932362858990871,0.926207340041926,0.938518377939816,0.0793986906935876,0.0704315294803209,0.0883658519068543,2.983325,2.856937803714,3.10971219628599,59.6665,57.1387560742801,62.1942439257199,0.6754615739341,0.644494728573066,0.706428419295135
"B-bad",340,200,0.9265,0.912840924001356,0.940159075998644,0.0735,0.0598409240013564,0.0871590759986436,0.0674177980975908,0.0611940025630485,0.0736415936321331,0.932582201902409,0.926358406367867,0.938805997436951,0.0794060582766034,0.0702598409110103,0.0885522756421965,2.987,2.86042137251907,3.11357862748092,59.74,57.2084274503815,62.2715725496185,0.6754615739341,0.644494728573066,0.706428419295135
"B-bad",341,200,0.9285,0.916689957285598,0.940310042714402,0.0715,0.0596899572855985,0.0833100427144015,0.0666902483372403,0.060580396860969,0.0728000998135116,0.93330975166276,0.927199900186488,0.939419603139031,0.078411953524391,0.0694273971736978,0.0873965098750842,2.990575,2.86379892116281,3.11735107883718,59.8115,57.2759784232563,62.3470215767437,0.6754615739341,0.644494728573066,0.706428419295135
"B-bad",342,200,0.922,0.909720889389947,0.934279110610054,0.078,0.0657208893899465,0.0902791106100535,0.0670215604919216,0.0608569780039732,0.0731861429798701,0.932978439508078,0.92681385702013,0.939143021996027,0.0789734914423284,0.0699510696183637,0.087995913266293,2.994475,2.86755667133412,3.12139332866588,59.8895,57.3511334266824,62.4278665733176,0.6754615739341,0.644494728573066,0.706428419295135
"B-bad",343,200,0.934,0.921619459804326,0.946380540195674,0.066,0.0536194598043264,0.0783805401956736,0.0660631351786738,0.0600006305454649,0.0721256398118827,0.933936864821326,0.927874360188117,0.939999369454535,0.0774544458072998,0.0686247907360763,0.0862841008785233,2.997775,2.87064181839884,3.12490818160115,59.9555,57.4128363679769,62.4981636320231,0.6754615739341,0.644494728573066,0.706428419295135
"B-bad",344,200,0.929,0.917255287422722,0.940744712577279,0.071,0.0592552874227215,0.0827447125772785,0.0662044563251784,0.0600349329528826,0.0723739796974741,0.933795543674822,0.927626020302526,0.939965067047117,0.0777117933575262,0.0687193745332338,0.0867042121818186,3.001325,2.87398052193127,3.12866947806873,60.0265,57.4796104386254,62.5733895613746,0.6754615739341,0.644494728573066,0.706428419295135
"B-bad",345,200,0.932,0.919913363854291,0.944086636145709,0.068,0.0559133638542913,0.0800866361457087,0.0658441811398189,0.0596175672015733,0.0720707950780645,0.934155818860181,0.927929204921935,0.940382432798427,0.0769636100783245,0.0680454349438466,0.0858817852128025,3.004725,2.8772172864315,3.1322327135685,60.0945,57.54434572863,62.64465427137,0.6754615739341,0.644494728573066,0.706428419295135
"B-bad",346,200,0.933,0.921379060278007,0.944620939721993,0.067,0.0553790602780072,0.0786209397219929,0.0659173233698215,0.0596601613058746,0.0721744854337684,0.934082676630178,0.927825514566232,0.940339838694125,0.0770032936266797,0.0681006956929063,0.0859058915604531,3.008075,2.88037662149059,3.1357733785094,60.1615,57.6075324298119,62.7154675701881,0.6754615739341,0.644494728573066,0.706428419295135
"B-bad",347,200,0.925,0.91340936703998,0.936590632960021,0.075,0.0634093670399794,0.0865906329600205,0.0656724419809748,0.0595951104914899,0.0717497734704596,0.934327558019025,0.92825022652954,0.94040488950851,0.076835335328376,0.0680654781592079,0.0856051924975441,3.011825,2.88402659330244,3.13962340669756,60.2365,57.6805318660487,62.7924681339513,0.6754615739341,0.644494728573066,0.706428419295135
"B-bad",348,200,0.936,0.924989508738194,0.947010491261806,0.064,0.0529895087381935,0.0750104912618065,0.0652929598964166,0.0592390105942399,0.0713469091985934,0.934707040103583,0.928653090801407,0.94076098940576,0.0765350885340953,0.0677861828900581,0.0852839941781326,3.015025,2.88711809118934,3.14293190881066,60.3005,57.7423618237868,62.8586381762132,0.6754615739341,0.644494728573066,0.706428419295135
"B-bad",349,200,0.937,0.926510287973706,0.947489712026294,0.063,0.0525102879737057,0.0734897120262943,0.065249602429448,0.0591918017578851,0.071307403101011,0.934750397570552,0.928692596898989,0.940808198242115,0.0765186626360535,0.067809912108513,0.0852274131635941,3.018175,2.89014317060562,3.14620682939438,60.3635,57.8028634121124,62.9241365878876,0.6754615739341,0.644494728573066,0.706428419295135
"B-bad",350,200,0.932,0.921014383205609,0.942985616794391,0.068,0.0570143832056087,0.0789856167943913,0.0647631006841217,0.058815240341905,0.0707109610263384,0.935236899315878,0.929289038973662,0.941184759658095,0.0758515908996437,0.0673080672156915,0.0843951145835959,3.021575,2.89341010558659,3.1497398944134,60.4315,57.8682021117319,62.9947978882681,0.6754615739341,0.644494728573066,0.706428419295135
"B-bad",351,200,0.9255,0.913394180468364,0.937605819531636,0.0745,0.0623941804683637,0.0866058195316363,0.0652321323529293,0.0592460681589401,0.0712181965469185,0.934767867647071,0.928781803453081,0.94075393184106,0.0765770597292958,0.0679709413989497,0.0851831780596418,3.0253,2.89693065831876,3.15366934168123,60.506,57.9386131663753,63.0733868336247,0.6754615739341,0.644494728573066,0.706428419295135
"B-bad",352,200,0.9385,0.927171325241453,0.949828674758547,0.0615,0.0501713252414528,0.0728286747585472,0.0653152222954493,0.0593437485443584,0.0712866960465403,0.934684777704551,0.92871330395346,0.940656251455642,0.0768604923836223,0.0682745795338729,0.0854464052333717,3.028375,2.89987157615972,3.15687842384027,60.5675,57.9974315231945,63.1375684768055,0.6754615739341,0.644494728573066,0.706428419295135
"B-bad",353,200,0.943,0.932967328855971,0.953032671144029,0.057,0.0469673288559712,0.0670326711440288,0.0653978542444642,0.0593399080939548,0.0714558003949736,0.934602145755536,0.928544199605026,0.940660091906045,0.0769319943624929,0.0682716170016513,0.0855923717233346,3.031225,2.90261681699302,3.15983318300698,60.6245,58.0523363398604,63.1966636601396,0.6754615739341,0.644494728573066,0.706428419295135
"B-bad",354,200,0.94,0.929172045374152,0.950827954625848,0.06,0.0491720453741523,0.0708279546258477,0.0648155042812782,0.0588757174599186,0.0707552911026379,0.935184495718722,0.929244708897362,0.941124282540081,0.0760652036780483,0.0675919240286762,0.0845384833274204,3.034225,2.90547552175067,3.16297447824933,60.6845,58.1095104350134,63.2594895649866,0.6754615739341,0.644494728573066,0.706428419295135
"B-bad",355,200,0.9245,0.912273717590084,0.936726282409916,0.0755,0.0632737175900836,0.0877262824099164,0.0642925389409624,0.0584263116204634,0.0701587662614614,0.935707461059038,0.929841233738539,0.941573688379537,0.0750909261213989,0.0668043905985477,0.08337746164425,3.038,2.90908356710065,3.16691643289934,60.76,58.1816713420131,63.3383286579869,0.6754615739341,0.644494728573066,0.706428419295135
"B-bad",356,200,0.935,0.92349397133133,0.94650602866867,0.065,0.0534939713313299,0.0765060286686701,0.0650151614228193,0.0588910724381216,0.071139250407517,0.934984838577181,0.928860749592483,0.941108927561878,0.0764325071225859,0.0678517338762967,0.0850132803688751,3.04125,2.91216281973348,3.17033718026652,60.825,58.2432563946696,63.4067436053304,0.6754615739341,0.644494728573066,0.706428419295135
"B-bad",357,200,0.9365,0.924379661707003,0.948620338292997,0.0635,0.0513796617070032,0.0756203382929968,0.0644384323705452,0.0585396256327881,0.0703372391083022,0.935561567629455,0.929662760891698,0.941460374367212,0.0759380243022728,0.0674405456839376,0.084435502920608,3.044425,2.91517917193984,3.17367082806015,60.8885,58.3035834387969,63.4734165612031,0.6754615739341,0.644494728573066,0.706428419295135
"B-bad",358,200,0.945,0.934943983458161,0.955056016541839,0.055,0.0449439834581606,0.0650560165418393,0.0638307526008421,0.058013316644164,0.0696481885575203,0.936169247399158,0.93035181144248,0.941986683355836,0.074918739539297,0.066523594719292,0.083313884359302,3.047175,2.91783121103384,3.17651878896615,60.9435,58.3566242206769,63.5303757793231,0.6754615739341,0.644494728573066,0.706428419295135
"B-bad",359,200,0.9425,0.932377406635951,0.952622593364049,0.0575,0.0473774066359511,0.0676225933640489,0.0636885800484775,0.0577960053537665,0.0695811547431885,0.936311419951522,0.930418845256811,0.942203994646234,0.0748204296485378,0.0663829287058455,0.0832579305912301,3.05005,2.92059081362733,3.17950918637266,61.001,58.4118162725467,63.5901837274533,0.6754615739341,0.644494728573066,0.706428419295135
"B-bad",360,200,0.9315,0.919428125484297,0.943571874515703,0.0685,0.0564281254842966,0.0805718745157035,0.0636769672005847,0.0578673059237547,0.0694866284774146,0.936323032799415,0.930513371522585,0.942132694076245,0.0748036967083148,0.066321750128557,0.0832856432880726,3.053475,2.92388913741167,3.18306086258832,61.0695,58.4777827482335,63.6612172517665,0.6754615739341,0.644494728573066,0.706428419295135
"B-bad",361,200,0.935,0.923926684675493,0.946073315324508,0.065,0.0539266846754925,0.0760733153245075,0.0636500816110319,0.0578145703472646,0.0694855928747991,0.936349918388968,0.930514407125201,0.942185429652735,0.0747161525788937,0.0662593161940298,0.0831729889637575,3.056725,2.92704582200193,3.18640417799807,61.1345,58.5409164400386,63.7280835599614,0.6754615739341,0.644494728573066,0.706428419295135
"B-bad",362,200,0.9325,0.920809694679655,0.944190305320345,0.0675,0.0558096946796552,0.0791903053203448,0.0633217913307059,0.0575765229581913,0.0690670597032205,0.936678208669294,0.93093294029678,0.942423477041809,0.0742192148440406,0.0658162883702669,0.0826221413178144,3.0601,2.93024448239212,3.18995551760787,61.202,58.6048896478425,63.7991103521575,0.6754615739341,0.644494728573066,0.706428419295135
"B-bad",363,200,0.9265,0.913651828396597,0.939348171603403,0.0735,0.0606518283965969,0.0863481716034031,0.0629118882622088,0.0570519230109457,0.068771853513472,0.937088111737791,0.931228146486528,0.942948076989054,0.073660881875932,0.0651548058625217,0.0821669578893423,3.063775,2.93379448286923,3.19375551713076,61.2755,58.6758896573847,63.8751103426153,0.6754615739341,0.644494728573066,0.706428419295135
"B-bad",364,200,0.9455,0.934422494372886,0.956577505627114,0.0545,0.0434224943728865,0.0655775056271135,0.0629192774144709,0.0570097126295443,0.0688288421993976,0.937080722585529,0.931171157800602,0.942990287370456,0.0737865151057139,0.0652045872257721,0.0823684429856558,3.0665,2.93643257062082,3.19656742937917,61.33,58.7286514124165,63.9313485875835,0.6754615739341,0.644494728573066,0.706428419295135
"B-bad",365,200,0.9425,0.931905790267218,0.953094209732782,0.0575,0.0469057902672181,0.0680942097327819,0.0627300534075757,0.0568272242911712,0.0686328825239802,0.937269946592424,0.93136711747602,0.943172775708829,0.0734225934899856,0.0649501620914562,0.081895024888515,3.069375,2.93921235723178,3.19953764276822,61.3875,58.7842471446356,63.9907528553644,0.6754615739341,0.644494728573066,0.706428419295135
"B-bad",366,200,0.9405,0.929221458103773,0.951778541896227,0.0595,0.0482214581037732,0.0707785418962268,0.0622335729540644,0.0564607670919949,0.068006378816134,0.937766427045935,0.931993621183866,0.943539232908005,0.0730069998984893,0.0646035499734319,0.0814104498235468,3.07235,2.94200909287336,3.20269090712663,61.447,58.8401818574673,64.0538181425327,0.6754615739341,0.644494728573066,0.706428419295135
"B-bad",367,200,0.937,0.926054478457247,0.947945521542753,0.063,0.0520544784572471,0.0739455215427529,0.0618598693191901,0.0562029921348,0.0675167465035802,0.93814013068081,0.93248325349642,0.9437970078652,0.0725319907329676,0.0642354160877493,0.0808285653781859,3.0755,2.94505222298158,3.20594777701842,61.51,58.9010444596316,64.1189555403684,0.6754615739341,0.644494728573066,0.706428419295135
"B-bad",368,200,0.9385,0.927345148212297,0.949654851787703,0.0615,0.0503451482122966,0.0726548517877034,0.0617772547099825,0.0560657941098098,0.0674887153101552,0.938222745290017,0.932511284689845,0.94393420589019,0.0724243307685968,0.0640903716041811,0.0807582899330125,3.078575,2.94790835794474,3.20924164205525,61.5715,58.9581671588949,64.1848328411051,0.6754615739341,0.644494728573066,0.706428419295135
"B-bad",369,200,0.9475,0.937425782508351,0.95757421749165,0.0525,0.0424257825083505,0.0625742174916495,0.0618323556541782,0.0560096738847971,0.0676550374235592,0.938167644345822,0.932344962576441,0.943990326115203,0.0724313872418959,0.0638764835584354,0.0809862909253564,3.0812,2.95046273747011,3.21193726252988,61.624,59.0092547494023,64.2387452505977,0.6754615739341,0.644494728573066,0.706428419295135
"B-bad",370,200,0.938,0.926341287612582,0.949658712387418,0.062,0.0503412876125819,0.0736587123874181,0.0618430326301386,0.0561017209938294,0.0675843442664478,0.938156967369861,0.932415655733552,0.943898279006171,0.0723092557471416,0.0638468296640733,0.08077168183021,3.0843,2.95344824438613,3.21515175561386,61.686,59.0689648877227,64.3030351122773,0.6754615739341,0.644494728573066,0.706428419295135
"B-bad",371,200,0.937,0.925446516600156,0.948553483399844,0.063,0.0514465166001562,0.0745534833998438,0.0617198992872221,0.0560939304602712,0.067345868114173,0.938280100712778,0.932654131885827,0.943906069539729,0.0722464833378377,0.0638973211939493,0.0805956454817262,3.08745,2.95648284146862,3.21841715853138,61.749,59.1296568293724,64.3683431706277,0.6754615739341,0.644494728573066,0.706428419295135
"B-bad",372,200,0.936,0.924726440318369,0.947273559681631,0.064,0.0527264403183694,0.0752735596816306,0.0610817854780035,0.0556444748067513,0.0665190961492557,0.938918214521997,0.933480903850744,0.944355525193249,0.0714449348191812,0.0633158026632206,0.0795740669751418,3.09065,2.95954129915293,3.22175870084707,61.813,59.1908259830586,64.4351740169414,0.6754615739341,0.644494728573066,0.706428419295135
"B-bad",373,200,0.931,0.918862543856589,0.943137456143411,0.069,0.0568625438565885,0.0811374561434115,0.0614577757852795,0.0560014072064035,0.0669141443641555,0.93854222421472,0.933085855635844,0.943998592793596,0.0722913436753748,0.0640586140759001,0.0805240732748495,3.0941,2.96286937481532,3.22533062518468,61.882,59.2573874963064,64.5066125036935,0.6754615739341,0.644494728573066,0.706428419295135
"B-bad",374,200,0.941,0.930065195354278,0.951934804645722,0.059,0.0480651953542778,0.0699348046457222,0.0611416319086735,0.0556980345398626,0.0665852292774844,0.938858368091327,0.933414770722516,0.944301965460137,0.0716928180885625,0.0635117618268911,0.0798738743502339,3.09705,2.9657779408108,3.22832205918919,61.941,59.3155588162161,64.5664411837839,0.6754615739341,0.644494728573066,0.706428419295135
"B-bad",375,200,0.935,0.923241984615028,0.946758015384972,0.065,0.0532419846150284,0.0767580153849716,0.0606004199579345,0.0552431130075971,0.0659577269082719,0.939399580042065,0.934042273091728,0.944756886992403,0.0709793681226489,0.0629888248664758,0.0789699113788221,3.1003,2.96881769141772,3.23178230858227,62.006,59.3763538283545,64.6356461716455,0.6754615739341,0.644494728573066,0.706428419295135
"B-bad",376,200,0.9415,0.931489996630676,0.951510003369324,0.0585,0.0484899966306757,0.0685100033693243,0.0603224655879932,0.054987724776054,0.0656572063999323,0.939677534412007,0.934342793600068,0.945012275223946,0.0708305655692543,0.0628543989634581,0.0788067321750504,3.103225,2.97174047594535,3.23470952405464,62.0645,59.4348095189071,64.6941904810929,0.6754615739341,0.644494728573066,0.706428419295135
"B-bad",377,200,0.9375,0.925851558038173,0.949148441961827,0.0625,0.0508515580381729,0.0741484419618271,0.0603726786135914,0.0550759234675388,0.0656694337596439,0.939627321386409,0.934330566240356,0.944924076532461,0.0709979324601863,0.063008052221452,0.0789878126989205,3.10635,2.97476833871009,3.23793166128991,62.127,59.4953667742018,64.7586332257982,0.6754615739341,0.644494728573066,0.706428419295135
"B-bad",378,200,0.947,0.937025931408375,0.956974068591625,0.053,0.0430259314083753,0.0629740685916247,0.0597304524819414,0.0545353938290389,0.064925511134844,0.940269547518059,0.935074488865156,0.945464606170961,0.0704289419452317,0.0624749378785863,0.078382946011877,3.109,2.97733755188326,3.24066244811674,62.18,59.5467510376652,64.8132489623348,0.6754615739341,0.644494728573066,0.706428419295135
"B-bad",379,200,0.9465,0.936335026308085,0.956664973691915,0.0535,0.0433350263080845,0.0636649736919155,0.0597446934567564,0.054486227610111,0.0650031593034017,0.940255306543244,0.934996840696598,0.945513772389889,0.0706096780525844,0.0625437673561831,0.0786755887489857,3.111675,2.97985817366121,3.24349182633878,62.2335,59.5971634732243,64.8698365267757,0.6754615739341,0.644494728573066,0.706428419295135
"B-bad",380,200,0.9455,0.935835633462359,0.955164366537641,0.0545,0.0448356334623589,0.0641643665376411,0.0593886703908564,0.05424377651576,0.0645335642659527,0.940611329609144,0.935466435734047,0.94575622348424,0.0703807177888977,0.0624084512527246,0.0783529843250708,3.1144,2.98250742009098,3.24629257990901,62.288,59.6501484018197,64.9258515981803,0.6754615739341,0.644494728573066,0.706428419295135
"B-bad",381,200,0.938,0.926681463532156,0.949318536467844,0.062,0.0506814635321562,0.0733185364678438,0.058925507863992,0.0538337520484078,0.0640172636795762,0.941074492136008,0.935982736320424,0.946166247951592,0.0698035849927445,0.0617955398842559,0.0778116301012331,3.1175,2.98546908762606,3.24953091237394,62.35,59.7093817525213,64.9906182474787,0.6754615739341,0.644494728573066,0.706428419295135
"B-bad",382,200,0.9415,0.930920556366622,0.952079443633378,0.0585,0.0479205563666219,0.0690794436333781,0.058389148439107,0.0533265667141446,0.0634517301640694,0.941610851560893,0.936548269835931,0.946673433285855,0.0686521033506821,0.0607870607725103,0.076517145928854,3.120425,2.98831051587074,3.25253948412926,62.4085,59.7662103174148,65.0507896825852,0.6754615739341,0.644494728573066,0.706428419295135
"B-bad",383,200,0.9405,0.930313902266861,0.950686097733139,0.0595,0.049313902266861,0.069686097733139,0.0584972310861392,0.0533107121355258,0.0636837500367527,0.941502768913861,0.936316249963247,0.946689287864474,0.0691567637094846,0.0611091036798033,0.0772044237391659,3.1234,2.99116853591197,3.25563146408803,62.468,59.8233707182394,65.1126292817606,0.6754615739341,0.644494728573066,0.706428419295135
"B-bad",384,200,0.9365,0.924957727108187,0.948042272891813,0.0635,0.0519577271081868,0.0750422728918132,0.0586062691644723,0.0533396490557089,0.0638728892732357,0.941393730835528,0.936127110726764,0.946660350944291,0.0694570955508506,0.0612786754577445,0.0776355156439567,3.126575,2.99428392470691,3.25886607529309,62.5315,59.8856784941382,65.1773215058618,0.6754615739341,0.644494728573066,0.706428419295135
"B-bad",385,200,0.942,0.930612615351819,0.953387384648181,0.058,0.0466126153518187,0.0693873846481813,0.0583904716096997,0.0531215666208034,0.0636593765985961,0.9416095283903,0.936340623401404,0.946878433379197,0.0690398339973603,0.0609270504372555,0.0771526175574651,3.129475,2.99706027835841,3.26188972164158,62.5895,59.9412055671683,65.2377944328317,0.6754615739341,0.644494728573066,0.706428419295135
"B-bad",386,200,0.9395,0.92886345191618,0.95013654808382,0.0605,0.0498634519161801,0.0711365480838199,0.0583271057618799,0.0531060395810447,0.0635481719427152,0.94167289423812,0.936451828057285,0.946893960418955,0.0692655906251721,0.0611795309336824,0.0773516503166618,3.1325,2.99994107523361,3.26505892476639,62.65,59.9988215046722,65.3011784953278,0.6754615739341,0.644494728573066,0.706428419295135
"B-bad",387,200,0.939,0.928652833149779,0.949347166850221,0.061,0.0506528331497794,0.0713471668502206,0.0580640088326518,0.052869855812755,0.0632581618525486,0.941935991167348,0.936741838147451,0.947130144187245,0.0690296911035235,0.0608477785061209,0.077211603700926,3.13555,3.00288386185481,3.26821613814518,62.711,60.0576772370963,65.3643227629037,0.6754615739341,0.644494728573066,0.706428419295135
"B-bad",388,200,0.935,0.92366507422411,0.94633492577589,0.065,0.0536650742241096,0.0763349257758904,0.0584455229292498,0.0531564239428237,0.0637346219156758,0.94155447707075,0.936265378084324,0.946843576057176,0.0695466563042322,0.06129018128353,0.0778031313249344,3.1388,3.00603310673141,3.27156689326858,62.776,60.1206621346283,65.4313378653717,0.6754615739341,0.644494728573066,0.706428419295135
"B-bad",389,200,0.938,0.927121632276595,0.948878367723405,0.062,0.0511216322765948,0.0728783677234052,0.0583426070219648,0.0530257582038765,0.0636594558400532,0.941657392978035,0.936340544159947,0.946974241796123,0.0691798558704824,0.0608963194218303,0.0774633923191345,3.1419,3.00898151734229,3.2748184826577,62.838,60.1796303468459,65.4963696531541,0.6754615739341,0.644494728573066,0.706428419295135
"B-bad",390,200,0.931,0.920410171804065,0.941589828195935,0.069,0.0584101718040654,0.0795898281959346,0.0579701887528556,0.0528043214619191,0.063136056043792,0.942029811247144,0.936863943956208,0.947195678538081,0.0688207917581625,0.0607274343470605,0.0769141491692645,3.14535,3.01238878105358,3.27831121894642,62.907,60.2477756210716,65.5662243789284,0.6754615739341,0.644494728573066,0.706428419295135
"B-bad",391,200,0.9355,0.923647016038372,0.947352983961628,0.0645,0.052647016038372,0.076352983961628,0.0573557962400505,0.0523250048288132,0.0623865876512878,0.942644203759949,0.937613412348712,0.947674995171187,0.0681875481138914,0.060192637933301,0.0761824582944818,3.148575,3.0155251374789,3.28162486252109,62.9715,60.3105027495781,65.6324972504219,0.6754615739341,0.644494728573066,0.706428419295135
"B-bad",392,200,0.949,0.93863396521498,0.959366034785019,0.051,0.0406339652149805,0.0613660347850195,0.0575185613279251,0.052379868311825,0.0626572543440252,0.942481438672075,0.937342745655975,0.947620131688175,0.0684906509269565,0.0604135255970914,0.0765677762568216,3.151125,3.01801346611136,3.28423653388864,63.0225,60.3602693222272,65.6847306777728,0.6754615739341,0.644494728573066,0.706428419295135
"B-bad",393,200,0.939,0.928011715390749,0.949988284609251,0.061,0.050011715390749,0.071988284609251,0.0578195660353806,0.0526128485222565,0.0630262835485047,0.942180433964619,0.936973716451495,0.947387151477743,0.0690710441615231,0.0608632006554036,0.0772788876676426,3.154175,3.02095538558534,3.28739461441466,63.0835,60.4191077117068,65.7478922882932,0.6754615739341,0.644494728573066,0.706428419295135
"B-bad",394,200,0.9415,0.930737436133934,0.952262563866066,0.0585,0.0477374361339345,0.0692625638660655,0.057807089386806,0.0525315800628665,0.0630825987107455,0.942192910613194,0.936917401289254,0.947468419937133,0.0691582981941495,0.0608085253038346,0.0775080710844644,3.1571,3.02383282212882,3.29036717787117,63.142,60.4766564425765,65.8073435574235,0.6754615739341,0.644494728573066,0.706428419295135
"B-bad",395,200,0.9485,0.937764705035993,0.959235294964007,0.0515,0.0407647050359926,0.0622352949640074,0.0577205880731729,0.0524341199515587,0.0630070561947871,0.942279411926827,0.936992943805213,0.947565880048441,0.0688891999467635,0.0605602720482369,0.0772181278452901,3.159675,3.02629422030681,3.29305577969318,63.1935,60.5258844061363,65.8611155938637,0.6754615739341,0.644494728573066,0.706428419295135
"B-bad",396,200,0.9405,0.929484407540401,0.951515592459599,0.0595,0.0484844075404011,0.0705155924595989,0.0572528617484181,0.0519272414499395,0.0625784820468966,0.942747138251582,0.937421517953103,0.94807275855006,0.0679653732036548,0.0596230633522654,0.0763076830550442,3.16265,3.02917725080933,3.29612274919066,63.253,60.5835450161867,65.9224549838133,0.6754615739341,0.644494728573066,0.706428419295135
"B-bad",397,200,0.9465,0.936335026308085,0.956664973691915,0.0535,0.0433350263080845,0.0636649736919155,0.0570608208175346,0.0517301122589476,0.0623915293761217,0.942939179182465,0.937608470623878,0.948269887741052,0.0679137980388785,0.0595231400205716,0.0763044560571854,3.165325,3.03181062097678,3.29883937902322,63.3065,60.6362124195356,65.9767875804644,0.6754615739341,0.644494728573066,0.706428419295135
"B-bad",398,200,0.9315,0.920266595020818,0.942733404979182,0.0685,0.0572665950208176,0.0797334049791825,0.0569908182041096,0.0516887766006309,0.0622928598075883,0.94300918179589,0.937707140192412,0.948311223399369,0.0678979440794044,0.0595484371347391,0.0762474510240696,3.16875,3.03511243289141,3.30238756710858,63.375,60.7022486578283,66.0477513421717,0.6754615739341,0.644494728573066,0.706428419295135
"B-bad",399,200,0.9495,0.938143760467231,0.960856239532769,0.0505,0.0391437604672306,0.0618562395327694,0.0568533242929608,0.0516091595357826,0.062097489050139,0.943146675707039,0.937902510949861,0.948390840464217,0.0678253889102629,0.0595712507039693,0.0760795271165564,3.171275,3.03753555039428,3.30501444960572,63.4255,60.7507110078856,66.1002889921144,0.6754615739341,0.644494728573066,0.706428419295135
"B-bad",400,200,0.941,0.929800348991639,0.952199651008361,0.059,0.0478003489916391,0.0701996510083609,0.0566380921661786,0.0513115752577018,0.0619646090746554,0.943361907833821,0.938035390925344,0.948688424742298,0.0677326143896164,0.0593741768479946,0.0760910519312382,3.174225,3.04041373616765,3.30803626383235,63.4845,60.808274723353,66.160725276647,0.6754615739341,0.644494728573066,0.706428419295135
"B-bad",401,200,0.9475,0.936859778282056,0.958140221717944,0.0525,0.0418597782820564,0.0631402217179436,0.056229726959417,0.0509340587059534,0.0615253952128807,0.943770273040583,0.938474604787119,0.949065941294047,0.067200677139804,0.0588699919962174,0.0755313622833906,3.17685,3.04296418531186,3.31073581468814,63.537,60.8592837062372,66.2147162937628,0.6754615739341,0.644494728573066,0.706428419295135
"B-bad",402,200,0.9485,0.937674075806015,0.959325924193985,0.0515,0.0406740758060155,0.0623259241939845,0.0564017171842211,0.0510999378279186,0.0617034965405236,0.943598282815779,0.938296503459476,0.948900062172081,0.0677736412663285,0.0594676133181805,0.0760796692144765,3.179425,3.04544094402602,3.31340905597397,63.5885,60.9088188805205,66.2681811194795,0.6754615739341,0.644494728573066,0.706428419295135
"B-bad",403,200,0.9385,0.927611084152375,0.949388915847625,0.0615,0.050611084152375,0.072388915847625,0.0559605092786002,0.0507168784842539,0.0612041400729465,0.9440394907214,0.938795859927053,0.949283121515746,0.067015140858972,0.0587288923461697,0.0753013893717743,3.1825,3.04843402622247,3.31656597377752,63.65,60.9686805244495,66.3313194755505,0.6754615739341,0.644494728573066,0.706428419295135
"B-bad",404,200,0.944,0.933761998552784,0.954238001447216,0.056,0.0457619985527839,0.0662380014472161,0.0556064151813971,0.0503917126809447,0.0608211176818494,0.944393584818603,0.939178882318151,0.949608287319055,0.066578219230291,0.0583636461632395,0.0747927922973424,3.1853,3.05110885135688,3.31949114864311,63.706,61.0221770271377,66.3898229728623,0.6754615739341,0.644494728573066,0.706428419295135
"B-bad",405,200,0.9475,0.936587779864942,0.958412220135058,0.0525,0.0415877798649418,0.0634122201350582,0.0551726522892561,0.0501017855553981,0.0602435190231142,0.944827347710744,0.939756480976886,0.949898214444602,0.06623582754373,0.058166804292004,0.074304850795456,3.187925,3.05365275453285,3.32219724546715,63.7585,61.073055090657,66.443944909343,0.6754615739341,0.644494728573066,0.706428419295135
"B-bad",406,200,0.9535,0.943529115546852,0.963470884453148,0.0465,0.0365291155468524,0.0564708844531476,0.0552611913427806,0.050077929019848,0.0604444536657132,0.944738808657219,0.939555546334287,0.949922070980152,0.0662953876405491,0.0580875643343136,0.0745032109467847,3.19025,3.05592034625175,3.32457965374825,63.805,61.118406925035,66.491593074965,0.6754615739341,0.644494728573066,0.706428419295135
"B-bad",407,200,0.9425,0.931998419015571,0.953001580984429,0.0575,0.0469984190155713,0.0680015809844287,0.0549716850333132,0.049796718426286,0.0601466516403404,0.945028314966687,0.93985334835966,0.950203281573714,0.0660480771167966,0.0578131628373038,0.0742829913962894,3.193125,3.05864660157198,3.32760339842802,63.8625,61.1729320314396,66.5520679685604,0.6754615739341,0.644494728573066,0.706428419295135
"B-bad",408,200,0.947,0.936454550535498,0.957545449464503,0.053,0.0424545505354975,0.0635454494645025,0.0548458978585616,0.049724778886699,0.0599670168304242,0.945154102141438,0.940032983169576,0.950275221113301,0.0661975566748982,0.0579697721259492,0.0744253412238471,3.195775,3.0612633908413,3.3302866091587,63.9155,61.225267816826,66.605732183174,0.6754615739341,0.644494728573066,0.706428419295135
"B-bad",409,200,0.945,0.934194627160204,0.955805372839796,0.055,0.0441946271602039,0.0658053728397961,0.0550650855702689,0.0497673335266868,0.060362837613851,0.944934914429731,0.939637162386149,0.950232666473313,0.0664066163237406,0.0579837473186476,0.0748294853288337,3.198525,3.06398385484417,3.33306614515582,63.9705,61.2796770968835,66.6613229031165,0.6754615739341,0.644494728573066,0.706428419295135
"B-bad",410,200,0.9405,0.929753789171666,0.951246210828334,0.0595,0.0487537891716661,0.0702462108283339,0.0538982972808897,0.0488844890874591,0.0589121054743202,0.94610170271911,0.94108789452568,0.951115510912541,0.064799444929243,0.0566923106362855,0.0729065792222005,3.2015,3.06687538217015,3.33612461782984,64.03,61.3375076434031,66.7224923565969,0.6754615739341,0.644494728573066,0.706428419295135
"B-bad",411,200,0.9445,0.933343396576941,0.955656603423059,0.0555,0.0443433965769405,0.0666566034230595,0.0538901584394951,0.0488216559908265,0.0589586608881638,0.946109841560505,0.941041339111836,0.951178344009173,0.0646777370369997,0.0565235074967648,0.0728319665772345,3.204275,3.06958792050534,3.33896207949466,64.0855,61.3917584101067,66.7792415898932,0.6754615739341,0.644494728573066,0.706428419295135
"B-bad",412,200,0.9425,0.931813964413693,0.953186035586307,0.0575,0.0468139644136926,0.0681860355863074,0.0542567506114697,0.0490589400411432,0.0594545611817962,0.94574324938853,0.940545438818204,0.950941059958857,0.0650778232461479,0.0568595358907368,0.0732961106015591,3.20715,3.07237734684913,3.34192265315086,64.143,61.4475469369827,66.8384530630173,0.6754615739341,0.644494728573066,0.706428419295135
"B-bad",413,200,0.9515,0.94151932144356,0.96148067855644,0.0485,0.0385193214435597,0.0584806785564403,0.0540343292733253,0.0488711807287677,0.0591974778178828,0.945965670726675,0.940802522182117,0.951128819271232,0.0646320889428996,0.0565094188576166,0.0727547590281827,3.209575,3.07473292750922,3.34441707249077,64.1915,61.4946585501845,66.8883414498155,0.6754615739341,0.644494728573066,0.706428419295135
"B-bad",414,200,0.9455,0.935152124981356,0.955847875018644,0.0545,0.044152124981356,0.064847875018644,0.0537940515105056,0.0486006567720086,0.0589874462490027,0.946205948489494,0.941012553750997,0.951399343227991,0.0640286025739281,0.0558710500689288,0.0721861550789275,3.2123,3.07728059340575,3.34731940659424,64.246,61.5456118681151,66.9463881318849,0.6754615739341,0.644494728573066,0.706428419295135
"B-bad",415,200,0.9525,0.941587779864942,0.963412220135058,0.0475,0.0365877798649418,0.0584122201350582,0.0533340420512075,0.0481583196027808,0.0585097644996341,0.946665957948792,0.941490235500366,0.951841680397219,0.063452872134296,0.0553538429995075,0.0715519012690846,3.214675,3.07956847430331,3.34978152569669,64.2935,61.5913694860662,66.9956305139338,0.6754615739341,0.644494728573066,0.706428419295135
"B-bad",416,200,0.9505,0.94154945481637,0.95945054518363,0.0495,0.0405494548163695,0.0584505451836305,0.0533760906146064,0.048117374052689,0.0586348071765238,0.946623909385394,0.941365192823476,0.951882625947311,0.0633849577877226,0.0552053826511454,0.0715645329242998,3.21715,3.08193214548479,3.35236785451521,64.343,61.6386429096958,67.0473570903042,0.6754615739341,0.644494728573066,0.706428419295135
"B-bad",417,200,0.94,0.929082185288755,0.950917814711245,0.06,0.0490821852887552,0.0709178147112448,0.0538562583461315,0.0484146974372513,0.0592978192550118,0.946143741653868,0.940702180744988,0.951585302562749,0.0640731297915858,0.0556974476347482,0.0724488119484235,3.22015,3.08486147170218,3.35543852829782,64.403,61.6972294340437,67.1087705659563,0.6754615739341,0.644494728573066,0.706428419295135
"B-bad",418,200,0.9445,0.933790218653439,0.955209781346561,0.0555,0.0447902186534394,0.0662097813465606,0.0538148053283355,0.0483913130036305,0.0592382976530405,0.946185194671665,0.94076170234696,0.951608686996369,0.064243857194002,0.0558778942094215,0.0726098201785825,3.222925,3.08749468346905,3.35835531653095,64.4585,61.749893669381,67.167106330619,0.6754615739341,0.644494728573066,0.706428419295135
"B-bad",419,200,0.9455,0.935835633462359,0.955164366537641,0.0545,0.0448356334623589,0.0641643665376411,0.0533993413861813,0.0480729795348075,0.058725703237555,0.946600658613819,0.941274296762445,0.951927020465193,0.0637271125152356,0.055440581206394,0.0720136438240772,3.22565,3.09016071861073,3.36113928138927,64.513,61.8032143722146,67.2227856277854,0.6754615739341,0.644494728573066,0.706428419295135
"B-bad",420,200,0.937,0.925616906163474,0.948383093836526,0.063,0.0516169061634742,0.0743830938365258,0.0529477644478751,0.0476271727110551,0.0582683561846951,0.947052235552125,0.941731643815305,0.952372827288945,0.0630044221598781,0.0548083304774116,0.0712005138423445,3.2288,3.09318998630643,3.36441001369356,64.576,61.8637997261287,67.2882002738713,0.6754615739341,0.644494728573066,0.706428419295135
"B-bad",421,200,0.9435,0.932353910518183,0.954646089481817,0.0565,0.0453539105181833,0.0676460894818167,0.0525707792062186,0.0472386812310926,0.0579028771813445,0.947429220793781,0.942097122818655,0.952761318768907,0.0627814580052881,0.0545484307598033,0.0710144852507729,3.231625,3.09593740061325,3.36731259938674,64.6325,61.9187480122651,67.3462519877349,0.6754615739341,0.644494728573066,0.706428419295135
"B-bad",422,200,0.9445,0.93343131790818,0.95556868209182,0.0555,0.0444313179081805,0.0665686820918195,0.0525236871629306,0.0472601363791116,0.0577872379467496,0.947476312837069,0.94221276205325,0.952739863620888,0.0629176649925956,0.0547678823428724,0.0710674476423188,3.2344,3.09857782207138,3.37022217792862,64.688,61.9715564414276,67.4044435585725,0.6754615739341,0.644494728573066,0.706428419295135
"B-bad",423,200,0.9495,0.938946446753879,0.960053553246122,0.0505,0.0399464467538785,0.0610535532461215,0.0524042463679694,0.0470949006486737,0.0577135920872651,0.947595753632031,0.942286407912735,0.952905099351326,0.0629020951796511,0.0547111682280221,0.0710930221312802,3.236925,3.10101941882066,3.37283058117933,64.7385,62.0203883764133,67.4566116235867,0.6754615739341,0.644494728573066,0.706428419295135
"B-bad",424,200,0.9515,0.941717066336335,0.961282933663665,0.0485,0.0387170663363349,0.0582829336636652,0.052159362584262,0.046843535776449,0.0574751893920749,0.947840637415738,0.942524810607925,0.953156464223551,0.0627076726679117,0.0544594460651882,0.0709558992706352,3.23935,3.10337673896089,3.37532326103911,64.787,62.0675347792178,67.5064652207822,0.6754615739341,0.644494728573066,0.706428419295135
"B-bad",425,200,0.945,0.934104580829695,0.955895419170306,0.055,0.0441045808296946,0.0658954191703054,0.0520607803841994,0.0468640389691098,0.057257521799289,0.947939219615801,0.942742478200711,0.95313596103089,0.0626733253719602,0.0545403912715725,0.070806259472348,3.2421,3.10604420150896,3.37815579849103,64.842,62.1208840301793,67.5631159698207,0.6754615739341,0.644494728573066,0.706428419295135
"B-bad",426,200,0.9395,0.928681298205481,0.950318701794519,0.0605,0.0496812982054811,0.0713187017945189,0.0519677417333747,0.0467691426922024,0.0571663407745471,0.948032258266625,0.942833659225453,0.953230857307797,0.0623778889908307,0.0543024860244714,0.07045329195719,3.245125,3.1089404848675,3.38130951513249,64.9025,62.1788096973501,67.6261903026499,0.6754615739341,0.644494728573066,0.706428419295135
"B-bad",427,200,0.9465,0.935957562098074,0.957042437901926,0.0535,0.0429575620980742,0.0640424379019258,0.0523547628152526,0.0470411243575081,0.057668401272997,0.947645237184747,0.942331598727003,0.952958875642492,0.0629340402192516,0.0547100750888379,0.0711580053496653,3.2478,3.11159553794269,3.38400446205731,64.956,62.2319107588538,67.6800892411462,0.6754615739341,0.644494728573066,0.706428419295135
"B-bad",428,200,0.95,0.94041659745112,0.95958340254888,0.05,0.0404165974511202,0.0595834025488798,0.0519733426263183,0.0467700000699008,0.0571766851827358,0.948026657373682,0.942823314817264,0.953229999930099,0.0626063105739131,0.0544814709692653,0.0707311501785608,3.2503,3.11401396584144,3.38658603415855,65.006,62.2802793168289,67.7317206831711,0.6754615739341,0.644494728573066,0.706428419295135
"B-bad",429,200,0.952,0.942523219710438,0.961476780289562,0.048,0.0385232197104379,0.0574767802895621,0.0511310005478154,0.0461126570697863,0.0561493440258445,0.948868999452185,0.943850655974156,0.953887342930214,0.0614449486376052,0.0535275404435024,0.069362356831708,3.2527,3.11635880775117,3.38904119224883,65.054,62.3271761550235,67.7808238449766,0.6754615739341,0.644494728573066,0.706428419295135
"B-bad",430,200,0.961,0.951438031148919,0.970561968851081,0.039,0.0294380311489187,0.0485619688510813,0.0511144981553403,0.0460887325161106,0.0561402637945699,0.94888550184466,0.94385973620543,0.953911267483889,0.0612944752886618,0.0533401429422331,0.0692488076350905,3.25465,3.11828672586391,3.39101327413609,65.093,62.3657345172782,67.8202654827218,0.6754615739341,0.644494728573066,0.706428419295135
"B-bad",431,200,0.9535,0.942683104558843,0.964316895441158,0.0465,0.0356831045588425,0.0573168954411575,0.051024243413375,0.0459318780073626,0.0561166088193873,0.948975756586625,0.943883391180613,0.954068121992637,0.0612369859119341,0.0532376258729217,0.0692363459509465,3.256975,3.12054905777503,3.39340094222496,65.1395,62.4109811555007,67.8680188444992,0.6754615739341,0.644494728573066,0.706428419295135
"B-bad",432,200,0.95,0.93982325864769,0.96017674135231,0.05,0.0398232586476899,0.0601767413523101,0.0506358445428464,0.0456774188257575,0.0555942702599352,0.949364155457154,0.944405729740065,0.954322581174242,0.0607207863339827,0.0528709623979113,0.068570610270054,3.259475,3.12295288351443,3.39599711648556,65.1895,62.4590576702887,67.9199423297113,0.6754615739341,0.644494728573066,0.706428419295135
"B-bad",433,200,0.9425,0.931813964413693,0.953186035586307,0.0575,0.0468139644136926,0.0681860355863074,0.0507030736702006,0.0457621632120578,0.0556439841283434,0.949296926329799,0.944356015871657,0.954237836787942,0.0607148414478006,0.0529532637466957,0.0684764191489056,3.26235,3.12575103376304,3.39894896623696,65.247,62.5150206752608,67.9789793247392,0.6754615739341,0.644494728573066,0.706428419295135
"B-bad",434,200,0.9605,0.951781703260617,0.969218296739383,0.0395,0.0307817032606173,0.0482182967393827,0.0508040408012053,0.0457147803141342,0.0558933012882764,0.949195959198795,0.944106698711724,0.954285219685866,0.0608613855818646,0.0529029630163612,0.068819808147368,3.264325,3.12762073852419,3.40102926147581,65.2865,62.5524147704838,68.0205852295162,0.6754615739341,0.644494728573066,0.706428419295135
"B-bad",435,200,0.9455,0.934160980598495,0.956839019401505,0.0545,0.0431609805984952,0.0658390194015048,0.0508523783975589,0.0457832650726059,0.0559214917225119,0.949147621602441,0.944078508277488,0.954216734927394,0.0609784394788543,0.0530535926457702,0.0689032863119383,3.26705,3.13025186663621,3.40384813336379,65.341,62.6050373327242,68.0769626672758,0.6754615739341,0.644494728573066,0.706428419295135
"B-bad",436,200,0.941,0.930521471038747,0.951478528961253,0.059,0.0485214710387467,0.0694785289612533,0.0512310207185071,0.0461292560345332,0.056332785402481,0.948768979281493,0.943667214597519,0.953870743965467,0.0619179044845065,0.0539364103076557,0.0698993986613574,3.27,3.1331226146696,3.40687738533039,65.4,62.6624522933921,68.1375477066079,0.6754615739341,0.644494728573066,0.706428419295135
"B-bad",437,200,0.9555,0.946050321723699,0.964949678276301,0.0445,0.0350503217236988,0.0539496782763012,0.0507966607859289,0.0457544386587372,0.0558388829131205,0.949203339214071,0.944161117086879,0.954245561341263,0.061113417572642,0.0532674291736591,0.068959405971625,3.272225,3.13526905262469,3.40918094737531,65.4445,62.7053810524938,68.1836189475062,0.6754615739341,0.644494728573066,0.706428419295135
"B-bad",438,200,0.948,0.937542938675077,0.958457061324923,0.052,0.0415429386750769,0.0624570613249231,0.0510464662777255,0.0459672197925809,0.0561257127628702,0.948953533722274,0.94387428723713,0.954032780207419,0.061518646594907,0.0536711451342805,0.0693661480555334,3.274825,3.13778761271462,3.41186238728538,65.4965,62.7557522542924,68.2372477457076,0.6754615739341,0.644494728573066,0.706428419295135
"B-bad",439,200,0.949,0.938728651477309,0.959271348522691,0.051,0.0407286514773094,0.0612713485226906,0.0501843850174235,0.0453102419552559,0.0550585280795911,0.949815614982576,0.944941471920409,0.954689758044744,0.0601105251299328,0.0525434024864577,0.0676776477734079,3.277375,3.14032052811607,3.41442947188392,65.5475,62.8064105623215,68.2885894376785,0.6754615739341,0.644494728573066,0.706428419295135
"B-bad",440,200,0.942,0.93069874111278,0.95330125888722,0.058,0.0466987411127796,0.0693012588872204,0.0498397365260945,0.0450678816679406,0.0546115913842483,0.950160263473905,0.945388408615752,0.954932118332059,0.0594420115802537,0.0520619540295641,0.0668220691309433,3.280275,3.1431558089658,3.4173941910342,65.6055,62.8631161793159,68.347883820684,0.6754615739341,0.644494728573066,0.706428419295135
"B-bad",441,200,0.95,0.940214819480807,0.959785180519193,0.05,0.0402148194808072,0.0597851805191928,0.0496615865711577,0.0448848389073493,0.0544383342349661,0.950338413428842,0.945561665765034,0.955115161092651,0.0592604904959375,0.0518574442408238,0.0666635367510511,3.282775,3.14560418576429,3.4199458142357,65.6555,62.9120837152859,68.3989162847141,0.6754615739341,0.644494728573066,0.706428419295135
"B-bad",442,200,0.952,0.942420676362796,0.961579323637204,0.048,0.0384206763627963,0.0575793236372037,0.0491579010753975,0.0444836553835901,0.0538321467672049,0.950842098924602,0.946167853232795,0.95551634461641,0.058627216211015,0.0512843165905467,0.0659701158314833,3.285175,3.14791705404307,3.42243294595693,65.7035,62.9583410808615,68.4486589191386,0.6754615739341,0.644494728573066,0.706428419295135
"B-bad",443,200,0.9545,0.945571313436665,0.963428686563335,0.0455,0.036571313436665,0.054428686563335,0.0496910511127052,0.0449286944097547,0.0544534078156557,0.950308948887295,0.945546592184344,0.955071305590245,0.059591574130421,0.0520789829508731,0.0671041653099689,3.28745,3.15016830578604,3.42473169421396,65.749,63.0033661157208,68.4946338842792,0.6754615739341,0.644494728573066,0.706428419295135
"B-bad",444,200,0.949,0.938354958561226,0.959645041438773,0.051,0.0403549585612265,0.0616450414387735,0.0499583673959801,0.0450776862451987,0.0548390485467616,0.95004163260402,0.945160951453238,0.954922313754801,0.0596936328493885,0.0520991103853087,0.0672881553134684,3.29,3.15263171862318,3.42736828137681,65.8,63.0526343724637,68.5473656275363,0.6754615739341,0.644494728573066,0.706428419295135
"B-bad",445,200,0.9575,0.948393621492749,0.966606378507251,0.0425,0.0333936214927494,0.0516063785072506,0.0498862931415348,0.0450002785876357,0.0547723076954338,0.950113706858465,0.945227692304566,0.954999721412364,0.0595550205764854,0.0519802994393347,0.0671297417136361,3.292125,3.15468181836328,3.42956818163672,65.8425,63.0936363672656,68.5913636327344,0.6754615739341,0.644494728573066,0.706428419295135
"B-bad",446,200,0.951,0.94101809785634,0.96098190214366,0.049,0.0390180978563398,0.0589819021436602,0.0503463796512279,0.0453781228326351,0.0553146364698207,0.949653620348772,0.944685363530179,0.954621877167365,0.0605939508698786,0.0528227832838282,0.0683651184559291,3.294575,3.15706307089503,3.43208692910497,65.8915,63.1412614179006,68.6417385820994,0.6754615739341,0.644494728573066,0.706428419295135
"B-bad",447,200,0.9485,0.93851932144356,0.95848067855644,0.0515,0.0415193214435597,0.0614806785564403,0.0497550398977369,0.0449794783780939,0.0545306014173798,0.950244960102263,0.94546939858262,0.955020521621906,0.0597287907340698,0.0522495950549439,0.0672079864131957,3.29715,3.15952683674056,3.43477316325944,65.943,63.1905367348112,68.6954632651887,0.6754615739341,0.644494728573066,0.706428419295135
"B-bad",448,200,0.95,0.940017119094545,0.959982880905455,0.05,0.0400171190945447,0.0599828809054553,0.0498783857408819,0.0450944704165396,0.0546623010652241,0.950121614259118,0.945337698934776,0.95490552958346,0.0599387303173556,0.0524544201306369,0.0674230405040743,3.29965,3.16197500332101,3.43732499667899,65.993,63.2395000664202,68.7464999335798,0.6754615739341,0.644494728573066,0.706428419295135
"B-bad",449,200,0.944,0.933761998552784,0.954238001447216,0.056,0.0457619985527839,0.0662380014472161,0.0504113774637576,0.0453956715637687,0.0554270833637464,0.949588622536242,0.944572916636254,0.954604328436231,0.060646763310323,0.0528342518948682,0.0684592747257778,3.30245,3.16470635133544,3.44019364866455,66.049,63.2941270267089,68.8038729732911,0.6754615739341,0.644494728573066,0.706428419295135
"B-bad",450,200,0.9505,0.940133258335455,0.960866741664545,0.0495,0.0391332583354553,0.0598667416645447,0.0501031140852961,0.0451735981667235,0.0550326300038687,0.949896885914704,0.944967369996131,0.954826401833276,0.0603185434478046,0.0525930503259484,0.0680440365696607,3.304925,3.16709837765792,3.44275162234207,66.0985,63.3419675531585,68.8550324468415,0.6754615739341,0.644494728573066,0.706428419295135
"B-bad",451,200,0.95,0.939082185288755,0.960917814711245,0.05,0.0390821852887552,0.0609178147112448,0.0498131474410243,0.0449511303894599,0.0546751644925887,0.950186852558976,0.945324835507411,0.95504886961054,0.0599921898731474,0.0523539608963609,0.0676304188499338,3.307425,3.16953585892927,3.44531414107073,66.1485,63.3907171785854,68.9062828214146,0.6754615739341,0.644494728573066,0.706428419295135
"B-bad",452,200,0.942,0.930785528289468,0.953214471710532,0.058,0.0467855282894681,0.0692144717105319,0.0497939852412204,0.0449037780645709,0.0546841924178699,0.95020601475878,0.94531580758213,0.955096221935429,0.060023703874045,0.052442585841199,0.067604821906891,3.310325,3.17234331380327,3.44830668619673,66.2065,63.4468662760654,68.9661337239346,0.6754615739341,0.644494728573066,0.706428419295135
"B-bad",453,200,0.9575,0.948393621492749,0.966606378507251,0.0425,0.0333936214927494,0.0516063785072506,0.0495686115715734,0.0447532273673745,0.0543839957757724,0.950431388428427,0.945616004224228,0.955246772632625,0.0597780319665113,0.0522385328276188,0.0673175311054038,3.31245,3.17442695123169,3.4504730487683,66.249,63.4885390246339,69.0094609753661,0.6754615739341,0.644494728573066,0.706428419295135
"B-bad",454,200,0.948,0.9378270996523,0.9581729003477,0.052,0.0418270996523002,0.0621729003476998,0.0493223716138732,0.0446053373593968,0.0540394058683496,0.950677628386127,0.94596059413165,0.955394662640603,0.0592167367846469,0.0518746354040298,0.0665588381652641,3.31505,3.17692369238486,3.45317630761514,66.301,63.5384738476973,69.0635261523027,0.6754615739341,0.644494728573066,0.706428419295135
"B-bad",455,200,0.953,0.942928449922674,0.963071550077326,0.047,0.0369284499226737,0.0570715500773263,0.0495567234991523,0.0447894902591215,0.0543239567391831,0.950443276500848,0.945676043260817,0.955210509740879,0.0595590410897939,0.0521819084930083,0.0669361736865796,3.3174,3.17920449591523,3.45559550408477,66.348,63.5840899183046,69.1119100816954,0.6754615739341,0.644494728573066,0.706428419295135
"B-bad",456,200,0.947,0.936928449922674,0.957071550077326,0.053,0.0429284499226737,0.0630715500773263,0.0496413111835262,0.0448396384697534,0.0544429838972989,0.950358688816474,0.945557016102701,0.955160361530247,0.0598381896413096,0.0523512654436193,0.0673251138389999,3.32005,3.1817993782698,3.4583006217302,66.401,63.635987565396,69.166012434604,0.6754615739341,0.644494728573066,0.706428419295135
"B-bad",457,200,0.954,0.945176711762844,0.962823288237156,0.046,0.0371767117628442,0.0548232882371558,0.0495195597048115,0.0447682414439079,0.0542708779657152,0.950480440295188,0.945729122034285,0.955231758556092,0.05984715017763,0.0523120971970043,0.0673822031582556,3.32235,3.18402681905922,3.46067318094077,66.447,63.6805363811845,69.2134636188155,0.6754615739341,0.644494728573066,0.706428419295135
"B-bad",458,200,0.9565,0.947166841176044,0.965833158823956,0.0435,0.0341668411760443,0.0528331588239557,0.0499816580220496,0.0450759184872104,0.0548873975568887,0.95001834197795,0.945112602443111,0.95492408151279,0.0604244136972504,0.0527025909011619,0.068146236493339,3.324525,3.18612577216653,3.46292422783347,66.4905,63.7225154433306,69.2584845566693,0.6754615739341,0.644494728573066,0.706428419295135
"B-bad",459,200,0.954,0.944957955502474,0.963042044497526,0.046,0.0369579555024737,0.0550420444975263,0.0499631201339303,0.0451053298940636,0.0548209103737969,0.95003687986607,0.945179089626203,0.954894670105936,0.0603476872080764,0.0527022394673584,0.0679931349487944,3.326825,3.18838106445586,3.46526893554413,66.5365,63.7676212891173,69.3053787108827,0.6754615739341,0.644494728573066,0.706428419295135
"B-bad",460,200,0.9525,0.942821490232973,0.962178509767027,0.0475,0.0378214902329734,0.0571785097670266,0.0498098391387998,0.0449457297930327,0.054673948484567,0.9501901608612,0.945326051515433,0.955054270206967,0.0602094914624984,0.0525553992561802,0.0678635836688166,3.3292,3.19069843144327,3.46770156855673,66.584,63.8139686288654,69.3540313711346,0.6754615739341,0.644494728573066,0.706428419295135
"B-bad",461,200,0.946,0.935461038047317,0.956538961952683,0.054,0.043461038047317,0.064538961952683,0.0496284314873981,0.0447580812291702,0.0544987817456261,0.950371568512602,0.945501218254374,0.95524191877083,0.0600929077322696,0.0524210506054808,0.0677647648590584,3.3319,3.19332217517545,3.47047782482455,66.638,63.866443503509,69.409556496491,0.6754615739341,0.644494728573066,0.706428419295135
"B-bad",462,200,0.9535,0.943529115546852,0.963470884453148,0.0465,0.0365291155468524,0.0564708844531476,0.0493198270400908,0.0445338600163061,0.0541057940638754,0.950680172959909,0.945894205936125,0.955466139983694,0.060039150357218,0.0522671766320906,0.0678111240823453,3.334225,3.19551665252521,3.47293334747479,66.6845,63.9103330505042,69.4586669494958,0.6754615739341,0.644494728573066,0.706428419295135
"B-bad",463,200,0.959,0.950361354922327,0.967638645077673,0.041,0.0323613549223273,0.0496386450776727,0.048926370259754,0.0441947192100369,0.0536580213094711,0.951073629740246,0.946341978690529,0.955805280789963,0.0592995306583082,0.0516692965803457,0.0669297647362707,3.336275,3.1974529957873,3.4750970042127,66.7255,63.949059915746,69.501940084254,0.6754615739341,0.644494728573066,0.706428419295135
"B-bad",464,200,0.9465,0.936627590968342,0.956372409031658,0.0535,0.0436275909683419,0.0633724090316581,0.0490316853960197,0.0442317988930621,0.0538315718989773,0.95096831460398,0.946168428101023,0.955768201106938,0.0594287610912411,0.0517686088243603,0.0670889133581218,3.33895,3.20002727199655,3.47787272800344,66.779,64.0005454399311,69.5574545600689,0.6754615739341,0.644494728573066,0.706428419295135
"B-bad",465,200,0.953,0.943528376019808,0.962471623980192,0.047,0.0375283760198079,0.0564716239801921,0.0491594218764128,0.0443085573499366,0.054010286402889,0.950840578123587,0.945989713597111,0.955691442650063,0.0596049260695392,0.0519344675745841,0.0672753845644942,3.3413,3.20228932362768,3.48031067637232,66.826,64.0457864725536,69.6062135274464,0.6754615739341,0.644494728573066,0.706428419295135
"B-bad",466,200,0.9535,0.944672560213075,0.962327439786925,0.0465,0.0376725602130745,0.0553274397869255,0.0494311140894266,0.044487693593973,0.0543745345848803,0.950568885910573,0.94562546541512,0.955512306406027,0.0598276402485781,0.0520447212937717,0.0676105592033844,3.343625,3.20455549516589,3.4826945048341,66.8725,64.0911099033179,69.6538900966821,0.6754615739341,0.644494728573066,0.706428419295135
"B-bad",467,200,0.955,0.945239813597027,0.964760186402973,0.045,0.0352398135970272,0.0547601864029728,0.0490280428024569,0.0441062470932939,0.0539498385116199,0.950971957197543,0.94605016148838,0.955893752906706,0.0590528133590166,0.051368021614743,0.0667376051032901,3.345875,3.20673433587098,3.48501566412902,66.9175,64.1346867174196,69.7003132825805,0.6754615739341,0.644494728573066,0.706428419295135
"B-bad",468,200,0.9525,0.941859778282056,0.963140221717944,0.0475,0.0368597782820564,0.0581402217179436,0.049101476418415,0.0441517950467499,0.05405115779008,0.950898523581585,0.94594884220992,0.95584820495325,0.0592996692407716,0.0515456858419613,0.0670536526395819,3.34825,3.20902718030671,3.48747281969328,66.965,64.1805436061343,69.7494563938657,0.6754615739341,0.644494728573066,0.706428419295135
"B-bad",469,200,0.95,0.939633022719658,0.960366977280342,0.05,0.0396330227196578,0.0603669772803422,0.0486779802209009,0.0437367900926022,0.0536191703491997,0.951322019779099,0.9463808296508,0.956263209907398,0.0585360907471256,0.0508897424577273,0.066182439036524,3.35075,3.21143534755017,3.49006465244983,67.015,64.2287069510035,69.8012930489965,0.6754615739341,0.644494728573066,0.706428419295135
"B-bad",470,200,0.9455,0.934872641557261,0.956127358442739,0.0545,0.0438726415572614,0.0651273584427386,0.0486962318782783,0.0437494897543562,0.0536429740022003,0.951303768121722,0.9463570259978,0.956250510245644,0.0585404271182248,0.0509230489451708,0.0661578052912788,3.353475,3.21409968892696,3.49285031107303,67.0695,64.2819937785393,69.8570062214607,0.6754615739341,0.644494728573066,0.706428419295135
"B-bad",471,200,0.957,0.947885846167783,0.966114153832217,0.043,0.033885846167783,0.052114153832217,0.048662659621977,0.0437034826806805,0.0536218365632734,0.951337340378023,0.946378163436727,0.956296517319319,0.0585444579597255,0.0509504798747902,0.0661384360446607,3.355625,3.21613225326428,3.49511774673571,67.1125,64.3226450652857,69.9023549347143,0.6754615739341,0.644494728573066,0.706428419295135
"B-bad",472,200,0.9515,0.941817453104786,0.961182546895214,0.0485,0.0388174531047861,0.0581825468952139,0.0483307695801938,0.0434015292110266,0.053260009949361,0.951669230419806,0.946739990050639,0.956598470788973,0.058234381737231,0.0506441595004263,0.0658246039740358,3.35805,3.21848280331069,3.4976171966893,67.161,64.3696560662139,69.9523439337861,0.6754615739341,0.644494728573066,0.706428419295135
"B-bad",473,200,0.948,0.93708576548715,0.95891423451285,0.052,0.04108576548715,0.0629142345128501,0.048188733334074,0.0432241691030811,0.0531532975650669,0.951811266665926,0.946846702434933,0.956775830896919,0.0581101043334685,0.0504224499443981,0.065797758722539,3.36065,3.22102645166605,3.50027354833395,67.213,64.420529033321,70.005470966679,0.6754615739341,0.644494728573066,0.706428419295135
"B-bad",474,200,0.9445,0.934256512652282,0.954743487347718,0.0555,0.0452565126522823,0.0657434873477177,0.0485393779056714,0.0434619195266515,0.0536168362846913,0.951460622094329,0.946383163715309,0.956538080473348,0.0588102772039379,0.0509562998820702,0.0666642545258056,3.363425,3.22371683590887,3.50313316409112,67.2685,64.4743367181775,70.0626632818225,0.6754615739341,0.644494728573066,0.706428419295135
"B-bad",475,200,0.9475,0.937045041136968,0.957954958863032,0.0525,0.0420450411369683,0.0629549588630317,0.0487766633119474,0.0437185105592204,0.0538348160646743,0.951223336688053,0.946165183935326,0.95628148944078,0.0593575713281446,0.0514432300456236,0.0672719126106656,3.36605,3.22621520721219,3.50588479278781,67.321,64.5243041442437,70.1176958557563,0.6754615739341,0.644494728573066,0.706428419295135
"B-bad",476,200,0.951,0.941316191847386,0.960683808152614,0.049,0.0393161918473858,0.0586838081526142,0.0487351029904041,0.0436827135483384,0.0537874924324699,0.951264897009596,0.94621250756753,0.956317286451662,0.0594544161677474,0.0516064475662943,0.0673023847692005,3.3685,3.22851437770884,3.50848562229116,67.37,64.5702875541768,70.1697124458233,0.6754615739341,0.644494728573066,0.706428419295135
"B-bad",477,200,0.95,0.940017119094545,0.959982880905455,0.05,0.0400171190945447,0.0599828809054553,0.0491953516169456,0.0440161969583936,0.0543745062754976,0.950804648383054,0.945625493724502,0.955983803041606,0.0603335010156181,0.0522809581179821,0.0683860439132541,3.371,3.23094880263298,3.51105119736701,67.42,64.6189760526597,70.2210239473403,0.6754615739341,0.644494728573066,0.706428419295135
"B-bad",478,200,0.954,0.944131302912111,0.963868697087889,0.046,0.0361313029121113,0.0558686970878886,0.0492273965198544,0.0440283917771616,0.0544264012625473,0.950772603480146,0.945573598737453,0.955971608222838,0.0605281645641096,0.052324023117911,0.0687323060103082,3.3733,3.23316210645699,3.51343789354301,67.466,64.6632421291398,70.2687578708602,0.6754615739341,0.644494728573066,0.706428419295135
"B-bad",479,200,0.9505,0.940517363775997,0.960482636224003,0.0495,0.0395173637759968,0.0594826362240032,0.0489956735395388,0.043752980691683,0.0542383663873947,0.951004326460461,0.945761633612605,0.956247019308317,0.0602318347611978,0.0519665551436808,0.0684971143787148,3.375775,3.23554131532476,3.51600868467523,67.5155,64.7108263064953,70.3201736935047,0.6754615739341,0.644494728573066,0.706428419295135
"B-bad",480,200,0.947,0.935737712580225,0.958262287419775,0.053,0.0417377125802246,0.0642622874197754,0.0489712397348861,0.0437472438234185,0.0541952356463537,0.951028760265114,0.945804764353646,0.956252756176581,0.0602125354429063,0.0519384380984335,0.068486632787379,3.378425,3.23810417416907,3.51874582583092,67.5685,64.7620834833815,70.3749165166185,0.6754615739341,0.644494728573066,0.706428419295135
"B-bad",481,200,0.949,0.938447141119888,0.959552858880112,0.051,0.0404471411198885,0.0615528588801115,0.0490504298847049,0.0437492323277744,0.0543516274416354,0.950949570115295,0.945648372558365,0.956250767672226,0.0604369297694567,0.0521116579478322,0.0687622015910812,3.380975,3.24055449891027,3.52139550108973,67.6195,64.8110899782054,70.4279100217946,0.6754615739341,0.644494728573066,0.706428419295135
"B-bad",482,200,0.9535,0.943727058610699,0.963272941389301,0.0465,0.0367270586106993,0.0562729413893007,0.0485224078307536,0.0432916295883839,0.0537531860731233,0.951477592169246,0.946246813926877,0.956708370411616,0.0597921018391508,0.0515395778451522,0.0680446258331494,3.3833,3.2427730349816,3.52382696501839,67.666,64.8554606996321,70.4765393003679,0.6754615739341,0.644494728573066,0.706428419295135
"B-bad",483,200,0.961,0.951855879399832,0.970144120600168,0.039,0.0298558793998318,0.0481441206001682,0.0489485313395075,0.0435552556368171,0.0543418070421978,0.951051468660493,0.945658192957802,0.956444744363183,0.0605260005345592,0.0520512980066895,0.0690007030624289,3.38525,3.24459059139821,3.52590940860178,67.705,64.8918118279643,70.5181881720357,0.6754615739341,0.644494728573066,0.706428419295135
"B-bad",484,200,0.9515,0.941918891625268,0.961081108374732,0.0485,0.038918891625268,0.058081108374732,0.0489775342319507,0.0436774490916159,0.0542776193722855,0.951022465768049,0.945722380627714,0.956322550908384,0.0607275107524282,0.052261811192993,0.0691932103118635,3.387675,3.24696787737316,3.52838212262684,67.7535,64.9393575474632,70.5676424525368,0.6754615739341,0.644494728573066,0.706428419295135
"B-bad",485,200,0.953,0.94273626411391,0.96326373588609,0.047,0.0367362641139103,0.0572637358860897,0.0487740765644684,0.043454741592996,0.0540934115359408,0.951225923435532,0.945906588464059,0.956545258407004,0.060409914201745,0.0519165195111117,0.0689033088923783,3.390025,3.2491938534024,3.5308561465976,67.8005,64.983877068048,70.617122931952,0.6754615739341,0.644494728573066,0.706428419295135
"B-bad",486,200,0.949,0.938728651477309,0.959271348522691,0.051,0.0407286514773094,0.0612713485226906,0.0483345504657435,0.0432466141739491,0.0534224867575378,0.951665449534257,0.946577513242462,0.956753385826051,0.0599948705111112,0.051686358589536,0.0683033824326864,3.392575,3.25158154537532,3.53356845462467,67.8515,65.0316309075065,70.6713690924935,0.6754615739341,0.644494728573066,0.706428419295135
"B-bad",487,200,0.9545,0.945143838901296,0.963856161098704,0.0455,0.0361438389012958,0.0548561610987043,0.0478483238845762,0.0428735322341471,0.0528231155350052,0.952151676115424,0.947176884464995,0.957126467765853,0.0592443773271144,0.0510453410230758,0.0674434136311531,3.39485,3.25379348331141,3.53590651668859,67.897,65.0758696662283,70.7181303337717,0.6754615739341,0.644494728573066,0.706428419295135
"B-bad",488,200,0.954,0.944535599572404,0.963464400427596,0.046,0.0365355995724043,0.0554644004275957,0.0479216884595712,0.0428503162120256,0.0529930607071169,0.952078311540429,0.947006939292883,0.957149683787974,0.059375124136069,0.0510875942781373,0.0676626539940007,3.39715,3.25596189476829,3.53833810523171,67.943,65.1192378953659,70.7667621046341,0.6754615739341,0.644494728573066,0.706428419295135
"B-bad",489,200,0.9535,0.944031729126724,0.962968270873277,0.0465,0.0370317291267235,0.0559682708732765,0.0480441153811801,0.0429157149294402,0.0531725158329201,0.95195588461882,0.94682748416708,0.95708428507056,0.0593882095717497,0.0510420199112839,0.0677343992322155,3.399475,3.258168888817,3.54078111118299,67.9895,65.1633777763401,70.8156222236599,0.6754615739341,0.644494728573066,0.706428419295135
"B-bad",490,200,0.955,0.945544895106251,0.964455104893749,0.045,0.0355448951062505,0.0544551048937495,0.0479881663091171,0.042908731950826,0.0530676006674082,0.952011833690883,0.946932399332592,0.957091268049174,0.0595655087438072,0.0512456070740912,0.0678854104135232,3.401725,3.26034350460191,3.54310649539809,68.0345,65.2068700920382,70.8621299079618,0.6754615739341,0.644494728573066,0.706428419295135
"B-bad",491,200,0.9465,0.935683104558843,0.957316895441158,0.0535,0.0426831045588425,0.0643168954411575,0.0479292724826508,0.0428956250483989,0.0529629199169026,0.952070727517349,0.947037080083097,0.957104374951601,0.0596593108402878,0.0513710763146386,0.0679475453659371,3.4044,3.26294680813551,3.54585319186449,68.088,65.2589361627102,70.9170638372898,0.6754615739341,0.644494728573066,0.706428419295135
"B-bad",492,200,0.945,0.93428543022248,0.95571456977752,0.055,0.04428543022248,0.06571456977752,0.0482319201774855,0.0432216773636906,0.0532421629912804,0.951768079822515,0.94675783700872,0.956778322636309,0.0604748201800289,0.0520874366936471,0.0688622036664107,3.40715,3.26561242879878,3.54868757120122,68.143,65.3122485759756,70.9737514240244,0.6754615739341,0.644494728573066,0.706428419295135
"B-bad",493,200,0.959,0.94970749501394,0.968292504986059,0.041,0.0317074950139405,0.0502925049860595,0.0483311764703069,0.0433505895410105,0.0533117633996033,0.951668823529693,0.946688236600397,0.956649410458989,0.0607449476435341,0.0522712687759651,0.0692186265111032,3.4092,3.26755428355755,3.55084571644245,68.184,65.351085671151,71.016914328849,0.6754615739341,0.644494728573066,0.706428419295135
"B-bad",494,200,0.947,0.93742577744609,0.95657422255391,0.053,0.0434257774460896,0.0625742225539104,0.047940115253447,0.0430309372779753,0.0528492932289187,0.952059884746553,0.947150706771081,0.956969062722025,0.0600790100892843,0.0517446689470797,0.0684133512314889,3.41185,3.27011998575124,3.55358001424875,68.237,65.4023997150249,71.0716002849751,0.6754615739341,0.644494728573066,0.706428419295135
"B-bad",495,200,0.956,0.946351569376564,0.965648430623436,0.044,0.0343515693765641,0.053648430623436,0.0480591854195041,0.0431286627630166,0.0529897080759915,0.951940814580496,0.947010291924008,0.956871337236983,0.060248707673418,0.0518896085873362,0.0686078067594998,3.41405,3.2721892375075,3.5559107624925,68.281,65.44378475015,71.11821524985,0.6754615739341,0.644494728573066,0.706428419295135
"B-bad",496,200,0.943,0.932679306207759,0.953320693792241,0.057,0.0466793062077591,0.0673206937922409,0.048242606784193,0.0432408258676557,0.0532443877007303,0.951757393215807,0.94675561229927,0.956759174132344,0.0605861003230248,0.0521424711532865,0.0690297294927631,3.4169,3.2749284782987,3.55887152170129,68.338,65.4985695659741,71.1774304340259,0.6754615739341,0.644494728573066,0.706428419295135
"B-bad",497,200,0.95,0.940214819480807,0.959785180519193,0.05,0.0402148194808072,0.0597851805191928,0.0478383868237224,0.0429221117951145,0.0527546618523303,0.952161613176278,0.94724533814767,0.957077888204885,0.0600969705957355,0.0517207377634242,0.0684732034280468,3.4194,3.27729676760328,3.56150323239672,68.388,65.5459353520656,71.2300646479344,0.6754615739341,0.644494728573066,0.706428419295135
"B-bad",498,200,0.9595,0.950217225801403,0.968782774198597,0.0405,0.0312172258014025,0.0497827741985975,0.047710389061167,0.0428138824000336,0.0526068957223003,0.952289610938833,0.9473931042777,0.957186117599966,0.05996233809466,0.0515702909399896,0.0683543852493303,3.421425,3.2792349246606,3.56361507533939,68.4285,65.5846984932121,71.2723015067879,0.6754615739341,0.644494728573066,0.706428419295135
"B-bad",499,200,0.9605,0.951344400358548,0.969655599641452,0.0395,0.0303444003585479,0.0486555996414521,0.0474907300590248,0.0425789966001196,0.0524024635179299,0.952509269940975,0.94759753648207,0.95742100339988,0.0598168477325086,0.051430439681379,0.0682032557836381,3.4234,3.2811349026955,3.5656650973045,68.468,65.62269805391,71.31330194609,0.6754615739341,0.644494728573066,0.706428419295135
"B-bad",500,200,0.952,0.942218814247464,0.961781185752535,0.048,0.0382188142474645,0.0577811857525355,0.0472997610607501,0.0423804552853044,0.0522190668361958,0.95270023893925,0.947780933163804,0.957619544714696,0.0593377066457122,0.0510044640137643,0.06767094927766,3.4258,3.28342515268182,3.56817484731817,68.516,65.6685030536365,71.3634969463635,0.6754615739341,0.644494728573066,0.706428419295135
